interaction_id,user_id,user_type,place_id,place_name,source,split,pref_quiet,pref_light,pref_low_crowd,pref_privacy,pref_outlet,pref_distance,pref_thermal_air,pref_control,pref_comfort,pref_deepwork,general_place_type,general_task_type,general_social_mode,general_stay_duration,general_time_slot,general_distraction_noise,general_distraction_crowd,general_distraction_visual,general_distraction_temperature,general_distraction_outlet,general_distraction_distance,general_priority_quiet,general_priority_outlet,general_priority_distance,general_priority_comfort,general_priority_privacy,place_type,task_type,group_size,stay_duration,time_slot,day_type,distance_minutes,weather,indoor_outdoor,visit_frequency,place_quiet,place_light,place_low_crowd,place_low_visual_distraction,place_control,place_comfort,place_outlet,place_task_fit,place_temperature_air,place_seat_availability,quiet_match,light_match,crowd_match,privacy_match,outlet_match,thermal_air_match,control_match,comfort_match,deepwork_task_match,distance_penalty,task_place_fit_match,time_match,satisfaction_score
I0001,U001,balanced,P061,home_07,synthetic,train,4,4,4,3,5,4,4,3,3,4,study_room,coding,mostly_solo,under_1h,afternoon,1,1,0,1,1,1,1,1,1,0,0,home,report_writing,solo,2_4h,evening,weekday,17.2,cloudy,indoor,sometimes,4,4,4,4,4,4,4,5,4,5,16,16,16,12,20,16,12,12,3.4,8.6,20,0.5,73.6
I0002,U001,balanced,P007,library_07,synthetic,train,4,4,4,3,5,4,4,3,3,4,study_room,coding,mostly_solo,under_1h,afternoon,1,1,0,1,1,1,1,1,1,0,0,library,report_writing,solo,over_4h,late_night,weekend,12.7,clear,indoor,first_time,5,4,3,4,3,3,4,5,4,4,20,16,12,12,20,16,9,9,3.4,6.3,20,0,67.4
I0003,U001,balanced,P046,cafe_10,synthetic,train,4,4,4,3,5,4,4,3,3,4,study_room,coding,mostly_solo,under_1h,afternoon,1,1,0,1,1,1,1,1,1,0,0,cafe,light_reading,solo,under_1h,late_night,weekday,11.0,clear,indoor,often,3,4,2,3,2,4,3,4,3,3,12,16,8,9,15,12,6,12,1.8,5.5,12,0,55.0
I0004,U001,balanced,P106,dorm_lounge_10,synthetic,train,4,4,4,3,5,4,4,3,3,4,study_room,coding,mostly_solo,under_1h,afternoon,1,1,0,1,1,1,1,1,1,0,0,dorm_lounge,light_reading,3_4,1_2h,evening,weekday,8.2,clear,indoor,often,3,3,2,3,3,4,3,3,3,3,12,12,8,9,15,12,9,12,1.8,4.1,9,0.5,51.8
I0005,U001,balanced,P025,study_room_07,synthetic,train,4,4,4,3,5,4,4,3,3,4,study_room,coding,mostly_solo,under_1h,afternoon,1,1,0,1,1,1,1,1,1,0,0,study_room,team_project,5_plus,over_4h,afternoon,weekday,4.9,hot,indoor,often,4,4,3,4,4,4,4,5,4,3,16,16,12,12,20,16,12,12,1.0,2.4,15,1,73.9
I0006,U001,balanced,P010,library_10,synthetic,train,4,4,4,3,5,4,4,3,3,4,study_room,coding,mostly_solo,under_1h,afternoon,1,1,0,1,1,1,1,1,1,0,0,library,report_writing,solo,2_4h,afternoon,weekday,8.0,hot,indoor,sometimes,5,5,4,4,3,4,4,5,4,5,20,20,16,12,20,16,9,12,3.4,4.0,20,1,71.0
I0007,U001,balanced,P034,study_room_16,synthetic,train,4,4,4,3,5,4,4,3,3,4,study_room,coding,mostly_solo,under_1h,afternoon,1,1,0,1,1,1,1,1,1,0,0,study_room,light_reading,solo,2_4h,evening,weekday,10.1,cloudy,indoor,sometimes,4,4,4,4,4,3,4,4,5,3,16,16,16,12,20,20,12,9,1.8,5.0,12,0.5,72.7
I0008,U001,balanced,P067,classroom_05,synthetic,train,4,4,4,3,5,4,4,3,3,4,study_room,coding,mostly_solo,under_1h,afternoon,1,1,0,1,1,1,1,1,1,0,0,classroom,coding,solo,2_4h,afternoon,weekday,4.7,rainy,indoor,often,3,4,3,3,3,2,3,4,3,3,12,16,12,9,15,12,9,6,3.6,2.4,16,1,63.4
I0009,U001,balanced,P010,library_10,synthetic,train,4,4,4,3,5,4,4,3,3,4,study_room,coding,mostly_solo,under_1h,afternoon,1,1,0,1,1,1,1,1,1,0,0,library,coding,2,over_4h,afternoon,weekday,11.1,cloudy,indoor,sometimes,5,5,4,4,3,4,4,3,4,5,20,20,16,12,20,16,9,12,3.6,5.6,12,1,58.7
I0010,U001,balanced,P037,cafe_01,synthetic,train,4,4,4,3,5,4,4,3,3,4,study_room,coding,mostly_solo,under_1h,afternoon,1,1,0,1,1,1,1,1,1,0,0,cafe,deep_study,solo,1_2h,early_morning,weekday,12.8,clear,indoor,sometimes,3,4,2,2,2,4,3,2,4,4,12,16,8,6,15,16,6,12,4.0,6.4,8,0,46.6
I0011,U002,comfort_oriented,P086,coworking_space_02,synthetic,train,3,3,4,4,4,3,4,4,4,4,cafe,coding,mostly_solo,1_2h,afternoon,0,1,1,1,1,0,0,1,0,1,1,coworking_space,light_reading,solo,1_2h,afternoon,weekday,14.8,clear,indoor,first_time,3,4,4,4,5,3,4,3,4,4,9,12,16,16,16,16,20,12,1.8,5.5,9,1,65.3
I0012,U002,comfort_oriented,P087,coworking_space_03,synthetic,train,3,3,4,4,4,3,4,4,4,4,cafe,coding,mostly_solo,1_2h,afternoon,0,1,1,1,1,0,0,1,0,1,1,coworking_space,deep_study,solo,over_4h,evening,weekday,22.4,rainy,indoor,rarely,4,4,3,2,5,4,4,3,4,4,12,12,12,8,16,16,20,16,4.0,8.4,12,0.5,60.6
I0013,U002,comfort_oriented,P040,cafe_04,synthetic,train,3,3,4,4,4,3,4,4,4,4,cafe,coding,mostly_solo,1_2h,afternoon,0,1,1,1,1,0,0,1,0,1,1,cafe,deep_study,solo,2_4h,morning,weekend,5.9,rainy,indoor,sometimes,3,4,2,3,3,4,3,3,4,3,9,12,8,12,12,16,12,16,4.0,2.2,12,0.5,57.8
I0014,U002,comfort_oriented,P039,cafe_03,synthetic,train,3,3,4,4,4,3,4,4,4,4,cafe,coding,mostly_solo,1_2h,afternoon,0,1,1,1,1,0,0,1,0,1,1,cafe,team_project,5_plus,1_2h,evening,weekday,12.1,clear,indoor,often,3,4,2,3,2,4,3,3,4,4,9,12,8,12,12,16,8,16,1.0,4.5,9,0.5,56.5
I0015,U002,comfort_oriented,P059,home_05,synthetic,train,3,3,4,4,4,3,4,4,4,4,cafe,coding,mostly_solo,1_2h,afternoon,0,1,1,1,1,0,0,1,0,1,1,home,report_writing,solo,over_4h,late_night,weekday,10.2,clear,indoor,rarely,4,5,5,4,5,4,4,4,5,5,12,15,20,16,16,20,20,16,3.4,3.8,16,0,60.5
I0016,U002,comfort_oriented,P040,cafe_04,synthetic,train,3,3,4,4,4,3,4,4,4,4,cafe,coding,mostly_solo,1_2h,afternoon,0,1,1,1,1,0,0,1,0,1,1,cafe,online_class,solo,under_1h,evening,weekday,8.2,rainy,indoor,often,3,4,2,3,3,4,3,3,4,3,9,12,8,12,12,16,12,16,2.6,3.1,9,0.5,58.0
I0017,U002,comfort_oriented,P061,home_07,synthetic,train,3,3,4,4,4,3,4,4,4,4,cafe,coding,mostly_solo,1_2h,afternoon,0,1,1,1,1,0,0,1,0,1,1,home,coding,2,2_4h,evening,weekday,16.7,cold,indoor,rarely,4,4,4,4,4,4,4,5,4,5,12,12,16,16,16,16,16,16,3.6,6.3,20,0.5,54.1
I0018,U002,comfort_oriented,P102,dorm_lounge_06,synthetic,train,3,3,4,4,4,3,4,4,4,4,cafe,coding,mostly_solo,1_2h,afternoon,0,1,1,1,1,0,0,1,0,1,1,dorm_lounge,report_writing,solo,2_4h,morning,weekday,18.5,cold,indoor,often,3,3,3,3,3,3,4,3,4,4,9,9,12,12,16,16,12,12,3.4,6.9,12,0.5,58.9
I0019,U002,comfort_oriented,P003,library_03,synthetic,train,3,3,4,4,4,3,4,4,4,4,cafe,coding,mostly_solo,1_2h,afternoon,0,1,1,1,1,0,0,1,0,1,1,library,coding,solo,2_4h,morning,weekday,1.7,cloudy,indoor,sometimes,5,3,4,5,3,3,4,4,4,4,15,9,16,20,16,16,12,12,3.6,0.6,16,0.5,70.4
I0020,U002,comfort_oriented,P044,cafe_08,synthetic,train,3,3,4,4,4,3,4,4,4,4,cafe,coding,mostly_solo,1_2h,afternoon,0,1,1,1,1,0,0,1,0,1,1,cafe,coding,solo,under_1h,afternoon,weekday,12.6,clear,indoor,often,3,4,3,4,2,4,3,3,4,2,9,12,12,16,12,16,8,16,3.6,4.7,12,1,60.7
I0021,U003,quiet_deepwork,P070,classroom_08,synthetic,test,4,4,4,5,4,2,4,4,4,5,computer_lab,report_writing,mostly_solo,1_2h,evening,1,1,1,1,1,0,1,1,0,1,1,classroom,coding,solo,2_4h,afternoon,weekday,14.8,cloudy,indoor,often,3,4,3,2,3,2,3,3,2,3,12,16,12,10,12,8,12,8,4.5,3.7,15,0.5,59.4
I0022,U003,quiet_deepwork,P032,study_room_14,synthetic,test,4,4,4,5,4,2,4,4,4,5,computer_lab,report_writing,mostly_solo,1_2h,evening,1,1,1,1,1,0,1,1,0,1,1,study_room,report_writing,solo,2_4h,evening,weekday,17.1,clear,indoor,first_time,4,4,4,4,4,3,4,4,4,4,16,16,16,20,16,16,16,12,4.3,4.3,20,1,70.8
I0023,U003,quiet_deepwork,P001,library_01,synthetic,test,4,4,4,5,4,2,4,4,4,5,computer_lab,report_writing,mostly_solo,1_2h,evening,1,1,1,1,1,0,1,1,0,1,1,library,deep_study,solo,2_4h,evening,weekend,8.6,cold,indoor,often,5,4,4,5,2,3,4,5,4,4,20,16,16,25,16,16,8,12,5.0,2.1,25,1,84.9
I0024,U003,quiet_deepwork,P089,coworking_space_05,synthetic,test,4,4,4,5,4,2,4,4,4,5,computer_lab,report_writing,mostly_solo,1_2h,evening,1,1,1,1,1,0,1,1,0,1,1,coworking_space,deep_study,solo,2_4h,evening,weekday,15.6,cold,indoor,sometimes,3,5,4,3,4,4,5,4,4,3,12,20,16,15,20,16,16,16,5.0,3.9,20,1,67.3
I0025,U003,quiet_deepwork,P027,study_room_09,synthetic,test,4,4,4,5,4,2,4,4,4,5,computer_lab,report_writing,mostly_solo,1_2h,evening,1,1,1,1,1,0,1,1,0,1,1,study_room,coding,solo,2_4h,morning,weekend,8.2,clear,indoor,first_time,5,3,3,4,4,3,3,4,3,3,20,12,12,20,12,12,16,12,4.5,2.1,20,0,68.6
I0026,U003,quiet_deepwork,P010,library_10,synthetic,test,4,4,4,5,4,2,4,4,4,5,computer_lab,report_writing,mostly_solo,1_2h,evening,1,1,1,1,1,0,1,1,0,1,1,library,report_writing,solo,2_4h,evening,weekday,3.0,rainy,indoor,often,5,5,4,4,3,4,4,4,4,5,20,20,16,20,16,16,12,16,4.3,0.8,20,1,83.5
I0027,U003,quiet_deepwork,P054,cafe_18,synthetic,test,4,4,4,5,4,2,4,4,4,5,computer_lab,report_writing,mostly_solo,1_2h,evening,1,1,1,1,1,0,1,1,0,1,1,cafe,report_writing,solo,2_4h,early_morning,weekday,9.9,clear,indoor,first_time,3,5,2,3,2,3,3,4,4,3,12,20,8,15,12,16,8,12,4.3,2.5,20,0,57.3
I0028,U003,quiet_deepwork,P006,library_06,synthetic,test,4,4,4,5,4,2,4,4,4,5,computer_lab,report_writing,mostly_solo,1_2h,evening,1,1,1,1,1,0,1,1,0,1,1,library,deep_study,solo,2_4h,morning,weekend,9.1,rainy,indoor,rarely,4,4,4,5,2,3,4,5,5,4,16,16,16,25,16,20,8,12,5.0,2.3,25,0,73.9
I0029,U003,quiet_deepwork,P089,coworking_space_05,synthetic,test,4,4,4,5,4,2,4,4,4,5,computer_lab,report_writing,mostly_solo,1_2h,evening,1,1,1,1,1,0,1,1,0,1,1,coworking_space,light_reading,3_4,1_2h,afternoon,weekday,17.1,rainy,indoor,often,3,5,4,3,4,4,5,3,4,3,12,20,16,15,20,16,16,16,2.3,4.3,9,0.5,76.9
I0030,U003,quiet_deepwork,P036,study_room_18,synthetic,test,4,4,4,5,4,2,4,4,4,5,computer_lab,report_writing,mostly_solo,1_2h,evening,1,1,1,1,1,0,1,1,0,1,1,study_room,team_project,2,1_2h,afternoon,weekday,16.0,rainy,indoor,rarely,5,4,4,4,4,4,5,5,4,4,20,16,16,20,20,16,16,16,1.3,4.0,15,0.5,80.1
I0031,U004,social_collaborative,P067,classroom_05,synthetic,valid,3,3,1,3,3,3,3,2,4,3,cafe,meeting,mostly_group,1_2h,morning,0,0,0,0,0,0,0,0,0,1,0,classroom,meeting,5_plus,2_4h,morning,weekend,1.5,clear,indoor,rarely,3,4,3,3,3,2,3,4,3,3,9,12,3,9,9,9,6,8,0.6,0.6,12,1,49.4
I0032,U004,social_collaborative,P091,coworking_space_07,synthetic,valid,3,3,1,3,3,3,3,2,4,3,cafe,meeting,mostly_group,1_2h,morning,0,0,0,0,0,0,0,0,0,1,0,coworking_space,team_project,2,1_2h,afternoon,weekend,15.6,rainy,indoor,rarely,4,4,4,3,4,5,4,3,3,4,12,12,4,9,12,9,8,20,0.8,5.9,9,0.5,52.4
I0033,U004,social_collaborative,P106,dorm_lounge_10,synthetic,valid,3,3,1,3,3,3,3,2,4,3,cafe,meeting,mostly_group,1_2h,morning,0,0,0,0,0,0,0,0,0,1,0,dorm_lounge,team_project,5_plus,1_2h,morning,weekday,11.8,clear,indoor,often,3,3,2,3,3,4,3,4,3,3,9,9,2,9,9,9,6,16,0.8,4.4,12,1,51.5
I0034,U004,social_collaborative,P045,cafe_09,synthetic,valid,3,3,1,3,3,3,3,2,4,3,cafe,meeting,mostly_group,1_2h,morning,0,0,0,0,0,0,0,0,0,1,0,cafe,online_class,2,1_2h,afternoon,weekend,9.1,hot,indoor,sometimes,2,3,2,2,3,3,3,3,3,3,6,9,2,6,9,9,6,12,2.0,3.4,9,0.5,46.4
I0035,U004,social_collaborative,P020,study_room_02,synthetic,valid,3,3,1,3,3,3,3,2,4,3,cafe,meeting,mostly_group,1_2h,morning,0,0,0,0,0,0,0,0,0,1,0,study_room,coding,3_4,over_4h,morning,weekday,3.5,hot,indoor,often,4,4,4,5,3,4,4,5,4,4,12,12,4,15,12,12,6,16,2.7,1.3,15,1,69.2
I0036,U004,social_collaborative,P052,cafe_16,synthetic,valid,3,3,1,3,3,3,3,2,4,3,cafe,meeting,mostly_group,1_2h,morning,0,0,0,0,0,0,0,0,0,1,0,cafe,team_project,3_4,1_2h,early_morning,weekday,13.5,cloudy,indoor,first_time,3,5,3,2,2,3,3,4,4,3,9,15,3,6,9,12,4,12,0.8,5.1,12,0.5,56.8
I0037,U004,social_collaborative,P029,study_room_11,synthetic,valid,3,3,1,3,3,3,3,2,4,3,cafe,meeting,mostly_group,1_2h,morning,0,0,0,0,0,0,0,0,0,1,0,study_room,online_class,solo,1_2h,morning,weekday,8.8,rainy,indoor,first_time,4,4,3,4,2,4,4,3,4,3,12,12,3,12,12,12,4,16,2.0,3.3,9,1,45.5
I0038,U004,social_collaborative,P086,coworking_space_02,synthetic,valid,3,3,1,3,3,3,3,2,4,3,cafe,meeting,mostly_group,1_2h,morning,0,0,0,0,0,0,0,0,0,1,0,coworking_space,team_project,2,2_4h,morning,weekday,14.8,cloudy,indoor,often,3,4,4,4,5,3,4,4,4,4,9,12,4,12,12,12,10,12,0.8,5.6,12,1,56.1
I0039,U004,social_collaborative,P036,study_room_18,synthetic,valid,3,3,1,3,3,3,3,2,4,3,cafe,meeting,mostly_group,1_2h,morning,0,0,0,0,0,0,0,0,0,1,0,study_room,team_project,2,2_4h,afternoon,weekday,6.0,clear,indoor,rarely,5,4,4,4,4,4,5,5,4,4,15,12,4,12,15,12,8,16,0.8,2.3,15,0.5,61.5
I0040,U004,social_collaborative,P070,classroom_08,synthetic,valid,3,3,1,3,3,3,3,2,4,3,cafe,meeting,mostly_group,1_2h,morning,0,0,0,0,0,0,0,0,0,1,0,classroom,team_project,5_plus,2_4h,afternoon,weekend,9.6,clear,indoor,often,3,4,3,2,3,2,3,4,2,3,9,12,3,6,9,6,6,8,0.8,3.6,12,0.5,68.0
I0041,U005,quiet_deepwork,P085,coworking_space_01,synthetic,valid,4,4,4,4,4,3,5,3,4,4,study_room,report_writing,mostly_solo,2_4h,evening,1,1,1,1,1,0,1,1,0,1,1,coworking_space,coding,solo,1_2h,evening,weekday,4.8,cold,indoor,sometimes,3,5,2,3,4,3,4,4,4,3,12,20,8,12,16,20,12,12,3.6,1.8,16,1,64.2
I0042,U005,quiet_deepwork,P002,library_02,synthetic,valid,4,4,4,4,4,3,5,3,4,4,study_room,report_writing,mostly_solo,2_4h,evening,1,1,1,1,1,0,1,1,0,1,1,library,light_reading,solo,over_4h,morning,weekday,6.2,rainy,indoor,sometimes,5,5,4,4,2,3,4,5,4,4,20,20,16,16,16,20,6,12,1.8,2.3,15,0,82.1
I0043,U005,quiet_deepwork,P031,study_room_13,synthetic,valid,4,4,4,4,4,3,5,3,4,4,study_room,report_writing,mostly_solo,2_4h,evening,1,1,1,1,1,0,1,1,0,1,1,study_room,deep_study,solo,1_2h,morning,weekday,4.3,cloudy,indoor,rarely,5,4,4,4,4,4,4,4,5,4,20,16,16,16,16,25,12,16,4.0,1.6,16,0,80.3
I0044,U005,quiet_deepwork,P077,computer_lab_03,synthetic,valid,4,4,4,4,4,3,5,3,4,4,study_room,report_writing,mostly_solo,2_4h,evening,1,1,1,1,1,0,1,1,0,1,1,computer_lab,report_writing,solo,2_4h,evening,weekday,23.1,cold,indoor,sometimes,4,3,3,3,2,3,4,3,4,4,16,12,12,12,16,20,6,12,3.4,8.7,12,1,68.0
I0045,U005,quiet_deepwork,P011,library_11,synthetic,valid,4,4,4,4,4,3,5,3,4,4,study_room,report_writing,mostly_solo,2_4h,evening,1,1,1,1,1,0,1,1,0,1,1,library,coding,solo,over_4h,morning,weekday,10.6,clear,indoor,rarely,5,4,4,4,2,4,4,4,4,3,20,16,16,16,16,20,6,16,3.6,4.0,16,0,72.1
I0046,U005,quiet_deepwork,P009,library_09,synthetic,valid,4,4,4,4,4,3,5,3,4,4,study_room,report_writing,mostly_solo,2_4h,evening,1,1,1,1,1,0,1,1,0,1,1,library,light_reading,2,1_2h,evening,weekday,3.5,clear,indoor,sometimes,4,4,3,4,2,4,4,5,4,4,16,16,12,16,16,20,6,16,1.8,1.3,15,1,70.1
I0047,U005,quiet_deepwork,P070,classroom_08,synthetic,valid,4,4,4,4,4,3,5,3,4,4,study_room,report_writing,mostly_solo,2_4h,evening,1,1,1,1,1,0,1,1,0,1,1,classroom,deep_study,solo,2_4h,evening,weekday,14.2,clear,indoor,often,3,4,3,2,3,2,3,3,2,3,12,16,12,8,12,10,9,8,4.0,5.3,12,1,51.9
I0048,U005,quiet_deepwork,P008,library_08,synthetic,valid,4,4,4,4,4,3,5,3,4,4,study_room,report_writing,mostly_solo,2_4h,evening,1,1,1,1,1,0,1,1,0,1,1,library,light_reading,3_4,2_4h,evening,weekday,14.0,clear,indoor,sometimes,5,5,4,4,2,3,4,5,4,4,20,20,16,16,16,20,6,12,1.8,5.2,15,1,72.3
I0049,U005,quiet_deepwork,P102,dorm_lounge_06,synthetic,valid,4,4,4,4,4,3,5,3,4,4,study_room,report_writing,mostly_solo,2_4h,evening,1,1,1,1,1,0,1,1,0,1,1,dorm_lounge,coding,solo,over_4h,afternoon,weekday,14.2,clear,indoor,sometimes,3,3,3,3,3,3,4,3,4,4,12,12,12,12,16,20,9,12,3.6,5.3,12,0.5,76.2
I0050,U005,quiet_deepwork,P007,library_07,synthetic,valid,4,4,4,4,4,3,5,3,4,4,study_room,report_writing,mostly_solo,2_4h,evening,1,1,1,1,1,0,1,1,0,1,1,library,light_reading,solo,1_2h,evening,weekday,9.7,cold,indoor,often,5,4,3,4,3,3,4,5,4,4,20,16,12,16,16,20,9,12,1.8,3.6,15,1,72.9
I0051,U006,convenience_oriented,P015,library_15,synthetic,train,4,3,3,4,5,5,5,4,3,4,library,coding,mostly_solo,1_2h,afternoon,1,0,1,1,1,1,1,1,1,0,1,library,report_writing,solo,2_4h,afternoon,weekday,17.8,hot,indoor,sometimes,4,4,4,5,2,4,3,5,4,4,16,12,12,20,15,20,8,12,3.4,11.1,20,1,66.8
I0052,U006,convenience_oriented,P039,cafe_03,synthetic,train,4,3,3,4,5,5,5,4,3,4,library,coding,mostly_solo,1_2h,afternoon,1,0,1,1,1,1,1,1,1,0,1,cafe,coding,solo,1_2h,early_morning,weekday,10.2,clear,indoor,often,3,4,2,3,2,4,3,4,4,4,12,12,6,12,15,20,8,12,3.6,6.4,16,0,51.1
I0053,U006,convenience_oriented,P041,cafe_05,synthetic,train,4,3,3,4,5,5,5,4,3,4,library,coding,mostly_solo,1_2h,afternoon,1,0,1,1,1,1,1,1,1,0,1,cafe,deep_study,solo,under_1h,afternoon,weekend,9.6,clear,indoor,sometimes,2,4,2,3,2,4,4,2,4,3,8,12,6,12,20,20,8,12,4.0,6.0,8,1,42.9
I0054,U006,convenience_oriented,P070,classroom_08,synthetic,train,4,3,3,4,5,5,5,4,3,4,library,coding,mostly_solo,1_2h,afternoon,1,0,1,1,1,1,1,1,1,0,1,classroom,deep_study,solo,over_4h,evening,weekday,12.6,rainy,indoor,first_time,3,4,3,2,3,2,3,3,2,3,12,12,9,8,15,10,12,6,4.0,7.9,12,0.5,59.9
I0055,U006,convenience_oriented,P017,library_17,synthetic,train,4,3,3,4,5,5,5,4,3,4,library,coding,mostly_solo,1_2h,afternoon,1,0,1,1,1,1,1,1,1,0,1,library,coding,solo,2_4h,evening,weekday,8.5,hot,indoor,first_time,5,4,4,5,3,3,4,3,5,4,20,12,12,20,20,25,12,9,3.6,5.3,12,0.5,57.8
I0056,U006,convenience_oriented,P043,cafe_07,synthetic,train,4,3,3,4,5,5,5,4,3,4,library,coding,mostly_solo,1_2h,afternoon,1,0,1,1,1,1,1,1,1,0,1,cafe,online_class,3_4,under_1h,afternoon,weekday,1.7,hot,indoor,sometimes,2,5,3,3,2,4,3,3,3,3,8,15,9,12,15,15,8,12,2.6,1.1,9,1,43.2
I0057,U006,convenience_oriented,P022,study_room_04,synthetic,train,4,3,3,4,5,5,5,4,3,4,library,coding,mostly_solo,1_2h,afternoon,1,0,1,1,1,1,1,1,1,0,1,study_room,deep_study,2,1_2h,afternoon,weekday,13.6,clear,indoor,sometimes,4,5,3,4,5,3,4,5,4,4,16,15,9,16,20,20,20,9,4.0,8.5,20,1,69.3
I0058,U006,convenience_oriented,P102,dorm_lounge_06,synthetic,train,4,3,3,4,5,5,5,4,3,4,library,coding,mostly_solo,1_2h,afternoon,1,0,1,1,1,1,1,1,1,0,1,dorm_lounge,team_project,3_4,1_2h,afternoon,weekday,14.0,cold,indoor,often,3,3,3,3,3,3,4,4,4,4,12,9,9,12,20,20,12,9,1.0,8.7,12,1,62.2
I0059,U006,convenience_oriented,P042,cafe_06,synthetic,train,4,3,3,4,5,5,5,4,3,4,library,coding,mostly_solo,1_2h,afternoon,1,0,1,1,1,1,1,1,1,0,1,cafe,light_reading,solo,1_2h,morning,weekday,13.0,clear,indoor,sometimes,3,4,2,3,2,4,3,4,4,3,12,12,6,12,15,20,8,12,1.8,8.1,12,0.5,56.7
I0060,U006,convenience_oriented,P060,home_06,synthetic,train,4,3,3,4,5,5,5,4,3,4,library,coding,mostly_solo,1_2h,afternoon,1,0,1,1,1,1,1,1,1,0,1,home,coding,solo,2_4h,evening,weekday,16.5,cloudy,indoor,sometimes,4,3,5,5,4,5,5,5,4,5,16,9,15,20,25,20,16,15,3.6,10.3,20,0.5,75.3
I0061,U007,convenience_oriented,P100,dorm_lounge_04,synthetic,valid,3,4,3,4,4,5,3,3,4,3,home,light_reading,mixed,1_2h,evening,0,0,1,0,1,1,0,1,1,1,1,dorm_lounge,report_writing,3_4,over_4h,afternoon,weekend,10.1,cloudy,indoor,often,3,4,2,3,3,4,3,3,4,4,9,16,6,12,12,12,9,16,2.6,6.3,9,0.5,42.3
I0062,U007,convenience_oriented,P017,library_17,synthetic,valid,3,4,3,4,4,5,3,3,4,3,home,light_reading,mixed,1_2h,evening,0,0,1,0,1,1,0,1,1,1,1,library,deep_study,solo,1_2h,late_night,weekday,9.6,clear,indoor,sometimes,5,4,4,5,3,3,4,5,5,4,15,16,12,20,16,15,9,12,3.0,6.0,15,0.5,70.9
I0063,U007,convenience_oriented,P115,outdoor_07,synthetic,valid,3,4,3,4,4,5,3,3,4,3,home,light_reading,mixed,1_2h,evening,0,0,1,0,1,1,0,1,1,1,1,outdoor,coding,3_4,2_4h,afternoon,weekday,18.1,clear,outdoor,rarely,3,4,3,3,1,3,1,2,2,3,9,16,9,12,4,6,3,12,2.7,11.3,6,0.5,41.9
I0064,U007,convenience_oriented,P028,study_room_10,synthetic,valid,3,4,3,4,4,5,3,3,4,3,home,light_reading,mixed,1_2h,evening,0,0,1,0,1,1,0,1,1,1,1,study_room,coding,2,over_4h,afternoon,weekday,23.1,rainy,indoor,sometimes,4,4,3,3,4,4,5,4,4,3,12,16,9,12,20,12,12,16,2.7,14.4,12,0.5,53.2
I0065,U007,convenience_oriented,P049,cafe_13,synthetic,valid,3,4,3,4,4,5,3,3,4,3,home,light_reading,mixed,1_2h,evening,0,0,1,0,1,1,0,1,1,1,1,cafe,online_class,2,2_4h,morning,weekday,10.1,clear,indoor,often,3,4,2,3,3,3,2,3,4,2,9,16,6,12,8,12,9,12,2.0,6.3,9,0,52.3
I0066,U007,convenience_oriented,P009,library_09,synthetic,valid,3,4,3,4,4,5,3,3,4,3,home,light_reading,mixed,1_2h,evening,0,0,1,0,1,1,0,1,1,1,1,library,online_class,3_4,2_4h,afternoon,weekday,9.3,rainy,indoor,sometimes,4,4,3,4,2,4,4,2,4,4,12,16,9,16,16,12,6,16,2.0,5.8,6,0.5,65.8
I0067,U007,convenience_oriented,P025,study_room_07,synthetic,valid,3,4,3,4,4,5,3,3,4,3,home,light_reading,mixed,1_2h,evening,0,0,1,0,1,1,0,1,1,1,1,study_room,deep_study,3_4,1_2h,evening,weekday,1.0,clear,indoor,often,4,4,3,4,4,4,4,5,4,3,12,16,9,16,16,12,12,16,3.0,0.6,15,1,58.8
I0068,U007,convenience_oriented,P017,library_17,synthetic,valid,3,4,3,4,4,5,3,3,4,3,home,light_reading,mixed,1_2h,evening,0,0,1,0,1,1,0,1,1,1,1,library,deep_study,2,under_1h,evening,weekday,8.2,cold,indoor,first_time,5,4,4,5,3,3,4,5,5,4,15,16,12,20,16,15,9,12,3.0,5.1,15,1,71.1
I0069,U007,convenience_oriented,P007,library_07,synthetic,valid,3,4,3,4,4,5,3,3,4,3,home,light_reading,mixed,1_2h,evening,0,0,1,0,1,1,0,1,1,1,1,library,report_writing,solo,2_4h,evening,weekday,9.7,cloudy,indoor,often,5,4,3,4,3,3,4,5,4,4,15,16,9,16,16,12,9,12,2.6,6.1,15,1,66.2
I0070,U007,convenience_oriented,P058,home_04,synthetic,valid,3,4,3,4,4,5,3,3,4,3,home,light_reading,mixed,1_2h,evening,0,0,1,0,1,1,0,1,1,1,1,home,report_writing,solo,over_4h,early_morning,weekday,14.6,cloudy,indoor,sometimes,4,3,4,3,4,5,4,4,4,4,12,12,12,12,16,12,12,20,2.6,9.1,12,0,57.8
I0071,U008,comfort_oriented,P101,dorm_lounge_05,synthetic,test,5,3,3,4,4,4,5,4,4,4,classroom,coding,mostly_solo,1_2h,evening,1,0,1,1,1,1,1,1,1,1,1,dorm_lounge,report_writing,solo,over_4h,late_night,weekday,8.1,rainy,indoor,sometimes,3,4,2,2,3,4,4,4,4,3,15,12,6,8,16,20,12,16,3.4,4.0,16,0.5,67.9
I0072,U008,comfort_oriented,P062,home_08,synthetic,test,5,3,3,4,4,4,5,4,4,4,classroom,coding,mostly_solo,1_2h,evening,1,0,1,1,1,1,1,1,1,1,1,home,light_reading,solo,1_2h,afternoon,weekday,9.9,cold,indoor,rarely,4,3,4,4,4,5,5,4,4,5,20,9,12,16,20,20,16,20,1.8,4.9,12,0.5,73.9
I0073,U008,comfort_oriented,P103,dorm_lounge_07,synthetic,test,5,3,3,4,4,4,5,4,4,4,classroom,coding,mostly_solo,1_2h,evening,1,0,1,1,1,1,1,1,1,1,1,dorm_lounge,light_reading,2,1_2h,evening,weekend,19.8,clear,indoor,often,3,4,3,3,4,4,5,4,3,3,15,12,9,12,20,15,16,16,1.8,9.9,12,1,65.1
I0074,U008,comfort_oriented,P013,library_13,synthetic,test,5,3,3,4,4,4,5,4,4,4,classroom,coding,mostly_solo,1_2h,evening,1,0,1,1,1,1,1,1,1,1,1,library,online_class,solo,1_2h,evening,weekend,2.2,clear,indoor,rarely,5,4,4,4,3,3,5,4,4,4,25,12,12,16,20,20,12,12,2.6,1.1,12,1,74.8
I0075,U008,comfort_oriented,P020,study_room_02,synthetic,test,5,3,3,4,4,4,5,4,4,4,classroom,coding,mostly_solo,1_2h,evening,1,0,1,1,1,1,1,1,1,1,1,study_room,report_writing,2,1_2h,evening,weekday,11.8,cloudy,indoor,sometimes,4,4,4,5,3,4,4,5,4,4,20,12,12,20,16,20,12,16,3.4,5.9,20,1,65.5
I0076,U008,comfort_oriented,P058,home_04,synthetic,test,5,3,3,4,4,4,5,4,4,4,classroom,coding,mostly_solo,1_2h,evening,1,0,1,1,1,1,1,1,1,1,1,home,online_class,solo,under_1h,evening,weekday,17.4,clear,indoor,sometimes,4,3,4,3,4,5,4,4,4,4,20,9,12,12,16,20,16,20,2.6,8.7,12,1,68.9
I0077,U008,comfort_oriented,P024,study_room_06,synthetic,test,5,3,3,4,4,4,5,4,4,4,classroom,coding,mostly_solo,1_2h,evening,1,0,1,1,1,1,1,1,1,1,1,study_room,online_class,solo,under_1h,evening,weekend,4.7,rainy,indoor,first_time,4,4,3,4,3,4,4,4,4,3,20,12,9,16,16,20,12,16,2.6,2.3,12,1,71.4
I0078,U008,comfort_oriented,P043,cafe_07,synthetic,test,5,3,3,4,4,4,5,4,4,4,classroom,coding,mostly_solo,1_2h,evening,1,0,1,1,1,1,1,1,1,1,1,cafe,report_writing,solo,over_4h,afternoon,weekday,4.6,clear,indoor,sometimes,2,5,3,3,2,4,3,4,3,3,10,15,9,12,12,15,8,16,3.4,2.3,16,0.5,67.2
I0079,U008,comfort_oriented,P059,home_05,synthetic,test,5,3,3,4,4,4,5,4,4,4,classroom,coding,mostly_solo,1_2h,evening,1,0,1,1,1,1,1,1,1,1,1,home,light_reading,solo,1_2h,evening,weekend,17.7,rainy,indoor,sometimes,4,5,5,4,5,4,4,4,5,5,20,15,15,16,16,25,20,16,1.8,8.8,12,1,71.8
I0080,U008,comfort_oriented,P060,home_06,synthetic,test,5,3,3,4,4,4,5,4,4,4,classroom,coding,mostly_solo,1_2h,evening,1,0,1,1,1,1,1,1,1,1,1,home,report_writing,solo,2_4h,morning,weekday,10.2,clear,indoor,sometimes,4,3,5,5,4,5,5,5,4,5,20,9,15,20,20,20,16,20,3.4,5.1,20,0,73.1
I0081,U009,comfort_oriented,P117,outdoor_09,synthetic,train,3,3,4,3,3,4,4,5,5,4,home,team_project,mostly_solo,2_4h,morning,0,1,0,1,0,1,0,0,1,1,0,outdoor,coding,solo,over_4h,morning,weekend,14.5,clear,outdoor,first_time,2,5,3,3,2,3,1,2,3,3,6,15,12,9,3,12,10,15,3.6,7.2,8,1,49.9
I0082,U009,comfort_oriented,P061,home_07,synthetic,train,3,3,4,3,3,4,4,5,5,4,home,team_project,mostly_solo,2_4h,morning,0,1,0,1,0,1,0,0,1,1,0,home,light_reading,solo,1_2h,evening,weekday,14.5,clear,indoor,rarely,4,4,4,4,4,4,4,4,4,5,12,12,16,12,12,16,20,20,1.8,7.3,12,0,54.5
I0083,U009,comfort_oriented,P011,library_11,synthetic,train,3,3,4,3,3,4,4,5,5,4,home,team_project,mostly_solo,2_4h,morning,0,1,0,1,0,1,0,0,1,1,0,library,online_class,solo,under_1h,afternoon,weekend,7.1,cloudy,indoor,often,5,4,4,4,2,4,4,3,4,3,15,12,16,12,12,16,10,20,2.6,3.6,9,0.5,59.9
I0084,U009,comfort_oriented,P085,coworking_space_01,synthetic,train,3,3,4,3,3,4,4,5,5,4,home,team_project,mostly_solo,2_4h,morning,0,1,0,1,0,1,0,0,1,1,0,coworking_space,coding,solo,2_4h,morning,weekday,2.9,clear,indoor,often,3,5,2,3,4,3,4,4,4,3,9,15,8,9,12,16,20,15,3.6,1.5,16,1,58.2
I0085,U009,comfort_oriented,P017,library_17,synthetic,train,3,3,4,3,3,4,4,5,5,4,home,team_project,mostly_solo,2_4h,morning,0,1,0,1,0,1,0,0,1,1,0,library,deep_study,solo,1_2h,afternoon,weekday,15.7,clear,indoor,sometimes,5,4,4,5,3,3,4,5,5,4,15,12,16,15,12,20,15,15,4.0,7.9,20,0.5,68.6
I0086,U009,comfort_oriented,P048,cafe_12,synthetic,train,3,3,4,3,3,4,4,5,5,4,home,team_project,mostly_solo,2_4h,morning,0,1,0,1,0,1,0,0,1,1,0,cafe,online_class,solo,1_2h,morning,weekend,4.3,cloudy,indoor,sometimes,2,5,2,3,1,4,3,2,3,3,6,15,8,9,9,12,5,20,2.6,2.1,6,1,47.4
I0087,U009,comfort_oriented,P005,library_05,synthetic,train,3,3,4,3,3,4,4,5,5,4,home,team_project,mostly_solo,2_4h,morning,0,1,0,1,0,1,0,0,1,1,0,library,coding,solo,1_2h,morning,weekday,4.3,rainy,indoor,sometimes,5,4,4,5,3,4,4,4,4,4,15,12,16,15,12,16,15,20,3.6,2.1,16,1,79.6
I0088,U009,comfort_oriented,P029,study_room_11,synthetic,train,3,3,4,3,3,4,4,5,5,4,home,team_project,mostly_solo,2_4h,morning,0,1,0,1,0,1,0,0,1,1,0,study_room,light_reading,solo,over_4h,morning,weekday,10.1,cloudy,indoor,sometimes,4,4,3,4,2,4,4,4,4,3,12,12,12,12,12,16,10,20,1.8,5.0,12,1,58.6
I0089,U009,comfort_oriented,P113,outdoor_05,synthetic,train,3,3,4,3,3,4,4,5,5,4,home,team_project,mostly_solo,2_4h,morning,0,1,0,1,0,1,0,0,1,1,0,outdoor,report_writing,solo,over_4h,evening,weekend,18.3,clear,outdoor,rarely,3,3,4,2,2,3,2,3,3,3,9,9,16,6,6,12,10,15,3.4,9.1,12,0,59.8
I0090,U009,comfort_oriented,P016,library_16,synthetic,train,3,3,4,3,3,4,4,5,5,4,home,team_project,mostly_solo,2_4h,morning,0,1,0,1,0,1,0,0,1,1,0,library,light_reading,solo,1_2h,afternoon,weekend,11.9,clear,indoor,first_time,5,4,3,5,3,4,3,5,4,4,15,12,12,15,9,16,15,20,1.8,6.0,15,0.5,57.5
I0091,U010,quiet_deepwork,P023,study_room_05,synthetic,train,5,5,5,5,5,2,4,4,4,5,study_room,deep_study,mostly_solo,over_4h,evening,1,1,1,1,1,0,1,1,0,1,1,study_room,coding,solo,2_4h,morning,weekday,20.7,hot,indoor,first_time,5,4,3,4,4,4,3,4,4,4,25,20,15,20,15,16,16,16,4.5,5.2,20,0,86.5
I0092,U010,quiet_deepwork,P064,classroom_02,synthetic,train,5,5,5,5,5,2,4,4,4,5,study_room,deep_study,mostly_solo,over_4h,evening,1,1,1,1,1,0,1,1,0,1,1,classroom,report_writing,solo,1_2h,morning,weekday,6.1,clear,indoor,often,4,4,3,3,3,3,3,3,3,3,20,20,15,15,15,12,12,12,4.3,1.5,15,0,76.7
I0093,U010,quiet_deepwork,P009,library_09,synthetic,train,5,5,5,5,5,2,4,4,4,5,study_room,deep_study,mostly_solo,over_4h,evening,1,1,1,1,1,0,1,1,0,1,1,library,report_writing,solo,2_4h,evening,weekday,7.4,cloudy,indoor,sometimes,4,4,3,4,2,4,4,4,4,4,20,20,15,20,20,16,8,16,4.3,1.8,20,1,80.2
I0094,U010,quiet_deepwork,P086,coworking_space_02,synthetic,train,5,5,5,5,5,2,4,4,4,5,study_room,deep_study,mostly_solo,over_4h,evening,1,1,1,1,1,0,1,1,0,1,1,coworking_space,report_writing,2,1_2h,late_night,weekday,19.8,cloudy,indoor,sometimes,3,4,4,4,5,3,4,3,4,4,15,20,20,20,20,16,20,12,4.3,4.9,15,0.5,72.3
I0095,U010,quiet_deepwork,P079,computer_lab_05,synthetic,train,5,5,5,5,5,2,4,4,4,5,study_room,deep_study,mostly_solo,over_4h,evening,1,1,1,1,1,0,1,1,0,1,1,computer_lab,coding,solo,1_2h,evening,weekend,9.7,clear,indoor,often,4,4,3,3,3,4,5,5,4,3,20,20,15,15,25,16,12,16,4.5,2.4,25,1,85.0
I0096,U010,quiet_deepwork,P009,library_09,synthetic,train,5,5,5,5,5,2,4,4,4,5,study_room,deep_study,mostly_solo,over_4h,evening,1,1,1,1,1,0,1,1,0,1,1,library,deep_study,solo,2_4h,early_morning,weekend,15.8,cloudy,indoor,often,4,4,3,4,2,4,4,5,4,4,20,20,15,20,20,16,8,16,5.0,4.0,25,0,80.2
I0097,U010,quiet_deepwork,P045,cafe_09,synthetic,train,5,5,5,5,5,2,4,4,4,5,study_room,deep_study,mostly_solo,over_4h,evening,1,1,1,1,1,0,1,1,0,1,1,cafe,report_writing,solo,over_4h,early_morning,weekday,3.8,clear,indoor,first_time,2,3,2,2,3,3,3,3,3,3,10,15,10,10,15,12,12,12,4.3,0.9,15,0,50.0
I0098,U010,quiet_deepwork,P097,dorm_lounge_01,synthetic,train,5,5,5,5,5,2,4,4,4,5,study_room,deep_study,mostly_solo,over_4h,evening,1,1,1,1,1,0,1,1,0,1,1,dorm_lounge,coding,solo,2_4h,afternoon,weekday,10.4,clear,indoor,often,3,3,3,2,3,4,5,3,4,2,15,15,15,10,25,16,12,16,4.5,2.6,15,0.5,71.2
I0099,U010,quiet_deepwork,P055,home_01,synthetic,train,5,5,5,5,5,2,4,4,4,5,study_room,deep_study,mostly_solo,over_4h,evening,1,1,1,1,1,0,1,1,0,1,1,home,light_reading,solo,under_1h,afternoon,weekday,7.0,cloudy,indoor,often,4,3,5,4,4,5,5,5,4,5,20,15,25,20,25,16,16,20,2.3,1.7,15,0.5,87.5
I0100,U010,quiet_deepwork,P072,classroom_10,synthetic,train,5,5,5,5,5,2,4,4,4,5,study_room,deep_study,mostly_solo,over_4h,evening,1,1,1,1,1,0,1,1,0,1,1,classroom,coding,solo,2_4h,evening,weekday,12.3,cold,indoor,rarely,3,3,4,3,3,3,4,4,3,3,15,15,20,15,20,12,12,12,4.5,3.1,20,1,70.3
I0101,U011,comfort_oriented,P118,outdoor_10,synthetic,train,4,5,3,4,4,4,4,5,4,4,cafe,deep_study,mostly_solo,2_4h,evening,1,0,1,1,1,1,1,1,1,1,1,outdoor,deep_study,solo,over_4h,evening,weekday,9.1,cloudy,outdoor,sometimes,3,5,3,3,3,3,2,1,3,3,12,25,9,12,8,12,15,12,4.0,4.6,4,1,72.7
I0102,U011,comfort_oriented,P057,home_03,synthetic,train,4,5,3,4,4,4,4,5,4,4,cafe,deep_study,mostly_solo,2_4h,evening,1,0,1,1,1,1,1,1,1,1,1,home,report_writing,solo,2_4h,morning,weekend,4.8,cloudy,indoor,often,3,4,4,4,5,4,5,4,5,4,12,20,12,16,20,20,25,16,3.4,2.4,16,0,74.0
I0103,U011,comfort_oriented,P086,coworking_space_02,synthetic,train,4,5,3,4,4,4,4,5,4,4,cafe,deep_study,mostly_solo,2_4h,evening,1,0,1,1,1,1,1,1,1,1,1,coworking_space,online_class,2,1_2h,late_night,weekday,16.4,cold,indoor,sometimes,3,4,4,4,5,3,4,4,4,4,12,20,12,16,16,16,25,12,2.6,8.2,12,0.5,67.6
I0104,U011,comfort_oriented,P045,cafe_09,synthetic,train,4,5,3,4,4,4,4,5,4,4,cafe,deep_study,mostly_solo,2_4h,evening,1,0,1,1,1,1,1,1,1,1,1,cafe,light_reading,3_4,1_2h,afternoon,weekend,7.5,rainy,indoor,sometimes,2,3,2,2,3,3,3,4,3,3,8,15,6,8,12,12,15,12,1.8,3.8,12,0.5,57.4
I0105,U011,comfort_oriented,P073,classroom_11,synthetic,train,4,5,3,4,4,4,4,5,4,4,cafe,deep_study,mostly_solo,2_4h,evening,1,0,1,1,1,1,1,1,1,1,1,classroom,report_writing,solo,2_4h,late_night,weekday,14.6,clear,indoor,often,4,5,3,3,4,3,3,3,3,4,16,25,9,12,12,12,20,12,3.4,7.3,12,0.5,62.4
I0106,U011,comfort_oriented,P091,coworking_space_07,synthetic,train,4,5,3,4,4,4,4,5,4,4,cafe,deep_study,mostly_solo,2_4h,evening,1,0,1,1,1,1,1,1,1,1,1,coworking_space,report_writing,solo,over_4h,morning,weekend,13.0,cloudy,indoor,sometimes,4,4,4,3,4,5,4,4,3,4,16,20,12,12,16,12,20,20,3.4,6.5,16,0,71.9
I0107,U011,comfort_oriented,P034,study_room_16,synthetic,train,4,5,3,4,4,4,4,5,4,4,cafe,deep_study,mostly_solo,2_4h,evening,1,0,1,1,1,1,1,1,1,1,1,study_room,online_class,solo,2_4h,morning,weekend,10.9,hot,indoor,often,4,4,4,4,4,3,4,3,5,3,16,20,12,16,16,20,20,12,2.6,5.4,9,0,63.0
I0108,U011,comfort_oriented,P027,study_room_09,synthetic,train,4,5,3,4,4,4,4,5,4,4,cafe,deep_study,mostly_solo,2_4h,evening,1,0,1,1,1,1,1,1,1,1,1,study_room,deep_study,solo,2_4h,afternoon,weekday,7.9,clear,indoor,sometimes,5,3,3,4,4,3,3,4,3,3,20,15,9,16,12,12,20,12,4.0,4.0,16,0.5,71.3
I0109,U011,comfort_oriented,P005,library_05,synthetic,train,4,5,3,4,4,4,4,5,4,4,cafe,deep_study,mostly_solo,2_4h,evening,1,0,1,1,1,1,1,1,1,1,1,library,deep_study,2,over_4h,afternoon,weekend,2.7,rainy,indoor,first_time,5,4,4,5,3,4,4,4,4,4,20,20,12,20,16,16,15,16,4.0,1.3,16,0.5,60.3
I0110,U011,comfort_oriented,P076,computer_lab_02,synthetic,train,4,5,3,4,4,4,4,5,4,4,cafe,deep_study,mostly_solo,2_4h,evening,1,0,1,1,1,1,1,1,1,1,1,computer_lab,deep_study,solo,under_1h,morning,weekday,15.5,clear,indoor,sometimes,3,5,3,4,4,3,4,4,3,4,12,25,9,16,16,12,20,12,4.0,7.7,16,0,75.2
I0111,U012,convenience_oriented,P061,home_07,synthetic,train,5,3,3,3,4,5,5,3,4,3,cafe,light_reading,mixed,over_4h,afternoon,1,0,0,1,1,1,1,1,1,1,0,home,deep_study,solo,2_4h,evening,weekday,14.4,cloudy,indoor,sometimes,4,4,4,4,4,4,4,4,4,5,20,12,12,12,16,20,12,16,3.0,9.0,12,0.5,51.5
I0112,U012,convenience_oriented,P032,study_room_14,synthetic,train,5,3,3,3,4,5,5,3,4,3,cafe,light_reading,mixed,over_4h,afternoon,1,0,0,1,1,1,1,1,1,1,0,study_room,online_class,solo,2_4h,evening,weekday,15.9,clear,indoor,sometimes,4,4,4,4,4,3,4,4,4,4,20,12,12,12,16,20,12,12,2.0,10.0,12,0.5,76.0
I0113,U012,convenience_oriented,P033,study_room_15,synthetic,train,5,3,3,3,4,5,5,3,4,3,cafe,light_reading,mixed,over_4h,afternoon,1,0,0,1,1,1,1,1,1,1,0,study_room,report_writing,2,1_2h,afternoon,weekend,3.1,clear,indoor,rarely,5,3,4,3,4,4,4,4,5,4,25,9,12,9,16,25,12,16,2.6,2.0,12,1,64.0
I0114,U012,convenience_oriented,P118,outdoor_10,synthetic,train,5,3,3,3,4,5,5,3,4,3,cafe,light_reading,mixed,over_4h,afternoon,1,0,0,1,1,1,1,1,1,1,0,outdoor,online_class,2,1_2h,morning,weekday,11.6,rainy,outdoor,often,3,5,3,3,3,3,2,2,3,3,15,15,9,9,8,15,9,12,2.0,7.3,6,0.5,36.3
I0115,U012,convenience_oriented,P033,study_room_15,synthetic,train,5,3,3,3,4,5,5,3,4,3,cafe,light_reading,mixed,over_4h,afternoon,1,0,0,1,1,1,1,1,1,1,0,study_room,coding,solo,2_4h,evening,weekday,1.0,clear,indoor,sometimes,5,3,4,3,4,4,4,4,5,4,25,9,12,9,16,25,12,16,2.7,0.6,12,0.5,67.7
I0116,U012,convenience_oriented,P010,library_10,synthetic,train,5,3,3,3,4,5,5,3,4,3,cafe,light_reading,mixed,over_4h,afternoon,1,0,0,1,1,1,1,1,1,1,0,library,report_writing,solo,over_4h,afternoon,weekend,2.0,clear,indoor,often,5,5,4,4,3,4,4,4,4,5,25,15,12,12,16,20,9,16,2.6,1.3,12,1,73.6
I0117,U012,convenience_oriented,P035,study_room_17,synthetic,train,5,3,3,3,4,5,5,3,4,3,cafe,light_reading,mixed,over_4h,afternoon,1,0,0,1,1,1,1,1,1,1,0,study_room,team_project,3_4,2_4h,evening,weekend,4.1,rainy,indoor,rarely,4,4,4,4,3,4,5,5,4,3,20,12,12,12,20,20,9,16,0.8,2.6,15,0.5,67.8
I0118,U012,convenience_oriented,P083,computer_lab_09,synthetic,train,5,3,3,3,4,5,5,3,4,3,cafe,light_reading,mixed,over_4h,afternoon,1,0,0,1,1,1,1,1,1,1,0,computer_lab,online_class,2,over_4h,afternoon,weekday,2.1,rainy,indoor,first_time,4,4,3,3,4,3,5,5,4,3,20,12,9,9,20,20,12,12,2.0,1.3,15,1,60.4
I0119,U012,convenience_oriented,P041,cafe_05,synthetic,train,5,3,3,3,4,5,5,3,4,3,cafe,light_reading,mixed,over_4h,afternoon,1,0,0,1,1,1,1,1,1,1,0,cafe,online_class,solo,1_2h,morning,weekday,5.8,clear,indoor,sometimes,2,4,2,3,2,4,4,3,4,3,10,12,6,9,16,20,6,16,2.0,3.6,9,0.5,60.2
I0120,U012,convenience_oriented,P106,dorm_lounge_10,synthetic,train,5,3,3,3,4,5,5,3,4,3,cafe,light_reading,mixed,over_4h,afternoon,1,0,0,1,1,1,1,1,1,1,0,dorm_lounge,coding,solo,1_2h,morning,weekend,13.4,cold,indoor,often,3,3,2,3,3,4,3,3,3,3,15,9,6,9,12,15,9,16,2.7,8.4,9,0.5,49.5
I0121,U013,quiet_deepwork,P019,study_room_01,synthetic,train,5,3,4,5,4,4,4,4,4,5,study_room,coding,mostly_solo,under_1h,early_morning,1,1,1,1,1,1,1,1,1,1,1,study_room,online_class,solo,1_2h,early_morning,weekday,7.0,cloudy,indoor,often,4,3,4,4,3,4,4,4,4,4,20,9,16,20,16,16,12,16,3.3,3.5,12,1,61.0
I0122,U013,quiet_deepwork,P047,cafe_11,synthetic,train,5,3,4,5,4,4,4,4,4,5,study_room,coding,mostly_solo,under_1h,early_morning,1,1,1,1,1,1,1,1,1,1,1,cafe,deep_study,solo,2_4h,evening,weekend,7.8,rainy,indoor,often,3,4,3,3,2,4,3,3,4,3,15,12,12,15,12,16,8,16,5.0,3.9,15,0,66.4
I0123,U013,quiet_deepwork,P030,study_room_12,synthetic,train,5,3,4,5,4,4,4,4,4,5,study_room,coding,mostly_solo,under_1h,early_morning,1,1,1,1,1,1,1,1,1,1,1,study_room,deep_study,solo,under_1h,evening,weekday,8.7,cloudy,indoor,often,5,4,3,4,3,3,4,3,4,4,25,12,12,20,16,16,12,12,5.0,4.3,15,0,64.0
I0124,U013,quiet_deepwork,P050,cafe_14,synthetic,train,5,3,4,5,4,4,4,4,4,5,study_room,coding,mostly_solo,under_1h,early_morning,1,1,1,1,1,1,1,1,1,1,1,cafe,light_reading,solo,1_2h,afternoon,weekend,13.3,clear,indoor,sometimes,3,5,2,3,2,4,3,4,4,3,15,15,8,15,12,16,8,16,2.3,6.6,12,0,52.5
I0125,U013,quiet_deepwork,P068,classroom_06,synthetic,train,5,3,4,5,4,4,4,4,4,5,study_room,coding,mostly_solo,under_1h,early_morning,1,1,1,1,1,1,1,1,1,1,1,classroom,team_project,3_4,under_1h,evening,weekday,12.7,cloudy,indoor,often,3,4,3,3,2,3,3,4,2,4,15,12,12,15,12,8,8,12,1.3,6.4,12,0,62.2
I0126,U013,quiet_deepwork,P017,library_17,synthetic,train,5,3,4,5,4,4,4,4,4,5,study_room,coding,mostly_solo,under_1h,early_morning,1,1,1,1,1,1,1,1,1,1,1,library,coding,solo,2_4h,evening,weekday,11.4,rainy,indoor,sometimes,5,4,4,5,3,3,4,4,5,4,25,12,16,25,16,20,12,12,4.5,5.7,20,0,79.6
I0127,U013,quiet_deepwork,P076,computer_lab_02,synthetic,train,5,3,4,5,4,4,4,4,4,5,study_room,coding,mostly_solo,under_1h,early_morning,1,1,1,1,1,1,1,1,1,1,1,computer_lab,deep_study,solo,1_2h,early_morning,weekday,10.4,cloudy,indoor,often,3,5,3,4,4,3,4,3,3,4,15,15,12,20,16,12,16,12,5.0,5.2,15,1,65.0
I0128,U013,quiet_deepwork,P007,library_07,synthetic,train,5,3,4,5,4,4,4,4,4,5,study_room,coding,mostly_solo,under_1h,early_morning,1,1,1,1,1,1,1,1,1,1,1,library,coding,solo,2_4h,late_night,weekday,14.6,rainy,indoor,rarely,5,4,3,4,3,3,4,3,4,4,25,12,12,20,16,16,12,12,4.5,7.3,15,0,68.4
I0129,U013,quiet_deepwork,P006,library_06,synthetic,train,5,3,4,5,4,4,4,4,4,5,study_room,coding,mostly_solo,under_1h,early_morning,1,1,1,1,1,1,1,1,1,1,1,library,online_class,solo,1_2h,afternoon,weekday,11.0,clear,indoor,rarely,4,4,4,5,2,3,4,3,5,4,20,12,16,25,16,20,8,12,3.3,5.5,9,0,72.5
I0130,U013,quiet_deepwork,P046,cafe_10,synthetic,train,5,3,4,5,4,4,4,4,4,5,study_room,coding,mostly_solo,under_1h,early_morning,1,1,1,1,1,1,1,1,1,1,1,cafe,light_reading,solo,1_2h,afternoon,weekday,15.5,clear,indoor,rarely,3,4,2,3,2,4,3,4,3,3,15,12,8,15,12,12,8,16,2.3,7.8,12,0,55.5
I0131,U014,social_collaborative,P066,classroom_04,synthetic,train,3,5,3,3,5,3,3,2,4,3,classroom,coding,mostly_group,1_2h,evening,0,0,0,0,1,0,0,1,0,1,0,classroom,team_project,3_4,1_2h,early_morning,weekday,8.8,clear,indoor,often,3,4,4,3,3,3,4,4,3,4,9,20,12,9,20,9,6,12,0.8,3.3,12,0,66.3
I0132,U014,social_collaborative,P026,study_room_08,synthetic,train,3,5,3,3,5,3,3,2,4,3,classroom,coding,mostly_group,1_2h,evening,0,0,0,0,1,0,0,1,0,1,0,study_room,team_project,3_4,2_4h,evening,weekday,18.9,hot,indoor,rarely,4,5,4,4,5,4,4,5,4,3,12,25,12,12,20,12,10,16,0.8,7.1,15,1,70.2
I0133,U014,social_collaborative,P098,dorm_lounge_02,synthetic,train,3,5,3,3,5,3,3,2,4,3,classroom,coding,mostly_group,1_2h,evening,0,0,0,0,1,0,0,1,0,1,0,dorm_lounge,meeting,3_4,2_4h,morning,weekday,13.5,clear,indoor,often,3,4,3,2,3,4,4,4,4,3,9,20,9,6,20,12,6,16,0.6,5.1,12,0,56.4
I0134,U014,social_collaborative,P057,home_03,synthetic,train,3,5,3,3,5,3,3,2,4,3,classroom,coding,mostly_group,1_2h,evening,0,0,0,0,1,0,0,1,0,1,0,home,meeting,2,2_4h,morning,weekday,6.0,cloudy,indoor,rarely,3,4,4,4,5,4,5,5,5,4,9,20,12,12,25,15,10,16,0.6,2.2,15,0,63.3
I0135,U014,social_collaborative,P028,study_room_10,synthetic,train,3,5,3,3,5,3,3,2,4,3,classroom,coding,mostly_group,1_2h,evening,0,0,0,0,1,0,0,1,0,1,0,study_room,online_class,solo,1_2h,evening,weekday,19.1,clear,indoor,first_time,4,4,3,3,4,4,5,4,4,3,12,20,9,9,25,12,8,16,2.0,7.2,12,1,59.4
I0136,U014,social_collaborative,P004,library_04,synthetic,train,3,5,3,3,5,3,3,2,4,3,classroom,coding,mostly_group,1_2h,evening,0,0,0,0,1,0,0,1,0,1,0,library,team_project,3_4,2_4h,evening,weekday,1.0,clear,indoor,first_time,5,3,3,4,2,4,4,3,3,4,15,15,9,12,20,9,4,16,0.8,0.4,9,1,68.1
I0137,U014,social_collaborative,P017,library_17,synthetic,train,3,5,3,3,5,3,3,2,4,3,classroom,coding,mostly_group,1_2h,evening,0,0,0,0,1,0,0,1,0,1,0,library,team_project,5_plus,1_2h,afternoon,weekday,7.6,cloudy,indoor,first_time,5,4,4,5,3,3,4,3,5,4,15,20,12,15,20,15,6,12,0.8,2.9,9,0.5,62.6
I0138,U014,social_collaborative,P112,outdoor_04,synthetic,train,3,5,3,3,5,3,3,2,4,3,classroom,coding,mostly_group,1_2h,evening,0,0,0,0,1,0,0,1,0,1,0,outdoor,deep_study,solo,1_2h,afternoon,weekday,14.8,clear,outdoor,rarely,3,4,3,3,2,3,1,2,3,2,9,20,9,9,5,9,4,12,3.0,5.6,6,0.5,51.2
I0139,U014,social_collaborative,P039,cafe_03,synthetic,train,3,5,3,3,5,3,3,2,4,3,classroom,coding,mostly_group,1_2h,evening,0,0,0,0,1,0,0,1,0,1,0,cafe,team_project,2,over_4h,evening,weekend,9.6,clear,indoor,first_time,3,4,2,3,2,4,3,4,4,4,9,20,6,9,15,12,4,16,0.8,3.6,12,1,55.8
I0140,U014,social_collaborative,P066,classroom_04,synthetic,train,3,5,3,3,5,3,3,2,4,3,classroom,coding,mostly_group,1_2h,evening,0,0,0,0,1,0,0,1,0,1,0,classroom,coding,solo,1_2h,early_morning,weekend,7.8,clear,indoor,sometimes,3,4,4,3,3,3,4,4,3,4,9,20,12,9,20,9,6,12,2.7,2.9,12,0,59.9
I0141,U015,convenience_oriented,P058,home_04,synthetic,train,4,4,3,4,4,5,3,3,4,4,home,report_writing,mostly_solo,2_4h,afternoon,1,0,1,0,1,1,1,1,1,1,1,home,coding,solo,2_4h,afternoon,weekday,13.0,clear,indoor,sometimes,4,3,4,3,4,5,4,5,4,4,16,12,12,12,16,12,12,20,3.6,8.1,20,1,68.0
I0142,U015,convenience_oriented,P116,outdoor_08,synthetic,train,4,4,3,4,4,5,3,3,4,4,home,report_writing,mostly_solo,2_4h,afternoon,1,0,1,0,1,1,1,1,1,1,1,outdoor,online_class,solo,1_2h,morning,weekend,13.4,rainy,outdoor,first_time,3,5,3,3,2,2,1,2,3,3,12,20,9,12,4,9,6,8,2.6,8.4,6,0.5,43.4
I0143,U015,convenience_oriented,P008,library_08,synthetic,train,4,4,3,4,4,5,3,3,4,4,home,report_writing,mostly_solo,2_4h,afternoon,1,0,1,0,1,1,1,1,1,1,1,library,report_writing,solo,over_4h,morning,weekend,9.4,cloudy,indoor,rarely,5,5,4,4,2,3,4,4,4,4,20,20,12,16,16,12,6,12,3.4,5.8,16,0.5,66.0
I0144,U015,convenience_oriented,P105,dorm_lounge_09,synthetic,train,4,4,3,4,4,5,3,3,4,4,home,report_writing,mostly_solo,2_4h,afternoon,1,0,1,0,1,1,1,1,1,1,1,dorm_lounge,team_project,3_4,under_1h,afternoon,weekday,10.9,clear,indoor,often,3,3,3,2,3,3,4,4,4,3,12,12,9,8,16,12,9,12,1.0,6.8,12,1,59.8
I0145,U015,convenience_oriented,P082,computer_lab_08,synthetic,train,4,4,3,4,4,5,3,3,4,4,home,report_writing,mostly_solo,2_4h,afternoon,1,0,1,0,1,1,1,1,1,1,1,computer_lab,light_reading,solo,under_1h,morning,weekday,1.0,clear,indoor,rarely,3,4,4,4,3,3,5,3,3,3,12,16,12,16,20,9,9,12,1.8,0.6,9,0.5,61.6
I0146,U015,convenience_oriented,P048,cafe_12,synthetic,train,4,4,3,4,4,5,3,3,4,4,home,report_writing,mostly_solo,2_4h,afternoon,1,0,1,0,1,1,1,1,1,1,1,cafe,deep_study,2,2_4h,evening,weekday,9.5,clear,indoor,often,2,5,2,3,1,4,3,2,3,3,8,20,6,12,12,9,3,16,4.0,5.9,8,0.5,49.3
I0147,U015,convenience_oriented,P070,classroom_08,synthetic,train,4,4,3,4,4,5,3,3,4,4,home,report_writing,mostly_solo,2_4h,afternoon,1,0,1,0,1,1,1,1,1,1,1,classroom,deep_study,solo,1_2h,afternoon,weekday,8.0,clear,indoor,rarely,3,4,3,2,3,2,3,4,2,3,12,16,9,8,12,6,9,8,4.0,5.0,16,1,59.3
I0148,U015,convenience_oriented,P045,cafe_09,synthetic,train,4,4,3,4,4,5,3,3,4,4,home,report_writing,mostly_solo,2_4h,afternoon,1,0,1,0,1,1,1,1,1,1,1,cafe,report_writing,solo,under_1h,afternoon,weekend,9.8,clear,indoor,sometimes,2,3,2,2,3,3,3,5,3,3,8,12,6,8,12,9,9,12,3.4,6.1,20,1,70.3
I0149,U015,convenience_oriented,P062,home_08,synthetic,train,4,4,3,4,4,5,3,3,4,4,home,report_writing,mostly_solo,2_4h,afternoon,1,0,1,0,1,1,1,1,1,1,1,home,online_class,solo,1_2h,early_morning,weekend,8.0,hot,indoor,first_time,4,3,4,4,4,5,5,5,4,5,16,12,12,16,20,12,12,20,2.6,5.0,15,0,74.8
I0150,U015,convenience_oriented,P092,coworking_space_08,synthetic,train,4,4,3,4,4,5,3,3,4,4,home,report_writing,mostly_solo,2_4h,afternoon,1,0,1,0,1,1,1,1,1,1,1,coworking_space,report_writing,solo,2_4h,evening,weekday,4.2,clear,indoor,often,2,4,3,4,3,4,4,4,4,3,8,16,9,16,16,12,9,16,3.4,2.7,16,0.5,62.1
I0151,U016,quiet_deepwork,P023,study_room_05,synthetic,train,5,4,5,4,4,4,3,4,4,5,home,deep_study,mostly_solo,over_4h,early_morning,1,1,1,0,1,1,1,1,1,1,1,study_room,online_class,solo,2_4h,evening,weekday,18.5,clear,indoor,rarely,5,4,3,4,4,4,3,4,4,4,25,16,15,16,12,12,16,16,3.3,9.3,12,0,64.3
I0152,U016,quiet_deepwork,P054,cafe_18,synthetic,train,5,4,5,4,4,4,3,4,4,5,home,deep_study,mostly_solo,over_4h,early_morning,1,1,1,0,1,1,1,1,1,1,1,cafe,deep_study,2,2_4h,morning,weekday,7.5,clear,indoor,sometimes,3,5,2,3,2,3,3,3,4,3,15,20,10,12,12,12,8,12,5.0,3.8,15,0.5,62.2
I0153,U016,quiet_deepwork,P055,home_01,synthetic,train,5,4,5,4,4,4,3,4,4,5,home,deep_study,mostly_solo,over_4h,early_morning,1,1,1,0,1,1,1,1,1,1,1,home,report_writing,solo,1_2h,evening,weekend,11.4,cloudy,indoor,first_time,4,3,5,4,4,5,5,4,4,5,20,12,25,16,20,12,16,20,4.3,5.7,20,0,76.6
I0154,U016,quiet_deepwork,P035,study_room_17,synthetic,train,5,4,5,4,4,4,3,4,4,5,home,deep_study,mostly_solo,over_4h,early_morning,1,1,1,0,1,1,1,1,1,1,1,study_room,coding,solo,over_4h,evening,weekday,6.4,cold,indoor,sometimes,4,4,4,4,3,4,5,5,4,3,20,16,20,16,20,12,12,16,4.5,3.2,25,0,75.5
I0155,U016,quiet_deepwork,P031,study_room_13,synthetic,train,5,4,5,4,4,4,3,4,4,5,home,deep_study,mostly_solo,over_4h,early_morning,1,1,1,0,1,1,1,1,1,1,1,study_room,deep_study,solo,2_4h,early_morning,weekend,2.8,cold,indoor,sometimes,5,4,4,4,4,4,4,4,5,4,25,16,20,16,16,15,16,16,5.0,1.4,20,1,77.7
I0156,U016,quiet_deepwork,P030,study_room_12,synthetic,train,5,4,5,4,4,4,3,4,4,5,home,deep_study,mostly_solo,over_4h,early_morning,1,1,1,0,1,1,1,1,1,1,1,study_room,report_writing,solo,2_4h,early_morning,weekend,10.3,clear,indoor,often,5,4,3,4,3,3,4,5,4,4,25,16,15,16,16,12,12,12,4.3,5.2,25,1,79.1
I0157,U016,quiet_deepwork,P085,coworking_space_01,synthetic,train,5,4,5,4,4,4,3,4,4,5,home,deep_study,mostly_solo,over_4h,early_morning,1,1,1,0,1,1,1,1,1,1,1,coworking_space,coding,solo,under_1h,afternoon,weekday,3.6,clear,indoor,sometimes,3,5,2,3,4,3,4,5,4,3,15,20,10,12,16,12,16,12,4.5,1.8,25,0,75.8
I0158,U016,quiet_deepwork,P019,study_room_01,synthetic,train,5,4,5,4,4,4,3,4,4,5,home,deep_study,mostly_solo,over_4h,early_morning,1,1,1,0,1,1,1,1,1,1,1,study_room,deep_study,solo,2_4h,early_morning,weekday,10.9,clear,indoor,rarely,4,3,4,4,3,4,4,5,4,4,20,12,20,16,16,12,12,16,5.0,5.4,25,1,60.7
I0159,U016,quiet_deepwork,P054,cafe_18,synthetic,train,5,4,5,4,4,4,3,4,4,5,home,deep_study,mostly_solo,over_4h,early_morning,1,1,1,0,1,1,1,1,1,1,1,cafe,coding,solo,over_4h,afternoon,weekday,10.3,cold,indoor,rarely,3,5,2,3,2,3,3,3,4,3,15,20,10,12,12,12,8,12,4.5,5.1,15,0,65.6
I0160,U016,quiet_deepwork,P004,library_04,synthetic,train,5,4,5,4,4,4,3,4,4,5,home,deep_study,mostly_solo,over_4h,early_morning,1,1,1,0,1,1,1,1,1,1,1,library,report_writing,solo,over_4h,afternoon,weekend,6.1,clear,indoor,first_time,5,3,3,4,2,4,4,4,3,4,25,12,15,16,16,9,8,16,4.3,3.0,20,0,81.5
I0161,U017,social_collaborative,P086,coworking_space_02,synthetic,test,1,4,2,3,3,3,4,3,5,3,coworking_space,coding,mostly_group,2_4h,evening,0,0,0,1,0,0,0,0,0,1,0,coworking_space,meeting,3_4,2_4h,afternoon,weekday,16.4,clear,indoor,often,3,4,4,4,5,3,4,5,4,4,3,16,8,12,12,16,15,15,0.6,6.1,15,0.5,68.2
I0162,U017,social_collaborative,P033,study_room_15,synthetic,test,1,4,2,3,3,3,4,3,5,3,coworking_space,coding,mostly_group,2_4h,evening,0,0,0,1,0,0,0,0,0,1,0,study_room,online_class,solo,under_1h,afternoon,weekend,1.0,cold,indoor,sometimes,5,3,4,3,4,4,4,5,5,4,5,12,8,9,12,20,12,20,2.0,0.4,15,0.5,57.9
I0163,U017,social_collaborative,P102,dorm_lounge_06,synthetic,test,1,4,2,3,3,3,4,3,5,3,coworking_space,coding,mostly_group,2_4h,evening,0,0,0,1,0,0,0,0,0,1,0,dorm_lounge,team_project,5_plus,2_4h,late_night,weekday,20.0,clear,indoor,often,3,3,3,3,3,3,4,4,4,4,3,12,6,9,12,16,9,15,0.8,7.5,12,0.5,54.8
I0164,U017,social_collaborative,P025,study_room_07,synthetic,test,1,4,2,3,3,3,4,3,5,3,coworking_space,coding,mostly_group,2_4h,evening,0,0,0,1,0,0,0,0,0,1,0,study_room,report_writing,solo,over_4h,afternoon,weekday,8.1,hot,indoor,rarely,4,4,3,4,4,4,4,4,4,3,4,16,6,12,12,16,12,20,2.6,3.0,12,0.5,64.7
I0165,U017,social_collaborative,P033,study_room_15,synthetic,test,1,4,2,3,3,3,4,3,5,3,coworking_space,coding,mostly_group,2_4h,evening,0,0,0,1,0,0,0,0,0,1,0,study_room,team_project,3_4,2_4h,evening,weekend,2.5,cloudy,indoor,sometimes,5,3,4,3,4,4,4,5,5,4,5,12,8,9,12,20,12,20,0.8,1.0,15,1,65.3
I0166,U017,social_collaborative,P111,outdoor_03,synthetic,test,1,4,2,3,3,3,4,3,5,3,coworking_space,coding,mostly_group,2_4h,evening,0,0,0,1,0,0,0,0,0,1,0,outdoor,meeting,3_4,1_2h,evening,weekend,12.2,hot,outdoor,sometimes,3,5,3,4,2,2,1,2,2,3,3,20,6,12,3,8,6,10,0.6,4.6,6,1,53.6
I0167,U017,social_collaborative,P029,study_room_11,synthetic,test,1,4,2,3,3,3,4,3,5,3,coworking_space,coding,mostly_group,2_4h,evening,0,0,0,1,0,0,0,0,0,1,0,study_room,coding,solo,2_4h,late_night,weekday,12.2,cloudy,indoor,first_time,4,4,3,4,2,4,4,4,4,3,4,16,6,12,12,16,6,20,2.7,4.6,12,0.5,52.2
I0168,U017,social_collaborative,P101,dorm_lounge_05,synthetic,test,1,4,2,3,3,3,4,3,5,3,coworking_space,coding,mostly_group,2_4h,evening,0,0,0,1,0,0,0,0,0,1,0,dorm_lounge,online_class,solo,2_4h,early_morning,weekday,8.8,cold,indoor,rarely,3,4,2,2,3,4,4,3,4,3,3,16,4,6,12,16,9,20,2.0,3.3,9,0,40.5
I0169,U017,social_collaborative,P026,study_room_08,synthetic,test,1,4,2,3,3,3,4,3,5,3,coworking_space,coding,mostly_group,2_4h,evening,0,0,0,1,0,0,0,0,0,1,0,study_room,online_class,3_4,under_1h,morning,weekend,19.5,cloudy,indoor,often,4,5,4,4,5,4,4,5,4,3,4,20,8,12,12,16,15,20,2.0,7.3,15,0,63.4
I0170,U017,social_collaborative,P108,dorm_lounge_12,synthetic,test,1,4,2,3,3,3,4,3,5,3,coworking_space,coding,mostly_group,2_4h,evening,0,0,0,1,0,0,0,0,0,1,0,dorm_lounge,online_class,solo,1_2h,evening,weekend,7.8,clear,indoor,rarely,2,4,3,3,3,3,3,3,3,3,2,16,6,9,9,12,9,15,2.0,2.9,9,1,48.5
I0171,U018,comfort_oriented,P065,classroom_03,synthetic,test,4,4,3,3,4,5,4,5,4,3,home,deep_study,mixed,2_4h,morning,1,0,0,1,1,1,1,1,1,1,0,classroom,report_writing,solo,2_4h,afternoon,weekday,6.7,clear,indoor,often,4,4,3,3,3,3,4,4,3,3,16,16,9,9,16,12,15,12,2.6,4.2,12,0.5,55.0
I0172,U018,comfort_oriented,P043,cafe_07,synthetic,test,4,4,3,3,4,5,4,5,4,3,home,deep_study,mixed,2_4h,morning,1,0,0,1,1,1,1,1,1,1,0,cafe,light_reading,solo,2_4h,evening,weekday,2.8,clear,indoor,often,2,5,3,3,2,4,3,4,3,3,8,20,9,9,12,12,10,16,1.4,1.7,12,0,58.9
I0173,U018,comfort_oriented,P040,cafe_04,synthetic,test,4,4,3,3,4,5,4,5,4,3,home,deep_study,mixed,2_4h,morning,1,0,0,1,1,1,1,1,1,1,0,cafe,light_reading,solo,1_2h,afternoon,weekday,6.6,cloudy,indoor,rarely,3,4,2,3,3,4,3,4,4,3,12,16,6,9,12,16,15,16,1.4,4.2,12,0.5,58.8
I0174,U018,comfort_oriented,P027,study_room_09,synthetic,test,4,4,3,3,4,5,4,5,4,3,home,deep_study,mixed,2_4h,morning,1,0,0,1,1,1,1,1,1,1,0,study_room,coding,solo,over_4h,evening,weekday,7.1,clear,indoor,sometimes,5,3,3,4,4,3,3,4,3,3,20,12,9,12,12,12,20,12,2.7,4.4,12,0,66.1
I0175,U018,comfort_oriented,P064,classroom_02,synthetic,test,4,4,3,3,4,5,4,5,4,3,home,deep_study,mixed,2_4h,morning,1,0,0,1,1,1,1,1,1,1,0,classroom,light_reading,solo,1_2h,morning,weekday,7.9,cloudy,indoor,often,4,4,3,3,3,3,3,4,3,3,16,16,9,9,12,12,15,12,1.4,4.9,12,1,62.0
I0176,U018,comfort_oriented,P078,computer_lab_04,synthetic,test,4,4,3,3,4,5,4,5,4,3,home,deep_study,mixed,2_4h,morning,1,0,0,1,1,1,1,1,1,1,0,computer_lab,coding,solo,2_4h,morning,weekday,5.3,clear,indoor,often,4,4,4,4,3,3,5,5,4,3,16,16,12,12,20,16,15,12,2.7,3.3,15,1,63.1
I0177,U018,comfort_oriented,P021,study_room_03,synthetic,test,4,4,3,3,4,5,4,5,4,3,home,deep_study,mixed,2_4h,morning,1,0,0,1,1,1,1,1,1,1,0,study_room,coding,solo,over_4h,morning,weekday,13.5,hot,indoor,sometimes,5,4,4,4,3,4,4,5,4,2,20,16,12,12,16,16,15,16,2.7,8.4,15,1,58.8
I0178,U018,comfort_oriented,P043,cafe_07,synthetic,test,4,4,3,3,4,5,4,5,4,3,home,deep_study,mixed,2_4h,morning,1,0,0,1,1,1,1,1,1,1,0,cafe,online_class,solo,1_2h,afternoon,weekend,3.1,hot,indoor,first_time,2,5,3,3,2,4,3,3,3,3,8,20,9,9,12,12,10,16,2.0,2.0,9,0.5,40.9
I0179,U018,comfort_oriented,P094,coworking_space_10,synthetic,test,4,4,3,3,4,5,4,5,4,3,home,deep_study,mixed,2_4h,morning,1,0,0,1,1,1,1,1,1,1,0,coworking_space,deep_study,solo,over_4h,late_night,weekday,8.5,clear,indoor,sometimes,3,5,3,4,3,4,3,3,4,4,12,20,9,12,12,16,15,16,3.0,5.3,9,0,63.6
I0180,U018,comfort_oriented,P068,classroom_06,synthetic,test,4,4,3,3,4,5,4,5,4,3,home,deep_study,mixed,2_4h,morning,1,0,0,1,1,1,1,1,1,1,0,classroom,report_writing,solo,2_4h,afternoon,weekend,19.1,clear,indoor,sometimes,3,4,3,3,2,3,3,4,2,4,12,16,9,9,12,8,10,12,2.6,11.9,12,0.5,55.1
I0181,U019,quiet_deepwork,P089,coworking_space_05,synthetic,train,5,4,5,4,5,3,4,5,4,5,computer_lab,light_reading,mostly_solo,1_2h,morning,1,1,1,1,1,0,1,1,0,1,1,coworking_space,coding,solo,1_2h,morning,weekend,22.5,clear,indoor,often,3,5,4,3,4,4,5,3,4,3,15,20,20,12,25,16,20,16,4.5,8.4,15,1,67.4
I0182,U019,quiet_deepwork,P031,study_room_13,synthetic,train,5,4,5,4,5,3,4,5,4,5,computer_lab,light_reading,mostly_solo,1_2h,morning,1,1,1,1,1,0,1,1,0,1,1,study_room,coding,solo,2_4h,evening,weekday,2.9,clear,indoor,sometimes,5,4,4,4,4,4,4,4,5,4,25,16,20,16,20,20,20,16,4.5,1.1,20,0,80.2
I0183,U019,quiet_deepwork,P011,library_11,synthetic,train,5,4,5,4,5,3,4,5,4,5,computer_lab,light_reading,mostly_solo,1_2h,morning,1,1,1,1,1,0,1,1,0,1,1,library,deep_study,2,2_4h,evening,weekday,9.9,cloudy,indoor,rarely,5,4,4,4,2,4,4,4,4,3,25,16,20,16,20,16,10,16,5.0,3.7,20,0,74.2
I0184,U019,quiet_deepwork,P004,library_04,synthetic,train,5,4,5,4,5,3,4,5,4,5,computer_lab,light_reading,mostly_solo,1_2h,morning,1,1,1,1,1,0,1,1,0,1,1,library,deep_study,solo,1_2h,early_morning,weekend,5.6,cloudy,indoor,often,5,3,3,4,2,4,4,5,3,4,25,12,15,16,20,12,10,16,5.0,2.1,25,0.5,83.0
I0185,U019,quiet_deepwork,P026,study_room_08,synthetic,train,5,4,5,4,5,3,4,5,4,5,computer_lab,light_reading,mostly_solo,1_2h,morning,1,1,1,1,1,0,1,1,0,1,1,study_room,report_writing,solo,over_4h,evening,weekday,21.8,clear,indoor,often,4,5,4,4,5,4,4,4,4,3,20,20,20,16,20,16,25,16,4.3,8.2,20,0,80.8
I0186,U019,quiet_deepwork,P001,library_01,synthetic,train,5,4,5,4,5,3,4,5,4,5,computer_lab,light_reading,mostly_solo,1_2h,morning,1,1,1,1,1,0,1,1,0,1,1,library,online_class,solo,2_4h,morning,weekday,12.3,clear,indoor,often,5,4,4,5,2,3,4,3,4,4,25,16,20,20,20,16,10,12,3.3,4.6,9,1,85.6
I0187,U019,quiet_deepwork,P042,cafe_06,synthetic,train,5,4,5,4,5,3,4,5,4,5,computer_lab,light_reading,mostly_solo,1_2h,morning,1,1,1,1,1,0,1,1,0,1,1,cafe,report_writing,2,1_2h,morning,weekend,9.2,clear,indoor,sometimes,3,4,2,3,2,4,3,4,4,3,15,16,10,12,15,16,10,16,4.3,3.5,20,1,53.2
I0188,U019,quiet_deepwork,P078,computer_lab_04,synthetic,train,5,4,5,4,5,3,4,5,4,5,computer_lab,light_reading,mostly_solo,1_2h,morning,1,1,1,1,1,0,1,1,0,1,1,computer_lab,report_writing,solo,over_4h,morning,weekday,11.4,cloudy,indoor,sometimes,4,4,4,4,3,3,5,4,4,3,20,16,20,16,25,16,15,12,4.3,4.3,20,1,72.7
I0189,U019,quiet_deepwork,P047,cafe_11,synthetic,train,5,4,5,4,5,3,4,5,4,5,computer_lab,light_reading,mostly_solo,1_2h,morning,1,1,1,1,1,0,1,1,0,1,1,cafe,team_project,3_4,2_4h,evening,weekday,10.4,cloudy,indoor,sometimes,3,4,3,3,2,4,3,5,4,3,15,16,15,12,15,16,10,16,1.3,3.9,15,0,68.4
I0190,U019,quiet_deepwork,P021,study_room_03,synthetic,train,5,4,5,4,5,3,4,5,4,5,computer_lab,light_reading,mostly_solo,1_2h,morning,1,1,1,1,1,0,1,1,0,1,1,study_room,online_class,solo,1_2h,early_morning,weekday,17.9,clear,indoor,sometimes,5,4,4,4,3,4,4,3,4,2,25,16,20,16,20,16,15,16,3.3,6.7,9,0.5,68.7
I0191,U020,convenience_oriented,P019,study_room_01,synthetic,train,4,3,4,3,5,5,2,3,3,3,study_room,coding,mixed,2_4h,evening,1,1,0,0,1,1,1,1,1,0,0,study_room,online_class,2,1_2h,afternoon,weekday,12.0,hot,indoor,sometimes,4,3,4,4,3,4,4,4,4,4,16,9,16,12,20,8,9,12,2.0,7.5,12,0.5,58.3
I0192,U020,convenience_oriented,P095,coworking_space_11,synthetic,train,4,3,4,3,5,5,2,3,3,3,study_room,coding,mixed,2_4h,evening,1,1,0,0,1,1,1,1,1,0,0,coworking_space,team_project,3_4,1_2h,afternoon,weekday,7.8,cloudy,indoor,rarely,4,4,3,3,4,4,5,5,4,4,16,12,12,9,25,8,12,12,0.8,4.9,15,0.5,66.8
I0193,U020,convenience_oriented,P080,computer_lab_06,synthetic,train,4,3,4,3,5,5,2,3,3,3,study_room,coding,mixed,2_4h,evening,1,1,0,0,1,1,1,1,1,0,0,computer_lab,coding,solo,over_4h,evening,weekend,6.7,clear,indoor,sometimes,4,4,4,3,3,4,4,5,4,3,16,12,16,9,20,8,9,12,2.7,4.2,15,1,69.5
I0194,U020,convenience_oriented,P020,study_room_02,synthetic,train,4,3,4,3,5,5,2,3,3,3,study_room,coding,mixed,2_4h,evening,1,1,0,0,1,1,1,1,1,0,0,study_room,report_writing,solo,under_1h,evening,weekday,6.4,clear,indoor,rarely,4,4,4,5,3,4,4,4,4,4,16,12,16,15,20,8,9,12,2.6,4.0,12,1,70.5
I0195,U020,convenience_oriented,P049,cafe_13,synthetic,train,4,3,4,3,5,5,2,3,3,3,study_room,coding,mixed,2_4h,evening,1,1,0,0,1,1,1,1,1,0,0,cafe,deep_study,solo,over_4h,late_night,weekend,11.1,cloudy,indoor,first_time,3,4,2,3,3,3,2,3,4,2,12,12,8,9,10,8,9,9,3.0,6.9,9,0.5,48.5
I0196,U020,convenience_oriented,P075,computer_lab_01,synthetic,train,4,3,4,3,5,5,2,3,3,3,study_room,coding,mixed,2_4h,evening,1,1,0,0,1,1,1,1,1,0,0,computer_lab,online_class,solo,under_1h,evening,weekend,6.0,cloudy,indoor,first_time,3,3,3,4,3,4,5,4,3,3,12,9,12,12,25,6,9,12,2.0,3.8,12,1,53.3
I0197,U020,convenience_oriented,P094,coworking_space_10,synthetic,train,4,3,4,3,5,5,2,3,3,3,study_room,coding,mixed,2_4h,evening,1,1,0,0,1,1,1,1,1,0,0,coworking_space,team_project,5_plus,2_4h,evening,weekend,8.9,clear,indoor,first_time,3,5,3,4,3,4,3,4,4,4,12,15,12,12,15,8,9,12,0.8,5.6,12,1,50.1
I0198,U020,convenience_oriented,P012,library_12,synthetic,train,4,3,4,3,5,5,2,3,3,3,study_room,coding,mixed,2_4h,evening,1,1,0,0,1,1,1,1,1,0,0,library,coding,solo,2_4h,evening,weekday,7.4,cloudy,indoor,sometimes,5,4,4,4,3,3,3,4,5,4,20,12,16,12,15,10,9,9,2.7,4.6,12,1,51.1
I0199,U020,convenience_oriented,P029,study_room_11,synthetic,train,4,3,4,3,5,5,2,3,3,3,study_room,coding,mixed,2_4h,evening,1,1,0,0,1,1,1,1,1,0,0,study_room,light_reading,solo,1_2h,evening,weekend,10.8,hot,indoor,sometimes,4,4,3,4,2,4,4,4,4,3,16,12,12,12,20,8,6,12,1.4,6.7,12,1,64.9
I0200,U020,convenience_oriented,P057,home_03,synthetic,train,4,3,4,3,5,5,2,3,3,3,study_room,coding,mixed,2_4h,evening,1,1,0,0,1,1,1,1,1,0,0,home,light_reading,5_plus,over_4h,morning,weekend,1.0,cloudy,indoor,rarely,3,4,4,4,5,4,5,4,5,4,12,12,16,12,25,10,15,12,1.4,0.6,12,0,74.2
I0201,U021,social_collaborative,P053,cafe_17,synthetic,test,3,4,2,2,3,3,3,3,5,3,coworking_space,deep_study,mostly_group,1_2h,late_night,0,0,0,0,0,0,0,0,0,1,0,cafe,team_project,3_4,1_2h,morning,weekday,11.0,clear,indoor,first_time,3,4,2,2,2,3,3,4,3,3,9,16,4,4,9,9,6,15,0.8,4.1,12,0,51.2
I0202,U021,social_collaborative,P087,coworking_space_03,synthetic,test,3,4,2,2,3,3,3,3,5,3,coworking_space,deep_study,mostly_group,1_2h,late_night,0,0,0,0,0,0,0,0,0,1,0,coworking_space,coding,solo,2_4h,evening,weekday,17.6,rainy,indoor,first_time,4,4,3,2,5,4,4,4,4,4,12,16,6,4,12,12,15,20,2.7,6.6,12,0.5,67.9
I0203,U021,social_collaborative,P060,home_06,synthetic,test,3,4,2,2,3,3,3,3,5,3,coworking_space,deep_study,mostly_group,1_2h,late_night,0,0,0,0,0,0,0,0,0,1,0,home,team_project,2,over_4h,afternoon,weekday,10.1,rainy,indoor,often,4,3,5,5,4,5,5,3,4,5,12,12,10,10,15,12,12,25,0.8,3.8,9,0,65.8
I0204,U021,social_collaborative,P024,study_room_06,synthetic,test,3,4,2,2,3,3,3,3,5,3,coworking_space,deep_study,mostly_group,1_2h,late_night,0,0,0,0,0,0,0,0,0,1,0,study_room,meeting,2,under_1h,afternoon,weekday,3.4,cold,indoor,sometimes,4,4,3,4,3,4,4,5,4,3,12,16,6,8,12,12,9,20,0.6,1.3,15,0,71.2
I0205,U021,social_collaborative,P102,dorm_lounge_06,synthetic,test,3,4,2,2,3,3,3,3,5,3,coworking_space,deep_study,mostly_group,1_2h,late_night,0,0,0,0,0,0,0,0,0,1,0,dorm_lounge,team_project,3_4,over_4h,late_night,weekday,18.5,cloudy,indoor,sometimes,3,3,3,3,3,3,4,4,4,4,9,12,6,6,12,12,9,15,0.8,6.9,12,1,54.4
I0206,U021,social_collaborative,P030,study_room_12,synthetic,test,3,4,2,2,3,3,3,3,5,3,coworking_space,deep_study,mostly_group,1_2h,late_night,0,0,0,0,0,0,0,0,0,1,0,study_room,meeting,5_plus,1_2h,morning,weekday,13.1,clear,indoor,sometimes,5,4,3,4,3,3,4,5,4,4,15,16,6,8,12,12,9,15,0.6,4.9,15,0,63.0
I0207,U021,social_collaborative,P003,library_03,synthetic,test,3,4,2,2,3,3,3,3,5,3,coworking_space,deep_study,mostly_group,1_2h,late_night,0,0,0,0,0,0,0,0,0,1,0,library,meeting,3_4,over_4h,early_morning,weekday,1.0,clear,indoor,sometimes,5,3,4,5,3,3,4,3,4,4,15,12,8,10,12,12,9,15,0.6,0.4,9,0,72.3
I0208,U021,social_collaborative,P075,computer_lab_01,synthetic,test,3,4,2,2,3,3,3,3,5,3,coworking_space,deep_study,mostly_group,1_2h,late_night,0,0,0,0,0,0,0,0,0,1,0,computer_lab,team_project,2,1_2h,late_night,weekend,13.2,rainy,indoor,often,3,3,3,4,3,4,5,2,3,3,9,12,6,8,15,9,9,20,0.8,5.0,6,1,68.3
I0209,U021,social_collaborative,P077,computer_lab_03,synthetic,test,3,4,2,2,3,3,3,3,5,3,coworking_space,deep_study,mostly_group,1_2h,late_night,0,0,0,0,0,0,0,0,0,1,0,computer_lab,deep_study,solo,2_4h,late_night,weekday,16.6,cold,indoor,often,4,3,3,3,2,3,4,4,4,4,12,12,6,6,12,12,6,15,3.0,6.2,12,1,54.6
I0210,U021,social_collaborative,P078,computer_lab_04,synthetic,test,3,4,2,2,3,3,3,3,5,3,coworking_space,deep_study,mostly_group,1_2h,late_night,0,0,0,0,0,0,0,0,0,1,0,computer_lab,coding,solo,over_4h,late_night,weekday,6.5,cloudy,indoor,sometimes,4,4,4,4,3,3,5,4,4,3,12,16,8,8,15,12,9,15,2.7,2.4,12,1,62.0
I0211,U022,balanced,P039,cafe_03,synthetic,valid,5,4,3,4,4,3,4,4,4,4,library,light_reading,mostly_solo,1_2h,afternoon,1,0,1,1,1,0,1,1,0,1,1,cafe,coding,solo,2_4h,afternoon,weekday,7.5,clear,indoor,sometimes,3,4,2,3,2,4,3,3,4,4,15,16,6,12,12,16,8,16,3.6,2.8,12,1,60.2
I0212,U022,balanced,P048,cafe_12,synthetic,valid,5,4,3,4,4,3,4,4,4,4,library,light_reading,mostly_solo,1_2h,afternoon,1,0,1,1,1,0,1,1,0,1,1,cafe,coding,solo,1_2h,afternoon,weekday,5.6,rainy,indoor,sometimes,2,5,2,3,1,4,3,4,3,3,10,20,6,12,12,12,4,16,3.6,2.1,16,1,63.6
I0213,U022,balanced,P027,study_room_09,synthetic,valid,5,4,3,4,4,3,4,4,4,4,library,light_reading,mostly_solo,1_2h,afternoon,1,0,1,1,1,0,1,1,0,1,1,study_room,report_writing,solo,2_4h,afternoon,weekday,3.8,rainy,indoor,often,5,3,3,4,4,3,3,4,3,3,25,12,9,16,12,12,16,12,3.4,1.4,16,1,61.6
I0214,U022,balanced,P035,study_room_17,synthetic,valid,5,4,3,4,4,3,4,4,4,4,library,light_reading,mostly_solo,1_2h,afternoon,1,0,1,1,1,0,1,1,0,1,1,study_room,report_writing,solo,1_2h,afternoon,weekend,1.0,clear,indoor,sometimes,4,4,4,4,3,4,5,5,4,3,20,16,12,16,20,16,12,16,3.4,0.4,20,1,84.3
I0215,U022,balanced,P042,cafe_06,synthetic,valid,5,4,3,4,4,3,4,4,4,4,library,light_reading,mostly_solo,1_2h,afternoon,1,0,1,1,1,0,1,1,0,1,1,cafe,light_reading,solo,over_4h,afternoon,weekend,14.7,cloudy,indoor,sometimes,3,4,2,3,2,4,3,4,4,3,15,16,6,12,12,16,8,16,1.8,5.5,12,1,54.6
I0216,U022,balanced,P105,dorm_lounge_09,synthetic,valid,5,4,3,4,4,3,4,4,4,4,library,light_reading,mostly_solo,1_2h,afternoon,1,0,1,1,1,0,1,1,0,1,1,dorm_lounge,report_writing,solo,over_4h,morning,weekend,11.8,cloudy,indoor,first_time,3,3,3,2,3,3,4,4,4,3,15,12,9,8,16,16,12,12,3.4,4.4,16,0.5,52.3
I0217,U022,balanced,P017,library_17,synthetic,valid,5,4,3,4,4,3,4,4,4,4,library,light_reading,mostly_solo,1_2h,afternoon,1,0,1,1,1,0,1,1,0,1,1,library,report_writing,solo,1_2h,evening,weekday,13.4,clear,indoor,sometimes,5,4,4,5,3,3,4,4,5,4,25,16,12,20,16,20,12,12,3.4,5.0,16,0.5,74.1
I0218,U022,balanced,P022,study_room_04,synthetic,valid,5,4,3,4,4,3,4,4,4,4,library,light_reading,mostly_solo,1_2h,afternoon,1,0,1,1,1,0,1,1,0,1,1,study_room,team_project,5_plus,2_4h,afternoon,weekday,10.8,clear,indoor,often,4,5,3,4,5,3,4,5,4,4,20,20,9,16,16,16,20,12,1.0,4.1,15,1,73.6
I0219,U022,balanced,P035,study_room_17,synthetic,valid,5,4,3,4,4,3,4,4,4,4,library,light_reading,mostly_solo,1_2h,afternoon,1,0,1,1,1,0,1,1,0,1,1,study_room,light_reading,solo,1_2h,afternoon,weekday,6.2,clear,indoor,sometimes,4,4,4,4,3,4,5,4,4,3,20,16,12,16,20,16,12,16,1.8,2.3,12,1,65.9
I0220,U022,balanced,P013,library_13,synthetic,valid,5,4,3,4,4,3,4,4,4,4,library,light_reading,mostly_solo,1_2h,afternoon,1,0,1,1,1,0,1,1,0,1,1,library,coding,solo,2_4h,early_morning,weekend,2.2,cloudy,indoor,first_time,5,4,4,4,3,3,5,4,4,4,25,16,12,16,20,16,12,12,3.6,0.8,16,0,85.3
I0221,U023,social_collaborative,P099,dorm_lounge_03,synthetic,test,2,3,3,3,4,3,3,3,4,2,cafe,coding,mostly_group,2_4h,afternoon,0,0,0,0,1,0,0,1,0,1,0,dorm_lounge,team_project,3_4,1_2h,morning,weekend,14.4,clear,indoor,rarely,4,4,3,3,3,3,4,4,3,3,8,12,9,9,16,9,9,12,0.5,5.4,12,0.5,66.5
I0222,U023,social_collaborative,P051,cafe_15,synthetic,test,2,3,3,3,4,3,3,3,4,2,cafe,coding,mostly_group,2_4h,afternoon,0,0,0,0,1,0,0,1,0,1,0,cafe,meeting,2,2_4h,afternoon,weekday,15.3,clear,indoor,often,3,4,2,3,3,4,3,4,4,3,6,12,6,9,12,12,9,16,0.4,5.7,12,1,50.0
I0223,U023,social_collaborative,P088,coworking_space_04,synthetic,test,2,3,3,3,4,3,3,3,4,2,cafe,coding,mostly_group,2_4h,afternoon,0,0,0,0,1,0,0,1,0,1,0,coworking_space,team_project,2,2_4h,early_morning,weekday,14.5,rainy,indoor,first_time,3,4,3,3,4,4,4,4,5,4,6,12,9,9,16,15,12,16,0.5,5.4,12,0,50.1
I0224,U023,social_collaborative,P021,study_room_03,synthetic,test,2,3,3,3,4,3,3,3,4,2,cafe,coding,mostly_group,2_4h,afternoon,0,0,0,0,1,0,0,1,0,1,0,study_room,team_project,2,under_1h,afternoon,weekend,15.2,clear,indoor,often,5,4,4,4,3,4,4,4,4,2,10,12,12,12,16,12,9,16,0.5,5.7,12,1,53.6
I0225,U023,social_collaborative,P035,study_room_17,synthetic,test,2,3,3,3,4,3,3,3,4,2,cafe,coding,mostly_group,2_4h,afternoon,0,0,0,0,1,0,0,1,0,1,0,study_room,team_project,3_4,2_4h,afternoon,weekend,1.0,clear,indoor,often,4,4,4,4,3,4,5,5,4,3,8,12,12,12,20,12,9,16,0.5,0.4,15,1,72.9
I0226,U023,social_collaborative,P025,study_room_07,synthetic,test,2,3,3,3,4,3,3,3,4,2,cafe,coding,mostly_group,2_4h,afternoon,0,0,0,0,1,0,0,1,0,1,0,study_room,meeting,2,2_4h,afternoon,weekday,1.0,clear,indoor,sometimes,4,4,3,4,4,4,4,5,4,3,8,12,9,12,16,12,12,16,0.4,0.4,15,1,61.1
I0227,U023,social_collaborative,P102,dorm_lounge_06,synthetic,test,2,3,3,3,4,3,3,3,4,2,cafe,coding,mostly_group,2_4h,afternoon,0,0,0,0,1,0,0,1,0,1,0,dorm_lounge,team_project,2,1_2h,morning,weekday,10.4,clear,indoor,sometimes,3,3,3,3,3,3,4,4,4,4,6,9,9,9,16,12,9,12,0.5,3.9,12,0.5,52.9
I0228,U023,social_collaborative,P114,outdoor_06,synthetic,test,2,3,3,3,4,3,3,3,4,2,cafe,coding,mostly_group,2_4h,afternoon,0,0,0,0,1,0,0,1,0,1,0,outdoor,light_reading,solo,under_1h,evening,weekend,11.5,cloudy,outdoor,rarely,3,4,3,3,2,2,1,4,3,3,6,12,9,9,4,9,6,8,0.9,4.3,12,0.5,56.6
I0229,U023,social_collaborative,P063,classroom_01,synthetic,test,2,3,3,3,4,3,3,3,4,2,cafe,coding,mostly_group,2_4h,afternoon,0,0,0,0,1,0,0,1,0,1,0,classroom,light_reading,solo,1_2h,late_night,weekday,12.8,cloudy,indoor,first_time,3,4,3,3,2,3,3,2,3,3,6,12,9,9,12,9,6,12,0.9,4.8,6,0,42.3
I0230,U023,social_collaborative,P117,outdoor_09,synthetic,test,2,3,3,3,4,3,3,3,4,2,cafe,coding,mostly_group,2_4h,afternoon,0,0,0,0,1,0,0,1,0,1,0,outdoor,team_project,2,2_4h,evening,weekday,8.8,hot,outdoor,often,2,5,3,3,2,3,1,3,3,3,4,15,9,9,4,9,6,12,0.5,3.3,9,0.5,37.9
I0231,U024,social_collaborative,P034,study_room_16,synthetic,valid,3,4,1,3,4,4,3,3,4,2,library,meeting,mostly_group,under_1h,evening,0,0,0,0,1,1,0,1,1,1,0,study_room,meeting,3_4,2_4h,evening,weekday,9.2,cloudy,indoor,sometimes,4,4,4,4,4,3,4,5,5,3,12,16,4,12,16,15,12,12,0.4,4.6,15,1,65.3
I0232,U024,social_collaborative,P088,coworking_space_04,synthetic,valid,3,4,1,3,4,4,3,3,4,2,library,meeting,mostly_group,under_1h,evening,0,0,0,0,1,1,0,1,1,1,0,coworking_space,team_project,3_4,1_2h,evening,weekday,16.7,clear,indoor,often,3,4,3,3,4,4,4,4,5,4,9,16,3,9,16,15,12,16,0.5,8.4,12,1,50.6
I0233,U024,social_collaborative,P090,coworking_space_06,synthetic,valid,3,4,1,3,4,4,3,3,4,2,library,meeting,mostly_group,under_1h,evening,0,0,0,0,1,1,0,1,1,1,0,coworking_space,team_project,3_4,1_2h,afternoon,weekday,10.3,clear,indoor,sometimes,3,4,3,4,4,4,4,4,4,3,9,16,3,12,16,12,12,16,0.5,5.1,12,0.5,67.0
I0234,U024,social_collaborative,P020,study_room_02,synthetic,valid,3,4,1,3,4,4,3,3,4,2,library,meeting,mostly_group,under_1h,evening,0,0,0,0,1,1,0,1,1,1,0,study_room,meeting,3_4,1_2h,evening,weekday,5.3,cold,indoor,often,4,4,4,5,3,4,4,5,4,4,12,16,4,15,16,12,9,16,0.4,2.6,15,1,66.6
I0235,U024,social_collaborative,P053,cafe_17,synthetic,valid,3,4,1,3,4,4,3,3,4,2,library,meeting,mostly_group,under_1h,evening,0,0,0,0,1,1,0,1,1,1,0,cafe,meeting,5_plus,1_2h,morning,weekday,13.6,hot,indoor,often,3,4,2,2,2,3,3,4,3,3,9,16,2,6,12,9,6,12,0.4,6.8,12,0,59.4
I0236,U024,social_collaborative,P040,cafe_04,synthetic,valid,3,4,1,3,4,4,3,3,4,2,library,meeting,mostly_group,under_1h,evening,0,0,0,0,1,1,0,1,1,1,0,cafe,coding,solo,over_4h,late_night,weekday,8.5,clear,indoor,often,3,4,2,3,3,4,3,3,4,3,9,16,2,9,12,12,9,16,1.8,4.3,6,0.5,53.1
I0237,U024,social_collaborative,P033,study_room_15,synthetic,valid,3,4,1,3,4,4,3,3,4,2,library,meeting,mostly_group,under_1h,evening,0,0,0,0,1,1,0,1,1,1,0,study_room,coding,3_4,over_4h,afternoon,weekday,1.5,clear,indoor,often,5,3,4,3,4,4,4,4,5,4,15,12,4,9,16,15,12,16,1.8,0.7,8,0.5,68.0
I0238,U024,social_collaborative,P046,cafe_10,synthetic,valid,3,4,1,3,4,4,3,3,4,2,library,meeting,mostly_group,under_1h,evening,0,0,0,0,1,1,0,1,1,1,0,cafe,light_reading,2,2_4h,afternoon,weekend,11.1,cloudy,indoor,often,3,4,2,3,2,4,3,4,3,3,9,16,2,9,12,9,6,16,0.9,5.5,12,0.5,52.1
I0239,U024,social_collaborative,P071,classroom_09,synthetic,valid,3,4,1,3,4,4,3,3,4,2,library,meeting,mostly_group,under_1h,evening,0,0,0,0,1,1,0,1,1,1,0,classroom,meeting,3_4,over_4h,evening,weekend,8.9,cloudy,indoor,sometimes,3,3,3,3,3,3,3,3,3,4,9,12,3,9,12,9,9,12,0.4,4.5,9,1,44.9
I0240,U024,social_collaborative,P039,cafe_03,synthetic,valid,3,4,1,3,4,4,3,3,4,2,library,meeting,mostly_group,under_1h,evening,0,0,0,0,1,1,0,1,1,1,0,cafe,coding,solo,under_1h,afternoon,weekend,10.5,cloudy,indoor,first_time,3,4,2,3,2,4,3,4,4,4,9,16,2,9,12,12,6,16,1.8,5.2,8,0.5,56.3
I0241,U025,balanced,P009,library_09,synthetic,train,4,4,4,4,5,3,4,2,3,3,cafe,coding,mixed,1_2h,morning,1,1,1,1,1,0,1,1,0,0,1,library,report_writing,2,under_1h,morning,weekday,6.3,cloudy,indoor,rarely,4,4,3,4,2,4,4,5,4,4,16,16,12,16,20,16,4,12,2.6,2.4,15,1,68.7
I0242,U025,balanced,P114,outdoor_06,synthetic,train,4,4,4,4,5,3,4,2,3,3,cafe,coding,mixed,1_2h,morning,1,1,1,1,1,0,1,1,0,0,1,outdoor,light_reading,solo,2_4h,morning,weekday,10.6,clear,outdoor,rarely,3,4,3,3,2,2,1,4,3,3,12,16,12,12,5,12,4,6,1.4,4.0,12,1,53.0
I0243,U025,balanced,P105,dorm_lounge_09,synthetic,train,4,4,4,4,5,3,4,2,3,3,cafe,coding,mixed,1_2h,morning,1,1,1,1,1,0,1,1,0,0,1,dorm_lounge,light_reading,solo,over_4h,late_night,weekday,13.1,clear,indoor,first_time,3,3,3,2,3,3,4,4,4,3,12,12,12,8,20,16,6,9,1.4,4.9,12,0,56.3
I0244,U025,balanced,P050,cafe_14,synthetic,train,4,4,4,4,5,3,4,2,3,3,cafe,coding,mixed,1_2h,morning,1,1,1,1,1,0,1,1,0,0,1,cafe,online_class,solo,1_2h,morning,weekday,14.4,cloudy,indoor,rarely,3,5,2,3,2,4,3,3,4,3,12,20,8,12,15,16,4,12,2.0,5.4,9,1,59.9
I0245,U025,balanced,P106,dorm_lounge_10,synthetic,train,4,4,4,4,5,3,4,2,3,3,cafe,coding,mixed,1_2h,morning,1,1,1,1,1,0,1,1,0,0,1,dorm_lounge,report_writing,solo,2_4h,afternoon,weekday,4.5,clear,indoor,sometimes,3,3,2,3,3,4,3,3,3,3,12,12,8,12,15,12,6,12,2.6,1.7,9,0.5,59.3
I0246,U025,balanced,P059,home_05,synthetic,train,4,4,4,4,5,3,4,2,3,3,cafe,coding,mixed,1_2h,morning,1,1,1,1,1,0,1,1,0,0,1,home,deep_study,solo,1_2h,evening,weekday,7.9,cold,indoor,first_time,4,5,5,4,5,4,4,4,5,5,16,20,20,16,20,20,10,12,3.0,2.9,12,0,74.9
I0247,U025,balanced,P109,outdoor_01,synthetic,train,4,4,4,4,5,3,4,2,3,3,cafe,coding,mixed,1_2h,morning,1,1,1,1,1,0,1,1,0,0,1,outdoor,coding,solo,2_4h,afternoon,weekday,13.1,clear,outdoor,rarely,2,5,3,3,2,3,1,2,3,3,8,20,12,12,5,12,4,9,2.7,4.9,6,0.5,63.5
I0248,U025,balanced,P039,cafe_03,synthetic,train,4,4,4,4,5,3,4,2,3,3,cafe,coding,mixed,1_2h,morning,1,1,1,1,1,0,1,1,0,0,1,cafe,light_reading,2,under_1h,late_night,weekday,8.0,hot,indoor,first_time,3,4,2,3,2,4,3,4,4,4,12,16,8,12,15,16,4,12,1.4,3.0,12,0,61.7
I0249,U025,balanced,P060,home_06,synthetic,train,4,4,4,4,5,3,4,2,3,3,cafe,coding,mixed,1_2h,morning,1,1,1,1,1,0,1,1,0,0,1,home,report_writing,solo,over_4h,morning,weekend,15.7,hot,indoor,sometimes,4,3,5,5,4,5,5,5,4,5,16,12,20,20,25,16,8,15,2.6,5.9,15,1,83.0
I0250,U025,balanced,P093,coworking_space_09,synthetic,train,4,4,4,4,5,3,4,2,3,3,cafe,coding,mixed,1_2h,morning,1,1,1,1,1,0,1,1,0,0,1,coworking_space,coding,2,1_2h,afternoon,weekend,9.8,cloudy,indoor,often,3,4,2,3,4,4,4,4,4,3,12,16,8,12,20,16,8,12,2.7,3.7,12,0.5,65.1
I0251,U026,comfort_oriented,P053,cafe_17,synthetic,valid,4,4,3,4,3,4,5,5,5,4,study_room,deep_study,mostly_solo,2_4h,early_morning,1,0,1,1,0,1,1,0,1,1,1,cafe,online_class,2,1_2h,morning,weekday,8.4,cloudy,indoor,often,3,4,2,2,2,3,3,3,3,3,12,16,6,8,9,15,10,15,2.6,4.2,9,0.5,68.9
I0252,U026,comfort_oriented,P013,library_13,synthetic,valid,4,4,3,4,3,4,5,5,5,4,study_room,deep_study,mostly_solo,2_4h,early_morning,1,0,1,1,0,1,1,0,1,1,1,library,deep_study,solo,2_4h,afternoon,weekday,1.0,clear,indoor,first_time,5,4,4,4,3,3,5,5,4,4,20,16,12,16,15,20,15,15,4.0,0.5,20,0,79.8
I0253,U026,comfort_oriented,P086,coworking_space_02,synthetic,valid,4,4,3,4,3,4,5,5,5,4,study_room,deep_study,mostly_solo,2_4h,early_morning,1,0,1,1,0,1,1,0,1,1,1,coworking_space,deep_study,solo,over_4h,evening,weekday,16.1,clear,indoor,often,3,4,4,4,5,3,4,4,4,4,12,16,12,16,12,20,25,15,4.0,8.1,16,0,74.8
I0254,U026,comfort_oriented,P059,home_05,synthetic,valid,4,4,3,4,3,4,5,5,5,4,study_room,deep_study,mostly_solo,2_4h,early_morning,1,0,1,1,0,1,1,0,1,1,1,home,team_project,3_4,1_2h,late_night,weekday,15.4,rainy,indoor,rarely,4,5,5,4,5,4,4,3,5,5,16,20,15,16,12,25,25,20,1.0,7.7,9,0,76.5
I0255,U026,comfort_oriented,P082,computer_lab_08,synthetic,valid,4,4,3,4,3,4,5,5,5,4,study_room,deep_study,mostly_solo,2_4h,early_morning,1,0,1,1,0,1,1,0,1,1,1,computer_lab,report_writing,3_4,1_2h,evening,weekend,5.9,clear,indoor,sometimes,3,4,4,4,3,3,5,3,3,3,12,16,12,16,15,15,15,15,3.4,2.9,12,0,55.4
I0256,U026,comfort_oriented,P097,dorm_lounge_01,synthetic,valid,4,4,3,4,3,4,5,5,5,4,study_room,deep_study,mostly_solo,2_4h,early_morning,1,0,1,1,0,1,1,0,1,1,1,dorm_lounge,team_project,2,under_1h,afternoon,weekend,9.4,rainy,indoor,sometimes,3,3,3,2,3,4,5,3,4,2,12,12,9,8,15,20,15,20,1.0,4.7,9,0,62.1
I0257,U026,comfort_oriented,P080,computer_lab_06,synthetic,valid,4,4,3,4,3,4,5,5,5,4,study_room,deep_study,mostly_solo,2_4h,early_morning,1,0,1,1,0,1,1,0,1,1,1,computer_lab,light_reading,solo,1_2h,early_morning,weekend,7.2,cloudy,indoor,often,4,4,4,3,3,4,4,3,4,3,16,16,12,12,12,20,15,20,1.8,3.6,9,1,67.0
I0258,U026,comfort_oriented,P063,classroom_01,synthetic,valid,4,4,3,4,3,4,5,5,5,4,study_room,deep_study,mostly_solo,2_4h,early_morning,1,0,1,1,0,1,1,0,1,1,1,classroom,online_class,solo,under_1h,morning,weekday,11.0,cold,indoor,first_time,3,4,3,3,2,3,3,4,3,3,12,16,9,12,9,15,10,15,2.6,5.5,12,0.5,60.5
I0259,U026,comfort_oriented,P085,coworking_space_01,synthetic,valid,4,4,3,4,3,4,5,5,5,4,study_room,deep_study,mostly_solo,2_4h,early_morning,1,0,1,1,0,1,1,0,1,1,1,coworking_space,coding,solo,2_4h,evening,weekday,3.3,cloudy,indoor,often,3,5,2,3,4,3,4,4,4,3,12,20,6,12,12,20,20,15,3.6,1.7,16,0,70.3
I0260,U026,comfort_oriented,P051,cafe_15,synthetic,valid,4,4,3,4,3,4,5,5,5,4,study_room,deep_study,mostly_solo,2_4h,early_morning,1,0,1,1,0,1,1,0,1,1,1,cafe,deep_study,solo,1_2h,early_morning,weekday,16.1,clear,indoor,first_time,3,4,2,3,3,4,3,3,4,3,12,16,6,12,9,20,15,20,4.0,8.1,12,1,64.5
I0261,U027,balanced,P011,library_11,synthetic,train,4,4,4,3,5,3,4,3,5,4,coworking_space,coding,mostly_solo,1_2h,morning,1,1,0,1,1,0,1,1,0,1,0,library,deep_study,2,1_2h,evening,weekday,16.3,clear,indoor,sometimes,5,4,4,4,2,4,4,5,4,3,20,16,16,12,20,16,6,20,4.0,6.1,20,0,75.8
I0262,U027,balanced,P006,library_06,synthetic,train,4,4,4,3,5,3,4,3,5,4,coworking_space,coding,mostly_solo,1_2h,morning,1,1,0,1,1,0,1,1,0,1,0,library,deep_study,solo,over_4h,evening,weekday,14.0,cloudy,indoor,sometimes,4,4,4,5,2,3,4,5,5,4,16,16,16,15,20,20,6,15,4.0,5.2,20,0,59.5
I0263,U027,balanced,P026,study_room_08,synthetic,train,4,4,4,3,5,3,4,3,5,4,coworking_space,coding,mostly_solo,1_2h,morning,1,1,0,1,1,0,1,1,0,1,0,study_room,report_writing,solo,1_2h,morning,weekend,21.7,cold,indoor,sometimes,4,5,4,4,5,4,4,4,4,3,16,20,16,12,20,16,15,20,3.4,8.1,16,1,73.7
I0264,U027,balanced,P019,study_room_01,synthetic,train,4,4,4,3,5,3,4,3,5,4,coworking_space,coding,mostly_solo,1_2h,morning,1,1,0,1,1,0,1,1,0,1,0,study_room,team_project,5_plus,2_4h,late_night,weekday,14.1,clear,indoor,first_time,4,3,4,4,3,4,4,4,4,4,16,12,16,12,20,16,9,20,1.0,5.3,12,0,69.0
I0265,U027,balanced,P009,library_09,synthetic,train,4,4,4,3,5,3,4,3,5,4,coworking_space,coding,mostly_solo,1_2h,morning,1,1,0,1,1,0,1,1,0,1,0,library,deep_study,3_4,over_4h,evening,weekend,6.0,cloudy,indoor,sometimes,4,4,3,4,2,4,4,5,4,4,16,16,12,12,20,16,6,20,4.0,2.3,20,0,75.0
I0266,U027,balanced,P003,library_03,synthetic,train,4,4,4,3,5,3,4,3,5,4,coworking_space,coding,mostly_solo,1_2h,morning,1,1,0,1,1,0,1,1,0,1,0,library,coding,solo,over_4h,morning,weekday,2.6,cloudy,indoor,sometimes,5,3,4,5,3,3,4,4,4,4,20,12,16,15,20,16,9,15,3.6,1.0,16,1,74.5
I0267,U027,balanced,P041,cafe_05,synthetic,train,4,4,4,3,5,3,4,3,5,4,coworking_space,coding,mostly_solo,1_2h,morning,1,1,0,1,1,0,1,1,0,1,0,cafe,light_reading,solo,1_2h,morning,weekend,10.7,cloudy,indoor,often,2,4,2,3,2,4,4,5,4,3,8,16,8,9,20,16,6,20,1.8,4.0,15,1,58.5
I0268,U027,balanced,P056,home_02,synthetic,train,4,4,4,3,5,3,4,3,5,4,coworking_space,coding,mostly_solo,1_2h,morning,1,1,0,1,1,0,1,1,0,1,0,home,report_writing,2,over_4h,evening,weekday,9.3,hot,indoor,first_time,4,3,5,4,5,4,5,4,5,5,16,12,20,12,25,20,15,20,3.4,3.5,16,0,76.8
I0269,U027,balanced,P109,outdoor_01,synthetic,train,4,4,4,3,5,3,4,3,5,4,coworking_space,coding,mostly_solo,1_2h,morning,1,1,0,1,1,0,1,1,0,1,0,outdoor,report_writing,2,2_4h,afternoon,weekday,14.2,cloudy,outdoor,first_time,2,5,3,3,2,3,1,2,3,3,8,20,12,9,5,12,6,15,3.4,5.3,8,0.5,46.3
I0270,U027,balanced,P014,library_14,synthetic,train,4,4,4,3,5,3,4,3,5,4,coworking_space,coding,mostly_solo,1_2h,morning,1,1,0,1,1,0,1,1,0,1,0,library,light_reading,solo,under_1h,morning,weekend,5.4,clear,indoor,rarely,5,4,5,4,3,4,4,4,4,4,20,16,20,12,20,16,9,20,1.8,2.0,12,1,68.0
I0271,U028,quiet_deepwork,P067,classroom_05,synthetic,train,4,5,4,5,5,3,4,4,4,5,library,coding,mostly_solo,2_4h,morning,1,1,1,1,1,0,1,1,0,1,1,classroom,meeting,3_4,2_4h,morning,weekday,7.0,cloudy,indoor,rarely,3,4,3,3,3,2,3,4,3,3,12,20,12,15,15,12,12,8,1.0,2.6,12,1,71.3
I0272,U028,quiet_deepwork,P014,library_14,synthetic,train,4,5,4,5,5,3,4,4,4,5,library,coding,mostly_solo,2_4h,morning,1,1,1,1,1,0,1,1,0,1,1,library,coding,solo,1_2h,afternoon,weekday,1.9,cloudy,indoor,rarely,5,4,5,4,3,4,4,4,4,4,20,20,20,20,20,16,12,16,4.5,0.7,20,0.5,82.9
I0273,U028,quiet_deepwork,P091,coworking_space_07,synthetic,train,4,5,4,5,5,3,4,4,4,5,library,coding,mostly_solo,2_4h,morning,1,1,1,1,1,0,1,1,0,1,1,coworking_space,deep_study,solo,1_2h,late_night,weekday,9.6,clear,indoor,often,4,4,4,3,4,5,4,4,3,4,16,20,16,15,20,12,16,20,5.0,3.6,20,0,81.4
I0274,U028,quiet_deepwork,P032,study_room_14,synthetic,train,4,5,4,5,5,3,4,4,4,5,library,coding,mostly_solo,2_4h,morning,1,1,1,1,1,0,1,1,0,1,1,study_room,deep_study,solo,2_4h,afternoon,weekday,14.1,cold,indoor,rarely,4,4,4,4,4,3,4,5,4,4,16,20,16,20,20,16,16,12,5.0,5.3,25,0.5,79.6
I0275,U028,quiet_deepwork,P014,library_14,synthetic,train,4,5,4,5,5,3,4,4,4,5,library,coding,mostly_solo,2_4h,morning,1,1,1,1,1,0,1,1,0,1,1,library,report_writing,solo,under_1h,afternoon,weekday,5.9,clear,indoor,often,5,4,5,4,3,4,4,5,4,4,20,20,20,20,20,16,12,16,4.3,2.2,25,0.5,88.9
I0276,U028,quiet_deepwork,P074,classroom_12,synthetic,train,4,5,4,5,5,3,4,4,4,5,library,coding,mostly_solo,2_4h,morning,1,1,1,1,1,0,1,1,0,1,1,classroom,online_class,solo,1_2h,afternoon,weekend,10.8,clear,indoor,sometimes,3,4,3,3,2,3,3,4,3,3,12,20,12,15,15,12,8,12,3.3,4.0,12,0.5,67.8
I0277,U028,quiet_deepwork,P030,study_room_12,synthetic,train,4,5,4,5,5,3,4,4,4,5,library,coding,mostly_solo,2_4h,morning,1,1,1,1,1,0,1,1,0,1,1,study_room,deep_study,solo,under_1h,morning,weekday,9.8,rainy,indoor,sometimes,5,4,3,4,3,3,4,5,4,4,20,20,12,20,20,16,12,12,5.0,3.7,25,1,71.8
I0278,U028,quiet_deepwork,P014,library_14,synthetic,train,4,5,4,5,5,3,4,4,4,5,library,coding,mostly_solo,2_4h,morning,1,1,1,1,1,0,1,1,0,1,1,library,online_class,solo,1_2h,afternoon,weekday,7.2,rainy,indoor,sometimes,5,4,5,4,3,4,4,3,4,4,20,20,20,20,20,16,12,16,3.3,2.7,9,0.5,72.2
I0279,U028,quiet_deepwork,P033,study_room_15,synthetic,train,4,5,4,5,5,3,4,4,4,5,library,coding,mostly_solo,2_4h,morning,1,1,1,1,1,0,1,1,0,1,1,study_room,team_project,5_plus,1_2h,afternoon,weekend,3.7,rainy,indoor,often,5,3,4,3,4,4,4,4,5,4,20,15,16,15,20,20,16,16,1.3,1.4,12,0.5,70.6
I0280,U028,quiet_deepwork,P023,study_room_05,synthetic,train,4,5,4,5,5,3,4,4,4,5,library,coding,mostly_solo,2_4h,morning,1,1,1,1,1,0,1,1,0,1,1,study_room,deep_study,solo,over_4h,morning,weekday,18.5,hot,indoor,sometimes,5,4,3,4,4,4,3,4,4,4,20,20,12,20,15,16,16,16,5.0,7.0,20,1,77.8
I0281,U029,balanced,P033,study_room_15,synthetic,train,4,5,4,3,4,3,4,4,5,4,cafe,online_class,mostly_solo,2_4h,afternoon,1,1,0,1,1,0,1,1,0,1,0,study_room,coding,solo,over_4h,afternoon,weekday,6.0,cold,indoor,rarely,5,3,4,3,4,4,4,4,5,4,20,15,16,9,16,20,16,20,3.6,2.3,16,1,75.3
I0282,U029,balanced,P098,dorm_lounge_02,synthetic,train,4,5,4,3,4,3,4,4,5,4,cafe,online_class,mostly_solo,2_4h,afternoon,1,1,0,1,1,0,1,1,0,1,0,dorm_lounge,deep_study,solo,1_2h,morning,weekend,25.2,cloudy,indoor,often,3,4,3,2,3,4,4,3,4,3,12,20,12,6,16,16,12,20,4.0,9.4,12,0.5,67.5
I0283,U029,balanced,P031,study_room_13,synthetic,train,4,5,4,3,4,3,4,4,5,4,cafe,online_class,mostly_solo,2_4h,afternoon,1,1,0,1,1,0,1,1,0,1,0,study_room,light_reading,3_4,1_2h,late_night,weekend,1.0,clear,indoor,rarely,5,4,4,4,4,4,4,4,5,4,20,20,16,12,16,20,16,20,1.8,0.4,12,0,81.7
I0284,U029,balanced,P051,cafe_15,synthetic,train,4,5,4,3,4,3,4,4,5,4,cafe,online_class,mostly_solo,2_4h,afternoon,1,1,0,1,1,0,1,1,0,1,0,cafe,coding,solo,2_4h,afternoon,weekday,15.4,cloudy,indoor,rarely,3,4,2,3,3,4,3,3,4,3,12,20,8,9,12,16,12,20,3.6,5.8,12,1,60.2
I0285,U029,balanced,P032,study_room_14,synthetic,train,4,5,4,3,4,3,4,4,5,4,cafe,online_class,mostly_solo,2_4h,afternoon,1,1,0,1,1,0,1,1,0,1,0,study_room,coding,2,2_4h,early_morning,weekend,17.3,cloudy,indoor,often,4,4,4,4,4,3,4,4,4,4,16,20,16,12,16,16,16,15,3.6,6.5,16,0,69.8
I0286,U029,balanced,P017,library_17,synthetic,train,4,5,4,3,4,3,4,4,5,4,cafe,online_class,mostly_solo,2_4h,afternoon,1,1,0,1,1,0,1,1,0,1,0,library,coding,solo,2_4h,early_morning,weekday,10.0,cloudy,indoor,often,5,4,4,5,3,3,4,4,5,4,20,20,16,15,16,20,12,15,3.6,3.8,16,0,83.1
I0287,U029,balanced,P013,library_13,synthetic,train,4,5,4,3,4,3,4,4,5,4,cafe,online_class,mostly_solo,2_4h,afternoon,1,1,0,1,1,0,1,1,0,1,0,library,coding,2,under_1h,morning,weekday,1.0,cloudy,indoor,sometimes,5,4,4,4,3,3,5,4,4,4,20,20,16,12,20,16,12,15,3.6,0.4,16,0.5,82.2
I0288,U029,balanced,P066,classroom_04,synthetic,train,4,5,4,3,4,3,4,4,5,4,cafe,online_class,mostly_solo,2_4h,afternoon,1,1,0,1,1,0,1,1,0,1,0,classroom,deep_study,solo,2_4h,evening,weekday,10.5,cloudy,indoor,sometimes,3,4,4,3,3,3,4,3,3,4,12,20,16,9,16,12,12,15,4.0,3.9,12,0.5,63.1
I0289,U029,balanced,P082,computer_lab_08,synthetic,train,4,5,4,3,4,3,4,4,5,4,cafe,online_class,mostly_solo,2_4h,afternoon,1,1,0,1,1,0,1,1,0,1,0,computer_lab,report_writing,solo,2_4h,afternoon,weekday,3.5,cloudy,indoor,often,3,4,4,4,3,3,5,4,3,3,12,20,16,12,20,12,12,15,3.4,1.3,16,1,79.4
I0290,U029,balanced,P013,library_13,synthetic,train,4,5,4,3,4,3,4,4,5,4,cafe,online_class,mostly_solo,2_4h,afternoon,1,1,0,1,1,0,1,1,0,1,0,library,team_project,2,1_2h,afternoon,weekday,6.5,hot,indoor,rarely,5,4,4,4,3,3,5,3,4,4,20,20,16,12,20,16,12,15,1.0,2.4,9,1,79.2
I0291,U030,social_collaborative,P069,classroom_07,synthetic,train,2,4,2,4,3,3,3,3,4,3,coworking_space,meeting,mostly_group,1_2h,afternoon,0,0,1,0,0,0,0,0,0,1,1,classroom,team_project,2,2_4h,afternoon,weekday,12.3,clear,indoor,first_time,3,4,3,3,3,3,3,5,3,4,6,16,6,12,9,9,9,12,0.8,4.6,15,1,52.8
I0292,U030,social_collaborative,P034,study_room_16,synthetic,train,2,4,2,4,3,3,3,3,4,3,coworking_space,meeting,mostly_group,1_2h,afternoon,0,0,1,0,0,0,0,0,0,1,1,study_room,meeting,3_4,2_4h,morning,weekday,10.4,clear,indoor,sometimes,4,4,4,4,4,3,4,4,5,3,8,16,8,16,12,15,12,12,0.6,3.9,12,0.5,71.4
I0293,U030,social_collaborative,P069,classroom_07,synthetic,train,2,4,2,4,3,3,3,3,4,3,coworking_space,meeting,mostly_group,1_2h,afternoon,0,0,1,0,0,0,0,0,0,1,1,classroom,meeting,2,2_4h,afternoon,weekend,18.5,clear,indoor,sometimes,3,4,3,3,3,3,3,4,3,4,6,16,6,12,9,9,9,12,0.6,6.9,12,1,57.1
I0294,U030,social_collaborative,P062,home_08,synthetic,train,2,4,2,4,3,3,3,3,4,3,coworking_space,meeting,mostly_group,1_2h,afternoon,0,0,1,0,0,0,0,0,0,1,1,home,meeting,5_plus,over_4h,afternoon,weekday,11.3,clear,indoor,sometimes,4,3,4,4,4,5,5,3,4,5,8,12,8,16,15,12,12,20,0.6,4.2,9,1,68.4
I0295,U030,social_collaborative,P065,classroom_03,synthetic,train,2,4,2,4,3,3,3,3,4,3,coworking_space,meeting,mostly_group,1_2h,afternoon,0,0,1,0,0,0,0,0,0,1,1,classroom,deep_study,solo,1_2h,afternoon,weekend,10.3,clear,indoor,sometimes,4,4,3,3,3,3,4,4,3,3,8,16,6,12,12,9,9,12,3.0,3.8,12,1,68.3
I0296,U030,social_collaborative,P094,coworking_space_10,synthetic,train,2,4,2,4,3,3,3,3,4,3,coworking_space,meeting,mostly_group,1_2h,afternoon,0,0,1,0,0,0,0,0,0,1,1,coworking_space,team_project,3_4,2_4h,afternoon,weekday,11.3,clear,indoor,sometimes,3,5,3,4,3,4,3,4,4,4,6,20,6,16,9,12,9,16,0.8,4.2,12,1,57.6
I0297,U030,social_collaborative,P062,home_08,synthetic,train,2,4,2,4,3,3,3,3,4,3,coworking_space,meeting,mostly_group,1_2h,afternoon,0,0,1,0,0,0,0,0,0,1,1,home,deep_study,solo,1_2h,morning,weekday,7.9,cloudy,indoor,often,4,3,4,4,4,5,5,4,4,5,8,12,8,16,15,12,12,20,3.0,3.0,12,0.5,67.6
I0298,U030,social_collaborative,P095,coworking_space_11,synthetic,train,2,4,2,4,3,3,3,3,4,3,coworking_space,meeting,mostly_group,1_2h,afternoon,0,0,1,0,0,0,0,0,0,1,1,coworking_space,coding,2,1_2h,morning,weekday,10.2,clear,indoor,first_time,4,4,3,3,4,4,5,5,4,4,8,16,6,12,15,12,12,16,2.7,3.8,15,0.5,59.0
I0299,U030,social_collaborative,P039,cafe_03,synthetic,train,2,4,2,4,3,3,3,3,4,3,coworking_space,meeting,mostly_group,1_2h,afternoon,0,0,1,0,0,0,0,0,0,1,1,cafe,team_project,2,over_4h,afternoon,weekend,10.9,cloudy,indoor,often,3,4,2,3,2,4,3,5,4,4,6,16,4,12,9,12,6,16,0.8,4.1,15,1,54.4
I0300,U030,social_collaborative,P116,outdoor_08,synthetic,train,2,4,2,4,3,3,3,3,4,3,coworking_space,meeting,mostly_group,1_2h,afternoon,0,0,1,0,0,0,0,0,0,1,1,outdoor,team_project,2,1_2h,late_night,weekend,10.2,cold,outdoor,sometimes,3,5,3,3,2,2,1,3,3,3,6,20,6,12,3,9,6,8,0.8,3.8,9,0,29.7
I0301,U031,convenience_oriented,P076,computer_lab_02,synthetic,test,3,3,4,2,5,5,3,3,3,4,home,coding,mostly_solo,1_2h,afternoon,0,1,0,0,1,1,0,1,1,0,0,computer_lab,coding,solo,2_4h,morning,weekday,16.5,cloudy,indoor,sometimes,3,5,3,4,4,3,4,5,3,4,9,15,12,8,20,9,12,9,3.6,10.3,20,0.5,55.5
I0302,U031,convenience_oriented,P012,library_12,synthetic,test,3,3,4,2,5,5,3,3,3,4,home,coding,mostly_solo,1_2h,afternoon,0,1,0,0,1,1,0,1,1,0,0,library,coding,solo,2_4h,afternoon,weekday,5.6,cloudy,indoor,sometimes,5,4,4,4,3,3,3,4,5,4,15,12,16,8,15,15,9,9,3.6,3.5,16,1,59.5
I0303,U031,convenience_oriented,P038,cafe_02,synthetic,test,3,3,4,2,5,5,3,3,3,4,home,coding,mostly_solo,1_2h,afternoon,0,1,0,0,1,1,0,1,1,0,0,cafe,light_reading,solo,2_4h,afternoon,weekend,20.3,cloudy,indoor,sometimes,2,4,3,2,2,4,3,4,3,3,6,12,12,4,15,9,6,12,1.8,12.7,12,1,48.2
I0304,U031,convenience_oriented,P037,cafe_01,synthetic,test,3,3,4,2,5,5,3,3,3,4,home,coding,mostly_solo,1_2h,afternoon,0,1,0,0,1,1,0,1,1,0,0,cafe,deep_study,solo,2_4h,early_morning,weekend,13.2,clear,indoor,rarely,3,4,2,2,2,4,3,3,4,4,9,12,8,4,15,12,6,12,4.0,8.2,12,0,37.8
I0305,U031,convenience_oriented,P054,cafe_18,synthetic,test,3,3,4,2,5,5,3,3,3,4,home,coding,mostly_solo,1_2h,afternoon,0,1,0,0,1,1,0,1,1,0,0,cafe,light_reading,solo,2_4h,afternoon,weekday,8.1,cloudy,indoor,sometimes,3,5,2,3,2,3,3,4,4,3,9,15,8,6,15,12,6,9,1.8,5.1,12,1,52.6
I0306,U031,convenience_oriented,P041,cafe_05,synthetic,test,3,3,4,2,5,5,3,3,3,4,home,coding,mostly_solo,1_2h,afternoon,0,1,0,0,1,1,0,1,1,0,0,cafe,online_class,2,under_1h,early_morning,weekday,6.8,rainy,indoor,sometimes,2,4,2,3,2,4,4,3,4,3,6,12,8,6,20,12,6,12,2.6,4.3,9,0,44.1
I0307,U031,convenience_oriented,P001,library_01,synthetic,test,3,3,4,2,5,5,3,3,3,4,home,coding,mostly_solo,1_2h,afternoon,0,1,0,0,1,1,0,1,1,0,0,library,online_class,solo,1_2h,evening,weekend,4.6,cold,indoor,rarely,5,4,4,5,2,3,4,5,4,4,15,12,16,10,20,12,6,9,2.6,2.9,15,0.5,68.1
I0308,U031,convenience_oriented,P012,library_12,synthetic,test,3,3,4,2,5,5,3,3,3,4,home,coding,mostly_solo,1_2h,afternoon,0,1,0,0,1,1,0,1,1,0,0,library,coding,solo,2_4h,late_night,weekday,4.5,hot,indoor,sometimes,5,4,4,4,3,3,3,4,5,4,15,12,16,8,15,15,9,9,3.6,2.8,16,0,71.7
I0309,U031,convenience_oriented,P049,cafe_13,synthetic,test,3,3,4,2,5,5,3,3,3,4,home,coding,mostly_solo,1_2h,afternoon,0,1,0,0,1,1,0,1,1,0,0,cafe,coding,solo,1_2h,afternoon,weekday,12.4,cold,indoor,first_time,3,4,2,3,3,3,2,3,4,2,9,12,8,6,10,12,9,9,3.6,7.7,12,1,42.1
I0310,U031,convenience_oriented,P105,dorm_lounge_09,synthetic,test,3,3,4,2,5,5,3,3,3,4,home,coding,mostly_solo,1_2h,afternoon,0,1,0,0,1,1,0,1,1,0,0,dorm_lounge,coding,solo,2_4h,morning,weekday,15.9,hot,indoor,sometimes,3,3,3,2,3,3,4,3,4,3,9,9,12,4,20,12,9,9,3.6,9.9,12,0.5,53.7
I0311,U032,social_collaborative,P058,home_04,synthetic,train,3,5,3,3,3,3,3,3,3,3,coworking_space,team_project,mostly_group,over_4h,afternoon,0,0,0,0,0,0,0,0,0,0,0,home,report_writing,solo,2_4h,afternoon,weekend,14.2,clear,indoor,sometimes,4,3,4,3,4,5,4,5,4,4,12,15,12,9,12,12,12,15,2.6,5.3,15,1,66.7
I0312,U032,social_collaborative,P089,coworking_space_05,synthetic,train,3,5,3,3,3,3,3,3,3,3,coworking_space,team_project,mostly_group,over_4h,afternoon,0,0,0,0,0,0,0,0,0,0,0,coworking_space,team_project,3_4,1_2h,afternoon,weekend,16.8,hot,indoor,rarely,3,5,4,3,4,4,5,4,4,3,9,25,12,9,15,12,12,12,0.8,6.3,12,1,58.3
I0313,U032,social_collaborative,P005,library_05,synthetic,train,3,5,3,3,3,3,3,3,3,3,coworking_space,team_project,mostly_group,over_4h,afternoon,0,0,0,0,0,0,0,0,0,0,0,library,team_project,3_4,1_2h,afternoon,weekday,5.6,cold,indoor,often,5,4,4,5,3,4,4,3,4,4,15,20,12,15,12,12,9,12,0.8,2.1,9,1,64.2
I0314,U032,social_collaborative,P052,cafe_16,synthetic,train,3,5,3,3,3,3,3,3,3,3,coworking_space,team_project,mostly_group,over_4h,afternoon,0,0,0,0,0,0,0,0,0,0,0,cafe,report_writing,solo,over_4h,early_morning,weekday,11.4,cloudy,indoor,often,3,5,3,2,2,3,3,4,4,3,9,25,9,6,9,12,6,9,2.6,4.3,12,0,43.9
I0315,U032,social_collaborative,P004,library_04,synthetic,train,3,5,3,3,3,3,3,3,3,3,coworking_space,team_project,mostly_group,over_4h,afternoon,0,0,0,0,0,0,0,0,0,0,0,library,team_project,3_4,2_4h,morning,weekend,3.1,clear,indoor,often,5,3,3,4,2,4,4,3,3,4,15,15,9,12,12,9,6,12,0.8,1.1,9,0.5,68.8
I0316,U032,social_collaborative,P033,study_room_15,synthetic,train,3,5,3,3,3,3,3,3,3,3,coworking_space,team_project,mostly_group,over_4h,afternoon,0,0,0,0,0,0,0,0,0,0,0,study_room,coding,solo,over_4h,afternoon,weekday,8.6,rainy,indoor,rarely,5,3,4,3,4,4,4,4,5,4,15,15,12,9,12,15,12,12,2.7,3.2,12,1,71.5
I0317,U032,social_collaborative,P022,study_room_04,synthetic,train,3,5,3,3,3,3,3,3,3,3,coworking_space,team_project,mostly_group,over_4h,afternoon,0,0,0,0,0,0,0,0,0,0,0,study_room,team_project,2,under_1h,early_morning,weekend,9.4,cloudy,indoor,sometimes,4,5,3,4,5,3,4,5,4,4,12,25,9,12,12,12,15,9,0.8,3.5,15,0,64.0
I0318,U032,social_collaborative,P082,computer_lab_08,synthetic,train,3,5,3,3,3,3,3,3,3,3,coworking_space,team_project,mostly_group,over_4h,afternoon,0,0,0,0,0,0,0,0,0,0,0,computer_lab,meeting,3_4,1_2h,afternoon,weekday,3.0,clear,indoor,sometimes,3,4,4,4,3,3,5,3,3,3,9,20,12,12,15,9,9,9,0.6,1.1,9,1,56.8
I0319,U032,social_collaborative,P050,cafe_14,synthetic,train,3,5,3,3,3,3,3,3,3,3,coworking_space,team_project,mostly_group,over_4h,afternoon,0,0,0,0,0,0,0,0,0,0,0,cafe,report_writing,solo,1_2h,afternoon,weekend,6.8,clear,indoor,rarely,3,5,2,3,2,4,3,3,4,3,9,25,6,9,9,12,6,12,2.6,2.5,9,1,61.5
I0320,U032,social_collaborative,P095,coworking_space_11,synthetic,train,3,5,3,3,3,3,3,3,3,3,coworking_space,team_project,mostly_group,over_4h,afternoon,0,0,0,0,0,0,0,0,0,0,0,coworking_space,meeting,2,over_4h,evening,weekday,8.5,clear,indoor,often,4,4,3,3,4,4,5,5,4,4,12,20,9,9,15,12,12,12,0.6,3.2,15,0.5,66.4
I0321,U033,balanced,P094,coworking_space_10,synthetic,train,4,5,4,4,5,3,3,4,4,3,classroom,light_reading,mixed,2_4h,afternoon,1,1,1,0,1,0,1,1,0,1,1,coworking_space,deep_study,solo,2_4h,afternoon,weekend,4.5,clear,indoor,often,3,5,3,4,3,4,3,3,4,4,12,25,12,16,15,12,12,16,3.0,1.7,9,1,68.0
I0322,U033,balanced,P022,study_room_04,synthetic,train,4,5,4,4,5,3,3,4,4,3,classroom,light_reading,mixed,2_4h,afternoon,1,1,1,0,1,0,1,1,0,1,1,study_room,light_reading,solo,under_1h,morning,weekday,13.1,cloudy,indoor,often,4,5,3,4,5,3,4,4,4,4,16,25,12,16,20,12,20,12,1.4,4.9,12,0.5,67.5
I0323,U033,balanced,P001,library_01,synthetic,train,4,5,4,4,5,3,3,4,4,3,classroom,light_reading,mixed,2_4h,afternoon,1,1,1,0,1,0,1,1,0,1,1,library,light_reading,solo,2_4h,afternoon,weekday,8.2,rainy,indoor,rarely,5,4,4,5,2,3,4,5,4,4,20,20,16,20,20,12,8,12,1.4,3.1,15,1,70.8
I0324,U033,balanced,P047,cafe_11,synthetic,train,4,5,4,4,5,3,3,4,4,3,classroom,light_reading,mixed,2_4h,afternoon,1,1,1,0,1,0,1,1,0,1,1,cafe,light_reading,solo,2_4h,afternoon,weekday,10.9,cloudy,indoor,rarely,3,4,3,3,2,4,3,4,4,3,12,20,12,12,15,12,8,16,1.4,4.1,12,1,58.2
I0325,U033,balanced,P033,study_room_15,synthetic,train,4,5,4,4,5,3,3,4,4,3,classroom,light_reading,mixed,2_4h,afternoon,1,1,1,0,1,0,1,1,0,1,1,study_room,deep_study,solo,2_4h,afternoon,weekend,2.3,clear,indoor,rarely,5,3,4,3,4,4,4,5,5,4,20,15,16,12,20,15,16,16,3.0,0.9,15,1,76.2
I0326,U033,balanced,P004,library_04,synthetic,train,4,5,4,4,5,3,3,4,4,3,classroom,light_reading,mixed,2_4h,afternoon,1,1,1,0,1,0,1,1,0,1,1,library,deep_study,solo,over_4h,evening,weekday,1.0,clear,indoor,first_time,5,3,3,4,2,4,4,5,3,4,20,15,12,16,20,9,8,16,3.0,0.4,15,0.5,69.5
I0327,U033,balanced,P108,dorm_lounge_12,synthetic,train,4,5,4,4,5,3,3,4,4,3,classroom,light_reading,mixed,2_4h,afternoon,1,1,1,0,1,0,1,1,0,1,1,dorm_lounge,report_writing,solo,2_4h,evening,weekday,8.0,cloudy,indoor,first_time,2,4,3,3,3,3,3,3,3,3,8,20,12,12,15,9,12,12,2.6,3.0,9,0.5,64.6
I0328,U033,balanced,P059,home_05,synthetic,train,4,5,4,4,5,3,3,4,4,3,classroom,light_reading,mixed,2_4h,afternoon,1,1,1,0,1,0,1,1,0,1,1,home,report_writing,solo,2_4h,afternoon,weekday,19.0,clear,indoor,sometimes,4,5,5,4,5,4,4,5,5,5,16,25,20,16,20,15,20,16,2.6,7.1,15,1,74.1
I0329,U033,balanced,P009,library_09,synthetic,train,4,5,4,4,5,3,3,4,4,3,classroom,light_reading,mixed,2_4h,afternoon,1,1,1,0,1,0,1,1,0,1,1,library,report_writing,solo,1_2h,morning,weekday,8.2,clear,indoor,sometimes,4,4,3,4,2,4,4,4,4,4,16,20,12,16,20,12,8,16,2.6,3.1,12,0.5,68.8
I0330,U033,balanced,P029,study_room_11,synthetic,train,4,5,4,4,5,3,3,4,4,3,classroom,light_reading,mixed,2_4h,afternoon,1,1,1,0,1,0,1,1,0,1,1,study_room,meeting,3_4,2_4h,evening,weekday,11.1,rainy,indoor,rarely,4,4,3,4,2,4,4,4,4,3,16,20,12,16,20,12,8,16,0.6,4.2,12,0.5,80.2
I0331,U034,convenience_oriented,P055,home_01,synthetic,valid,3,4,3,3,4,5,3,5,4,3,coworking_space,report_writing,mixed,2_4h,afternoon,0,0,0,0,1,1,0,1,1,1,0,home,deep_study,solo,2_4h,afternoon,weekday,11.5,cloudy,indoor,first_time,4,3,5,4,4,5,5,5,4,5,12,12,15,12,20,12,20,20,3.0,7.2,15,1,54.2
I0332,U034,convenience_oriented,P030,study_room_12,synthetic,valid,3,4,3,3,4,5,3,5,4,3,coworking_space,report_writing,mixed,2_4h,afternoon,0,0,0,0,1,1,0,1,1,1,0,study_room,meeting,2,1_2h,morning,weekday,10.3,clear,indoor,often,5,4,3,4,3,3,4,4,4,4,15,16,9,12,16,12,15,12,0.6,6.4,12,0.5,58.7
I0333,U034,convenience_oriented,P068,classroom_06,synthetic,valid,3,4,3,3,4,5,3,5,4,3,coworking_space,report_writing,mixed,2_4h,afternoon,0,0,0,0,1,1,0,1,1,1,0,classroom,coding,solo,1_2h,afternoon,weekday,11.8,hot,indoor,often,3,4,3,3,2,3,3,3,2,4,9,16,9,9,12,6,10,12,2.7,7.4,9,1,56.9
I0334,U034,convenience_oriented,P006,library_06,synthetic,valid,3,4,3,3,4,5,3,5,4,3,coworking_space,report_writing,mixed,2_4h,afternoon,0,0,0,0,1,1,0,1,1,1,0,library,coding,2,2_4h,evening,weekday,12.3,clear,indoor,sometimes,4,4,4,5,2,3,4,4,5,4,12,16,12,15,16,15,10,12,2.7,7.7,12,0.5,51.5
I0335,U034,convenience_oriented,P004,library_04,synthetic,valid,3,4,3,3,4,5,3,5,4,3,coworking_space,report_writing,mixed,2_4h,afternoon,0,0,0,0,1,1,0,1,1,1,0,library,deep_study,solo,2_4h,evening,weekday,5.2,rainy,indoor,often,5,3,3,4,2,4,4,5,3,4,15,12,9,12,16,9,10,16,3.0,3.2,15,0.5,71.0
I0336,U034,convenience_oriented,P048,cafe_12,synthetic,valid,3,4,3,3,4,5,3,5,4,3,coworking_space,report_writing,mixed,2_4h,afternoon,0,0,0,0,1,1,0,1,1,1,0,cafe,meeting,5_plus,1_2h,late_night,weekday,10.1,cloudy,indoor,sometimes,2,5,2,3,1,4,3,3,3,3,6,20,6,9,12,9,5,16,0.6,6.3,9,0,54.3
I0337,U034,convenience_oriented,P022,study_room_04,synthetic,valid,3,4,3,3,4,5,3,5,4,3,coworking_space,report_writing,mixed,2_4h,afternoon,0,0,0,0,1,1,0,1,1,1,0,study_room,deep_study,solo,over_4h,afternoon,weekday,9.1,clear,indoor,often,4,5,3,4,5,3,4,4,4,4,12,20,9,12,16,12,25,12,3.0,5.7,12,1,75.5
I0338,U034,convenience_oriented,P058,home_04,synthetic,valid,3,4,3,3,4,5,3,5,4,3,coworking_space,report_writing,mixed,2_4h,afternoon,0,0,0,0,1,1,0,1,1,1,0,home,coding,solo,2_4h,late_night,weekday,15.0,clear,indoor,rarely,4,3,4,3,4,5,4,5,4,4,12,12,12,9,16,12,20,20,2.7,9.4,15,0,59.9
I0339,U034,convenience_oriented,P027,study_room_09,synthetic,valid,3,4,3,3,4,5,3,5,4,3,coworking_space,report_writing,mixed,2_4h,afternoon,0,0,0,0,1,1,0,1,1,1,0,study_room,deep_study,solo,over_4h,evening,weekday,8.3,clear,indoor,often,5,3,3,4,4,3,3,5,3,3,15,12,9,12,12,9,20,12,3.0,5.2,15,0.5,75.5
I0340,U034,convenience_oriented,P061,home_07,synthetic,valid,3,4,3,3,4,5,3,5,4,3,coworking_space,report_writing,mixed,2_4h,afternoon,0,0,0,0,1,1,0,1,1,1,0,home,deep_study,solo,1_2h,evening,weekday,7.3,clear,indoor,often,4,4,4,4,4,4,4,5,4,5,12,16,12,12,16,12,20,16,3.0,4.5,15,0.5,71.4
I0341,U035,balanced,P029,study_room_11,synthetic,train,4,4,3,3,4,4,4,4,3,4,cafe,report_writing,mostly_solo,2_4h,morning,1,0,0,1,1,1,1,1,1,0,0,study_room,deep_study,solo,over_4h,afternoon,weekday,6.3,clear,indoor,sometimes,4,4,3,4,2,4,4,5,4,3,16,16,9,12,16,16,8,12,4.0,3.1,20,0.5,74.7
I0342,U035,balanced,P105,dorm_lounge_09,synthetic,train,4,4,3,3,4,4,4,4,3,4,cafe,report_writing,mostly_solo,2_4h,morning,1,0,0,1,1,1,1,1,1,0,0,dorm_lounge,deep_study,solo,2_4h,morning,weekday,9.9,hot,indoor,often,3,3,3,2,3,3,4,3,4,3,12,12,9,6,16,16,12,9,4.0,5.0,12,1,55.6
I0343,U035,balanced,P085,coworking_space_01,synthetic,train,4,4,3,3,4,4,4,4,3,4,cafe,report_writing,mostly_solo,2_4h,morning,1,0,0,1,1,1,1,1,1,0,0,coworking_space,light_reading,solo,over_4h,morning,weekend,6.1,clear,indoor,first_time,3,5,2,3,4,3,4,3,4,3,12,20,6,9,16,16,16,9,1.8,3.1,9,1,59.7
I0344,U035,balanced,P009,library_09,synthetic,train,4,4,3,3,4,4,4,4,3,4,cafe,report_writing,mostly_solo,2_4h,morning,1,0,0,1,1,1,1,1,1,0,0,library,online_class,3_4,1_2h,late_night,weekend,9.8,rainy,indoor,first_time,4,4,3,4,2,4,4,3,4,4,16,16,9,12,16,16,8,12,2.6,4.9,9,0,64.0
I0345,U035,balanced,P105,dorm_lounge_09,synthetic,train,4,4,3,3,4,4,4,4,3,4,cafe,report_writing,mostly_solo,2_4h,morning,1,0,0,1,1,1,1,1,1,0,0,dorm_lounge,team_project,5_plus,1_2h,morning,weekday,12.4,clear,indoor,first_time,3,3,3,2,3,3,4,3,4,3,12,12,9,6,16,16,12,9,1.0,6.2,9,1,53.8
I0346,U035,balanced,P031,study_room_13,synthetic,train,4,4,3,3,4,4,4,4,3,4,cafe,report_writing,mostly_solo,2_4h,morning,1,0,0,1,1,1,1,1,1,0,0,study_room,meeting,3_4,2_4h,evening,weekday,1.0,clear,indoor,rarely,5,4,4,4,4,4,4,5,5,4,20,16,12,12,16,20,16,12,0.8,0.5,15,0,76.7
I0347,U035,balanced,P112,outdoor_04,synthetic,train,4,4,3,3,4,4,4,4,3,4,cafe,report_writing,mostly_solo,2_4h,morning,1,0,0,1,1,1,1,1,1,0,0,outdoor,deep_study,solo,under_1h,morning,weekday,9.9,cloudy,outdoor,often,3,4,3,3,2,3,1,2,3,2,12,16,9,9,4,12,8,9,4.0,4.9,8,1,57.9
I0348,U035,balanced,P086,coworking_space_02,synthetic,train,4,4,3,3,4,4,4,4,3,4,cafe,report_writing,mostly_solo,2_4h,morning,1,0,0,1,1,1,1,1,1,0,0,coworking_space,deep_study,solo,over_4h,afternoon,weekend,14.9,clear,indoor,rarely,3,4,4,4,5,3,4,4,4,4,12,16,12,12,16,16,20,9,4.0,7.5,16,0.5,47.6
I0349,U035,balanced,P070,classroom_08,synthetic,train,4,4,3,3,4,4,4,4,3,4,cafe,report_writing,mostly_solo,2_4h,morning,1,0,0,1,1,1,1,1,1,0,0,classroom,deep_study,solo,2_4h,afternoon,weekend,7.5,clear,indoor,first_time,3,4,3,2,3,2,3,3,2,3,12,16,9,6,12,8,12,6,4.0,3.7,12,0.5,40.0
I0350,U035,balanced,P008,library_08,synthetic,train,4,4,3,3,4,4,4,4,3,4,cafe,report_writing,mostly_solo,2_4h,morning,1,0,0,1,1,1,1,1,1,0,0,library,deep_study,solo,1_2h,late_night,weekday,13.5,cold,indoor,first_time,5,5,4,4,2,3,4,5,4,4,20,20,12,12,16,16,8,9,4.0,6.7,20,0,63.2
I0351,U036,balanced,P088,coworking_space_04,synthetic,valid,4,4,3,4,3,4,4,5,3,5,dorm_lounge,online_class,mostly_solo,2_4h,evening,1,0,1,1,0,1,1,0,1,0,1,coworking_space,online_class,solo,2_4h,morning,weekday,18.7,clear,indoor,first_time,3,4,3,3,4,4,4,4,5,4,12,16,9,12,12,20,20,12,3.3,9.4,12,0,59.1
I0352,U036,balanced,P026,study_room_08,synthetic,valid,4,4,3,4,3,4,4,5,3,5,dorm_lounge,online_class,mostly_solo,2_4h,evening,1,0,1,1,0,1,1,0,1,0,1,study_room,online_class,3_4,1_2h,morning,weekday,18.3,clear,indoor,often,4,5,4,4,5,4,4,3,4,3,16,20,12,16,12,16,25,12,3.3,9.1,9,0,67.7
I0353,U036,balanced,P034,study_room_16,synthetic,valid,4,4,3,4,3,4,4,5,3,5,dorm_lounge,online_class,mostly_solo,2_4h,evening,1,0,1,1,0,1,1,0,1,0,1,study_room,online_class,solo,1_2h,evening,weekday,7.0,clear,indoor,sometimes,4,4,4,4,4,3,4,5,5,3,16,16,12,16,12,20,20,9,3.3,3.5,15,1,71.1
I0354,U036,balanced,P005,library_05,synthetic,valid,4,4,3,4,3,4,4,5,3,5,dorm_lounge,online_class,mostly_solo,2_4h,evening,1,0,1,1,0,1,1,0,1,0,1,library,deep_study,solo,2_4h,evening,weekend,10.0,clear,indoor,sometimes,5,4,4,5,3,4,4,5,4,4,20,16,12,20,12,16,15,12,5.0,5.0,25,1,84.6
I0355,U036,balanced,P017,library_17,synthetic,valid,4,4,3,4,3,4,4,5,3,5,dorm_lounge,online_class,mostly_solo,2_4h,evening,1,0,1,1,0,1,1,0,1,0,1,library,online_class,3_4,1_2h,early_morning,weekday,12.4,cold,indoor,often,5,4,4,5,3,3,4,3,5,4,20,16,12,20,12,20,15,9,3.3,6.2,9,0,61.5
I0356,U036,balanced,P039,cafe_03,synthetic,valid,4,4,3,4,3,4,4,5,3,5,dorm_lounge,online_class,mostly_solo,2_4h,evening,1,0,1,1,0,1,1,0,1,0,1,cafe,team_project,3_4,1_2h,afternoon,weekday,8.3,cloudy,indoor,rarely,3,4,2,3,2,4,3,5,4,4,12,16,6,12,9,16,10,12,1.3,4.1,15,0.5,63.3
I0357,U036,balanced,P032,study_room_14,synthetic,valid,4,4,3,4,3,4,4,5,3,5,dorm_lounge,online_class,mostly_solo,2_4h,evening,1,0,1,1,0,1,1,0,1,0,1,study_room,coding,solo,2_4h,evening,weekend,16.6,clear,indoor,sometimes,4,4,4,4,4,3,4,4,4,4,16,16,12,16,12,16,20,9,4.5,8.3,20,1,58.4
I0358,U036,balanced,P062,home_08,synthetic,valid,4,4,3,4,3,4,4,5,3,5,dorm_lounge,online_class,mostly_solo,2_4h,evening,1,0,1,1,0,1,1,0,1,0,1,home,report_writing,solo,2_4h,evening,weekend,12.3,rainy,indoor,sometimes,4,3,4,4,4,5,5,4,4,5,16,12,12,16,15,16,20,15,4.3,6.2,20,1,79.3
I0359,U036,balanced,P040,cafe_04,synthetic,valid,4,4,3,4,3,4,4,5,3,5,dorm_lounge,online_class,mostly_solo,2_4h,evening,1,0,1,1,0,1,1,0,1,0,1,cafe,team_project,3_4,2_4h,late_night,weekend,5.8,clear,indoor,often,3,4,2,3,3,4,3,4,4,3,12,16,6,12,9,16,15,12,1.3,2.9,12,0.5,68.1
I0360,U036,balanced,P045,cafe_09,synthetic,valid,4,4,3,4,3,4,4,5,3,5,dorm_lounge,online_class,mostly_solo,2_4h,evening,1,0,1,1,0,1,1,0,1,0,1,cafe,online_class,solo,1_2h,morning,weekend,10.5,cloudy,indoor,often,2,3,2,2,3,3,3,2,3,3,8,12,6,8,9,12,15,9,3.3,5.3,6,0,35.4
I0361,U037,comfort_oriented,P108,dorm_lounge_12,synthetic,train,4,4,5,4,4,3,4,4,5,4,study_room,deep_study,mostly_solo,1_2h,evening,1,1,1,1,1,0,1,1,0,1,1,dorm_lounge,report_writing,solo,2_4h,afternoon,weekend,11.4,rainy,indoor,sometimes,2,4,3,3,3,3,3,3,3,3,8,16,15,12,12,12,12,15,3.4,4.3,12,0.5,56.6
I0362,U037,comfort_oriented,P007,library_07,synthetic,train,4,4,5,4,4,3,4,4,5,4,study_room,deep_study,mostly_solo,1_2h,evening,1,1,1,1,1,0,1,1,0,1,1,library,report_writing,solo,2_4h,morning,weekend,13.1,rainy,indoor,rarely,5,4,3,4,3,3,4,5,4,4,20,16,15,16,16,16,12,15,3.4,4.9,20,0,70.6
I0363,U037,comfort_oriented,P034,study_room_16,synthetic,train,4,4,5,4,4,3,4,4,5,4,study_room,deep_study,mostly_solo,1_2h,evening,1,1,1,1,1,0,1,1,0,1,1,study_room,deep_study,solo,2_4h,morning,weekend,8.3,cloudy,indoor,sometimes,4,4,4,4,4,3,4,4,5,3,16,16,20,16,16,20,16,15,4.0,3.1,16,0,79.7
I0364,U037,comfort_oriented,P102,dorm_lounge_06,synthetic,train,4,4,5,4,4,3,4,4,5,4,study_room,deep_study,mostly_solo,1_2h,evening,1,1,1,1,1,0,1,1,0,1,1,dorm_lounge,online_class,2,1_2h,evening,weekend,15.9,clear,indoor,rarely,3,3,3,3,3,3,4,2,4,4,12,12,15,12,16,16,12,15,2.6,6.0,6,1,55.0
I0365,U037,comfort_oriented,P052,cafe_16,synthetic,train,4,4,5,4,4,3,4,4,5,4,study_room,deep_study,mostly_solo,1_2h,evening,1,1,1,1,1,0,1,1,0,1,1,cafe,team_project,3_4,1_2h,afternoon,weekday,17.5,cloudy,indoor,often,3,5,3,2,2,3,3,4,4,3,12,20,15,8,12,16,8,15,1.0,6.6,12,0.5,69.1
I0366,U037,comfort_oriented,P003,library_03,synthetic,train,4,4,5,4,4,3,4,4,5,4,study_room,deep_study,mostly_solo,1_2h,evening,1,1,1,1,1,0,1,1,0,1,1,library,report_writing,solo,2_4h,late_night,weekday,3.5,cloudy,indoor,sometimes,5,3,4,5,3,3,4,5,4,4,20,12,20,20,16,16,12,15,3.4,1.3,20,0.5,76.5
I0367,U037,comfort_oriented,P024,study_room_06,synthetic,train,4,4,5,4,4,3,4,4,5,4,study_room,deep_study,mostly_solo,1_2h,evening,1,1,1,1,1,0,1,1,0,1,1,study_room,deep_study,solo,2_4h,evening,weekday,1.0,cloudy,indoor,first_time,4,4,3,4,3,4,4,4,4,3,16,16,15,16,16,16,12,20,4.0,0.4,16,1,71.9
I0368,U037,comfort_oriented,P031,study_room_13,synthetic,train,4,4,5,4,4,3,4,4,5,4,study_room,deep_study,mostly_solo,1_2h,evening,1,1,1,1,1,0,1,1,0,1,1,study_room,coding,solo,over_4h,afternoon,weekend,1.0,clear,indoor,often,5,4,4,4,4,4,4,4,5,4,20,16,20,16,16,20,16,20,3.6,0.4,16,0.5,80.7
I0369,U037,comfort_oriented,P118,outdoor_10,synthetic,train,4,4,5,4,4,3,4,4,5,4,study_room,deep_study,mostly_solo,1_2h,evening,1,1,1,1,1,0,1,1,0,1,1,outdoor,light_reading,solo,1_2h,late_night,weekday,9.4,rainy,outdoor,often,3,5,3,3,3,3,2,4,3,3,12,20,15,12,8,12,12,15,1.8,3.5,12,0.5,50.6
I0370,U037,comfort_oriented,P043,cafe_07,synthetic,train,4,4,5,4,4,3,4,4,5,4,study_room,deep_study,mostly_solo,1_2h,evening,1,1,1,1,1,0,1,1,0,1,1,cafe,team_project,3_4,2_4h,evening,weekend,6.0,hot,indoor,sometimes,2,5,3,3,2,4,3,4,3,3,8,20,15,12,12,12,8,20,1.0,2.2,12,1,54.9
I0371,U038,quiet_deepwork,P014,library_14,synthetic,train,5,4,5,4,4,4,3,4,5,4,computer_lab,deep_study,mostly_solo,1_2h,morning,1,1,1,0,1,1,1,1,1,1,1,library,light_reading,solo,1_2h,evening,weekday,6.1,cold,indoor,often,5,4,5,4,3,4,4,4,4,4,25,16,25,16,16,12,12,20,1.8,3.1,12,0,80.7
I0372,U038,quiet_deepwork,P027,study_room_09,synthetic,train,5,4,5,4,4,4,3,4,5,4,computer_lab,deep_study,mostly_solo,1_2h,morning,1,1,1,0,1,1,1,1,1,1,1,study_room,online_class,3_4,2_4h,morning,weekday,5.3,cold,indoor,often,5,3,3,4,4,3,3,4,3,3,25,12,15,16,12,9,16,15,2.6,2.6,12,1,77.6
I0373,U038,quiet_deepwork,P018,library_18,synthetic,train,5,4,5,4,4,4,3,4,5,4,computer_lab,deep_study,mostly_solo,1_2h,morning,1,1,1,0,1,1,1,1,1,1,1,library,light_reading,solo,1_2h,morning,weekday,11.5,cold,indoor,rarely,5,4,3,4,3,3,4,5,4,3,25,16,15,16,16,12,12,15,1.8,5.8,15,1,73.4
I0374,U038,quiet_deepwork,P085,coworking_space_01,synthetic,train,5,4,5,4,4,4,3,4,5,4,computer_lab,deep_study,mostly_solo,1_2h,morning,1,1,1,0,1,1,1,1,1,1,1,coworking_space,light_reading,solo,under_1h,evening,weekend,4.0,cloudy,indoor,sometimes,3,5,2,3,4,3,4,4,4,3,15,20,10,12,16,12,16,15,1.8,2.0,12,0,70.0
I0375,U038,quiet_deepwork,P018,library_18,synthetic,train,5,4,5,4,4,4,3,4,5,4,computer_lab,deep_study,mostly_solo,1_2h,morning,1,1,1,0,1,1,1,1,1,1,1,library,deep_study,solo,2_4h,evening,weekday,5.7,cloudy,indoor,rarely,5,4,3,4,3,3,4,4,4,3,25,16,15,16,16,12,12,15,4.0,2.8,16,0,76.9
I0376,U038,quiet_deepwork,P011,library_11,synthetic,train,5,4,5,4,4,4,3,4,5,4,computer_lab,deep_study,mostly_solo,1_2h,morning,1,1,1,0,1,1,1,1,1,1,1,library,light_reading,solo,1_2h,evening,weekday,13.7,cloudy,indoor,often,5,4,4,4,2,4,4,4,4,3,25,16,20,16,16,12,8,20,1.8,6.9,12,0,73.8
I0377,U038,quiet_deepwork,P087,coworking_space_03,synthetic,train,5,4,5,4,4,4,3,4,5,4,computer_lab,deep_study,mostly_solo,1_2h,morning,1,1,1,0,1,1,1,1,1,1,1,coworking_space,report_writing,2,2_4h,morning,weekend,12.4,clear,indoor,often,4,4,3,2,5,4,4,4,4,4,20,16,15,8,16,12,20,20,3.4,6.2,16,1,71.6
I0378,U038,quiet_deepwork,P050,cafe_14,synthetic,train,5,4,5,4,4,4,3,4,5,4,computer_lab,deep_study,mostly_solo,1_2h,morning,1,1,1,0,1,1,1,1,1,1,1,cafe,deep_study,solo,2_4h,morning,weekday,10.6,cloudy,indoor,sometimes,3,5,2,3,2,4,3,3,4,3,15,20,10,12,12,12,8,20,4.0,5.3,12,1,67.0
I0379,U038,quiet_deepwork,P074,classroom_12,synthetic,train,5,4,5,4,4,4,3,4,5,4,computer_lab,deep_study,mostly_solo,1_2h,morning,1,1,1,0,1,1,1,1,1,1,1,classroom,deep_study,3_4,2_4h,late_night,weekday,11.5,cloudy,indoor,sometimes,3,4,3,3,2,3,3,3,3,3,15,16,15,12,12,9,8,15,4.0,5.7,12,0,47.3
I0380,U038,quiet_deepwork,P074,classroom_12,synthetic,train,5,4,5,4,4,4,3,4,5,4,computer_lab,deep_study,mostly_solo,1_2h,morning,1,1,1,0,1,1,1,1,1,1,1,classroom,report_writing,solo,2_4h,morning,weekday,10.1,cloudy,indoor,sometimes,3,4,3,3,2,3,3,4,3,3,15,16,15,12,12,9,8,15,3.4,5.1,16,1,68.2
I0381,U039,convenience_oriented,P038,cafe_02,synthetic,train,3,3,3,4,5,5,3,4,4,3,study_room,light_reading,mixed,1_2h,morning,0,0,1,0,1,1,0,1,1,1,1,cafe,online_class,solo,under_1h,morning,weekend,27.8,clear,indoor,often,2,4,3,2,2,4,3,2,3,3,6,12,9,8,15,9,8,16,2.0,17.4,6,1,52.0
I0382,U039,convenience_oriented,P001,library_01,synthetic,train,3,3,3,4,5,5,3,4,4,3,study_room,light_reading,mixed,1_2h,morning,0,0,1,0,1,1,0,1,1,1,1,library,coding,solo,2_4h,morning,weekday,9.6,clear,indoor,sometimes,5,4,4,5,2,3,4,4,4,4,15,12,12,20,20,12,8,12,2.7,6.0,12,1,72.9
I0383,U039,convenience_oriented,P021,study_room_03,synthetic,train,3,3,3,4,5,5,3,4,4,3,study_room,light_reading,mixed,1_2h,morning,0,0,1,0,1,1,0,1,1,1,1,study_room,meeting,2,2_4h,morning,weekend,15.7,clear,indoor,often,5,4,4,4,3,4,4,4,4,2,15,12,12,16,20,12,12,16,0.6,9.8,12,1,75.4
I0384,U039,convenience_oriented,P028,study_room_10,synthetic,train,3,3,3,4,5,5,3,4,4,3,study_room,light_reading,mixed,1_2h,morning,0,0,1,0,1,1,0,1,1,1,1,study_room,online_class,solo,1_2h,morning,weekend,14.4,clear,indoor,often,4,4,3,3,4,4,5,4,4,3,12,12,9,12,25,12,16,16,2.0,9.0,12,1,65.7
I0385,U039,convenience_oriented,P005,library_05,synthetic,train,3,3,3,4,5,5,3,4,4,3,study_room,light_reading,mixed,1_2h,morning,0,0,1,0,1,1,0,1,1,1,1,library,report_writing,solo,2_4h,morning,weekend,4.1,rainy,indoor,often,5,4,4,5,3,4,4,5,4,4,15,12,12,20,20,12,12,16,2.6,2.6,15,1,80.6
I0386,U039,convenience_oriented,P027,study_room_09,synthetic,train,3,3,3,4,5,5,3,4,4,3,study_room,light_reading,mixed,1_2h,morning,0,0,1,0,1,1,0,1,1,1,1,study_room,coding,solo,2_4h,evening,weekday,9.0,clear,indoor,sometimes,5,3,3,4,4,3,3,4,3,3,15,9,9,16,15,9,16,12,2.7,5.6,12,0,50.3
I0387,U039,convenience_oriented,P057,home_03,synthetic,train,3,3,3,4,5,5,3,4,4,3,study_room,light_reading,mixed,1_2h,morning,0,0,1,0,1,1,0,1,1,1,1,home,report_writing,solo,1_2h,afternoon,weekday,5.2,rainy,indoor,often,3,4,4,4,5,4,5,4,5,4,9,12,12,16,25,15,20,16,2.6,3.3,12,0.5,64.2
I0388,U039,convenience_oriented,P058,home_04,synthetic,train,3,3,3,4,5,5,3,4,4,3,study_room,light_reading,mixed,1_2h,morning,0,0,1,0,1,1,0,1,1,1,1,home,coding,solo,under_1h,morning,weekday,17.7,cold,indoor,often,4,3,4,3,4,5,4,5,4,4,12,9,12,12,20,12,16,20,2.7,11.1,15,1,81.3
I0389,U039,convenience_oriented,P073,classroom_11,synthetic,train,3,3,3,4,5,5,3,4,4,3,study_room,light_reading,mixed,1_2h,morning,0,0,1,0,1,1,0,1,1,1,1,classroom,light_reading,solo,under_1h,morning,weekday,11.7,cloudy,indoor,often,4,5,3,3,4,3,3,2,3,4,12,15,9,12,15,9,16,12,1.4,7.3,6,1,57.8
I0390,U039,convenience_oriented,P094,coworking_space_10,synthetic,train,3,3,3,4,5,5,3,4,4,3,study_room,light_reading,mixed,1_2h,morning,0,0,1,0,1,1,0,1,1,1,1,coworking_space,coding,solo,over_4h,afternoon,weekday,9.2,cloudy,indoor,often,3,5,3,4,3,4,3,5,4,4,9,15,9,16,15,12,12,16,2.7,5.8,15,0.5,68.2
I0391,U040,social_collaborative,P118,outdoor_10,synthetic,train,3,5,2,3,4,4,3,4,5,2,coworking_space,team_project,mostly_group,2_4h,afternoon,0,0,0,0,1,1,0,1,1,1,0,outdoor,coding,solo,2_4h,afternoon,weekday,4.6,cloudy,outdoor,sometimes,3,5,3,3,3,3,2,2,3,3,9,25,6,9,8,9,12,15,1.8,2.3,4,1,54.4
I0392,U040,social_collaborative,P099,dorm_lounge_03,synthetic,train,3,5,2,3,4,4,3,4,5,2,coworking_space,team_project,mostly_group,2_4h,afternoon,0,0,0,0,1,1,0,1,1,1,0,dorm_lounge,coding,solo,2_4h,early_morning,weekend,10.0,cold,indoor,rarely,4,4,3,3,3,3,4,3,3,3,12,20,6,9,16,9,12,15,1.8,5.0,6,0,62.2
I0393,U040,social_collaborative,P092,coworking_space_08,synthetic,train,3,5,2,3,4,4,3,4,5,2,coworking_space,team_project,mostly_group,2_4h,afternoon,0,0,0,0,1,1,0,1,1,1,0,coworking_space,team_project,2,1_2h,evening,weekday,7.0,rainy,indoor,rarely,2,4,3,4,3,4,4,4,4,3,6,20,6,12,16,12,12,20,0.5,3.5,12,0.5,55.9
I0394,U040,social_collaborative,P091,coworking_space_07,synthetic,train,3,5,2,3,4,4,3,4,5,2,coworking_space,team_project,mostly_group,2_4h,afternoon,0,0,0,0,1,1,0,1,1,1,0,coworking_space,deep_study,solo,1_2h,evening,weekday,14.9,hot,indoor,sometimes,4,4,4,3,4,5,4,3,3,4,12,20,8,9,16,9,16,25,2.0,7.5,6,0.5,61.5
I0395,U040,social_collaborative,P036,study_room_18,synthetic,train,3,5,2,3,4,4,3,4,5,2,coworking_space,team_project,mostly_group,2_4h,afternoon,0,0,0,0,1,1,0,1,1,1,0,study_room,meeting,3_4,under_1h,evening,weekend,13.2,cloudy,indoor,sometimes,5,4,4,4,4,4,5,4,4,4,15,20,8,12,20,12,16,20,0.4,6.6,12,0.5,74.7
I0396,U040,social_collaborative,P043,cafe_07,synthetic,train,3,5,2,3,4,4,3,4,5,2,coworking_space,team_project,mostly_group,2_4h,afternoon,0,0,0,0,1,1,0,1,1,1,0,cafe,meeting,2,under_1h,afternoon,weekday,1.0,clear,indoor,often,2,5,3,3,2,4,3,4,3,3,6,25,6,9,12,9,8,20,0.4,0.5,12,1,56.7
I0397,U040,social_collaborative,P067,classroom_05,synthetic,train,3,5,2,3,4,4,3,4,5,2,coworking_space,team_project,mostly_group,2_4h,afternoon,0,0,0,0,1,1,0,1,1,1,0,classroom,team_project,3_4,2_4h,afternoon,weekday,8.2,cloudy,indoor,first_time,3,4,3,3,3,2,3,4,3,3,9,20,6,9,12,9,12,10,0.5,4.1,12,1,49.1
I0398,U040,social_collaborative,P054,cafe_18,synthetic,train,3,5,2,3,4,4,3,4,5,2,coworking_space,team_project,mostly_group,2_4h,afternoon,0,0,0,0,1,1,0,1,1,1,0,cafe,deep_study,solo,under_1h,evening,weekday,12.0,rainy,indoor,sometimes,3,5,2,3,2,3,3,3,4,3,9,25,4,9,12,12,8,15,2.0,6.0,6,0.5,62.3
I0399,U040,social_collaborative,P025,study_room_07,synthetic,train,3,5,2,3,4,4,3,4,5,2,coworking_space,team_project,mostly_group,2_4h,afternoon,0,0,0,0,1,1,0,1,1,1,0,study_room,team_project,2,1_2h,late_night,weekday,7.6,rainy,indoor,often,4,4,3,4,4,4,4,5,4,3,12,20,6,12,16,12,16,20,0.5,3.8,15,0,61.6
I0400,U040,social_collaborative,P006,library_06,synthetic,train,3,5,2,3,4,4,3,4,5,2,coworking_space,team_project,mostly_group,2_4h,afternoon,0,0,0,0,1,1,0,1,1,1,0,library,coding,solo,1_2h,early_morning,weekend,16.0,clear,indoor,rarely,4,4,4,5,2,3,4,4,5,4,12,20,8,15,16,15,8,15,1.8,8.0,8,0,46.5
I0401,U041,balanced,P062,home_08,synthetic,train,4,3,4,3,4,5,4,4,4,5,library,deep_study,mostly_solo,over_4h,evening,1,1,0,1,1,1,1,1,1,1,0,home,light_reading,solo,1_2h,afternoon,weekend,11.1,clear,indoor,first_time,4,3,4,4,4,5,5,5,4,5,16,9,16,12,20,16,16,20,2.3,7.0,15,0.5,71.3
I0402,U041,balanced,P106,dorm_lounge_10,synthetic,train,4,3,4,3,4,5,4,4,4,5,library,deep_study,mostly_solo,over_4h,evening,1,1,0,1,1,1,1,1,1,1,0,dorm_lounge,coding,solo,1_2h,evening,weekday,4.5,clear,indoor,often,3,3,2,3,3,4,3,3,3,3,12,9,8,9,12,12,12,16,4.5,2.8,15,1,77.7
I0403,U041,balanced,P076,computer_lab_02,synthetic,train,4,3,4,3,4,5,4,4,4,5,library,deep_study,mostly_solo,over_4h,evening,1,1,0,1,1,1,1,1,1,1,0,computer_lab,light_reading,solo,1_2h,evening,weekday,9.3,cold,indoor,sometimes,3,5,3,4,4,3,4,3,3,4,12,15,12,12,16,12,16,12,2.3,5.8,9,1,51.0
I0404,U041,balanced,P088,coworking_space_04,synthetic,train,4,3,4,3,4,5,4,4,4,5,library,deep_study,mostly_solo,over_4h,evening,1,1,0,1,1,1,1,1,1,1,0,coworking_space,online_class,solo,2_4h,afternoon,weekday,23.5,cloudy,indoor,sometimes,3,4,3,3,4,4,4,4,5,4,12,12,12,9,16,20,16,16,3.3,14.7,12,0.5,54.8
I0405,U041,balanced,P062,home_08,synthetic,train,4,3,4,3,4,5,4,4,4,5,library,deep_study,mostly_solo,over_4h,evening,1,1,0,1,1,1,1,1,1,1,0,home,team_project,3_4,under_1h,evening,weekday,8.8,cold,indoor,sometimes,4,3,4,4,4,5,5,3,4,5,16,9,16,12,20,16,16,20,1.3,5.5,9,1,76.8
I0406,U041,balanced,P025,study_room_07,synthetic,train,4,3,4,3,4,5,4,4,4,5,library,deep_study,mostly_solo,over_4h,evening,1,1,0,1,1,1,1,1,1,1,0,study_room,coding,solo,over_4h,evening,weekday,5.2,clear,indoor,often,4,4,3,4,4,4,4,4,4,3,16,12,12,12,16,16,16,16,4.5,3.2,20,1,59.7
I0407,U041,balanced,P042,cafe_06,synthetic,train,4,3,4,3,4,5,4,4,4,5,library,deep_study,mostly_solo,over_4h,evening,1,1,0,1,1,1,1,1,1,1,0,cafe,online_class,2,under_1h,afternoon,weekend,11.6,rainy,indoor,first_time,3,4,2,3,2,4,3,3,4,3,12,12,8,9,12,16,8,16,3.3,7.2,9,0.5,55.6
I0408,U041,balanced,P047,cafe_11,synthetic,train,4,3,4,3,4,5,4,4,4,5,library,deep_study,mostly_solo,over_4h,evening,1,1,0,1,1,1,1,1,1,1,0,cafe,team_project,3_4,under_1h,evening,weekday,10.1,clear,indoor,often,3,4,3,3,2,4,3,4,4,3,12,12,12,9,12,16,8,16,1.3,6.3,12,1,68.3
I0409,U041,balanced,P030,study_room_12,synthetic,train,4,3,4,3,4,5,4,4,4,5,library,deep_study,mostly_solo,over_4h,evening,1,1,0,1,1,1,1,1,1,1,0,study_room,online_class,solo,2_4h,late_night,weekday,13.5,cold,indoor,often,5,4,3,4,3,3,4,4,4,4,20,12,12,12,16,16,12,12,3.3,8.4,12,0.5,72.5
I0410,U041,balanced,P004,library_04,synthetic,train,4,3,4,3,4,5,4,4,4,5,library,deep_study,mostly_solo,over_4h,evening,1,1,0,1,1,1,1,1,1,1,0,library,report_writing,2,2_4h,afternoon,weekend,1.0,cloudy,indoor,often,5,3,3,4,2,4,4,5,3,4,20,9,12,12,16,12,8,16,4.3,0.6,25,0.5,72.0
I0411,U042,quiet_deepwork,P013,library_13,synthetic,valid,4,4,5,5,3,3,5,4,4,5,computer_lab,deep_study,mostly_solo,2_4h,late_night,1,1,1,1,0,0,1,0,0,1,1,library,deep_study,solo,2_4h,afternoon,weekday,1.0,hot,indoor,sometimes,5,4,4,4,3,3,5,5,4,4,20,16,20,20,15,20,12,12,5.0,0.4,25,0,84.0
I0412,U042,quiet_deepwork,P009,library_09,synthetic,valid,4,4,5,5,3,3,5,4,4,5,computer_lab,deep_study,mostly_solo,2_4h,late_night,1,1,1,1,0,0,1,0,0,1,1,library,light_reading,solo,1_2h,morning,weekend,4.5,hot,indoor,sometimes,4,4,3,4,2,4,4,4,4,4,16,16,15,20,12,20,8,16,2.3,1.7,12,0,82.7
I0413,U042,quiet_deepwork,P016,library_16,synthetic,valid,4,4,5,5,3,3,5,4,4,5,computer_lab,deep_study,mostly_solo,2_4h,late_night,1,1,1,1,0,0,1,0,0,1,1,library,report_writing,solo,over_4h,morning,weekday,7.6,hot,indoor,sometimes,5,4,3,5,3,4,3,4,4,4,20,16,15,25,9,20,12,16,4.3,2.8,20,0,66.5
I0414,U042,quiet_deepwork,P058,home_04,synthetic,valid,4,4,5,5,3,3,5,4,4,5,computer_lab,deep_study,mostly_solo,2_4h,late_night,1,1,1,1,0,0,1,0,0,1,1,home,online_class,solo,1_2h,late_night,weekend,17.6,cloudy,indoor,sometimes,4,3,4,3,4,5,4,5,4,4,16,12,20,15,12,20,16,20,3.3,6.6,15,1,61.1
I0415,U042,quiet_deepwork,P021,study_room_03,synthetic,valid,4,4,5,5,3,3,5,4,4,5,computer_lab,deep_study,mostly_solo,2_4h,late_night,1,1,1,1,0,0,1,0,0,1,1,study_room,coding,2,over_4h,morning,weekday,14.7,clear,indoor,sometimes,5,4,4,4,3,4,4,4,4,2,20,16,20,20,12,20,12,16,4.5,5.5,20,0,66.0
I0416,U042,quiet_deepwork,P112,outdoor_04,synthetic,valid,4,4,5,5,3,3,5,4,4,5,computer_lab,deep_study,mostly_solo,2_4h,late_night,1,1,1,1,0,0,1,0,0,1,1,outdoor,report_writing,solo,1_2h,afternoon,weekday,11.6,hot,outdoor,first_time,3,4,3,3,2,3,1,3,3,2,12,16,15,15,3,15,8,12,4.3,4.4,15,0,34.9
I0417,U042,quiet_deepwork,P039,cafe_03,synthetic,valid,4,4,5,5,3,3,5,4,4,5,computer_lab,deep_study,mostly_solo,2_4h,late_night,1,1,1,1,0,0,1,0,0,1,1,cafe,online_class,solo,1_2h,evening,weekend,11.0,cold,indoor,sometimes,3,4,2,3,2,4,3,3,4,4,12,16,10,15,9,20,8,16,3.3,4.1,9,0.5,59.6
I0418,U042,quiet_deepwork,P016,library_16,synthetic,valid,4,4,5,5,3,3,5,4,4,5,computer_lab,deep_study,mostly_solo,2_4h,late_night,1,1,1,1,0,0,1,0,0,1,1,library,coding,5_plus,over_4h,late_night,weekday,7.4,cloudy,indoor,often,5,4,3,5,3,4,3,4,4,4,20,16,15,25,9,20,12,16,4.5,2.8,20,1,71.9
I0419,U042,quiet_deepwork,P005,library_05,synthetic,valid,4,4,5,5,3,3,5,4,4,5,computer_lab,deep_study,mostly_solo,2_4h,late_night,1,1,1,1,0,0,1,0,0,1,1,library,online_class,solo,under_1h,late_night,weekend,3.0,cloudy,indoor,first_time,5,4,4,5,3,4,4,3,4,4,20,16,20,25,12,20,12,16,3.3,1.1,9,1,85.0
I0420,U042,quiet_deepwork,P014,library_14,synthetic,valid,4,4,5,5,3,3,5,4,4,5,computer_lab,deep_study,mostly_solo,2_4h,late_night,1,1,1,1,0,0,1,0,0,1,1,library,report_writing,2,2_4h,late_night,weekend,5.4,hot,indoor,often,5,4,5,4,3,4,4,5,4,4,20,16,25,20,12,20,12,16,4.3,2.0,25,1,75.3
I0421,U043,convenience_oriented,P019,study_room_01,synthetic,train,5,3,3,3,5,5,3,2,4,4,library,deep_study,mostly_solo,over_4h,late_night,1,0,0,0,1,1,1,1,1,1,0,study_room,light_reading,solo,over_4h,afternoon,weekend,12.7,clear,indoor,first_time,4,3,4,4,3,4,4,4,4,4,20,9,12,12,20,12,6,16,1.8,8.0,12,0,65.4
I0422,U043,convenience_oriented,P064,classroom_02,synthetic,train,5,3,3,3,5,5,3,2,4,4,library,deep_study,mostly_solo,over_4h,late_night,1,0,0,0,1,1,1,1,1,1,0,classroom,online_class,solo,over_4h,evening,weekday,8.6,clear,indoor,sometimes,4,4,3,3,3,3,3,3,3,3,20,12,9,9,15,9,6,12,2.6,5.4,9,0.5,59.5
I0423,U043,convenience_oriented,P012,library_12,synthetic,train,5,3,3,3,5,5,3,2,4,4,library,deep_study,mostly_solo,over_4h,late_night,1,0,0,0,1,1,1,1,1,1,0,library,coding,3_4,over_4h,late_night,weekend,1.6,rainy,indoor,first_time,5,4,4,4,3,3,3,4,5,4,25,12,12,12,15,15,6,12,3.6,1.0,16,1,69.3
I0424,U043,convenience_oriented,P005,library_05,synthetic,train,5,3,3,3,5,5,3,2,4,4,library,deep_study,mostly_solo,over_4h,late_night,1,0,0,0,1,1,1,1,1,1,0,library,coding,2,2_4h,morning,weekend,6.1,clear,indoor,first_time,5,4,4,5,3,4,4,5,4,4,25,12,12,15,20,12,6,16,3.6,3.8,20,0,71.9
I0425,U043,convenience_oriented,P092,coworking_space_08,synthetic,train,5,3,3,3,5,5,3,2,4,4,library,deep_study,mostly_solo,over_4h,late_night,1,0,0,0,1,1,1,1,1,1,0,coworking_space,team_project,3_4,1_2h,early_morning,weekday,7.5,clear,indoor,rarely,2,4,3,4,3,4,4,4,4,3,10,12,9,12,20,12,6,16,1.0,4.7,12,0,63.2
I0426,U043,convenience_oriented,P010,library_10,synthetic,train,5,3,3,3,5,5,3,2,4,4,library,deep_study,mostly_solo,over_4h,late_night,1,0,0,0,1,1,1,1,1,1,0,library,light_reading,solo,under_1h,afternoon,weekday,1.0,cloudy,indoor,sometimes,5,5,4,4,3,4,4,5,4,5,25,15,12,12,20,12,6,16,1.8,0.6,15,0,72.8
I0427,U043,convenience_oriented,P057,home_03,synthetic,train,5,3,3,3,5,5,3,2,4,4,library,deep_study,mostly_solo,over_4h,late_night,1,0,0,0,1,1,1,1,1,1,0,home,deep_study,solo,1_2h,morning,weekend,4.9,clear,indoor,rarely,3,4,4,4,5,4,5,5,5,4,15,12,12,12,25,15,10,16,4.0,3.1,20,0,79.6
I0428,U043,convenience_oriented,P073,classroom_11,synthetic,train,5,3,3,3,5,5,3,2,4,4,library,deep_study,mostly_solo,over_4h,late_night,1,0,0,0,1,1,1,1,1,1,0,classroom,report_writing,solo,over_4h,afternoon,weekday,2.8,clear,indoor,sometimes,4,5,3,3,4,3,3,3,3,4,20,15,9,9,15,9,8,12,3.4,1.8,12,0,53.4
I0429,U043,convenience_oriented,P033,study_room_15,synthetic,train,5,3,3,3,5,5,3,2,4,4,library,deep_study,mostly_solo,over_4h,late_night,1,0,0,0,1,1,1,1,1,1,0,study_room,team_project,3_4,2_4h,late_night,weekday,4.0,clear,indoor,sometimes,5,3,4,3,4,4,4,5,5,4,25,9,12,9,20,15,8,16,1.0,2.5,15,1,73.6
I0430,U043,convenience_oriented,P061,home_07,synthetic,train,5,3,3,3,5,5,3,2,4,4,library,deep_study,mostly_solo,over_4h,late_night,1,0,0,0,1,1,1,1,1,1,0,home,online_class,solo,under_1h,afternoon,weekday,12.4,cloudy,indoor,first_time,4,4,4,4,4,4,4,4,4,5,20,12,12,12,20,12,8,16,2.6,7.7,12,0,63.2
I0431,U044,quiet_deepwork,P061,home_07,synthetic,train,5,4,5,3,3,4,5,3,5,4,library,report_writing,mostly_solo,1_2h,late_night,1,1,0,1,0,1,1,0,1,1,0,home,team_project,3_4,1_2h,evening,weekend,16.2,cold,indoor,rarely,4,4,4,4,4,4,4,3,4,5,20,16,20,12,12,20,12,20,1.0,8.1,9,0.5,75.0
I0432,U044,quiet_deepwork,P003,library_03,synthetic,train,5,4,5,3,3,4,5,3,5,4,library,report_writing,mostly_solo,1_2h,late_night,1,1,0,1,0,1,1,0,1,1,0,library,report_writing,solo,2_4h,late_night,weekend,1.0,cloudy,indoor,rarely,5,3,4,5,3,3,4,4,4,4,25,12,20,15,12,20,9,15,3.4,0.5,16,1,76.6
I0433,U044,quiet_deepwork,P011,library_11,synthetic,train,5,4,5,3,3,4,5,3,5,4,library,report_writing,mostly_solo,1_2h,late_night,1,1,0,1,0,1,1,0,1,1,0,library,deep_study,solo,2_4h,late_night,weekend,11.4,clear,indoor,first_time,5,4,4,4,2,4,4,5,4,3,25,16,20,12,12,20,6,20,4.0,5.7,20,1,87.5
I0434,U044,quiet_deepwork,P051,cafe_15,synthetic,train,5,4,5,3,3,4,5,3,5,4,library,report_writing,mostly_solo,1_2h,late_night,1,1,0,1,0,1,1,0,1,1,0,cafe,report_writing,solo,1_2h,afternoon,weekday,16.1,clear,indoor,sometimes,3,4,2,3,3,4,3,4,4,3,15,16,10,9,9,20,9,20,3.4,8.1,16,0,66.2
I0435,U044,quiet_deepwork,P016,library_16,synthetic,train,5,4,5,3,3,4,5,3,5,4,library,report_writing,mostly_solo,1_2h,late_night,1,1,0,1,0,1,1,0,1,1,0,library,light_reading,solo,1_2h,afternoon,weekend,10.5,clear,indoor,sometimes,5,4,3,5,3,4,3,4,4,4,25,16,15,15,9,20,9,20,1.8,5.3,12,0,81.6
I0436,U044,quiet_deepwork,P014,library_14,synthetic,train,5,4,5,3,3,4,5,3,5,4,library,report_writing,mostly_solo,1_2h,late_night,1,1,0,1,0,1,1,0,1,1,0,library,team_project,3_4,2_4h,late_night,weekday,5.3,cloudy,indoor,rarely,5,4,5,4,3,4,4,3,4,4,25,16,25,12,12,20,9,20,1.0,2.6,9,1,86.0
I0437,U044,quiet_deepwork,P011,library_11,synthetic,train,5,4,5,3,3,4,5,3,5,4,library,report_writing,mostly_solo,1_2h,late_night,1,1,0,1,0,1,1,0,1,1,0,library,online_class,solo,1_2h,morning,weekend,7.9,cold,indoor,first_time,5,4,4,4,2,4,4,3,4,3,25,16,20,12,12,20,6,20,2.6,3.9,9,0,69.6
I0438,U044,quiet_deepwork,P020,study_room_02,synthetic,train,5,4,5,3,3,4,5,3,5,4,library,report_writing,mostly_solo,1_2h,late_night,1,1,0,1,0,1,1,0,1,1,0,study_room,coding,2,2_4h,late_night,weekday,6.0,clear,indoor,sometimes,4,4,4,5,3,4,4,4,4,4,20,16,20,15,12,20,9,20,3.6,3.0,16,1,66.8
I0439,U044,quiet_deepwork,P018,library_18,synthetic,train,5,4,5,3,3,4,5,3,5,4,library,report_writing,mostly_solo,1_2h,late_night,1,1,0,1,0,1,1,0,1,1,0,library,deep_study,solo,2_4h,evening,weekday,8.3,rainy,indoor,often,5,4,3,4,3,3,4,5,4,3,25,16,15,12,12,20,9,15,4.0,4.2,20,0.5,64.1
I0440,U044,quiet_deepwork,P089,coworking_space_05,synthetic,train,5,4,5,3,3,4,5,3,5,4,library,report_writing,mostly_solo,1_2h,late_night,1,1,0,1,0,1,1,0,1,1,0,coworking_space,deep_study,solo,2_4h,morning,weekday,23.0,cloudy,indoor,sometimes,3,5,4,3,4,4,5,3,4,3,15,20,20,9,15,20,12,20,4.0,11.5,12,0,60.0
I0441,U045,convenience_oriented,P008,library_08,synthetic,test,4,4,2,3,5,4,4,4,4,4,cafe,coding,mostly_solo,2_4h,evening,1,0,0,1,1,1,1,1,1,1,0,library,light_reading,solo,under_1h,evening,weekday,14.9,rainy,indoor,sometimes,5,5,4,4,2,3,4,4,4,4,20,20,8,12,20,16,8,12,1.8,7.4,12,1,79.9
I0442,U045,convenience_oriented,P071,classroom_09,synthetic,test,4,4,2,3,5,4,4,4,4,4,cafe,coding,mostly_solo,2_4h,evening,1,0,0,1,1,1,1,1,1,1,0,classroom,meeting,2,2_4h,afternoon,weekday,13.1,cold,indoor,sometimes,3,3,3,3,3,3,3,4,3,4,12,12,6,9,15,12,12,12,0.8,6.5,12,0.5,51.1
I0443,U045,convenience_oriented,P116,outdoor_08,synthetic,test,4,4,2,3,5,4,4,4,4,4,cafe,coding,mostly_solo,2_4h,evening,1,0,0,1,1,1,1,1,1,1,0,outdoor,deep_study,2,2_4h,evening,weekday,11.5,cloudy,outdoor,sometimes,3,5,3,3,2,2,1,2,3,3,12,20,6,9,5,12,8,8,4.0,5.8,8,1,42.4
I0444,U045,convenience_oriented,P007,library_07,synthetic,test,4,4,2,3,5,4,4,4,4,4,cafe,coding,mostly_solo,2_4h,evening,1,0,0,1,1,1,1,1,1,1,0,library,light_reading,solo,1_2h,afternoon,weekday,4.5,cloudy,indoor,rarely,5,4,3,4,3,3,4,5,4,4,20,16,6,12,20,16,12,12,1.8,2.3,15,0.5,65.8
I0445,U045,convenience_oriented,P105,dorm_lounge_09,synthetic,test,4,4,2,3,5,4,4,4,4,4,cafe,coding,mostly_solo,2_4h,evening,1,0,0,1,1,1,1,1,1,1,0,dorm_lounge,deep_study,solo,1_2h,evening,weekday,12.7,cloudy,indoor,often,3,3,3,2,3,3,4,3,4,3,12,12,6,6,20,16,12,12,4.0,6.4,12,1,66.8
I0446,U045,convenience_oriented,P105,dorm_lounge_09,synthetic,test,4,4,2,3,5,4,4,4,4,4,cafe,coding,mostly_solo,2_4h,evening,1,0,0,1,1,1,1,1,1,1,0,dorm_lounge,report_writing,solo,2_4h,afternoon,weekday,10.7,clear,indoor,first_time,3,3,3,2,3,3,4,3,4,3,12,12,6,6,20,16,12,12,3.4,5.4,12,0.5,51.9
I0447,U045,convenience_oriented,P055,home_01,synthetic,test,4,4,2,3,5,4,4,4,4,4,cafe,coding,mostly_solo,2_4h,evening,1,0,0,1,1,1,1,1,1,1,0,home,coding,solo,1_2h,evening,weekday,14.8,hot,indoor,sometimes,4,3,5,4,4,5,5,5,4,5,16,12,10,12,25,16,16,20,3.6,7.4,20,1,72.7
I0448,U045,convenience_oriented,P013,library_13,synthetic,test,4,4,2,3,5,4,4,4,4,4,cafe,coding,mostly_solo,2_4h,evening,1,0,0,1,1,1,1,1,1,1,0,library,online_class,solo,2_4h,morning,weekday,1.0,hot,indoor,sometimes,5,4,4,4,3,3,5,3,4,4,20,16,8,12,25,16,12,12,2.6,0.5,9,0,75.2
I0449,U045,convenience_oriented,P002,library_02,synthetic,test,4,4,2,3,5,4,4,4,4,4,cafe,coding,mostly_solo,2_4h,evening,1,0,0,1,1,1,1,1,1,1,0,library,light_reading,solo,1_2h,afternoon,weekday,7.4,clear,indoor,often,5,5,4,4,2,3,4,4,4,4,20,20,8,12,20,16,8,12,1.8,3.7,12,0.5,69.5
I0450,U045,convenience_oriented,P088,coworking_space_04,synthetic,test,4,4,2,3,5,4,4,4,4,4,cafe,coding,mostly_solo,2_4h,evening,1,0,0,1,1,1,1,1,1,1,0,coworking_space,team_project,3_4,2_4h,evening,weekday,23.0,rainy,indoor,sometimes,3,4,3,3,4,4,4,5,5,4,12,16,6,9,20,20,16,16,1.0,11.5,15,1,62.2
I0451,U046,social_collaborative,P108,dorm_lounge_12,synthetic,train,3,4,3,2,4,3,4,4,4,3,coworking_space,team_project,mostly_group,1_2h,morning,0,0,0,1,1,0,0,1,0,1,0,dorm_lounge,light_reading,solo,under_1h,late_night,weekend,8.4,clear,indoor,sometimes,2,4,3,3,3,3,3,4,3,3,6,16,9,6,12,12,12,12,1.4,3.1,12,0,65.1
I0452,U046,social_collaborative,P107,dorm_lounge_11,synthetic,train,3,4,3,2,4,3,4,4,4,3,coworking_space,team_project,mostly_group,1_2h,morning,0,0,0,1,1,0,0,1,0,1,0,dorm_lounge,team_project,3_4,2_4h,afternoon,weekend,34.8,clear,indoor,often,3,4,3,3,3,4,3,4,3,3,9,16,9,6,12,12,12,16,0.8,13.0,12,0.5,56.7
I0453,U046,social_collaborative,P050,cafe_14,synthetic,train,3,4,3,2,4,3,4,4,4,3,coworking_space,team_project,mostly_group,1_2h,morning,0,0,0,1,1,0,0,1,0,1,0,cafe,light_reading,solo,2_4h,afternoon,weekday,12.0,clear,indoor,often,3,5,2,3,2,4,3,4,4,3,9,20,6,6,12,16,8,16,1.4,4.5,12,0.5,48.3
I0454,U046,social_collaborative,P081,computer_lab_07,synthetic,train,3,4,3,2,4,3,4,4,4,3,coworking_space,team_project,mostly_group,1_2h,morning,0,0,0,1,1,0,0,1,0,1,0,computer_lab,team_project,5_plus,2_4h,afternoon,weekday,1.1,clear,indoor,first_time,4,4,2,3,3,3,4,4,4,3,12,16,6,6,16,16,12,12,0.8,0.4,12,0.5,55.3
I0455,U046,social_collaborative,P094,coworking_space_10,synthetic,train,3,4,3,2,4,3,4,4,4,3,coworking_space,team_project,mostly_group,1_2h,morning,0,0,0,1,1,0,0,1,0,1,0,coworking_space,team_project,3_4,1_2h,evening,weekday,9.9,cloudy,indoor,rarely,3,5,3,4,3,4,3,5,4,4,9,20,9,8,12,16,12,16,0.8,3.7,15,0,59.7
I0456,U046,social_collaborative,P094,coworking_space_10,synthetic,train,3,4,3,2,4,3,4,4,4,3,coworking_space,team_project,mostly_group,1_2h,morning,0,0,0,1,1,0,0,1,0,1,0,coworking_space,online_class,3_4,2_4h,morning,weekend,10.5,clear,indoor,often,3,5,3,4,3,4,3,3,4,4,9,20,9,8,12,16,12,16,2.0,3.9,9,1,64.7
I0457,U046,social_collaborative,P028,study_room_10,synthetic,train,3,4,3,2,4,3,4,4,4,3,coworking_space,team_project,mostly_group,1_2h,morning,0,0,0,1,1,0,0,1,0,1,0,study_room,meeting,3_4,2_4h,afternoon,weekday,10.4,clear,indoor,sometimes,4,4,3,3,4,4,5,5,4,3,12,16,9,6,20,16,16,16,0.6,3.9,15,0.5,69.1
I0458,U046,social_collaborative,P037,cafe_01,synthetic,train,3,4,3,2,4,3,4,4,4,3,coworking_space,team_project,mostly_group,1_2h,morning,0,0,0,1,1,0,0,1,0,1,0,cafe,team_project,5_plus,2_4h,early_morning,weekday,10.0,clear,indoor,often,3,4,2,2,2,4,3,4,4,4,9,16,6,4,12,16,8,16,0.8,3.8,12,0.5,62.7
I0459,U046,social_collaborative,P075,computer_lab_01,synthetic,train,3,4,3,2,4,3,4,4,4,3,coworking_space,team_project,mostly_group,1_2h,morning,0,0,0,1,1,0,0,1,0,1,0,computer_lab,team_project,3_4,1_2h,afternoon,weekday,9.8,rainy,indoor,often,3,3,3,4,3,4,5,3,3,3,9,12,9,8,20,12,12,16,0.8,3.7,9,0.5,63.9
I0460,U046,social_collaborative,P081,computer_lab_07,synthetic,train,3,4,3,2,4,3,4,4,4,3,coworking_space,team_project,mostly_group,1_2h,morning,0,0,0,1,1,0,0,1,0,1,0,computer_lab,meeting,5_plus,1_2h,evening,weekday,3.8,clear,indoor,sometimes,4,4,2,3,3,3,4,3,4,3,12,16,6,6,16,16,12,12,0.6,1.4,9,0,59.2
I0461,U047,comfort_oriented,P085,coworking_space_01,synthetic,train,4,4,4,4,4,3,5,5,5,4,study_room,deep_study,mostly_solo,2_4h,afternoon,1,1,1,1,1,0,1,1,0,1,1,coworking_space,coding,solo,2_4h,afternoon,weekday,1.4,clear,indoor,sometimes,3,5,2,3,4,3,4,3,4,3,12,20,8,12,16,20,20,15,3.6,0.5,12,1,76.5
I0462,U047,comfort_oriented,P086,coworking_space_02,synthetic,train,4,4,4,4,4,3,5,5,5,4,study_room,deep_study,mostly_solo,2_4h,afternoon,1,1,1,1,1,0,1,1,0,1,1,coworking_space,report_writing,solo,2_4h,afternoon,weekend,18.5,clear,indoor,often,3,4,4,4,5,3,4,4,4,4,12,16,16,16,16,20,25,15,3.4,6.9,16,1,71.6
I0463,U047,comfort_oriented,P036,study_room_18,synthetic,train,4,4,4,4,4,3,5,5,5,4,study_room,deep_study,mostly_solo,2_4h,afternoon,1,1,1,1,1,0,1,1,0,1,1,study_room,team_project,3_4,under_1h,evening,weekday,12.5,rainy,indoor,rarely,5,4,4,4,4,4,5,5,4,4,20,16,16,16,20,20,20,20,1.0,4.7,15,0.5,79.4
I0464,U047,comfort_oriented,P025,study_room_07,synthetic,train,4,4,4,4,4,3,5,5,5,4,study_room,deep_study,mostly_solo,2_4h,afternoon,1,1,1,1,1,0,1,1,0,1,1,study_room,light_reading,solo,1_2h,evening,weekday,5.0,cloudy,indoor,first_time,4,4,3,4,4,4,4,4,4,3,16,16,12,16,16,20,20,20,1.8,1.9,12,0.5,67.8
I0465,U047,comfort_oriented,P114,outdoor_06,synthetic,train,4,4,4,4,4,3,5,5,5,4,study_room,deep_study,mostly_solo,2_4h,afternoon,1,1,1,1,1,0,1,1,0,1,1,outdoor,report_writing,solo,2_4h,afternoon,weekday,16.0,clear,outdoor,often,3,4,3,3,2,2,1,2,3,3,12,16,12,12,4,15,10,10,3.4,6.0,8,1,56.0
I0466,U047,comfort_oriented,P065,classroom_03,synthetic,train,4,4,4,4,4,3,5,5,5,4,study_room,deep_study,mostly_solo,2_4h,afternoon,1,1,1,1,1,0,1,1,0,1,1,classroom,coding,solo,2_4h,afternoon,weekend,13.2,clear,indoor,rarely,4,4,3,3,3,3,4,4,3,3,16,16,12,12,16,15,15,15,3.6,5.0,16,1,66.4
I0467,U047,comfort_oriented,P063,classroom_01,synthetic,train,4,4,4,4,4,3,5,5,5,4,study_room,deep_study,mostly_solo,2_4h,afternoon,1,1,1,1,1,0,1,1,0,1,1,classroom,deep_study,solo,2_4h,afternoon,weekday,6.9,clear,indoor,often,3,4,3,3,2,3,3,3,3,3,12,16,12,12,12,15,10,15,4.0,2.6,12,1,69.6
I0468,U047,comfort_oriented,P070,classroom_08,synthetic,train,4,4,4,4,4,3,5,5,5,4,study_room,deep_study,mostly_solo,2_4h,afternoon,1,1,1,1,1,0,1,1,0,1,1,classroom,light_reading,solo,1_2h,afternoon,weekday,11.7,cloudy,indoor,often,3,4,3,2,3,2,3,2,2,3,12,16,12,8,12,10,15,10,1.8,4.4,6,1,60.7
I0469,U047,comfort_oriented,P046,cafe_10,synthetic,train,4,4,4,4,4,3,5,5,5,4,study_room,deep_study,mostly_solo,2_4h,afternoon,1,1,1,1,1,0,1,1,0,1,1,cafe,online_class,solo,1_2h,late_night,weekday,9.4,cloudy,indoor,sometimes,3,4,2,3,2,4,3,3,3,3,12,16,8,12,12,15,10,20,2.6,3.5,9,0,58.0
I0470,U047,comfort_oriented,P030,study_room_12,synthetic,train,4,4,4,4,4,3,5,5,5,4,study_room,deep_study,mostly_solo,2_4h,afternoon,1,1,1,1,1,0,1,1,0,1,1,study_room,report_writing,solo,2_4h,afternoon,weekday,15.0,clear,indoor,sometimes,5,4,3,4,3,3,4,4,4,4,20,16,12,16,16,20,15,15,3.4,5.6,16,1,73.2
I0471,U048,quiet_deepwork,P073,classroom_11,synthetic,valid,5,4,4,4,4,3,4,3,3,5,study_room,coding,mostly_solo,2_4h,morning,1,1,1,1,1,0,1,1,0,0,1,classroom,deep_study,solo,1_2h,morning,weekend,10.2,clear,indoor,often,4,5,3,3,4,3,3,4,3,4,20,20,12,12,12,12,12,9,5.0,3.8,20,1,69.0
I0472,U048,quiet_deepwork,P072,classroom_10,synthetic,valid,5,4,4,4,4,3,4,3,3,5,study_room,coding,mostly_solo,2_4h,morning,1,1,1,1,1,0,1,1,0,0,1,classroom,deep_study,solo,2_4h,evening,weekday,7.9,hot,indoor,rarely,3,3,4,3,3,3,4,3,3,3,15,12,16,12,16,12,9,9,5.0,3.0,15,0,60.1
I0473,U048,quiet_deepwork,P006,library_06,synthetic,valid,5,4,4,4,4,3,4,3,3,5,study_room,coding,mostly_solo,2_4h,morning,1,1,1,1,1,0,1,1,0,0,1,library,coding,solo,1_2h,afternoon,weekday,11.6,cold,indoor,first_time,4,4,4,5,2,3,4,3,5,4,20,16,16,20,16,20,6,9,4.5,4.4,15,0.5,66.0
I0474,U048,quiet_deepwork,P073,classroom_11,synthetic,valid,5,4,4,4,4,3,4,3,3,5,study_room,coding,mostly_solo,2_4h,morning,1,1,1,1,1,0,1,1,0,0,1,classroom,report_writing,solo,1_2h,afternoon,weekday,16.1,cloudy,indoor,often,4,5,3,3,4,3,3,5,3,4,20,20,12,12,12,12,12,9,4.3,6.0,25,0.5,86.3
I0475,U048,quiet_deepwork,P019,study_room_01,synthetic,valid,5,4,4,4,4,3,4,3,3,5,study_room,coding,mostly_solo,2_4h,morning,1,1,1,1,1,0,1,1,0,0,1,study_room,team_project,5_plus,1_2h,afternoon,weekday,11.0,clear,indoor,first_time,4,3,4,4,3,4,4,5,4,4,20,12,16,16,16,16,9,12,1.3,4.1,15,0.5,70.2
I0476,U048,quiet_deepwork,P002,library_02,synthetic,valid,5,4,4,4,4,3,4,3,3,5,study_room,coding,mostly_solo,2_4h,morning,1,1,1,1,1,0,1,1,0,0,1,library,coding,solo,2_4h,early_morning,weekend,1.1,cloudy,indoor,sometimes,5,5,4,4,2,3,4,4,4,4,25,20,16,16,16,16,6,9,4.5,0.4,20,0.5,76.2
I0477,U048,quiet_deepwork,P010,library_10,synthetic,valid,5,4,4,4,4,3,4,3,3,5,study_room,coding,mostly_solo,2_4h,morning,1,1,1,1,1,0,1,1,0,0,1,library,online_class,solo,2_4h,afternoon,weekday,8.7,rainy,indoor,often,5,5,4,4,3,4,4,4,4,5,25,20,16,16,16,16,9,12,3.3,3.3,12,0.5,85.2
I0478,U048,quiet_deepwork,P036,study_room_18,synthetic,valid,5,4,4,4,4,3,4,3,3,5,study_room,coding,mostly_solo,2_4h,morning,1,1,1,1,1,0,1,1,0,0,1,study_room,coding,solo,1_2h,morning,weekend,15.8,cloudy,indoor,first_time,5,4,4,4,4,4,5,4,4,4,25,16,16,16,20,16,12,12,4.5,5.9,20,1,78.7
I0479,U048,quiet_deepwork,P069,classroom_07,synthetic,valid,5,4,4,4,4,3,4,3,3,5,study_room,coding,mostly_solo,2_4h,morning,1,1,1,1,1,0,1,1,0,0,1,classroom,coding,solo,1_2h,late_night,weekend,15.9,clear,indoor,often,3,4,3,3,3,3,3,3,3,4,15,16,12,12,12,12,9,9,4.5,6.0,15,0,69.2
I0480,U048,quiet_deepwork,P033,study_room_15,synthetic,valid,5,4,4,4,4,3,4,3,3,5,study_room,coding,mostly_solo,2_4h,morning,1,1,1,1,1,0,1,1,0,0,1,study_room,report_writing,solo,over_4h,morning,weekday,1.0,cloudy,indoor,often,5,3,4,3,4,4,4,5,5,4,25,12,16,12,16,20,12,12,4.3,0.4,25,1,88.5
I0481,U049,quiet_deepwork,P028,study_room_10,synthetic,train,5,3,5,5,4,3,4,4,3,5,study_room,deep_study,mostly_solo,1_2h,afternoon,1,1,1,1,1,0,1,1,0,0,1,study_room,report_writing,2,2_4h,late_night,weekday,9.9,clear,indoor,rarely,4,4,3,3,4,4,5,4,4,3,20,12,15,15,20,16,16,12,4.3,3.7,20,0,72.6
I0482,U049,quiet_deepwork,P033,study_room_15,synthetic,train,5,3,5,5,4,3,4,4,3,5,study_room,deep_study,mostly_solo,1_2h,afternoon,1,1,1,1,1,0,1,1,0,0,1,study_room,light_reading,solo,1_2h,late_night,weekend,1.5,clear,indoor,sometimes,5,3,4,3,4,4,4,4,5,4,25,9,20,15,16,20,16,12,2.3,0.6,12,0,67.2
I0483,U049,quiet_deepwork,P001,library_01,synthetic,train,5,3,5,5,4,3,4,4,3,5,study_room,deep_study,mostly_solo,1_2h,afternoon,1,1,1,1,1,0,1,1,0,0,1,library,report_writing,2,over_4h,morning,weekday,8.8,clear,indoor,rarely,5,4,4,5,2,3,4,5,4,4,25,12,20,25,16,16,8,9,4.3,3.3,25,0.5,67.4
I0484,U049,quiet_deepwork,P094,coworking_space_10,synthetic,train,5,3,5,5,4,3,4,4,3,5,study_room,deep_study,mostly_solo,1_2h,afternoon,1,1,1,1,1,0,1,1,0,0,1,coworking_space,deep_study,solo,2_4h,afternoon,weekend,13.1,cold,indoor,sometimes,3,5,3,4,3,4,3,4,4,4,15,15,15,20,12,16,12,12,5.0,4.9,20,1,66.9
I0485,U049,quiet_deepwork,P018,library_18,synthetic,train,5,3,5,5,4,3,4,4,3,5,study_room,deep_study,mostly_solo,1_2h,afternoon,1,1,1,1,1,0,1,1,0,0,1,library,online_class,solo,1_2h,afternoon,weekday,8.6,clear,indoor,sometimes,5,4,3,4,3,3,4,4,4,3,25,12,15,20,16,16,12,9,3.3,3.2,12,1,63.3
I0486,U049,quiet_deepwork,P111,outdoor_03,synthetic,train,5,3,5,5,4,3,4,4,3,5,study_room,deep_study,mostly_solo,1_2h,afternoon,1,1,1,1,1,0,1,1,0,0,1,outdoor,deep_study,solo,1_2h,evening,weekday,9.9,clear,outdoor,rarely,3,5,3,4,2,2,1,2,2,3,15,15,15,20,4,8,8,6,5.0,3.7,10,0.5,54.6
I0487,U049,quiet_deepwork,P094,coworking_space_10,synthetic,train,5,3,5,5,4,3,4,4,3,5,study_room,deep_study,mostly_solo,1_2h,afternoon,1,1,1,1,1,0,1,1,0,0,1,coworking_space,report_writing,solo,2_4h,afternoon,weekend,7.9,clear,indoor,often,3,5,3,4,3,4,3,4,4,4,15,15,15,20,12,16,12,12,4.3,3.0,20,1,81.3
I0488,U049,quiet_deepwork,P055,home_01,synthetic,train,5,3,5,5,4,3,4,4,3,5,study_room,deep_study,mostly_solo,1_2h,afternoon,1,1,1,1,1,0,1,1,0,0,1,home,report_writing,solo,over_4h,morning,weekend,11.2,cloudy,indoor,sometimes,4,3,5,4,4,5,5,4,4,5,20,9,25,20,20,16,16,15,4.3,4.2,20,0.5,83.7
I0489,U049,quiet_deepwork,P109,outdoor_01,synthetic,train,5,3,5,5,4,3,4,4,3,5,study_room,deep_study,mostly_solo,1_2h,afternoon,1,1,1,1,1,0,1,1,0,0,1,outdoor,light_reading,solo,under_1h,afternoon,weekend,20.8,clear,outdoor,sometimes,2,5,3,3,2,3,1,4,3,3,10,15,15,15,4,12,8,9,2.3,7.8,12,1,48.5
I0490,U049,quiet_deepwork,P083,computer_lab_09,synthetic,train,5,3,5,5,4,3,4,4,3,5,study_room,deep_study,mostly_solo,1_2h,afternoon,1,1,1,1,1,0,1,1,0,0,1,computer_lab,report_writing,2,1_2h,afternoon,weekend,3.4,hot,indoor,sometimes,4,4,3,3,4,3,5,4,4,3,20,12,15,15,20,16,16,9,4.3,1.3,20,1,63.1
I0491,U050,quiet_deepwork,P009,library_09,synthetic,train,5,5,5,5,4,3,3,4,5,5,classroom,report_writing,mostly_solo,1_2h,evening,1,1,1,0,1,0,1,1,0,1,1,library,deep_study,solo,1_2h,morning,weekday,11.0,clear,indoor,first_time,4,4,3,4,2,4,4,5,4,4,20,20,15,20,16,12,8,20,5.0,4.1,25,0,87.2
I0492,U050,quiet_deepwork,P023,study_room_05,synthetic,train,5,5,5,5,4,3,3,4,5,5,classroom,report_writing,mostly_solo,1_2h,evening,1,1,1,0,1,0,1,1,0,1,1,study_room,coding,2,2_4h,morning,weekday,14.8,cloudy,indoor,often,5,4,3,4,4,4,3,5,4,4,25,20,15,20,12,12,16,20,4.5,5.5,25,0,69.8
I0493,U050,quiet_deepwork,P002,library_02,synthetic,train,5,5,5,5,4,3,3,4,5,5,classroom,report_writing,mostly_solo,1_2h,evening,1,1,1,0,1,0,1,1,0,1,1,library,deep_study,solo,2_4h,evening,weekday,10.3,cloudy,indoor,sometimes,5,5,4,4,2,3,4,5,4,4,25,25,20,20,16,12,8,15,5.0,3.9,25,1,77.4
I0494,U050,quiet_deepwork,P098,dorm_lounge_02,synthetic,train,5,5,5,5,4,3,3,4,5,5,classroom,report_writing,mostly_solo,1_2h,evening,1,1,1,0,1,0,1,1,0,1,1,dorm_lounge,deep_study,solo,over_4h,afternoon,weekday,22.0,cloudy,indoor,sometimes,3,4,3,2,3,4,4,2,4,3,15,20,15,10,16,12,12,20,5.0,8.2,10,0.5,69.0
I0495,U050,quiet_deepwork,P102,dorm_lounge_06,synthetic,train,5,5,5,5,4,3,3,4,5,5,classroom,report_writing,mostly_solo,1_2h,evening,1,1,1,0,1,0,1,1,0,1,1,dorm_lounge,light_reading,solo,under_1h,late_night,weekday,10.6,clear,indoor,sometimes,3,3,3,3,3,3,4,4,4,4,15,15,15,15,16,12,12,15,2.3,4.0,12,0.5,75.3
I0496,U050,quiet_deepwork,P032,study_room_14,synthetic,train,5,5,5,5,4,3,3,4,5,5,classroom,report_writing,mostly_solo,1_2h,evening,1,1,1,0,1,0,1,1,0,1,1,study_room,deep_study,solo,2_4h,morning,weekday,19.1,cloudy,indoor,sometimes,4,4,4,4,4,3,4,4,4,4,20,20,20,20,16,12,16,15,5.0,7.2,20,0,69.2
I0497,U050,quiet_deepwork,P088,coworking_space_04,synthetic,train,5,5,5,5,4,3,3,4,5,5,classroom,report_writing,mostly_solo,1_2h,evening,1,1,1,0,1,0,1,1,0,1,1,coworking_space,coding,solo,2_4h,afternoon,weekend,21.0,clear,indoor,often,3,4,3,3,4,4,4,4,5,4,15,20,15,15,16,15,16,20,4.5,7.9,20,0.5,78.3
I0498,U050,quiet_deepwork,P065,classroom_03,synthetic,train,5,5,5,5,4,3,3,4,5,5,classroom,report_writing,mostly_solo,1_2h,evening,1,1,1,0,1,0,1,1,0,1,1,classroom,deep_study,solo,1_2h,early_morning,weekday,9.6,cold,indoor,sometimes,4,4,3,3,3,3,4,3,3,3,20,20,15,15,16,9,12,15,5.0,3.6,15,0,77.5
I0499,U050,quiet_deepwork,P003,library_03,synthetic,train,5,5,5,5,4,3,3,4,5,5,classroom,report_writing,mostly_solo,1_2h,evening,1,1,1,0,1,0,1,1,0,1,1,library,report_writing,solo,over_4h,evening,weekday,3.9,cloudy,indoor,sometimes,5,3,4,5,3,3,4,4,4,4,25,15,20,25,16,12,12,15,4.3,1.5,20,1,79.0
I0500,U050,quiet_deepwork,P011,library_11,synthetic,train,5,5,5,5,4,3,3,4,5,5,classroom,report_writing,mostly_solo,1_2h,evening,1,1,1,0,1,0,1,1,0,1,1,library,coding,solo,2_4h,afternoon,weekend,8.0,cloudy,indoor,rarely,5,4,4,4,2,4,4,4,4,3,25,20,20,20,16,12,8,20,4.5,3.0,20,0.5,88.9
I0501,U051,comfort_oriented,P029,study_room_11,synthetic,train,4,4,3,4,5,4,5,5,5,4,library,deep_study,mostly_solo,over_4h,evening,1,0,1,1,1,1,1,1,1,1,1,study_room,light_reading,solo,under_1h,evening,weekday,12.2,rainy,indoor,sometimes,4,4,3,4,2,4,4,5,4,3,16,16,9,16,20,20,10,20,1.8,6.1,15,1,69.0
I0502,U051,comfort_oriented,P028,study_room_10,synthetic,train,4,4,3,4,5,4,5,5,5,4,library,deep_study,mostly_solo,over_4h,evening,1,0,1,1,1,1,1,1,1,1,1,study_room,coding,solo,2_4h,evening,weekend,16.5,cloudy,indoor,sometimes,4,4,3,3,4,4,5,5,4,3,16,16,9,12,25,20,20,20,3.6,8.3,20,1,65.9
I0503,U051,comfort_oriented,P101,dorm_lounge_05,synthetic,train,4,4,3,4,5,4,5,5,5,4,library,deep_study,mostly_solo,over_4h,evening,1,0,1,1,1,1,1,1,1,1,1,dorm_lounge,light_reading,solo,over_4h,afternoon,weekday,8.4,clear,indoor,often,3,4,2,2,3,4,4,4,4,3,12,16,6,8,20,20,15,20,1.8,4.2,12,0.5,70.6
I0504,U051,comfort_oriented,P062,home_08,synthetic,train,4,4,3,4,5,4,5,5,5,4,library,deep_study,mostly_solo,over_4h,evening,1,0,1,1,1,1,1,1,1,1,1,home,light_reading,solo,over_4h,afternoon,weekday,10.5,cold,indoor,often,4,3,4,4,4,5,5,5,4,5,16,12,12,16,25,20,20,25,1.8,5.2,15,0.5,88.0
I0505,U051,comfort_oriented,P011,library_11,synthetic,train,4,4,3,4,5,4,5,5,5,4,library,deep_study,mostly_solo,over_4h,evening,1,0,1,1,1,1,1,1,1,1,1,library,team_project,5_plus,2_4h,afternoon,weekend,15.3,hot,indoor,sometimes,5,4,4,4,2,4,4,2,4,3,20,16,12,16,20,20,10,20,1.0,7.6,6,0.5,75.4
I0506,U051,comfort_oriented,P100,dorm_lounge_04,synthetic,train,4,4,3,4,5,4,5,5,5,4,library,deep_study,mostly_solo,over_4h,evening,1,0,1,1,1,1,1,1,1,1,1,dorm_lounge,coding,solo,2_4h,late_night,weekday,9.2,rainy,indoor,first_time,3,4,2,3,3,4,3,3,4,4,12,16,6,12,15,20,15,20,3.6,4.6,12,0.5,61.7
I0507,U051,comfort_oriented,P050,cafe_14,synthetic,train,4,4,3,4,5,4,5,5,5,4,library,deep_study,mostly_solo,over_4h,evening,1,0,1,1,1,1,1,1,1,1,1,cafe,report_writing,solo,over_4h,afternoon,weekday,6.7,clear,indoor,rarely,3,5,2,3,2,4,3,4,4,3,12,20,6,12,15,20,10,20,3.4,3.4,16,0.5,68.3
I0508,U051,comfort_oriented,P050,cafe_14,synthetic,train,4,4,3,4,5,4,5,5,5,4,library,deep_study,mostly_solo,over_4h,evening,1,0,1,1,1,1,1,1,1,1,1,cafe,deep_study,solo,over_4h,evening,weekday,15.1,clear,indoor,often,3,5,2,3,2,4,3,3,4,3,12,20,6,12,15,20,10,20,4.0,7.6,12,1,57.1
I0509,U051,comfort_oriented,P057,home_03,synthetic,train,4,4,3,4,5,4,5,5,5,4,library,deep_study,mostly_solo,over_4h,evening,1,0,1,1,1,1,1,1,1,1,1,home,report_writing,2,over_4h,evening,weekday,10.0,cloudy,indoor,first_time,3,4,4,4,5,4,5,4,5,4,12,16,12,16,25,25,25,20,3.4,5.0,16,1,78.5
I0510,U051,comfort_oriented,P024,study_room_06,synthetic,train,4,4,3,4,5,4,5,5,5,4,library,deep_study,mostly_solo,over_4h,evening,1,0,1,1,1,1,1,1,1,1,1,study_room,deep_study,solo,2_4h,evening,weekday,5.6,clear,indoor,first_time,4,4,3,4,3,4,4,4,4,3,16,16,9,16,20,20,15,20,4.0,2.8,16,1,70.5
I0511,U052,convenience_oriented,P065,classroom_03,synthetic,train,4,4,4,2,4,5,3,3,4,3,home,report_writing,mixed,2_4h,evening,1,1,0,0,1,1,1,1,1,1,0,classroom,team_project,3_4,2_4h,late_night,weekday,13.9,cloudy,indoor,rarely,4,4,3,3,3,3,4,4,3,3,16,16,12,6,16,9,9,12,0.8,8.7,12,0.5,58.1
I0512,U052,convenience_oriented,P004,library_04,synthetic,train,4,4,4,2,4,5,3,3,4,3,home,report_writing,mixed,2_4h,evening,1,1,0,0,1,1,1,1,1,1,0,library,coding,solo,under_1h,early_morning,weekend,1.0,rainy,indoor,sometimes,5,3,3,4,2,4,4,4,3,4,20,12,12,8,16,9,6,16,2.7,0.6,12,0,58.9
I0513,U052,convenience_oriented,P030,study_room_12,synthetic,train,4,4,4,2,4,5,3,3,4,3,home,report_writing,mixed,2_4h,evening,1,1,0,0,1,1,1,1,1,1,0,study_room,online_class,solo,2_4h,evening,weekend,10.6,clear,indoor,first_time,5,4,3,4,3,3,4,3,4,4,20,16,12,8,16,12,9,12,2.0,6.6,9,1,65.5
I0514,U052,convenience_oriented,P114,outdoor_06,synthetic,train,4,4,4,2,4,5,3,3,4,3,home,report_writing,mixed,2_4h,evening,1,1,0,0,1,1,1,1,1,1,0,outdoor,coding,2,under_1h,evening,weekday,14.7,cloudy,outdoor,often,3,4,3,3,2,2,1,2,3,3,12,16,12,6,4,9,6,8,2.7,9.2,6,1,45.6
I0515,U052,convenience_oriented,P008,library_08,synthetic,train,4,4,4,2,4,5,3,3,4,3,home,report_writing,mixed,2_4h,evening,1,1,0,0,1,1,1,1,1,1,0,library,coding,solo,2_4h,afternoon,weekday,11.1,rainy,indoor,rarely,5,5,4,4,2,3,4,4,4,4,20,20,16,8,16,12,6,12,2.7,6.9,12,0.5,67.3
I0516,U052,convenience_oriented,P046,cafe_10,synthetic,train,4,4,4,2,4,5,3,3,4,3,home,report_writing,mixed,2_4h,evening,1,1,0,0,1,1,1,1,1,1,0,cafe,meeting,3_4,over_4h,evening,weekend,4.5,hot,indoor,sometimes,3,4,2,3,2,4,3,4,3,3,12,16,8,6,12,9,6,16,0.6,2.8,12,1,68.5
I0517,U052,convenience_oriented,P036,study_room_18,synthetic,train,4,4,4,2,4,5,3,3,4,3,home,report_writing,mixed,2_4h,evening,1,1,0,0,1,1,1,1,1,1,0,study_room,coding,solo,1_2h,evening,weekend,15.5,cold,indoor,sometimes,5,4,4,4,4,4,5,5,4,4,20,16,16,8,20,12,12,16,2.7,9.7,15,1,67.7
I0518,U052,convenience_oriented,P027,study_room_09,synthetic,train,4,4,4,2,4,5,3,3,4,3,home,report_writing,mixed,2_4h,evening,1,1,0,0,1,1,1,1,1,1,0,study_room,light_reading,solo,under_1h,evening,weekend,7.0,hot,indoor,rarely,5,3,3,4,4,3,3,4,3,3,20,12,12,8,12,9,12,12,1.4,4.4,12,1,80.7
I0519,U052,convenience_oriented,P091,coworking_space_07,synthetic,train,4,4,4,2,4,5,3,3,4,3,home,report_writing,mixed,2_4h,evening,1,1,0,0,1,1,1,1,1,1,0,coworking_space,coding,solo,2_4h,afternoon,weekday,16.3,cloudy,indoor,often,4,4,4,3,4,5,4,5,3,4,16,16,16,6,16,9,12,20,2.7,10.2,15,0.5,62.2
I0520,U052,convenience_oriented,P063,classroom_01,synthetic,train,4,4,4,2,4,5,3,3,4,3,home,report_writing,mixed,2_4h,evening,1,1,0,0,1,1,1,1,1,1,0,classroom,report_writing,2,over_4h,evening,weekend,8.0,clear,indoor,often,3,4,3,3,2,3,3,3,3,3,12,16,12,6,12,9,6,12,2.6,5.0,9,1,52.1
I0521,U053,quiet_deepwork,P005,library_05,synthetic,train,5,4,4,5,3,3,4,3,4,5,coworking_space,report_writing,mostly_solo,1_2h,evening,1,1,1,1,0,0,1,0,0,1,1,library,coding,solo,1_2h,evening,weekday,9.4,cloudy,indoor,sometimes,5,4,4,5,3,4,4,4,4,4,25,16,16,25,12,16,9,16,4.5,3.5,20,1,74.0
I0522,U053,quiet_deepwork,P068,classroom_06,synthetic,train,5,4,4,5,3,3,4,3,4,5,coworking_space,report_writing,mostly_solo,1_2h,evening,1,1,1,1,0,0,1,0,0,1,1,classroom,light_reading,solo,1_2h,evening,weekend,15.2,hot,indoor,sometimes,3,4,3,3,2,3,3,3,2,4,15,16,12,15,9,8,6,12,2.3,5.7,9,1,55.4
I0523,U053,quiet_deepwork,P005,library_05,synthetic,train,5,4,4,5,3,3,4,3,4,5,coworking_space,report_writing,mostly_solo,1_2h,evening,1,1,1,1,0,0,1,0,0,1,1,library,light_reading,solo,under_1h,late_night,weekend,6.3,clear,indoor,often,5,4,4,5,3,4,4,4,4,4,25,16,16,25,12,16,9,16,2.3,2.4,12,0.5,79.7
I0524,U053,quiet_deepwork,P082,computer_lab_08,synthetic,train,5,4,4,5,3,3,4,3,4,5,coworking_space,report_writing,mostly_solo,1_2h,evening,1,1,1,1,0,0,1,0,0,1,1,computer_lab,light_reading,solo,2_4h,morning,weekday,3.6,cloudy,indoor,often,3,4,4,4,3,3,5,2,3,3,15,16,16,20,15,12,9,12,2.3,1.4,6,0,67.0
I0525,U053,quiet_deepwork,P030,study_room_12,synthetic,train,5,4,4,5,3,3,4,3,4,5,coworking_space,report_writing,mostly_solo,1_2h,evening,1,1,1,1,0,0,1,0,0,1,1,study_room,coding,solo,2_4h,afternoon,weekday,17.8,clear,indoor,first_time,5,4,3,4,3,3,4,4,4,4,25,16,12,20,12,16,9,12,4.5,6.7,20,0.5,88.0
I0526,U053,quiet_deepwork,P058,home_04,synthetic,train,5,4,4,5,3,3,4,3,4,5,coworking_space,report_writing,mostly_solo,1_2h,evening,1,1,1,1,0,0,1,0,0,1,1,home,online_class,2,1_2h,early_morning,weekend,21.4,cloudy,indoor,rarely,4,3,4,3,4,5,4,4,4,4,20,12,16,15,12,16,12,20,3.3,8.0,12,0,66.6
I0527,U053,quiet_deepwork,P034,study_room_16,synthetic,train,5,4,4,5,3,3,4,3,4,5,coworking_space,report_writing,mostly_solo,1_2h,evening,1,1,1,1,0,0,1,0,0,1,1,study_room,deep_study,solo,2_4h,late_night,weekday,7.3,clear,indoor,sometimes,4,4,4,4,4,3,4,4,5,3,20,16,16,20,12,20,12,12,5.0,2.7,20,0.5,67.4
I0528,U053,quiet_deepwork,P017,library_17,synthetic,train,5,4,4,5,3,3,4,3,4,5,coworking_space,report_writing,mostly_solo,1_2h,evening,1,1,1,1,0,0,1,0,0,1,1,library,report_writing,solo,over_4h,afternoon,weekday,13.3,clear,indoor,rarely,5,4,4,5,3,3,4,4,5,4,25,16,16,25,12,20,9,12,4.3,5.0,20,0.5,86.5
I0529,U053,quiet_deepwork,P001,library_01,synthetic,train,5,4,4,5,3,3,4,3,4,5,coworking_space,report_writing,mostly_solo,1_2h,evening,1,1,1,1,0,0,1,0,0,1,1,library,report_writing,solo,2_4h,evening,weekend,6.6,clear,indoor,rarely,5,4,4,5,2,3,4,4,4,4,25,16,16,25,12,16,6,12,4.3,2.5,20,1,80.0
I0530,U053,quiet_deepwork,P054,cafe_18,synthetic,train,5,4,4,5,3,3,4,3,4,5,coworking_space,report_writing,mostly_solo,1_2h,evening,1,1,1,1,0,0,1,0,0,1,1,cafe,online_class,solo,1_2h,early_morning,weekend,10.4,hot,indoor,rarely,3,5,2,3,2,3,3,3,4,3,15,20,8,15,9,16,6,12,3.3,3.9,9,0,62.6
I0531,U054,convenience_oriented,P022,study_room_04,synthetic,train,4,3,4,3,5,5,3,3,5,4,cafe,online_class,mostly_solo,1_2h,evening,1,1,0,0,1,1,1,1,1,1,0,study_room,report_writing,solo,over_4h,late_night,weekday,7.0,cloudy,indoor,sometimes,4,5,3,4,5,3,4,4,4,4,16,15,12,12,20,12,15,15,3.4,4.4,16,0.5,67.9
I0532,U054,convenience_oriented,P001,library_01,synthetic,train,4,3,4,3,5,5,3,3,5,4,cafe,online_class,mostly_solo,1_2h,evening,1,1,0,0,1,1,1,1,1,1,0,library,team_project,2,1_2h,afternoon,weekday,7.5,clear,indoor,sometimes,5,4,4,5,2,3,4,4,4,4,20,12,16,15,20,12,6,15,1.0,4.7,12,0.5,68.0
I0533,U054,convenience_oriented,P114,outdoor_06,synthetic,train,4,3,4,3,5,5,3,3,5,4,cafe,online_class,mostly_solo,1_2h,evening,1,1,0,0,1,1,1,1,1,1,0,outdoor,coding,solo,2_4h,afternoon,weekday,13.0,clear,outdoor,often,3,4,3,3,2,2,1,1,3,3,12,12,12,9,5,9,6,10,3.6,8.1,4,0.5,40.0
I0534,U054,convenience_oriented,P060,home_06,synthetic,train,4,3,4,3,5,5,3,3,5,4,cafe,online_class,mostly_solo,1_2h,evening,1,1,0,0,1,1,1,1,1,1,0,home,coding,solo,1_2h,late_night,weekend,17.5,clear,indoor,sometimes,4,3,5,5,4,5,5,5,4,5,16,9,20,15,25,12,12,25,3.6,11.0,20,0.5,75.2
I0535,U054,convenience_oriented,P035,study_room_17,synthetic,train,4,3,4,3,5,5,3,3,5,4,cafe,online_class,mostly_solo,1_2h,evening,1,1,0,0,1,1,1,1,1,1,0,study_room,report_writing,solo,2_4h,morning,weekday,1.0,rainy,indoor,first_time,4,4,4,4,3,4,5,5,4,3,16,12,16,12,25,12,9,20,3.4,0.6,20,0,78.4
I0536,U054,convenience_oriented,P073,classroom_11,synthetic,train,4,3,4,3,5,5,3,3,5,4,cafe,online_class,mostly_solo,1_2h,evening,1,1,0,0,1,1,1,1,1,1,0,classroom,report_writing,solo,under_1h,afternoon,weekday,10.5,clear,indoor,sometimes,4,5,3,3,4,3,3,3,3,4,16,15,12,9,15,9,12,15,3.4,6.6,12,0.5,48.1
I0537,U054,convenience_oriented,P009,library_09,synthetic,train,4,3,4,3,5,5,3,3,5,4,cafe,online_class,mostly_solo,1_2h,evening,1,1,0,0,1,1,1,1,1,1,0,library,meeting,5_plus,over_4h,morning,weekday,9.5,clear,indoor,first_time,4,4,3,4,2,4,4,3,4,4,16,12,12,12,20,12,6,20,0.8,6.0,9,0,60.9
I0538,U054,convenience_oriented,P047,cafe_11,synthetic,train,4,3,4,3,5,5,3,3,5,4,cafe,online_class,mostly_solo,1_2h,evening,1,1,0,0,1,1,1,1,1,1,0,cafe,coding,solo,over_4h,evening,weekday,10.6,clear,indoor,rarely,3,4,3,3,2,4,3,3,4,3,12,12,12,9,15,12,6,20,3.6,6.6,12,1,57.6
I0539,U054,convenience_oriented,P047,cafe_11,synthetic,train,4,3,4,3,5,5,3,3,5,4,cafe,online_class,mostly_solo,1_2h,evening,1,1,0,0,1,1,1,1,1,1,0,cafe,light_reading,solo,1_2h,morning,weekday,13.8,cloudy,indoor,rarely,3,4,3,3,2,4,3,4,4,3,12,12,12,9,15,12,6,20,1.8,8.6,12,0,59.5
I0540,U054,convenience_oriented,P035,study_room_17,synthetic,train,4,3,4,3,5,5,3,3,5,4,cafe,online_class,mostly_solo,1_2h,evening,1,1,0,0,1,1,1,1,1,1,0,study_room,team_project,3_4,over_4h,morning,weekday,6.1,clear,indoor,rarely,4,4,4,4,3,4,5,5,4,3,16,12,16,12,25,12,9,20,1.0,3.8,15,0,70.7
I0541,U055,quiet_deepwork,P107,dorm_lounge_11,synthetic,train,4,4,5,3,4,4,4,3,4,5,home,deep_study,mostly_solo,1_2h,early_morning,1,1,0,1,1,1,1,1,1,1,0,dorm_lounge,coding,solo,2_4h,afternoon,weekday,23.4,cloudy,indoor,rarely,3,4,3,3,3,4,3,3,3,3,12,16,15,9,12,12,9,16,4.5,11.7,15,0,45.2
I0542,U055,quiet_deepwork,P007,library_07,synthetic,train,4,4,5,3,4,4,4,3,4,5,home,deep_study,mostly_solo,1_2h,early_morning,1,1,0,1,1,1,1,1,1,1,0,library,coding,solo,over_4h,evening,weekday,11.5,rainy,indoor,rarely,5,4,3,4,3,3,4,4,4,4,20,16,15,12,16,16,9,12,4.5,5.8,20,0,74.3
I0543,U055,quiet_deepwork,P085,coworking_space_01,synthetic,train,4,4,5,3,4,4,4,3,4,5,home,deep_study,mostly_solo,1_2h,early_morning,1,1,0,1,1,1,1,1,1,1,0,coworking_space,deep_study,solo,under_1h,early_morning,weekday,1.9,rainy,indoor,sometimes,3,5,2,3,4,3,4,3,4,3,12,20,10,9,16,16,12,12,5.0,1.0,15,1,64.8
I0544,U055,quiet_deepwork,P083,computer_lab_09,synthetic,train,4,4,5,3,4,4,4,3,4,5,home,deep_study,mostly_solo,1_2h,early_morning,1,1,0,1,1,1,1,1,1,1,0,computer_lab,report_writing,2,2_4h,late_night,weekday,2.9,cloudy,indoor,sometimes,4,4,3,3,4,3,5,4,4,3,16,16,15,9,20,16,12,12,4.3,1.5,20,0,65.2
I0545,U055,quiet_deepwork,P018,library_18,synthetic,train,4,4,5,3,4,4,4,3,4,5,home,deep_study,mostly_solo,1_2h,early_morning,1,1,0,1,1,1,1,1,1,1,0,library,online_class,2,1_2h,early_morning,weekday,8.6,hot,indoor,sometimes,5,4,3,4,3,3,4,3,4,3,20,16,15,12,16,16,9,12,3.3,4.3,9,1,69.9
I0546,U055,quiet_deepwork,P103,dorm_lounge_07,synthetic,train,4,4,5,3,4,4,4,3,4,5,home,deep_study,mostly_solo,1_2h,early_morning,1,1,0,1,1,1,1,1,1,1,0,dorm_lounge,deep_study,solo,2_4h,early_morning,weekday,18.5,clear,indoor,sometimes,3,4,3,3,4,4,5,3,3,3,12,16,15,9,20,12,12,16,5.0,9.3,15,1,67.7
I0547,U055,quiet_deepwork,P030,study_room_12,synthetic,train,4,4,5,3,4,4,4,3,4,5,home,deep_study,mostly_solo,1_2h,early_morning,1,1,0,1,1,1,1,1,1,1,0,study_room,coding,solo,1_2h,early_morning,weekday,16.5,hot,indoor,first_time,5,4,3,4,3,3,4,5,4,4,20,16,15,12,16,16,9,12,4.5,8.2,25,1,78.7
I0548,U055,quiet_deepwork,P067,classroom_05,synthetic,train,4,4,5,3,4,4,4,3,4,5,home,deep_study,mostly_solo,1_2h,early_morning,1,1,0,1,1,1,1,1,1,1,0,classroom,light_reading,solo,2_4h,morning,weekday,4.8,cloudy,indoor,sometimes,3,4,3,3,3,2,3,3,3,3,12,16,15,9,12,12,9,8,2.3,2.4,9,0.5,54.3
I0549,U055,quiet_deepwork,P076,computer_lab_02,synthetic,train,4,4,5,3,4,4,4,3,4,5,home,deep_study,mostly_solo,1_2h,early_morning,1,1,0,1,1,1,1,1,1,1,0,computer_lab,report_writing,solo,2_4h,evening,weekend,14.4,cloudy,indoor,sometimes,3,5,3,4,4,3,4,4,3,4,12,20,15,12,16,12,12,12,4.3,7.2,20,0,79.2
I0550,U055,quiet_deepwork,P112,outdoor_04,synthetic,train,4,4,5,3,4,4,4,3,4,5,home,deep_study,mostly_solo,1_2h,early_morning,1,1,0,1,1,1,1,1,1,1,0,outdoor,deep_study,solo,over_4h,morning,weekday,11.5,cloudy,outdoor,first_time,3,4,3,3,2,3,1,3,3,2,12,16,15,9,4,12,6,12,5.0,5.8,15,0.5,52.2
I0551,U056,balanced,P092,coworking_space_08,synthetic,valid,5,3,3,3,3,4,5,3,4,3,study_room,coding,mixed,1_2h,evening,1,0,0,1,0,1,1,0,1,1,0,coworking_space,coding,solo,2_4h,morning,weekend,10.4,clear,indoor,rarely,2,4,3,4,3,4,4,5,4,3,10,12,9,12,12,20,9,16,2.7,5.2,15,0,62.6
I0552,U056,balanced,P030,study_room_12,synthetic,valid,5,3,3,3,3,4,5,3,4,3,study_room,coding,mixed,1_2h,evening,1,0,0,1,0,1,1,0,1,1,0,study_room,online_class,2,1_2h,evening,weekday,9.1,cloudy,indoor,sometimes,5,4,3,4,3,3,4,4,4,4,25,12,9,12,12,20,9,12,2.0,4.6,12,1,54.7
I0553,U056,balanced,P033,study_room_15,synthetic,valid,5,3,3,3,3,4,5,3,4,3,study_room,coding,mixed,1_2h,evening,1,0,0,1,0,1,1,0,1,1,0,study_room,light_reading,solo,over_4h,morning,weekday,7.3,clear,indoor,sometimes,5,3,4,3,4,4,4,4,5,4,25,9,12,9,12,25,12,16,1.4,3.6,12,0,68.7
I0554,U056,balanced,P018,library_18,synthetic,valid,5,3,3,3,3,4,5,3,4,3,study_room,coding,mixed,1_2h,evening,1,0,0,1,0,1,1,0,1,1,0,library,coding,solo,2_4h,morning,weekday,8.2,clear,indoor,sometimes,5,4,3,4,3,3,4,3,4,3,25,12,9,12,12,20,9,12,2.7,4.1,9,0,67.6
I0555,U056,balanced,P052,cafe_16,synthetic,valid,5,3,3,3,3,4,5,3,4,3,study_room,coding,mixed,1_2h,evening,1,0,0,1,0,1,1,0,1,1,0,cafe,team_project,5_plus,under_1h,evening,weekday,14.8,cold,indoor,sometimes,3,5,3,2,2,3,3,4,4,3,15,15,9,6,9,20,6,12,0.8,7.4,12,1,65.1
I0556,U056,balanced,P027,study_room_09,synthetic,valid,5,3,3,3,3,4,5,3,4,3,study_room,coding,mixed,1_2h,evening,1,0,0,1,0,1,1,0,1,1,0,study_room,coding,solo,1_2h,afternoon,weekend,9.3,clear,indoor,first_time,5,3,3,4,4,3,3,5,3,3,25,9,9,12,9,15,12,12,2.7,4.6,15,0.5,64.5
I0557,U056,balanced,P085,coworking_space_01,synthetic,valid,5,3,3,3,3,4,5,3,4,3,study_room,coding,mixed,1_2h,evening,1,0,0,1,0,1,1,0,1,1,0,coworking_space,report_writing,solo,over_4h,morning,weekend,1.8,rainy,indoor,sometimes,3,5,2,3,4,3,4,4,4,3,15,15,6,9,12,20,12,12,2.6,0.9,12,0,53.5
I0558,U056,balanced,P029,study_room_11,synthetic,valid,5,3,3,3,3,4,5,3,4,3,study_room,coding,mixed,1_2h,evening,1,0,0,1,0,1,1,0,1,1,0,study_room,coding,solo,1_2h,morning,weekday,8.1,clear,indoor,often,4,4,3,4,2,4,4,5,4,3,20,12,9,12,12,20,6,16,2.7,4.1,15,0,77.3
I0559,U056,balanced,P051,cafe_15,synthetic,valid,5,3,3,3,3,4,5,3,4,3,study_room,coding,mixed,1_2h,evening,1,0,0,1,0,1,1,0,1,1,0,cafe,team_project,5_plus,2_4h,morning,weekend,18.7,cloudy,indoor,sometimes,3,4,2,3,3,4,3,4,4,3,15,12,6,9,9,20,9,16,0.8,9.4,12,0,67.0
I0560,U056,balanced,P008,library_08,synthetic,valid,5,3,3,3,3,4,5,3,4,3,study_room,coding,mixed,1_2h,evening,1,0,0,1,0,1,1,0,1,1,0,library,coding,solo,2_4h,evening,weekday,13.6,cloudy,indoor,often,5,5,4,4,2,3,4,4,4,4,25,15,12,12,12,20,6,12,2.7,6.8,12,1,68.4
I0561,U057,social_collaborative,P051,cafe_15,synthetic,test,3,4,2,2,5,3,4,3,4,3,cafe,online_class,mostly_group,over_4h,evening,0,0,0,1,1,0,0,1,0,1,0,cafe,team_project,2,over_4h,afternoon,weekday,13.0,cold,indoor,first_time,3,4,2,3,3,4,3,5,4,3,9,16,4,6,15,16,9,16,0.8,4.9,15,0.5,62.3
I0562,U057,social_collaborative,P107,dorm_lounge_11,synthetic,test,3,4,2,2,5,3,4,3,4,3,cafe,online_class,mostly_group,over_4h,evening,0,0,0,1,1,0,0,1,0,1,0,dorm_lounge,meeting,2,1_2h,morning,weekend,27.6,clear,indoor,rarely,3,4,3,3,3,4,3,5,3,3,9,16,6,6,15,12,9,16,0.6,10.3,15,0,39.7
I0563,U057,social_collaborative,P035,study_room_17,synthetic,test,3,4,2,2,5,3,4,3,4,3,cafe,online_class,mostly_group,over_4h,evening,0,0,0,1,1,0,0,1,0,1,0,study_room,online_class,solo,under_1h,afternoon,weekday,8.8,cloudy,indoor,sometimes,4,4,4,4,3,4,5,4,4,3,12,16,8,8,25,16,9,16,2.0,3.3,12,0.5,68.7
I0564,U057,social_collaborative,P098,dorm_lounge_02,synthetic,test,3,4,2,2,5,3,4,3,4,3,cafe,online_class,mostly_group,over_4h,evening,0,0,0,1,1,0,0,1,0,1,0,dorm_lounge,team_project,3_4,1_2h,afternoon,weekday,14.5,clear,indoor,often,3,4,3,2,3,4,4,3,4,3,9,16,6,4,20,16,9,16,0.8,5.4,9,0.5,63.5
I0565,U057,social_collaborative,P112,outdoor_04,synthetic,test,3,4,2,2,5,3,4,3,4,3,cafe,online_class,mostly_group,over_4h,evening,0,0,0,1,1,0,0,1,0,1,0,outdoor,report_writing,solo,over_4h,afternoon,weekday,9.3,cloudy,outdoor,sometimes,3,4,3,3,2,3,1,2,3,2,9,16,6,6,5,12,6,12,2.6,3.5,6,0.5,49.1
I0566,U057,social_collaborative,P020,study_room_02,synthetic,test,3,4,2,2,5,3,4,3,4,3,cafe,online_class,mostly_group,over_4h,evening,0,0,0,1,1,0,0,1,0,1,0,study_room,light_reading,solo,over_4h,morning,weekday,11.5,cloudy,indoor,sometimes,4,4,4,5,3,4,4,3,4,4,12,16,8,10,20,16,9,16,1.4,4.3,9,0,64.8
I0567,U057,social_collaborative,P040,cafe_04,synthetic,test,3,4,2,2,5,3,4,3,4,3,cafe,online_class,mostly_group,over_4h,evening,0,0,0,1,1,0,0,1,0,1,0,cafe,online_class,2,2_4h,evening,weekday,2.5,clear,indoor,first_time,3,4,2,3,3,4,3,3,4,3,9,16,4,6,15,16,9,16,2.0,0.9,9,1,61.4
I0568,U057,social_collaborative,P065,classroom_03,synthetic,test,3,4,2,2,5,3,4,3,4,3,cafe,online_class,mostly_group,over_4h,evening,0,0,0,1,1,0,0,1,0,1,0,classroom,report_writing,solo,1_2h,afternoon,weekday,10.1,rainy,indoor,sometimes,4,4,3,3,3,3,4,4,3,3,12,16,6,6,20,12,9,12,2.6,3.8,12,0.5,71.8
I0569,U057,social_collaborative,P094,coworking_space_10,synthetic,test,3,4,2,2,5,3,4,3,4,3,cafe,online_class,mostly_group,over_4h,evening,0,0,0,1,1,0,0,1,0,1,0,coworking_space,meeting,2,2_4h,evening,weekday,3.5,rainy,indoor,sometimes,3,5,3,4,3,4,3,5,4,4,9,20,6,8,15,16,9,16,0.6,1.3,15,1,59.4
I0570,U057,social_collaborative,P100,dorm_lounge_04,synthetic,test,3,4,2,2,5,3,4,3,4,3,cafe,online_class,mostly_group,over_4h,evening,0,0,0,1,1,0,0,1,0,1,0,dorm_lounge,meeting,2,2_4h,late_night,weekday,5.5,hot,indoor,rarely,3,4,2,3,3,4,3,4,4,4,9,16,4,6,15,16,9,16,0.6,2.1,12,0.5,54.8
I0571,U058,quiet_deepwork,P017,library_17,synthetic,train,5,4,5,5,3,3,4,5,4,4,study_room,light_reading,mostly_solo,1_2h,late_night,1,1,1,1,0,0,1,0,0,1,1,library,light_reading,solo,over_4h,evening,weekday,8.6,cloudy,indoor,sometimes,5,4,4,5,3,3,4,4,5,4,25,16,20,25,12,20,15,12,1.8,3.2,12,0.5,77.9
I0572,U058,quiet_deepwork,P082,computer_lab_08,synthetic,train,5,4,5,5,3,3,4,5,4,4,study_room,light_reading,mostly_solo,1_2h,late_night,1,1,1,1,0,0,1,0,0,1,1,computer_lab,deep_study,3_4,2_4h,morning,weekend,5.9,cold,indoor,often,3,4,4,4,3,3,5,3,3,3,15,16,20,20,15,12,15,12,4.0,2.2,12,0,54.0
I0573,U058,quiet_deepwork,P014,library_14,synthetic,train,5,4,5,5,3,3,4,5,4,4,study_room,light_reading,mostly_solo,1_2h,late_night,1,1,1,1,0,0,1,0,0,1,1,library,coding,solo,over_4h,early_morning,weekend,11.5,cloudy,indoor,first_time,5,4,5,4,3,4,4,4,4,4,25,16,25,20,12,16,15,16,3.6,4.3,16,0,87.1
I0574,U058,quiet_deepwork,P025,study_room_07,synthetic,train,5,4,5,5,3,3,4,5,4,4,study_room,light_reading,mostly_solo,1_2h,late_night,1,1,1,1,0,0,1,0,0,1,1,study_room,deep_study,solo,2_4h,late_night,weekend,5.3,clear,indoor,sometimes,4,4,3,4,4,4,4,5,4,3,20,16,15,20,12,16,20,16,4.0,2.0,20,1,85.4
I0575,U058,quiet_deepwork,P027,study_room_09,synthetic,train,5,4,5,5,3,3,4,5,4,4,study_room,light_reading,mostly_solo,1_2h,late_night,1,1,1,1,0,0,1,0,0,1,1,study_room,report_writing,solo,1_2h,late_night,weekday,7.9,rainy,indoor,first_time,5,3,3,4,4,3,3,5,3,3,25,12,15,20,9,12,20,12,3.4,3.0,20,1,75.1
I0576,U058,quiet_deepwork,P011,library_11,synthetic,train,5,4,5,5,3,3,4,5,4,4,study_room,light_reading,mostly_solo,1_2h,late_night,1,1,1,1,0,0,1,0,0,1,1,library,deep_study,solo,over_4h,afternoon,weekday,15.7,clear,indoor,rarely,5,4,4,4,2,4,4,5,4,3,25,16,20,20,12,16,10,16,4.0,5.9,20,0,74.9
I0577,U058,quiet_deepwork,P030,study_room_12,synthetic,train,5,4,5,5,3,3,4,5,4,4,study_room,light_reading,mostly_solo,1_2h,late_night,1,1,1,1,0,0,1,0,0,1,1,study_room,deep_study,solo,over_4h,afternoon,weekday,13.5,hot,indoor,sometimes,5,4,3,4,3,3,4,5,4,4,25,16,15,20,12,16,15,12,4.0,5.1,20,0,75.0
I0578,U058,quiet_deepwork,P084,computer_lab_10,synthetic,train,5,4,5,5,3,3,4,5,4,4,study_room,light_reading,mostly_solo,1_2h,late_night,1,1,1,1,0,0,1,0,0,1,1,computer_lab,online_class,2,2_4h,late_night,weekday,12.9,clear,indoor,first_time,4,4,3,4,3,3,4,4,3,2,20,16,15,20,12,12,15,12,2.6,4.9,12,1,63.0
I0579,U058,quiet_deepwork,P090,coworking_space_06,synthetic,train,5,4,5,5,3,3,4,5,4,4,study_room,light_reading,mostly_solo,1_2h,late_night,1,1,1,1,0,0,1,0,0,1,1,coworking_space,deep_study,5_plus,2_4h,evening,weekend,11.0,clear,indoor,often,3,4,3,4,4,4,4,4,4,3,15,16,15,20,12,16,20,16,4.0,4.1,16,0.5,74.5
I0580,U058,quiet_deepwork,P078,computer_lab_04,synthetic,train,5,4,5,5,3,3,4,5,4,4,study_room,light_reading,mostly_solo,1_2h,late_night,1,1,1,1,0,0,1,0,0,1,1,computer_lab,coding,solo,1_2h,evening,weekday,7.4,cloudy,indoor,sometimes,4,4,4,4,3,3,5,5,4,3,20,16,20,20,15,16,15,12,3.6,2.8,20,0.5,78.0
I0581,U059,quiet_deepwork,P044,cafe_08,synthetic,train,5,4,5,5,4,3,4,3,5,4,computer_lab,coding,mostly_solo,2_4h,afternoon,1,1,1,1,1,0,1,1,0,1,1,cafe,coding,2,2_4h,morning,weekday,15.7,clear,indoor,sometimes,3,4,3,4,2,4,3,4,4,2,15,16,15,20,12,16,6,20,3.6,5.9,16,0.5,70.2
I0582,U059,quiet_deepwork,P064,classroom_02,synthetic,train,5,4,5,5,4,3,4,3,5,4,computer_lab,coding,mostly_solo,2_4h,afternoon,1,1,1,1,1,0,1,1,0,1,1,classroom,online_class,solo,2_4h,afternoon,weekend,7.1,cold,indoor,sometimes,4,4,3,3,3,3,3,4,3,3,20,16,15,15,12,12,9,15,2.6,2.7,12,1,68.0
I0583,U059,quiet_deepwork,P098,dorm_lounge_02,synthetic,train,5,4,5,5,4,3,4,3,5,4,computer_lab,coding,mostly_solo,2_4h,afternoon,1,1,1,1,1,0,1,1,0,1,1,dorm_lounge,team_project,3_4,over_4h,afternoon,weekend,20.6,clear,indoor,sometimes,3,4,3,2,3,4,4,4,4,3,15,16,15,10,16,16,9,20,1.0,7.7,12,1,75.3
I0584,U059,quiet_deepwork,P060,home_06,synthetic,train,5,4,5,5,4,3,4,3,5,4,computer_lab,coding,mostly_solo,2_4h,afternoon,1,1,1,1,1,0,1,1,0,1,1,home,coding,solo,over_4h,morning,weekday,10.5,clear,indoor,sometimes,4,3,5,5,4,5,5,5,4,5,20,12,25,25,20,16,12,25,3.6,3.9,20,0.5,82.2
I0585,U059,quiet_deepwork,P018,library_18,synthetic,train,5,4,5,5,4,3,4,3,5,4,computer_lab,coding,mostly_solo,2_4h,afternoon,1,1,1,1,1,0,1,1,0,1,1,library,coding,solo,under_1h,evening,weekday,14.3,hot,indoor,rarely,5,4,3,4,3,3,4,4,4,3,25,16,15,20,16,16,9,15,3.6,5.4,16,0.5,73.8
I0586,U059,quiet_deepwork,P099,dorm_lounge_03,synthetic,train,5,4,5,5,4,3,4,3,5,4,computer_lab,coding,mostly_solo,2_4h,afternoon,1,1,1,1,1,0,1,1,0,1,1,dorm_lounge,meeting,5_plus,1_2h,afternoon,weekday,10.7,clear,indoor,often,4,4,3,3,3,3,4,4,3,3,20,16,15,15,16,12,9,15,0.8,4.0,12,1,69.8
I0587,U059,quiet_deepwork,P080,computer_lab_06,synthetic,train,5,4,5,5,4,3,4,3,5,4,computer_lab,coding,mostly_solo,2_4h,afternoon,1,1,1,1,1,0,1,1,0,1,1,computer_lab,deep_study,solo,1_2h,late_night,weekday,7.8,cold,indoor,sometimes,4,4,4,3,3,4,4,4,4,3,20,16,20,15,16,16,9,20,4.0,2.9,16,0,78.6
I0588,U059,quiet_deepwork,P059,home_05,synthetic,train,5,4,5,5,4,3,4,3,5,4,computer_lab,coding,mostly_solo,2_4h,afternoon,1,1,1,1,1,0,1,1,0,1,1,home,deep_study,solo,under_1h,afternoon,weekday,14.9,cloudy,indoor,sometimes,4,5,5,4,5,4,4,4,5,5,20,20,25,20,16,20,15,20,4.0,5.6,16,1,92.8
I0589,U059,quiet_deepwork,P015,library_15,synthetic,train,5,4,5,5,4,3,4,3,5,4,computer_lab,coding,mostly_solo,2_4h,afternoon,1,1,1,1,1,0,1,1,0,1,1,library,report_writing,2,2_4h,afternoon,weekday,14.8,clear,indoor,often,4,4,4,5,2,4,3,5,4,4,20,16,20,25,12,16,6,20,3.4,5.5,20,1,83.2
I0590,U059,quiet_deepwork,P007,library_07,synthetic,train,5,4,5,5,4,3,4,3,5,4,computer_lab,coding,mostly_solo,2_4h,afternoon,1,1,1,1,1,0,1,1,0,1,1,library,deep_study,solo,2_4h,afternoon,weekday,9.7,hot,indoor,often,5,4,3,4,3,3,4,4,4,4,25,16,15,20,16,16,9,15,4.0,3.6,16,1,74.2
I0591,U060,quiet_deepwork,P106,dorm_lounge_10,synthetic,train,4,4,5,5,3,3,4,3,3,5,library,deep_study,mostly_solo,1_2h,late_night,1,1,1,1,0,0,1,0,0,0,1,dorm_lounge,online_class,solo,2_4h,late_night,weekend,6.1,clear,indoor,sometimes,3,3,2,3,3,4,3,3,3,3,12,12,10,15,9,12,9,12,3.3,2.3,9,1,66.9
I0592,U060,quiet_deepwork,P054,cafe_18,synthetic,train,4,4,5,5,3,3,4,3,3,5,library,deep_study,mostly_solo,1_2h,late_night,1,1,1,1,0,0,1,0,0,0,1,cafe,online_class,solo,over_4h,morning,weekday,10.8,cloudy,indoor,often,3,5,2,3,2,3,3,3,4,3,12,20,10,15,9,16,6,9,3.3,4.1,9,0,53.2
I0593,U060,quiet_deepwork,P073,classroom_11,synthetic,train,4,4,5,5,3,3,4,3,3,5,library,deep_study,mostly_solo,1_2h,late_night,1,1,1,1,0,0,1,0,0,0,1,classroom,coding,solo,over_4h,late_night,weekday,12.2,clear,indoor,rarely,4,5,3,3,4,3,3,4,3,4,16,20,15,15,9,12,12,9,4.5,4.6,20,1,69.1
I0594,U060,quiet_deepwork,P002,library_02,synthetic,train,4,4,5,5,3,3,4,3,3,5,library,deep_study,mostly_solo,1_2h,late_night,1,1,1,1,0,0,1,0,0,0,1,library,coding,solo,2_4h,late_night,weekday,2.5,clear,indoor,rarely,5,5,4,4,2,3,4,5,4,4,20,20,20,20,12,16,6,9,4.5,0.9,25,1,80.0
I0595,U060,quiet_deepwork,P052,cafe_16,synthetic,train,4,4,5,5,3,3,4,3,3,5,library,deep_study,mostly_solo,1_2h,late_night,1,1,1,1,0,0,1,0,0,0,1,cafe,deep_study,solo,2_4h,afternoon,weekday,15.7,cloudy,indoor,rarely,3,5,3,2,2,3,3,3,4,3,12,20,15,10,9,16,6,9,5.0,5.9,15,0,66.8
I0596,U060,quiet_deepwork,P006,library_06,synthetic,train,4,4,5,5,3,3,4,3,3,5,library,deep_study,mostly_solo,1_2h,late_night,1,1,1,1,0,0,1,0,0,0,1,library,report_writing,solo,1_2h,morning,weekday,14.0,clear,indoor,sometimes,4,4,4,5,2,3,4,5,5,4,16,16,20,25,12,20,6,9,4.3,5.2,25,0,74.3
I0597,U060,quiet_deepwork,P020,study_room_02,synthetic,train,4,4,5,5,3,3,4,3,3,5,library,deep_study,mostly_solo,1_2h,late_night,1,1,1,1,0,0,1,0,0,0,1,study_room,online_class,solo,over_4h,morning,weekend,11.9,cloudy,indoor,often,4,4,4,5,3,4,4,4,4,4,16,16,20,25,12,16,9,12,3.3,4.5,12,0,84.3
I0598,U060,quiet_deepwork,P030,study_room_12,synthetic,train,4,4,5,5,3,3,4,3,3,5,library,deep_study,mostly_solo,1_2h,late_night,1,1,1,1,0,0,1,0,0,0,1,study_room,deep_study,solo,2_4h,late_night,weekday,12.4,cloudy,indoor,often,5,4,3,4,3,3,4,4,4,4,20,16,15,20,12,16,9,9,5.0,4.6,20,1,83.2
I0599,U060,quiet_deepwork,P112,outdoor_04,synthetic,train,4,4,5,5,3,3,4,3,3,5,library,deep_study,mostly_solo,1_2h,late_night,1,1,1,1,0,0,1,0,0,0,1,outdoor,deep_study,solo,1_2h,late_night,weekday,8.0,clear,outdoor,often,3,4,3,3,2,3,1,2,3,2,12,16,15,15,3,12,6,9,5.0,3.0,10,1,53.1
I0600,U060,quiet_deepwork,P019,study_room_01,synthetic,train,4,4,5,5,3,3,4,3,3,5,library,deep_study,mostly_solo,1_2h,late_night,1,1,1,1,0,0,1,0,0,0,1,study_room,online_class,3_4,1_2h,early_morning,weekday,14.3,clear,indoor,sometimes,4,3,4,4,3,4,4,4,4,4,16,12,20,20,12,16,9,12,3.3,5.4,12,0,62.3
I0601,U061,social_collaborative,P089,coworking_space_05,synthetic,train,3,4,2,3,4,3,3,3,4,4,home,online_class,mostly_group,2_4h,morning,0,0,0,0,1,0,0,1,0,1,0,coworking_space,meeting,3_4,over_4h,morning,weekday,16.9,clear,indoor,first_time,3,5,4,3,4,4,5,5,4,3,9,20,8,9,20,12,12,16,0.8,6.3,15,1,66.5
I0602,U061,social_collaborative,P069,classroom_07,synthetic,train,3,4,2,3,4,3,3,3,4,4,home,online_class,mostly_group,2_4h,morning,0,0,0,0,1,0,0,1,0,1,0,classroom,team_project,5_plus,1_2h,morning,weekend,16.2,clear,indoor,rarely,3,4,3,3,3,3,3,4,3,4,9,16,6,9,12,9,9,12,1.0,6.1,12,1,58.1
I0603,U061,social_collaborative,P102,dorm_lounge_06,synthetic,train,3,4,2,3,4,3,3,3,4,4,home,online_class,mostly_group,2_4h,morning,0,0,0,0,1,0,0,1,0,1,0,dorm_lounge,team_project,2,under_1h,afternoon,weekday,13.3,clear,indoor,often,3,3,3,3,3,3,4,4,4,4,9,12,6,9,16,12,9,12,1.0,5.0,12,0.5,57.1
I0604,U061,social_collaborative,P059,home_05,synthetic,train,3,4,2,3,4,3,3,3,4,4,home,online_class,mostly_group,2_4h,morning,0,0,0,0,1,0,0,1,0,1,0,home,team_project,2,1_2h,evening,weekday,14.5,hot,indoor,sometimes,4,5,5,4,5,4,4,3,5,5,12,20,10,12,16,15,15,16,1.0,5.4,9,0,66.0
I0605,U061,social_collaborative,P035,study_room_17,synthetic,train,3,4,2,3,4,3,3,3,4,4,home,online_class,mostly_group,2_4h,morning,0,0,0,0,1,0,0,1,0,1,0,study_room,team_project,2,2_4h,morning,weekday,5.0,clear,indoor,often,4,4,4,4,3,4,5,5,4,3,12,16,8,12,20,12,9,16,1.0,1.9,15,1,65.4
I0606,U061,social_collaborative,P042,cafe_06,synthetic,train,3,4,2,3,4,3,3,3,4,4,home,online_class,mostly_group,2_4h,morning,0,0,0,0,1,0,0,1,0,1,0,cafe,team_project,5_plus,2_4h,afternoon,weekday,8.7,clear,indoor,first_time,3,4,2,3,2,4,3,4,4,3,9,16,4,9,12,12,6,16,1.0,3.2,12,0.5,48.5
I0607,U061,social_collaborative,P092,coworking_space_08,synthetic,train,3,4,2,3,4,3,3,3,4,4,home,online_class,mostly_group,2_4h,morning,0,0,0,0,1,0,0,1,0,1,0,coworking_space,meeting,3_4,1_2h,morning,weekday,5.6,clear,indoor,sometimes,2,4,3,4,3,4,4,4,4,3,6,16,6,12,16,12,9,16,0.8,2.1,12,1,71.0
I0608,U061,social_collaborative,P067,classroom_05,synthetic,train,3,4,2,3,4,3,3,3,4,4,home,online_class,mostly_group,2_4h,morning,0,0,0,0,1,0,0,1,0,1,0,classroom,light_reading,solo,1_2h,morning,weekend,11.9,cloudy,indoor,first_time,3,4,3,3,3,2,3,3,3,3,9,16,6,9,12,9,9,8,1.8,4.4,9,1,43.7
I0609,U061,social_collaborative,P118,outdoor_10,synthetic,train,3,4,2,3,4,3,3,3,4,4,home,online_class,mostly_group,2_4h,morning,0,0,0,0,1,0,0,1,0,1,0,outdoor,meeting,3_4,2_4h,evening,weekday,8.0,clear,outdoor,often,3,5,3,3,3,3,2,3,3,3,9,20,6,9,8,9,9,12,0.8,3.0,9,0,47.6
I0610,U061,social_collaborative,P106,dorm_lounge_10,synthetic,train,3,4,2,3,4,3,3,3,4,4,home,online_class,mostly_group,2_4h,morning,0,0,0,0,1,0,0,1,0,1,0,dorm_lounge,online_class,2,under_1h,afternoon,weekday,9.7,hot,indoor,first_time,3,3,2,3,3,4,3,3,3,3,9,12,4,9,12,9,9,16,2.6,3.6,9,0.5,51.0
I0611,U062,comfort_oriented,P075,computer_lab_01,synthetic,valid,4,5,2,4,3,4,5,4,5,3,library,deep_study,mixed,1_2h,evening,1,0,1,1,0,1,1,0,1,1,1,computer_lab,coding,solo,over_4h,evening,weekday,9.2,clear,indoor,often,3,3,3,4,3,4,5,5,3,3,12,15,6,16,15,15,12,20,2.7,4.6,15,1,71.4
I0612,U062,comfort_oriented,P043,cafe_07,synthetic,valid,4,5,2,4,3,4,5,4,5,3,library,deep_study,mixed,1_2h,evening,1,0,1,1,0,1,1,0,1,1,1,cafe,coding,solo,over_4h,evening,weekday,5.6,cloudy,indoor,sometimes,2,5,3,3,2,4,3,3,3,3,8,25,6,12,9,15,8,20,2.7,2.8,9,1,51.9
I0613,U062,comfort_oriented,P069,classroom_07,synthetic,valid,4,5,2,4,3,4,5,4,5,3,library,deep_study,mixed,1_2h,evening,1,0,1,1,0,1,1,0,1,1,1,classroom,coding,solo,2_4h,afternoon,weekday,12.8,clear,indoor,sometimes,3,4,3,3,3,3,3,3,3,4,12,20,6,12,9,15,12,15,2.7,6.4,9,0.5,57.3
I0614,U062,comfort_oriented,P060,home_06,synthetic,valid,4,5,2,4,3,4,5,4,5,3,library,deep_study,mixed,1_2h,evening,1,0,1,1,0,1,1,0,1,1,1,home,deep_study,solo,over_4h,evening,weekday,13.0,clear,indoor,sometimes,4,3,5,5,4,5,5,4,4,5,16,15,10,20,15,20,16,25,3.0,6.5,12,1,66.1
I0615,U062,comfort_oriented,P047,cafe_11,synthetic,valid,4,5,2,4,3,4,5,4,5,3,library,deep_study,mixed,1_2h,evening,1,0,1,1,0,1,1,0,1,1,1,cafe,report_writing,solo,2_4h,morning,weekday,9.4,cloudy,indoor,sometimes,3,4,3,3,2,4,3,4,4,3,12,20,6,12,9,20,8,20,2.6,4.7,12,0,64.3
I0616,U062,comfort_oriented,P062,home_08,synthetic,valid,4,5,2,4,3,4,5,4,5,3,library,deep_study,mixed,1_2h,evening,1,0,1,1,0,1,1,0,1,1,1,home,deep_study,solo,2_4h,morning,weekday,14.2,clear,indoor,often,4,3,4,4,4,5,5,4,4,5,16,15,8,16,15,20,16,25,3.0,7.1,12,0,66.8
I0617,U062,comfort_oriented,P013,library_13,synthetic,valid,4,5,2,4,3,4,5,4,5,3,library,deep_study,mixed,1_2h,evening,1,0,1,1,0,1,1,0,1,1,1,library,online_class,solo,2_4h,morning,weekend,1.0,clear,indoor,sometimes,5,4,4,4,3,3,5,4,4,4,20,20,8,16,15,20,12,15,2.0,0.5,12,0,64.5
I0618,U062,comfort_oriented,P009,library_09,synthetic,valid,4,5,2,4,3,4,5,4,5,3,library,deep_study,mixed,1_2h,evening,1,0,1,1,0,1,1,0,1,1,1,library,light_reading,2,under_1h,evening,weekday,9.1,rainy,indoor,rarely,4,4,3,4,2,4,4,4,4,4,16,20,6,16,12,20,8,20,1.4,4.5,12,1,58.6
I0619,U062,comfort_oriented,P026,study_room_08,synthetic,valid,4,5,2,4,3,4,5,4,5,3,library,deep_study,mixed,1_2h,evening,1,0,1,1,0,1,1,0,1,1,1,study_room,report_writing,solo,over_4h,morning,weekday,18.5,clear,indoor,sometimes,4,5,4,4,5,4,4,4,4,3,16,25,8,16,12,20,20,20,2.6,9.2,12,0,63.0
I0620,U062,comfort_oriented,P085,coworking_space_01,synthetic,valid,4,5,2,4,3,4,5,4,5,3,library,deep_study,mixed,1_2h,evening,1,0,1,1,0,1,1,0,1,1,1,coworking_space,coding,solo,over_4h,evening,weekend,4.2,hot,indoor,sometimes,3,5,2,3,4,3,4,5,4,3,12,25,4,12,12,20,16,15,2.7,2.1,15,1,69.8
I0621,U063,quiet_deepwork,P009,library_09,synthetic,train,5,4,4,4,3,3,4,3,4,5,study_room,deep_study,mostly_solo,2_4h,morning,1,1,1,1,0,0,1,0,0,1,1,library,deep_study,3_4,2_4h,afternoon,weekday,8.5,cloudy,indoor,rarely,4,4,3,4,2,4,4,5,4,4,20,16,12,16,12,16,6,16,5.0,3.2,25,0.5,64.5
I0622,U063,quiet_deepwork,P012,library_12,synthetic,train,5,4,4,4,3,3,4,3,4,5,study_room,deep_study,mostly_solo,2_4h,morning,1,1,1,1,0,0,1,0,0,1,1,library,report_writing,solo,2_4h,morning,weekend,1.2,hot,indoor,first_time,5,4,4,4,3,3,3,4,5,4,25,16,16,16,9,20,9,12,4.3,0.4,20,1,78.9
I0623,U063,quiet_deepwork,P030,study_room_12,synthetic,train,5,4,4,4,3,3,4,3,4,5,study_room,deep_study,mostly_solo,2_4h,morning,1,1,1,1,0,0,1,0,0,1,1,study_room,report_writing,solo,1_2h,morning,weekday,8.9,hot,indoor,rarely,5,4,3,4,3,3,4,5,4,4,25,16,12,16,12,16,9,12,4.3,3.3,25,1,81.2
I0624,U063,quiet_deepwork,P001,library_01,synthetic,train,5,4,4,4,3,3,4,3,4,5,study_room,deep_study,mostly_solo,2_4h,morning,1,1,1,1,0,0,1,0,0,1,1,library,deep_study,solo,1_2h,afternoon,weekend,10.5,rainy,indoor,first_time,5,4,4,5,2,3,4,5,4,4,25,16,16,20,12,16,6,12,5.0,3.9,25,0.5,75.2
I0625,U063,quiet_deepwork,P045,cafe_09,synthetic,train,5,4,4,4,3,3,4,3,4,5,study_room,deep_study,mostly_solo,2_4h,morning,1,1,1,1,0,0,1,0,0,1,1,cafe,deep_study,solo,2_4h,early_morning,weekday,5.7,rainy,indoor,sometimes,2,3,2,2,3,3,3,2,3,3,10,12,8,8,9,12,9,12,5.0,2.2,10,0.5,52.4
I0626,U063,quiet_deepwork,P056,home_02,synthetic,train,5,4,4,4,3,3,4,3,4,5,study_room,deep_study,mostly_solo,2_4h,morning,1,1,1,1,0,0,1,0,0,1,1,home,light_reading,solo,1_2h,afternoon,weekday,9.0,clear,indoor,sometimes,4,3,5,4,5,4,5,4,5,5,20,12,20,16,15,20,15,16,2.3,3.4,12,0.5,75.9
I0627,U063,quiet_deepwork,P007,library_07,synthetic,train,5,4,4,4,3,3,4,3,4,5,study_room,deep_study,mostly_solo,2_4h,morning,1,1,1,1,0,0,1,0,0,1,1,library,light_reading,solo,1_2h,morning,weekday,9.5,cloudy,indoor,rarely,5,4,3,4,3,3,4,4,4,4,25,16,12,16,12,16,9,12,2.3,3.6,12,1,75.6
I0628,U063,quiet_deepwork,P044,cafe_08,synthetic,train,5,4,4,4,3,3,4,3,4,5,study_room,deep_study,mostly_solo,2_4h,morning,1,1,1,1,0,0,1,0,0,1,1,cafe,online_class,solo,under_1h,afternoon,weekday,19.5,clear,indoor,first_time,3,4,3,4,2,4,3,3,4,2,15,16,12,16,9,16,6,16,3.3,7.3,9,0.5,56.2
I0629,U063,quiet_deepwork,P027,study_room_09,synthetic,train,5,4,4,4,3,3,4,3,4,5,study_room,deep_study,mostly_solo,2_4h,morning,1,1,1,1,0,0,1,0,0,1,1,study_room,team_project,5_plus,1_2h,afternoon,weekday,5.6,clear,indoor,often,5,3,3,4,4,3,3,5,3,3,25,12,12,16,9,12,12,12,1.3,2.1,15,0.5,63.7
I0630,U063,quiet_deepwork,P075,computer_lab_01,synthetic,train,5,4,4,4,3,3,4,3,4,5,study_room,deep_study,mostly_solo,2_4h,morning,1,1,1,1,0,0,1,0,0,1,1,computer_lab,online_class,3_4,1_2h,afternoon,weekday,11.6,rainy,indoor,sometimes,3,3,3,4,3,4,5,5,3,3,15,12,12,16,15,12,9,16,3.3,4.3,15,0.5,67.6
I0631,U064,balanced,P016,library_16,synthetic,train,5,4,3,3,4,4,4,4,4,5,computer_lab,report_writing,mostly_solo,1_2h,afternoon,1,0,0,1,1,1,1,1,1,1,0,library,deep_study,2,1_2h,late_night,weekday,13.3,clear,indoor,sometimes,5,4,3,5,3,4,3,5,4,4,25,16,9,15,12,16,12,16,5.0,6.7,25,0,66.0
I0632,U064,balanced,P005,library_05,synthetic,train,5,4,3,3,4,4,4,4,4,5,computer_lab,report_writing,mostly_solo,1_2h,afternoon,1,0,0,1,1,1,1,1,1,1,0,library,coding,solo,2_4h,morning,weekend,6.2,cloudy,indoor,sometimes,5,4,4,5,3,4,4,4,4,4,25,16,12,15,16,16,12,16,4.5,3.1,20,0.5,75.2
I0633,U064,balanced,P018,library_18,synthetic,train,5,4,3,3,4,4,4,4,4,5,computer_lab,report_writing,mostly_solo,1_2h,afternoon,1,0,0,1,1,1,1,1,1,1,0,library,report_writing,2,2_4h,evening,weekday,6.2,clear,indoor,first_time,5,4,3,4,3,3,4,5,4,3,25,16,9,12,16,16,12,12,4.3,3.1,25,0.5,67.3
I0634,U064,balanced,P035,study_room_17,synthetic,train,5,4,3,3,4,4,4,4,4,5,computer_lab,report_writing,mostly_solo,1_2h,afternoon,1,0,0,1,1,1,1,1,1,1,0,study_room,report_writing,solo,1_2h,morning,weekday,2.3,cloudy,indoor,often,4,4,4,4,3,4,5,5,4,3,20,16,12,12,20,16,12,16,4.3,1.2,25,0.5,79.6
I0635,U064,balanced,P063,classroom_01,synthetic,train,5,4,3,3,4,4,4,4,4,5,computer_lab,report_writing,mostly_solo,1_2h,afternoon,1,0,0,1,1,1,1,1,1,1,0,classroom,report_writing,solo,over_4h,evening,weekend,11.5,clear,indoor,often,3,4,3,3,2,3,3,4,3,3,15,16,9,9,12,12,8,12,4.3,5.8,20,0.5,58.0
I0636,U064,balanced,P085,coworking_space_01,synthetic,train,5,4,3,3,4,4,4,4,4,5,computer_lab,report_writing,mostly_solo,1_2h,afternoon,1,0,0,1,1,1,1,1,1,1,0,coworking_space,coding,solo,over_4h,late_night,weekend,8.8,cloudy,indoor,often,3,5,2,3,4,3,4,4,4,3,15,20,6,9,16,16,16,12,4.5,4.4,20,0,60.5
I0637,U064,balanced,P015,library_15,synthetic,train,5,4,3,3,4,4,4,4,4,5,computer_lab,report_writing,mostly_solo,1_2h,afternoon,1,0,0,1,1,1,1,1,1,1,0,library,coding,solo,1_2h,afternoon,weekday,9.2,cold,indoor,often,4,4,4,5,2,4,3,4,4,4,20,16,12,15,12,16,8,16,4.5,4.6,20,1,58.8
I0638,U064,balanced,P033,study_room_15,synthetic,train,5,4,3,3,4,4,4,4,4,5,computer_lab,report_writing,mostly_solo,1_2h,afternoon,1,0,0,1,1,1,1,1,1,1,0,study_room,report_writing,solo,2_4h,evening,weekday,6.2,clear,indoor,often,5,3,4,3,4,4,4,5,5,4,25,12,12,9,16,20,16,16,4.3,3.1,25,0.5,77.8
I0639,U064,balanced,P009,library_09,synthetic,train,5,4,3,3,4,4,4,4,4,5,computer_lab,report_writing,mostly_solo,1_2h,afternoon,1,0,0,1,1,1,1,1,1,1,0,library,report_writing,solo,2_4h,evening,weekend,6.3,rainy,indoor,sometimes,4,4,3,4,2,4,4,4,4,4,20,16,9,12,16,16,8,16,4.3,3.2,20,0.5,69.4
I0640,U064,balanced,P092,coworking_space_08,synthetic,train,5,4,3,3,4,4,4,4,4,5,computer_lab,report_writing,mostly_solo,1_2h,afternoon,1,0,0,1,1,1,1,1,1,1,0,coworking_space,light_reading,solo,1_2h,morning,weekend,9.9,rainy,indoor,often,2,4,3,4,3,4,4,4,4,3,10,16,9,12,16,16,12,16,2.3,4.9,12,0.5,53.0
I0641,U065,convenience_oriented,P044,cafe_08,synthetic,train,2,3,3,4,5,4,4,3,4,4,library,coding,mostly_solo,under_1h,morning,0,0,1,1,1,1,0,1,1,1,1,cafe,light_reading,solo,2_4h,evening,weekday,18.2,hot,indoor,often,3,4,3,4,2,4,3,4,4,2,6,12,9,16,15,16,6,16,1.8,9.1,12,0,56.9
I0642,U065,convenience_oriented,P107,dorm_lounge_11,synthetic,train,2,3,3,4,5,4,4,3,4,4,library,coding,mostly_solo,under_1h,morning,0,0,1,1,1,1,0,1,1,1,1,dorm_lounge,light_reading,solo,over_4h,evening,weekday,29.1,clear,indoor,sometimes,3,4,3,3,3,4,3,4,3,3,6,12,9,12,15,12,9,16,1.8,14.5,12,0,57.4
I0643,U065,convenience_oriented,P086,coworking_space_02,synthetic,train,2,3,3,4,5,4,4,3,4,4,library,coding,mostly_solo,under_1h,morning,0,0,1,1,1,1,0,1,1,1,1,coworking_space,meeting,5_plus,2_4h,early_morning,weekday,14.7,clear,indoor,sometimes,3,4,4,4,5,3,4,4,4,4,6,12,12,16,20,16,15,12,0.8,7.3,12,0.5,64.1
I0644,U065,convenience_oriented,P006,library_06,synthetic,train,2,3,3,4,5,4,4,3,4,4,library,coding,mostly_solo,under_1h,morning,0,0,1,1,1,1,0,1,1,1,1,library,coding,solo,over_4h,morning,weekend,9.2,cold,indoor,first_time,4,4,4,5,2,3,4,4,5,4,8,12,12,20,20,20,6,12,3.6,4.6,16,1,61.1
I0645,U065,convenience_oriented,P020,study_room_02,synthetic,train,2,3,3,4,5,4,4,3,4,4,library,coding,mostly_solo,under_1h,morning,0,0,1,1,1,1,0,1,1,1,1,study_room,report_writing,solo,2_4h,morning,weekday,10.6,clear,indoor,often,4,4,4,5,3,4,4,4,4,4,8,12,12,20,20,16,9,16,3.4,5.3,16,1,69.9
I0646,U065,convenience_oriented,P006,library_06,synthetic,train,2,3,3,4,5,4,4,3,4,4,library,coding,mostly_solo,under_1h,morning,0,0,1,1,1,1,0,1,1,1,1,library,report_writing,solo,under_1h,afternoon,weekday,11.4,cloudy,indoor,first_time,4,4,4,5,2,3,4,4,5,4,8,12,12,20,20,20,6,12,3.4,5.7,16,0.5,59.0
I0647,U065,convenience_oriented,P036,study_room_18,synthetic,train,2,3,3,4,5,4,4,3,4,4,library,coding,mostly_solo,under_1h,morning,0,0,1,1,1,1,0,1,1,1,1,study_room,report_writing,2,1_2h,afternoon,weekend,7.1,clear,indoor,often,5,4,4,4,4,4,5,4,4,4,10,12,12,16,25,16,12,16,3.4,3.5,16,0.5,71.2
I0648,U065,convenience_oriented,P016,library_16,synthetic,train,2,3,3,4,5,4,4,3,4,4,library,coding,mostly_solo,under_1h,morning,0,0,1,1,1,1,0,1,1,1,1,library,deep_study,solo,2_4h,evening,weekend,15.2,cold,indoor,often,5,4,3,5,3,4,3,4,4,4,10,12,9,20,15,16,9,16,4.0,7.6,16,0,64.7
I0649,U065,convenience_oriented,P058,home_04,synthetic,train,2,3,3,4,5,4,4,3,4,4,library,coding,mostly_solo,under_1h,morning,0,0,1,1,1,1,0,1,1,1,1,home,coding,2,2_4h,afternoon,weekday,16.7,rainy,indoor,sometimes,4,3,4,3,4,5,4,4,4,4,8,9,12,12,20,16,12,20,3.6,8.3,16,0.5,64.9
I0650,U065,convenience_oriented,P021,study_room_03,synthetic,train,2,3,3,4,5,4,4,3,4,4,library,coding,mostly_solo,under_1h,morning,0,0,1,1,1,1,0,1,1,1,1,study_room,report_writing,solo,2_4h,afternoon,weekday,17.7,clear,indoor,rarely,5,4,4,4,3,4,4,5,4,2,10,12,12,16,20,16,9,16,3.4,8.8,20,0.5,69.5
I0651,U066,social_collaborative,P040,cafe_04,synthetic,test,2,4,2,2,4,4,4,3,5,2,study_room,team_project,mostly_group,under_1h,late_night,0,0,0,1,1,1,0,1,1,1,0,cafe,light_reading,2,2_4h,evening,weekday,5.1,rainy,indoor,sometimes,3,4,2,3,3,4,3,4,4,3,6,16,4,6,12,16,9,20,0.9,2.5,12,0.5,61.0
I0652,U066,social_collaborative,P090,coworking_space_06,synthetic,test,2,4,2,2,4,4,4,3,5,2,study_room,team_project,mostly_group,under_1h,late_night,0,0,0,1,1,1,0,1,1,1,0,coworking_space,team_project,3_4,under_1h,afternoon,weekday,8.7,clear,indoor,often,3,4,3,4,4,4,4,4,4,3,6,16,6,8,16,16,12,20,0.5,4.4,12,0,60.4
I0653,U066,social_collaborative,P037,cafe_01,synthetic,test,2,4,2,2,4,4,4,3,5,2,study_room,team_project,mostly_group,under_1h,late_night,0,0,0,1,1,1,0,1,1,1,0,cafe,report_writing,solo,1_2h,afternoon,weekday,10.0,cloudy,indoor,rarely,3,4,2,2,2,4,3,4,4,4,6,16,4,4,12,16,6,20,1.7,5.0,8,0,44.7
I0654,U066,social_collaborative,P102,dorm_lounge_06,synthetic,test,2,4,2,2,4,4,4,3,5,2,study_room,team_project,mostly_group,under_1h,late_night,0,0,0,1,1,1,0,1,1,1,0,dorm_lounge,online_class,solo,2_4h,afternoon,weekend,16.6,cloudy,indoor,rarely,3,3,3,3,3,3,4,3,4,4,6,12,6,6,16,16,9,15,1.3,8.3,9,0,45.6
I0655,U066,social_collaborative,P013,library_13,synthetic,test,2,4,2,2,4,4,4,3,5,2,study_room,team_project,mostly_group,under_1h,late_night,0,0,0,1,1,1,0,1,1,1,0,library,team_project,2,2_4h,evening,weekday,1.0,clear,indoor,sometimes,5,4,4,4,3,3,5,3,4,4,10,16,8,8,20,16,9,15,0.5,0.5,9,0.5,66.1
I0656,U066,social_collaborative,P115,outdoor_07,synthetic,test,2,4,2,2,4,4,4,3,5,2,study_room,team_project,mostly_group,under_1h,late_night,0,0,0,1,1,1,0,1,1,1,0,outdoor,team_project,5_plus,2_4h,late_night,weekend,9.5,clear,outdoor,sometimes,3,4,3,3,1,3,1,4,2,3,6,16,6,6,4,8,3,15,0.5,4.8,12,1,55.3
I0657,U066,social_collaborative,P068,classroom_06,synthetic,test,2,4,2,2,4,4,4,3,5,2,study_room,team_project,mostly_group,under_1h,late_night,0,0,0,1,1,1,0,1,1,1,0,classroom,team_project,3_4,2_4h,late_night,weekday,13.9,rainy,indoor,rarely,3,4,3,3,2,3,3,4,2,4,6,16,6,6,12,8,6,15,0.5,6.9,12,1,60.3
I0658,U066,social_collaborative,P050,cafe_14,synthetic,test,2,4,2,2,4,4,4,3,5,2,study_room,team_project,mostly_group,under_1h,late_night,0,0,0,1,1,1,0,1,1,1,0,cafe,report_writing,solo,2_4h,early_morning,weekday,17.3,cold,indoor,often,3,5,2,3,2,4,3,4,4,3,6,20,4,6,12,16,6,20,1.7,8.7,8,0,48.4
I0659,U066,social_collaborative,P073,classroom_11,synthetic,test,2,4,2,2,4,4,4,3,5,2,study_room,team_project,mostly_group,under_1h,late_night,0,0,0,1,1,1,0,1,1,1,0,classroom,coding,solo,2_4h,late_night,weekend,9.9,clear,indoor,first_time,4,5,3,3,4,3,3,4,3,4,8,20,6,6,12,12,12,15,1.8,4.9,8,1,55.6
I0660,U066,social_collaborative,P042,cafe_06,synthetic,test,2,4,2,2,4,4,4,3,5,2,study_room,team_project,mostly_group,under_1h,late_night,0,0,0,1,1,1,0,1,1,1,0,cafe,team_project,2,1_2h,late_night,weekend,13.6,clear,indoor,sometimes,3,4,2,3,2,4,3,3,4,3,6,16,4,6,12,16,6,20,0.5,6.8,9,1,55.0
I0661,U067,balanced,P017,library_17,synthetic,train,4,4,4,3,5,4,4,3,4,4,library,report_writing,mostly_solo,over_4h,afternoon,1,1,0,1,1,1,1,1,1,1,0,library,coding,3_4,2_4h,afternoon,weekday,10.3,rainy,indoor,sometimes,5,4,4,5,3,3,4,4,5,4,20,16,16,15,20,20,9,12,3.6,5.1,16,1,62.4
I0662,U067,balanced,P074,classroom_12,synthetic,train,4,4,4,3,5,4,4,3,4,4,library,report_writing,mostly_solo,over_4h,afternoon,1,1,0,1,1,1,1,1,1,1,0,classroom,team_project,2,2_4h,late_night,weekend,13.8,clear,indoor,often,3,4,3,3,2,3,3,4,3,3,12,16,12,9,15,12,6,12,1.0,6.9,12,0,61.1
I0663,U067,balanced,P028,study_room_10,synthetic,train,4,4,4,3,5,4,4,3,4,4,library,report_writing,mostly_solo,over_4h,afternoon,1,1,0,1,1,1,1,1,1,1,0,study_room,report_writing,solo,1_2h,afternoon,weekday,17.1,clear,indoor,sometimes,4,4,3,3,4,4,5,4,4,3,16,16,12,9,25,16,12,16,3.4,8.5,16,1,68.8
I0664,U067,balanced,P118,outdoor_10,synthetic,train,4,4,4,3,5,4,4,3,4,4,library,report_writing,mostly_solo,over_4h,afternoon,1,1,0,1,1,1,1,1,1,1,0,outdoor,meeting,3_4,over_4h,evening,weekday,6.5,cloudy,outdoor,sometimes,3,5,3,3,3,3,2,3,3,3,12,20,12,9,10,12,9,12,0.8,3.2,9,0.5,61.5
I0665,U067,balanced,P102,dorm_lounge_06,synthetic,train,4,4,4,3,5,4,4,3,4,4,library,report_writing,mostly_solo,over_4h,afternoon,1,1,0,1,1,1,1,1,1,1,0,dorm_lounge,online_class,solo,1_2h,early_morning,weekend,14.9,clear,indoor,often,3,3,3,3,3,3,4,2,4,4,12,12,12,9,20,16,9,12,2.6,7.5,6,0,62.8
I0666,U067,balanced,P008,library_08,synthetic,train,4,4,4,3,5,4,4,3,4,4,library,report_writing,mostly_solo,over_4h,afternoon,1,1,0,1,1,1,1,1,1,1,0,library,report_writing,solo,over_4h,evening,weekday,12.2,rainy,indoor,often,5,5,4,4,2,3,4,4,4,4,20,20,16,12,20,16,6,12,3.4,6.1,16,0.5,65.4
I0667,U067,balanced,P030,study_room_12,synthetic,train,4,4,4,3,5,4,4,3,4,4,library,report_writing,mostly_solo,over_4h,afternoon,1,1,0,1,1,1,1,1,1,1,0,study_room,online_class,2,1_2h,evening,weekend,11.7,clear,indoor,often,5,4,3,4,3,3,4,4,4,4,20,16,12,12,20,16,9,12,2.6,5.8,12,0.5,75.7
I0668,U067,balanced,P058,home_04,synthetic,train,4,4,4,3,5,4,4,3,4,4,library,report_writing,mostly_solo,over_4h,afternoon,1,1,0,1,1,1,1,1,1,1,0,home,coding,solo,2_4h,morning,weekday,17.8,cloudy,indoor,first_time,4,3,4,3,4,5,4,5,4,4,16,12,16,9,20,16,12,20,3.6,8.9,20,0.5,61.0
I0669,U067,balanced,P013,library_13,synthetic,train,4,4,4,3,5,4,4,3,4,4,library,report_writing,mostly_solo,over_4h,afternoon,1,1,0,1,1,1,1,1,1,1,0,library,light_reading,solo,1_2h,afternoon,weekday,5.5,clear,indoor,sometimes,5,4,4,4,3,3,5,4,4,4,20,16,16,12,25,16,9,12,1.8,2.8,12,1,76.8
I0670,U067,balanced,P106,dorm_lounge_10,synthetic,train,4,4,4,3,5,4,4,3,4,4,library,report_writing,mostly_solo,over_4h,afternoon,1,1,0,1,1,1,1,1,1,1,0,dorm_lounge,team_project,3_4,1_2h,evening,weekend,9.9,cloudy,indoor,often,3,3,2,3,3,4,3,3,3,3,12,12,8,9,15,12,9,16,1.0,4.9,9,0.5,59.6
I0671,U068,balanced,P091,coworking_space_07,synthetic,train,3,5,5,5,4,3,4,4,3,4,study_room,light_reading,mostly_solo,over_4h,afternoon,0,1,1,1,1,0,0,1,0,0,1,coworking_space,coding,solo,2_4h,evening,weekday,13.3,clear,indoor,often,4,4,4,3,4,5,4,4,3,4,12,20,20,15,16,12,16,15,3.6,5.0,16,0.5,67.9
I0672,U068,balanced,P108,dorm_lounge_12,synthetic,train,3,5,5,5,4,3,4,4,3,4,study_room,light_reading,mostly_solo,over_4h,afternoon,0,1,1,1,1,0,0,1,0,0,1,dorm_lounge,team_project,3_4,2_4h,afternoon,weekend,9.7,clear,indoor,rarely,2,4,3,3,3,3,3,4,3,3,6,20,15,15,12,12,12,9,1.0,3.7,12,1,63.3
I0673,U068,balanced,P013,library_13,synthetic,train,3,5,5,5,4,3,4,4,3,4,study_room,light_reading,mostly_solo,over_4h,afternoon,0,1,1,1,1,0,0,1,0,0,1,library,light_reading,solo,1_2h,afternoon,weekday,1.0,clear,indoor,sometimes,5,4,4,4,3,3,5,5,4,4,15,20,20,20,20,16,12,9,1.8,0.4,15,1,79.0
I0674,U068,balanced,P004,library_04,synthetic,train,3,5,5,5,4,3,4,4,3,4,study_room,light_reading,mostly_solo,over_4h,afternoon,0,1,1,1,1,0,0,1,0,0,1,library,deep_study,solo,2_4h,afternoon,weekday,1.6,clear,indoor,often,5,3,3,4,2,4,4,4,3,4,15,15,15,20,16,12,8,12,4.0,0.6,16,1,63.8
I0675,U068,balanced,P005,library_05,synthetic,train,3,5,5,5,4,3,4,4,3,4,study_room,light_reading,mostly_solo,over_4h,afternoon,0,1,1,1,1,0,0,1,0,0,1,library,team_project,5_plus,2_4h,early_morning,weekday,4.1,cold,indoor,sometimes,5,4,4,5,3,4,4,2,4,4,15,20,20,25,16,16,12,12,1.0,1.5,6,0,77.7
I0676,U068,balanced,P050,cafe_14,synthetic,train,3,5,5,5,4,3,4,4,3,4,study_room,light_reading,mostly_solo,over_4h,afternoon,0,1,1,1,1,0,0,1,0,0,1,cafe,online_class,2,1_2h,morning,weekend,16.2,cloudy,indoor,first_time,3,5,2,3,2,4,3,4,4,3,9,25,10,15,12,16,8,12,2.6,6.1,12,0.5,63.4
I0677,U068,balanced,P030,study_room_12,synthetic,train,3,5,5,5,4,3,4,4,3,4,study_room,light_reading,mostly_solo,over_4h,afternoon,0,1,1,1,1,0,0,1,0,0,1,study_room,deep_study,2,1_2h,evening,weekday,12.8,clear,indoor,sometimes,5,4,3,4,3,3,4,3,4,4,15,20,15,20,16,16,12,9,4.0,4.8,12,0.5,71.0
I0678,U068,balanced,P012,library_12,synthetic,train,3,5,5,5,4,3,4,4,3,4,study_room,light_reading,mostly_solo,over_4h,afternoon,0,1,1,1,1,0,0,1,0,0,1,library,coding,solo,2_4h,afternoon,weekend,2.7,cold,indoor,rarely,5,4,4,4,3,3,3,4,5,4,15,20,20,20,12,20,12,9,3.6,1.0,16,1,80.3
I0679,U068,balanced,P021,study_room_03,synthetic,train,3,5,5,5,4,3,4,4,3,4,study_room,light_reading,mostly_solo,over_4h,afternoon,0,1,1,1,1,0,0,1,0,0,1,study_room,team_project,2,2_4h,evening,weekday,13.9,clear,indoor,sometimes,5,4,4,4,3,4,4,4,4,2,15,20,20,20,16,16,12,12,1.0,5.2,12,0.5,63.0
I0680,U068,balanced,P110,outdoor_02,synthetic,train,3,5,5,5,4,3,4,4,3,4,study_room,light_reading,mostly_solo,over_4h,afternoon,0,1,1,1,1,0,0,1,0,0,1,outdoor,light_reading,solo,2_4h,evening,weekday,8.6,cloudy,outdoor,sometimes,3,4,3,3,2,3,2,3,2,3,9,20,15,15,8,8,8,9,1.8,3.2,9,0.5,62.2
I0681,U069,comfort_oriented,P047,cafe_11,synthetic,train,4,4,4,4,3,5,4,5,5,4,study_room,deep_study,mostly_solo,2_4h,morning,1,1,1,1,0,1,1,0,1,1,1,cafe,coding,5_plus,2_4h,morning,weekend,12.4,clear,indoor,first_time,3,4,3,3,2,4,3,4,4,3,12,16,12,12,9,16,10,20,3.6,7.8,16,1,46.7
I0682,U069,comfort_oriented,P092,coworking_space_08,synthetic,train,4,4,4,4,3,5,4,5,5,4,study_room,deep_study,mostly_solo,2_4h,morning,1,1,1,1,0,1,1,0,1,1,1,coworking_space,report_writing,solo,2_4h,evening,weekday,5.7,cloudy,indoor,sometimes,2,4,3,4,3,4,4,4,4,3,8,16,12,16,12,16,15,20,3.4,3.6,16,0,71.1
I0683,U069,comfort_oriented,P004,library_04,synthetic,train,4,4,4,4,3,5,4,5,5,4,study_room,deep_study,mostly_solo,2_4h,morning,1,1,1,1,0,1,1,0,1,1,1,library,report_writing,solo,over_4h,evening,weekday,6.1,rainy,indoor,often,5,3,3,4,2,4,4,5,3,4,20,12,12,16,12,12,10,20,3.4,3.8,20,0,68.7
I0684,U069,comfort_oriented,P059,home_05,synthetic,train,4,4,4,4,3,5,4,5,5,4,study_room,deep_study,mostly_solo,2_4h,morning,1,1,1,1,0,1,1,0,1,1,1,home,deep_study,solo,2_4h,morning,weekday,12.1,cloudy,indoor,sometimes,4,5,5,4,5,4,4,3,5,5,16,20,20,16,12,20,25,20,4.0,7.6,12,1,80.5
I0685,U069,comfort_oriented,P058,home_04,synthetic,train,4,4,4,4,3,5,4,5,5,4,study_room,deep_study,mostly_solo,2_4h,morning,1,1,1,1,0,1,1,0,1,1,1,home,deep_study,solo,over_4h,morning,weekend,18.5,rainy,indoor,first_time,4,3,4,3,4,5,4,4,4,4,16,12,16,12,12,16,20,25,4.0,11.6,16,1,58.4
I0686,U069,comfort_oriented,P091,coworking_space_07,synthetic,train,4,4,4,4,3,5,4,5,5,4,study_room,deep_study,mostly_solo,2_4h,morning,1,1,1,1,0,1,1,0,1,1,1,coworking_space,report_writing,solo,2_4h,afternoon,weekday,15.8,clear,indoor,often,4,4,4,3,4,5,4,4,3,4,16,16,16,12,12,12,20,25,3.4,9.9,16,0.5,67.1
I0687,U069,comfort_oriented,P078,computer_lab_04,synthetic,train,4,4,4,4,3,5,4,5,5,4,study_room,deep_study,mostly_solo,2_4h,morning,1,1,1,1,0,1,1,0,1,1,1,computer_lab,deep_study,2,over_4h,late_night,weekend,7.8,cloudy,indoor,often,4,4,4,4,3,3,5,5,4,3,16,16,16,16,15,16,15,15,4.0,4.9,20,0,59.3
I0688,U069,comfort_oriented,P070,classroom_08,synthetic,train,4,4,4,4,3,5,4,5,5,4,study_room,deep_study,mostly_solo,2_4h,morning,1,1,1,1,0,1,1,0,1,1,1,classroom,deep_study,solo,2_4h,evening,weekday,13.9,clear,indoor,first_time,3,4,3,2,3,2,3,4,2,3,12,16,12,8,9,8,15,10,4.0,8.7,16,0,60.8
I0689,U069,comfort_oriented,P056,home_02,synthetic,train,4,4,4,4,3,5,4,5,5,4,study_room,deep_study,mostly_solo,2_4h,morning,1,1,1,1,0,1,1,0,1,1,1,home,report_writing,2,2_4h,afternoon,weekend,10.2,clear,indoor,sometimes,4,3,5,4,5,4,5,5,5,5,16,12,20,16,15,20,25,20,3.4,6.4,20,0.5,72.5
I0690,U069,comfort_oriented,P018,library_18,synthetic,train,4,4,4,4,3,5,4,5,5,4,study_room,deep_study,mostly_solo,2_4h,morning,1,1,1,1,0,1,1,0,1,1,1,library,online_class,2,2_4h,evening,weekday,15.6,cloudy,indoor,sometimes,5,4,3,4,3,3,4,4,4,3,20,16,12,16,12,16,15,15,2.6,9.7,12,0,58.5
I0691,U070,quiet_deepwork,P036,study_room_18,synthetic,test,5,3,5,4,4,3,4,4,4,5,library,coding,mostly_solo,2_4h,afternoon,1,1,1,1,1,0,1,1,0,1,1,study_room,report_writing,2,over_4h,evening,weekday,16.1,cloudy,indoor,rarely,5,4,4,4,4,4,5,4,4,4,25,12,20,16,20,16,16,16,4.3,6.0,20,0.5,72.4
I0692,U070,quiet_deepwork,P001,library_01,synthetic,test,5,3,5,4,4,3,4,4,4,5,library,coding,mostly_solo,2_4h,afternoon,1,1,1,1,1,0,1,1,0,1,1,library,coding,3_4,under_1h,afternoon,weekend,6.8,cloudy,indoor,first_time,5,4,4,5,2,3,4,4,4,4,25,12,20,20,16,16,8,12,4.5,2.6,20,1,86.1
I0693,U070,quiet_deepwork,P010,library_10,synthetic,test,5,3,5,4,4,3,4,4,4,5,library,coding,mostly_solo,2_4h,afternoon,1,1,1,1,1,0,1,1,0,1,1,library,coding,solo,over_4h,afternoon,weekend,6.1,rainy,indoor,sometimes,5,5,4,4,3,4,4,4,4,5,25,15,20,16,16,16,12,16,4.5,2.3,20,1,76.5
I0694,U070,quiet_deepwork,P005,library_05,synthetic,test,5,3,5,4,4,3,4,4,4,5,library,coding,mostly_solo,2_4h,afternoon,1,1,1,1,1,0,1,1,0,1,1,library,deep_study,solo,under_1h,morning,weekday,8.4,clear,indoor,often,5,4,4,5,3,4,4,4,4,4,25,12,20,20,16,16,12,16,5.0,3.2,20,0.5,83.4
I0695,U070,quiet_deepwork,P061,home_07,synthetic,test,5,3,5,4,4,3,4,4,4,5,library,coding,mostly_solo,2_4h,afternoon,1,1,1,1,1,0,1,1,0,1,1,home,report_writing,solo,1_2h,evening,weekday,15.7,clear,indoor,sometimes,4,4,4,4,4,4,4,4,4,5,20,12,20,16,16,16,16,16,4.3,5.9,20,0.5,82.7
I0696,U070,quiet_deepwork,P006,library_06,synthetic,test,5,3,5,4,4,3,4,4,4,5,library,coding,mostly_solo,2_4h,afternoon,1,1,1,1,1,0,1,1,0,1,1,library,deep_study,solo,2_4h,late_night,weekday,10.9,clear,indoor,often,4,4,4,5,2,3,4,4,5,4,20,12,20,20,16,20,8,12,5.0,4.1,20,0,93.1
I0697,U070,quiet_deepwork,P096,coworking_space_12,synthetic,test,5,3,5,4,4,3,4,4,4,5,library,coding,mostly_solo,2_4h,afternoon,1,1,1,1,1,0,1,1,0,1,1,coworking_space,deep_study,3_4,1_2h,evening,weekday,13.9,hot,indoor,sometimes,3,3,4,3,3,5,5,4,4,3,15,9,20,12,20,16,12,20,5.0,5.2,20,0.5,57.4
I0698,U070,quiet_deepwork,P077,computer_lab_03,synthetic,test,5,3,5,4,4,3,4,4,4,5,library,coding,mostly_solo,2_4h,afternoon,1,1,1,1,1,0,1,1,0,1,1,computer_lab,deep_study,solo,over_4h,afternoon,weekend,22.5,clear,indoor,sometimes,4,3,3,3,2,3,4,5,4,4,20,9,15,12,16,16,8,12,5.0,8.4,25,1,78.2
I0699,U070,quiet_deepwork,P088,coworking_space_04,synthetic,test,5,3,5,4,4,3,4,4,4,5,library,coding,mostly_solo,2_4h,afternoon,1,1,1,1,1,0,1,1,0,1,1,coworking_space,light_reading,solo,1_2h,evening,weekend,12.1,clear,indoor,first_time,3,4,3,3,4,4,4,3,5,4,15,12,15,12,16,20,16,16,2.3,4.6,9,0.5,74.7
I0700,U070,quiet_deepwork,P078,computer_lab_04,synthetic,test,5,3,5,4,4,3,4,4,4,5,library,coding,mostly_solo,2_4h,afternoon,1,1,1,1,1,0,1,1,0,1,1,computer_lab,light_reading,solo,2_4h,afternoon,weekday,8.6,cold,indoor,often,4,4,4,4,3,3,5,2,4,3,20,12,20,16,20,16,12,12,2.3,3.2,6,1,74.2
I0701,U071,quiet_deepwork,P059,home_05,synthetic,train,5,4,4,4,4,4,4,4,5,4,dorm_lounge,report_writing,mostly_solo,1_2h,afternoon,1,1,1,1,1,1,1,1,1,1,1,home,coding,solo,over_4h,morning,weekend,12.5,cold,indoor,sometimes,4,5,5,4,5,4,4,5,5,5,20,20,20,16,16,20,20,20,3.6,6.3,20,0.5,77.2
I0702,U071,quiet_deepwork,P004,library_04,synthetic,train,5,4,4,4,4,4,4,4,5,4,dorm_lounge,report_writing,mostly_solo,1_2h,afternoon,1,1,1,1,1,1,1,1,1,1,1,library,online_class,solo,under_1h,morning,weekday,10.6,rainy,indoor,first_time,5,3,3,4,2,4,4,3,3,4,25,12,12,16,16,12,8,20,2.6,5.3,9,0.5,76.4
I0703,U071,quiet_deepwork,P019,study_room_01,synthetic,train,5,4,4,4,4,4,4,4,5,4,dorm_lounge,report_writing,mostly_solo,1_2h,afternoon,1,1,1,1,1,1,1,1,1,1,1,study_room,deep_study,solo,under_1h,afternoon,weekday,6.9,cloudy,indoor,rarely,4,3,4,4,3,4,4,5,4,4,20,12,16,16,16,16,12,20,4.0,3.5,20,1,60.0
I0704,U071,quiet_deepwork,P080,computer_lab_06,synthetic,train,5,4,4,4,4,4,4,4,5,4,dorm_lounge,report_writing,mostly_solo,1_2h,afternoon,1,1,1,1,1,1,1,1,1,1,1,computer_lab,report_writing,solo,1_2h,morning,weekday,8.5,clear,indoor,rarely,4,4,4,3,3,4,4,3,4,3,20,16,16,12,16,16,12,20,3.4,4.2,12,0.5,81.1
I0705,U071,quiet_deepwork,P017,library_17,synthetic,train,5,4,4,4,4,4,4,4,5,4,dorm_lounge,report_writing,mostly_solo,1_2h,afternoon,1,1,1,1,1,1,1,1,1,1,1,library,report_writing,solo,2_4h,morning,weekday,17.9,rainy,indoor,sometimes,5,4,4,5,3,3,4,4,5,4,25,16,16,20,16,20,12,15,3.4,8.9,16,0.5,84.1
I0706,U071,quiet_deepwork,P061,home_07,synthetic,train,5,4,4,4,4,4,4,4,5,4,dorm_lounge,report_writing,mostly_solo,1_2h,afternoon,1,1,1,1,1,1,1,1,1,1,1,home,report_writing,solo,under_1h,morning,weekday,17.0,clear,indoor,sometimes,4,4,4,4,4,4,4,5,4,5,20,16,16,16,16,16,16,20,3.4,8.5,20,0.5,76.5
I0707,U071,quiet_deepwork,P053,cafe_17,synthetic,train,5,4,4,4,4,4,4,4,5,4,dorm_lounge,report_writing,mostly_solo,1_2h,afternoon,1,1,1,1,1,1,1,1,1,1,1,cafe,report_writing,solo,2_4h,afternoon,weekday,8.9,clear,indoor,sometimes,3,4,2,2,2,3,3,4,3,3,15,16,8,8,12,12,8,15,3.4,4.5,16,1,61.7
I0708,U071,quiet_deepwork,P011,library_11,synthetic,train,5,4,4,4,4,4,4,4,5,4,dorm_lounge,report_writing,mostly_solo,1_2h,afternoon,1,1,1,1,1,1,1,1,1,1,1,library,deep_study,solo,over_4h,morning,weekday,9.0,rainy,indoor,often,5,4,4,4,2,4,4,5,4,3,25,16,16,16,16,16,8,20,4.0,4.5,20,0.5,71.9
I0709,U071,quiet_deepwork,P085,coworking_space_01,synthetic,train,5,4,4,4,4,4,4,4,5,4,dorm_lounge,report_writing,mostly_solo,1_2h,afternoon,1,1,1,1,1,1,1,1,1,1,1,coworking_space,deep_study,solo,2_4h,evening,weekend,2.5,rainy,indoor,first_time,3,5,2,3,4,3,4,4,4,3,15,20,8,12,16,16,16,15,4.0,1.2,16,0.5,73.6
I0710,U071,quiet_deepwork,P005,library_05,synthetic,train,5,4,4,4,4,4,4,4,5,4,dorm_lounge,report_writing,mostly_solo,1_2h,afternoon,1,1,1,1,1,1,1,1,1,1,1,library,coding,solo,over_4h,morning,weekend,2.3,clear,indoor,sometimes,5,4,4,5,3,4,4,4,4,4,25,16,16,20,16,16,12,20,3.6,1.2,16,0.5,84.4
I0711,U072,quiet_deepwork,P017,library_17,synthetic,train,4,5,5,5,3,4,4,4,4,5,study_room,deep_study,mostly_solo,1_2h,afternoon,1,1,1,1,0,1,1,0,1,1,1,library,report_writing,solo,2_4h,morning,weekend,4.7,clear,indoor,sometimes,5,4,4,5,3,3,4,4,5,4,20,20,20,25,12,20,12,12,4.3,2.3,20,0.5,72.7
I0712,U072,quiet_deepwork,P025,study_room_07,synthetic,train,4,5,5,5,3,4,4,4,4,5,study_room,deep_study,mostly_solo,1_2h,afternoon,1,1,1,1,0,1,1,0,1,1,1,study_room,report_writing,solo,2_4h,morning,weekday,4.5,rainy,indoor,sometimes,4,4,3,4,4,4,4,4,4,3,16,20,15,20,12,16,16,16,4.3,2.3,20,0.5,78.2
I0713,U072,quiet_deepwork,P030,study_room_12,synthetic,train,4,5,5,5,3,4,4,4,4,5,study_room,deep_study,mostly_solo,1_2h,afternoon,1,1,1,1,0,1,1,0,1,1,1,study_room,light_reading,solo,1_2h,evening,weekday,10.9,clear,indoor,rarely,5,4,3,4,3,3,4,4,4,4,20,20,15,20,12,16,12,12,2.3,5.5,12,0.5,78.1
I0714,U072,quiet_deepwork,P063,classroom_01,synthetic,train,4,5,5,5,3,4,4,4,4,5,study_room,deep_study,mostly_solo,1_2h,afternoon,1,1,1,1,0,1,1,0,1,1,1,classroom,coding,solo,2_4h,morning,weekend,8.4,cloudy,indoor,sometimes,3,4,3,3,2,3,3,4,3,3,12,20,15,15,9,12,8,12,4.5,4.2,20,0.5,66.9
I0715,U072,quiet_deepwork,P045,cafe_09,synthetic,train,4,5,5,5,3,4,4,4,4,5,study_room,deep_study,mostly_solo,1_2h,afternoon,1,1,1,1,0,1,1,0,1,1,1,cafe,report_writing,solo,over_4h,morning,weekend,9.5,rainy,indoor,often,2,3,2,2,3,3,3,4,3,3,8,15,10,10,9,12,12,12,4.3,4.8,20,0.5,62.6
I0716,U072,quiet_deepwork,P003,library_03,synthetic,train,4,5,5,5,3,4,4,4,4,5,study_room,deep_study,mostly_solo,1_2h,afternoon,1,1,1,1,0,1,1,0,1,1,1,library,coding,solo,1_2h,afternoon,weekday,3.1,clear,indoor,often,5,3,4,5,3,3,4,4,4,4,20,15,20,25,12,16,12,12,4.5,1.6,20,1,86.0
I0717,U072,quiet_deepwork,P035,study_room_17,synthetic,train,4,5,5,5,3,4,4,4,4,5,study_room,deep_study,mostly_solo,1_2h,afternoon,1,1,1,1,0,1,1,0,1,1,1,study_room,online_class,solo,1_2h,morning,weekend,1.0,clear,indoor,first_time,4,4,4,4,3,4,5,4,4,3,16,20,20,20,15,16,12,16,3.3,0.5,12,0.5,81.4
I0718,U072,quiet_deepwork,P027,study_room_09,synthetic,train,4,5,5,5,3,4,4,4,4,5,study_room,deep_study,mostly_solo,1_2h,afternoon,1,1,1,1,0,1,1,0,1,1,1,study_room,online_class,2,1_2h,late_night,weekday,10.6,clear,indoor,rarely,5,3,3,4,4,3,3,5,3,3,20,15,15,20,9,12,16,12,3.3,5.3,15,0,65.8
I0719,U072,quiet_deepwork,P016,library_16,synthetic,train,4,5,5,5,3,4,4,4,4,5,study_room,deep_study,mostly_solo,1_2h,afternoon,1,1,1,1,0,1,1,0,1,1,1,library,deep_study,solo,2_4h,afternoon,weekday,10.7,clear,indoor,first_time,5,4,3,5,3,4,3,5,4,4,20,20,15,25,9,16,12,16,5.0,5.3,25,1,77.0
I0720,U072,quiet_deepwork,P005,library_05,synthetic,train,4,5,5,5,3,4,4,4,4,5,study_room,deep_study,mostly_solo,1_2h,afternoon,1,1,1,1,0,1,1,0,1,1,1,library,deep_study,5_plus,1_2h,morning,weekend,2.6,hot,indoor,sometimes,5,4,4,5,3,4,4,5,4,4,20,20,20,25,12,16,12,16,5.0,1.3,25,0.5,83.5
I0721,U073,balanced,P049,cafe_13,synthetic,train,4,5,4,3,4,5,5,3,4,4,coworking_space,report_writing,mostly_solo,1_2h,late_night,1,1,0,1,1,1,1,1,1,1,0,cafe,team_project,3_4,2_4h,afternoon,weekday,12.1,cold,indoor,sometimes,3,4,2,3,3,3,2,3,4,2,12,20,8,9,8,20,9,12,1.0,7.6,9,0,57.8
I0722,U073,balanced,P008,library_08,synthetic,train,4,5,4,3,4,5,5,3,4,4,coworking_space,report_writing,mostly_solo,1_2h,late_night,1,1,0,1,1,1,1,1,1,1,0,library,deep_study,solo,2_4h,evening,weekday,14.7,cloudy,indoor,sometimes,5,5,4,4,2,3,4,5,4,4,20,25,16,12,16,20,6,12,4.0,9.2,20,0.5,71.6
I0723,U073,balanced,P036,study_room_18,synthetic,train,4,5,4,3,4,5,5,3,4,4,coworking_space,report_writing,mostly_solo,1_2h,late_night,1,1,0,1,1,1,1,1,1,1,0,study_room,online_class,solo,1_2h,evening,weekday,6.3,rainy,indoor,rarely,5,4,4,4,4,4,5,4,4,4,20,20,16,12,20,20,12,16,2.6,3.9,12,0.5,69.2
I0724,U073,balanced,P083,computer_lab_09,synthetic,train,4,5,4,3,4,5,5,3,4,4,coworking_space,report_writing,mostly_solo,1_2h,late_night,1,1,0,1,1,1,1,1,1,1,0,computer_lab,online_class,solo,1_2h,morning,weekend,6.7,clear,indoor,first_time,4,4,3,3,4,3,5,5,4,3,16,20,12,9,20,20,12,12,2.6,4.2,15,0,65.5
I0725,U073,balanced,P024,study_room_06,synthetic,train,4,5,4,3,4,5,5,3,4,4,coworking_space,report_writing,mostly_solo,1_2h,late_night,1,1,0,1,1,1,1,1,1,1,0,study_room,report_writing,solo,over_4h,early_morning,weekday,5.1,cloudy,indoor,sometimes,4,4,3,4,3,4,4,4,4,3,16,20,12,12,16,20,9,16,3.4,3.2,16,0,68.9
I0726,U073,balanced,P058,home_04,synthetic,train,4,5,4,3,4,5,5,3,4,4,coworking_space,report_writing,mostly_solo,1_2h,late_night,1,1,0,1,1,1,1,1,1,1,0,home,coding,solo,2_4h,late_night,weekday,14.2,clear,indoor,rarely,4,3,4,3,4,5,4,4,4,4,16,15,16,9,16,20,12,20,3.6,8.9,16,1,68.8
I0727,U073,balanced,P050,cafe_14,synthetic,train,4,5,4,3,4,5,5,3,4,4,coworking_space,report_writing,mostly_solo,1_2h,late_night,1,1,0,1,1,1,1,1,1,1,0,cafe,deep_study,solo,over_4h,early_morning,weekend,15.7,cloudy,indoor,first_time,3,5,2,3,2,4,3,4,4,3,12,25,8,9,12,20,6,16,4.0,9.8,16,0,55.1
I0728,U073,balanced,P023,study_room_05,synthetic,train,4,5,4,3,4,5,5,3,4,4,coworking_space,report_writing,mostly_solo,1_2h,late_night,1,1,0,1,1,1,1,1,1,1,0,study_room,online_class,solo,under_1h,morning,weekday,17.9,rainy,indoor,often,5,4,3,4,4,4,3,4,4,4,20,20,12,12,12,20,12,16,2.6,11.2,12,0,69.5
I0729,U073,balanced,P058,home_04,synthetic,train,4,5,4,3,4,5,5,3,4,4,coworking_space,report_writing,mostly_solo,1_2h,late_night,1,1,0,1,1,1,1,1,1,1,0,home,online_class,solo,under_1h,late_night,weekday,17.4,clear,indoor,sometimes,4,3,4,3,4,5,4,5,4,4,16,15,16,9,16,20,12,20,2.6,10.9,15,1,64.3
I0730,U073,balanced,P035,study_room_17,synthetic,train,4,5,4,3,4,5,5,3,4,4,coworking_space,report_writing,mostly_solo,1_2h,late_night,1,1,0,1,1,1,1,1,1,1,0,study_room,team_project,3_4,2_4h,afternoon,weekday,4.0,clear,indoor,sometimes,4,4,4,4,3,4,5,5,4,3,16,20,16,12,20,20,9,16,1.0,2.5,15,0,75.3
I0731,U074,balanced,P036,study_room_18,synthetic,train,4,5,3,4,4,4,4,3,5,4,cafe,deep_study,mostly_solo,2_4h,afternoon,1,0,1,1,1,1,1,1,1,1,1,study_room,coding,solo,2_4h,afternoon,weekday,9.0,hot,indoor,often,5,4,4,4,4,4,5,4,4,4,20,20,12,16,20,16,12,20,3.6,4.5,16,1,81.4
I0732,U074,balanced,P018,library_18,synthetic,train,4,5,3,4,4,4,4,3,5,4,cafe,deep_study,mostly_solo,2_4h,afternoon,1,0,1,1,1,1,1,1,1,1,1,library,deep_study,solo,1_2h,afternoon,weekend,14.5,cloudy,indoor,often,5,4,3,4,3,3,4,5,4,3,20,20,9,16,16,16,9,15,4.0,7.2,20,1,76.2
I0733,U074,balanced,P062,home_08,synthetic,train,4,5,3,4,4,4,4,3,5,4,cafe,deep_study,mostly_solo,2_4h,afternoon,1,0,1,1,1,1,1,1,1,1,1,home,online_class,solo,1_2h,afternoon,weekday,8.5,hot,indoor,sometimes,4,3,4,4,4,5,5,5,4,5,16,15,12,16,20,16,12,25,2.6,4.2,15,1,73.3
I0734,U074,balanced,P074,classroom_12,synthetic,train,4,5,3,4,4,4,4,3,5,4,cafe,deep_study,mostly_solo,2_4h,afternoon,1,0,1,1,1,1,1,1,1,1,1,classroom,deep_study,solo,1_2h,afternoon,weekend,8.1,hot,indoor,sometimes,3,4,3,3,2,3,3,4,3,3,12,20,9,12,12,12,6,15,4.0,4.1,16,1,55.4
I0735,U074,balanced,P112,outdoor_04,synthetic,train,4,5,3,4,4,4,4,3,5,4,cafe,deep_study,mostly_solo,2_4h,afternoon,1,0,1,1,1,1,1,1,1,1,1,outdoor,team_project,3_4,2_4h,evening,weekend,11.1,clear,outdoor,first_time,3,4,3,3,2,3,1,3,3,2,12,20,9,12,4,12,6,15,1.0,5.6,9,0.5,46.2
I0736,U074,balanced,P095,coworking_space_11,synthetic,train,4,5,3,4,4,4,4,3,5,4,cafe,deep_study,mostly_solo,2_4h,afternoon,1,0,1,1,1,1,1,1,1,1,1,coworking_space,online_class,solo,1_2h,afternoon,weekday,9.2,clear,indoor,sometimes,4,4,3,3,4,4,5,4,4,4,16,20,9,12,20,16,12,20,2.6,4.6,12,1,75.6
I0737,U074,balanced,P022,study_room_04,synthetic,train,4,5,3,4,4,4,4,3,5,4,cafe,deep_study,mostly_solo,2_4h,afternoon,1,0,1,1,1,1,1,1,1,1,1,study_room,deep_study,solo,2_4h,afternoon,weekday,10.4,cloudy,indoor,rarely,4,5,3,4,5,3,4,4,4,4,16,25,9,16,16,16,15,15,4.0,5.2,16,1,68.6
I0738,U074,balanced,P001,library_01,synthetic,train,4,5,3,4,4,4,4,3,5,4,cafe,deep_study,mostly_solo,2_4h,afternoon,1,0,1,1,1,1,1,1,1,1,1,library,light_reading,2,1_2h,evening,weekday,7.5,cold,indoor,sometimes,5,4,4,5,2,3,4,4,4,4,20,20,12,20,16,16,6,15,1.8,3.8,12,0.5,66.1
I0739,U074,balanced,P062,home_08,synthetic,train,4,5,3,4,4,4,4,3,5,4,cafe,deep_study,mostly_solo,2_4h,afternoon,1,0,1,1,1,1,1,1,1,1,1,home,online_class,solo,1_2h,afternoon,weekday,9.9,clear,indoor,often,4,3,4,4,4,5,5,5,4,5,16,15,12,16,20,16,12,25,2.6,5.0,15,1,81.0
I0740,U074,balanced,P027,study_room_09,synthetic,train,4,5,3,4,4,4,4,3,5,4,cafe,deep_study,mostly_solo,2_4h,afternoon,1,0,1,1,1,1,1,1,1,1,1,study_room,team_project,3_4,2_4h,evening,weekend,1.0,clear,indoor,sometimes,5,3,3,4,4,3,3,5,3,3,20,15,9,16,12,12,12,15,1.0,0.5,15,0.5,70.8
I0741,U075,balanced,P054,cafe_18,synthetic,train,3,4,3,4,4,3,4,3,3,4,study_room,online_class,mostly_solo,2_4h,evening,0,0,1,1,1,0,0,1,0,0,1,cafe,meeting,2,1_2h,afternoon,weekday,11.9,cloudy,indoor,often,3,5,2,3,2,3,3,5,4,3,9,20,6,12,12,16,6,9,0.8,4.5,15,0.5,58.5
I0742,U075,balanced,P013,library_13,synthetic,train,3,4,3,4,4,3,4,3,3,4,study_room,online_class,mostly_solo,2_4h,evening,0,0,1,1,1,0,0,1,0,0,1,library,deep_study,solo,2_4h,evening,weekday,6.7,hot,indoor,often,5,4,4,4,3,3,5,4,4,4,15,16,12,16,20,16,9,9,4.0,2.5,16,1,67.7
I0743,U075,balanced,P037,cafe_01,synthetic,train,3,4,3,4,4,3,4,3,3,4,study_room,online_class,mostly_solo,2_4h,evening,0,0,1,1,1,0,0,1,0,0,1,cafe,online_class,solo,1_2h,afternoon,weekday,14.5,cold,indoor,often,3,4,2,2,2,4,3,3,4,4,9,16,6,8,12,16,6,12,2.6,5.4,9,0.5,54.3
I0744,U075,balanced,P016,library_16,synthetic,train,3,4,3,4,4,3,4,3,3,4,study_room,online_class,mostly_solo,2_4h,evening,0,0,1,1,1,0,0,1,0,0,1,library,report_writing,solo,2_4h,afternoon,weekday,9.6,clear,indoor,rarely,5,4,3,5,3,4,3,5,4,4,15,16,9,20,12,16,9,12,3.4,3.6,20,0.5,61.8
I0745,U075,balanced,P075,computer_lab_01,synthetic,train,3,4,3,4,4,3,4,3,3,4,study_room,online_class,mostly_solo,2_4h,evening,0,0,1,1,1,0,0,1,0,0,1,computer_lab,meeting,5_plus,2_4h,morning,weekday,10.4,rainy,indoor,often,3,3,3,4,3,4,5,4,3,3,9,12,9,16,20,12,9,12,0.8,3.9,12,0,55.5
I0746,U075,balanced,P112,outdoor_04,synthetic,train,3,4,3,4,4,3,4,3,3,4,study_room,online_class,mostly_solo,2_4h,evening,0,0,1,1,1,0,0,1,0,0,1,outdoor,deep_study,3_4,1_2h,evening,weekday,7.1,clear,outdoor,often,3,4,3,3,2,3,1,2,3,2,9,16,9,12,4,12,6,9,4.0,2.7,8,1,50.6
I0747,U075,balanced,P008,library_08,synthetic,train,3,4,3,4,4,3,4,3,3,4,study_room,online_class,mostly_solo,2_4h,evening,0,0,1,1,1,0,0,1,0,0,1,library,coding,solo,1_2h,evening,weekday,13.3,clear,indoor,first_time,5,5,4,4,2,3,4,4,4,4,15,20,12,16,16,16,6,9,3.6,5.0,16,1,63.4
I0748,U075,balanced,P033,study_room_15,synthetic,train,3,4,3,4,4,3,4,3,3,4,study_room,online_class,mostly_solo,2_4h,evening,0,0,1,1,1,0,0,1,0,0,1,study_room,report_writing,solo,over_4h,afternoon,weekend,2.9,clear,indoor,rarely,5,3,4,3,4,4,4,5,5,4,15,12,12,12,16,20,12,12,3.4,1.1,20,0.5,68.7
I0749,U075,balanced,P007,library_07,synthetic,train,3,4,3,4,4,3,4,3,3,4,study_room,online_class,mostly_solo,2_4h,evening,0,0,1,1,1,0,0,1,0,0,1,library,report_writing,solo,1_2h,evening,weekday,9.9,hot,indoor,first_time,5,4,3,4,3,3,4,5,4,4,15,16,9,16,16,16,9,9,3.4,3.7,20,1,62.5
I0750,U075,balanced,P081,computer_lab_07,synthetic,train,3,4,3,4,4,3,4,3,3,4,study_room,online_class,mostly_solo,2_4h,evening,0,0,1,1,1,0,0,1,0,0,1,computer_lab,coding,solo,2_4h,morning,weekday,3.8,cloudy,indoor,first_time,4,4,2,3,3,3,4,4,4,3,12,16,6,12,16,16,9,9,3.6,1.4,16,0,60.8
I0751,U076,quiet_deepwork,P036,study_room_18,synthetic,valid,5,4,4,5,5,3,3,3,3,5,study_room,report_writing,mostly_solo,under_1h,evening,1,1,1,0,1,0,1,1,0,0,1,study_room,team_project,3_4,1_2h,afternoon,weekend,12.1,cloudy,indoor,sometimes,5,4,4,4,4,4,5,5,4,4,25,16,16,20,25,12,12,12,1.3,4.5,15,0.5,78.5
I0752,U076,quiet_deepwork,P105,dorm_lounge_09,synthetic,valid,5,4,4,5,5,3,3,3,3,5,study_room,report_writing,mostly_solo,under_1h,evening,1,1,1,0,1,0,1,1,0,0,1,dorm_lounge,coding,solo,over_4h,evening,weekday,16.7,cloudy,indoor,sometimes,3,3,3,2,3,3,4,3,4,3,15,12,12,10,20,12,9,9,4.5,6.2,15,1,67.0
I0753,U076,quiet_deepwork,P081,computer_lab_07,synthetic,valid,5,4,4,5,5,3,3,3,3,5,study_room,report_writing,mostly_solo,under_1h,evening,1,1,1,0,1,0,1,1,0,0,1,computer_lab,coding,solo,1_2h,morning,weekend,9.0,cloudy,indoor,sometimes,4,4,2,3,3,3,4,4,4,3,20,16,8,15,20,12,9,9,4.5,3.4,20,0,67.3
I0754,U076,quiet_deepwork,P004,library_04,synthetic,valid,5,4,4,5,5,3,3,3,3,5,study_room,report_writing,mostly_solo,under_1h,evening,1,1,1,0,1,0,1,1,0,0,1,library,team_project,3_4,1_2h,morning,weekday,2.9,hot,indoor,sometimes,5,3,3,4,2,4,4,3,3,4,25,12,12,20,20,9,6,12,1.3,1.1,9,0,70.6
I0755,U076,quiet_deepwork,P056,home_02,synthetic,valid,5,4,4,5,5,3,3,3,3,5,study_room,report_writing,mostly_solo,under_1h,evening,1,1,1,0,1,0,1,1,0,0,1,home,deep_study,3_4,over_4h,afternoon,weekday,13.3,clear,indoor,sometimes,4,3,5,4,5,4,5,4,5,5,20,12,20,20,25,15,15,12,5.0,5.0,20,0.5,75.6
I0756,U076,quiet_deepwork,P084,computer_lab_10,synthetic,valid,5,4,4,5,5,3,3,3,3,5,study_room,report_writing,mostly_solo,under_1h,evening,1,1,1,0,1,0,1,1,0,0,1,computer_lab,coding,2,1_2h,afternoon,weekday,12.0,clear,indoor,sometimes,4,4,3,4,3,3,4,5,3,2,20,16,12,20,20,9,9,9,4.5,4.5,25,0.5,76.9
I0757,U076,quiet_deepwork,P077,computer_lab_03,synthetic,valid,5,4,4,5,5,3,3,3,3,5,study_room,report_writing,mostly_solo,under_1h,evening,1,1,1,0,1,0,1,1,0,0,1,computer_lab,coding,solo,under_1h,late_night,weekend,17.1,cold,indoor,first_time,4,3,3,3,2,3,4,5,4,4,20,12,12,15,20,12,6,9,4.5,6.4,25,0.5,68.5
I0758,U076,quiet_deepwork,P048,cafe_12,synthetic,valid,5,4,4,5,5,3,3,3,3,5,study_room,report_writing,mostly_solo,under_1h,evening,1,1,1,0,1,0,1,1,0,0,1,cafe,report_writing,solo,under_1h,evening,weekend,10.7,clear,indoor,often,2,5,2,3,1,4,3,3,3,3,10,20,8,15,15,9,3,12,4.3,4.0,15,1,64.2
I0759,U076,quiet_deepwork,P095,coworking_space_11,synthetic,valid,5,4,4,5,5,3,3,3,3,5,study_room,report_writing,mostly_solo,under_1h,evening,1,1,1,0,1,0,1,1,0,0,1,coworking_space,report_writing,solo,2_4h,evening,weekend,12.4,cloudy,indoor,often,4,4,3,3,4,4,5,4,4,4,20,16,12,15,25,12,12,12,4.3,4.6,20,1,83.0
I0760,U076,quiet_deepwork,P007,library_07,synthetic,valid,5,4,4,5,5,3,3,3,3,5,study_room,report_writing,mostly_solo,under_1h,evening,1,1,1,0,1,0,1,1,0,0,1,library,light_reading,solo,1_2h,evening,weekday,11.9,rainy,indoor,first_time,5,4,3,4,3,3,4,4,4,4,25,16,12,20,20,12,9,9,2.3,4.5,12,1,66.9
I0761,U077,comfort_oriented,P004,library_04,synthetic,test,3,5,5,4,4,3,5,3,5,4,home,light_reading,mostly_solo,2_4h,afternoon,0,1,1,1,1,0,0,1,0,1,1,library,report_writing,solo,2_4h,evening,weekday,5.9,cold,indoor,sometimes,5,3,3,4,2,4,4,5,3,4,15,15,15,16,16,15,6,20,3.4,2.2,20,0.5,69.4
I0762,U077,comfort_oriented,P003,library_03,synthetic,test,3,5,5,4,4,3,5,3,5,4,home,light_reading,mostly_solo,2_4h,afternoon,0,1,1,1,1,0,0,1,0,1,1,library,report_writing,solo,under_1h,afternoon,weekday,3.1,cloudy,indoor,sometimes,5,3,4,5,3,3,4,5,4,4,15,15,20,20,16,20,9,15,3.4,1.2,20,1,81.4
I0763,U077,comfort_oriented,P079,computer_lab_05,synthetic,test,3,5,5,4,4,3,5,3,5,4,home,light_reading,mostly_solo,2_4h,afternoon,0,1,1,1,1,0,0,1,0,1,1,computer_lab,report_writing,2,under_1h,morning,weekday,7.4,clear,indoor,sometimes,4,4,3,3,3,4,5,3,4,3,12,20,15,12,20,20,9,20,3.4,2.8,12,0.5,80.6
I0764,U077,comfort_oriented,P052,cafe_16,synthetic,test,3,5,5,4,4,3,5,3,5,4,home,light_reading,mostly_solo,2_4h,afternoon,0,1,1,1,1,0,0,1,0,1,1,cafe,online_class,3_4,2_4h,early_morning,weekday,16.4,clear,indoor,sometimes,3,5,3,2,2,3,3,2,4,3,9,25,15,8,12,20,6,15,2.6,6.1,6,0,62.1
I0765,U077,comfort_oriented,P091,coworking_space_07,synthetic,test,3,5,5,4,4,3,5,3,5,4,home,light_reading,mostly_solo,2_4h,afternoon,0,1,1,1,1,0,0,1,0,1,1,coworking_space,online_class,solo,2_4h,afternoon,weekend,17.7,rainy,indoor,rarely,4,4,4,3,4,5,4,4,3,4,12,20,20,12,16,15,12,25,2.6,6.6,12,1,71.8
I0766,U077,comfort_oriented,P060,home_06,synthetic,test,3,5,5,4,4,3,5,3,5,4,home,light_reading,mostly_solo,2_4h,afternoon,0,1,1,1,1,0,0,1,0,1,1,home,light_reading,solo,2_4h,early_morning,weekday,16.7,clear,indoor,sometimes,4,3,5,5,4,5,5,4,4,5,12,15,25,20,20,20,12,25,1.8,6.3,12,0,83.7
I0767,U077,comfort_oriented,P051,cafe_15,synthetic,test,3,5,5,4,4,3,5,3,5,4,home,light_reading,mostly_solo,2_4h,afternoon,0,1,1,1,1,0,0,1,0,1,1,cafe,light_reading,solo,1_2h,morning,weekend,16.5,hot,indoor,sometimes,3,4,2,3,3,4,3,5,4,3,9,20,10,12,12,20,9,20,1.8,6.2,15,0.5,55.7
I0768,U077,comfort_oriented,P091,coworking_space_07,synthetic,test,3,5,5,4,4,3,5,3,5,4,home,light_reading,mostly_solo,2_4h,afternoon,0,1,1,1,1,0,0,1,0,1,1,coworking_space,coding,2,2_4h,afternoon,weekend,13.8,clear,indoor,rarely,4,4,4,3,4,5,4,5,3,4,12,20,20,12,16,15,12,25,3.6,5.2,20,1,66.0
I0769,U077,comfort_oriented,P118,outdoor_10,synthetic,test,3,5,5,4,4,3,5,3,5,4,home,light_reading,mostly_solo,2_4h,afternoon,0,1,1,1,1,0,0,1,0,1,1,outdoor,deep_study,5_plus,over_4h,evening,weekday,7.7,clear,outdoor,often,3,5,3,3,3,3,2,2,3,3,9,25,15,12,8,15,9,15,4.0,2.9,8,0.5,59.9
I0770,U077,comfort_oriented,P045,cafe_09,synthetic,test,3,5,5,4,4,3,5,3,5,4,home,light_reading,mostly_solo,2_4h,afternoon,0,1,1,1,1,0,0,1,0,1,1,cafe,light_reading,2,2_4h,morning,weekday,4.3,clear,indoor,sometimes,2,3,2,2,3,3,3,4,3,3,6,15,10,8,12,15,9,15,1.8,1.6,12,0.5,48.3
I0771,U078,social_collaborative,P116,outdoor_08,synthetic,train,2,4,3,2,3,3,4,3,3,4,cafe,light_reading,mostly_group,1_2h,afternoon,0,0,0,1,0,0,0,0,0,0,0,outdoor,team_project,3_4,1_2h,afternoon,weekday,13.0,clear,outdoor,often,3,5,3,3,2,2,1,3,3,3,6,20,9,6,3,12,6,6,1.0,4.9,9,1,50.7
I0772,U078,social_collaborative,P051,cafe_15,synthetic,train,2,4,3,2,3,3,4,3,3,4,cafe,light_reading,mostly_group,1_2h,afternoon,0,0,0,1,0,0,0,0,0,0,0,cafe,team_project,5_plus,under_1h,morning,weekday,16.8,cloudy,indoor,often,3,4,2,3,3,4,3,4,4,3,6,16,6,6,9,16,9,12,1.0,6.3,12,0.5,53.3
I0773,U078,social_collaborative,P027,study_room_09,synthetic,train,2,4,3,2,3,3,4,3,3,4,cafe,light_reading,mostly_group,1_2h,afternoon,0,0,0,1,0,0,0,0,0,0,0,study_room,deep_study,solo,2_4h,afternoon,weekday,7.7,clear,indoor,rarely,5,3,3,4,4,3,3,5,3,3,10,12,9,8,9,12,12,9,4.0,2.9,20,1,61.8
I0774,U078,social_collaborative,P051,cafe_15,synthetic,train,2,4,3,2,3,3,4,3,3,4,cafe,light_reading,mostly_group,1_2h,afternoon,0,0,0,1,0,0,0,0,0,0,0,cafe,team_project,3_4,1_2h,afternoon,weekday,14.6,hot,indoor,rarely,3,4,2,3,3,4,3,5,4,3,6,16,6,6,9,16,9,12,1.0,5.5,15,1,58.1
I0775,U078,social_collaborative,P064,classroom_02,synthetic,train,2,4,3,2,3,3,4,3,3,4,cafe,light_reading,mostly_group,1_2h,afternoon,0,0,0,1,0,0,0,0,0,0,0,classroom,online_class,solo,2_4h,afternoon,weekday,7.9,cloudy,indoor,often,4,4,3,3,3,3,3,3,3,3,8,16,9,6,9,12,9,9,2.6,2.9,9,1,48.5
I0776,U078,social_collaborative,P035,study_room_17,synthetic,train,2,4,3,2,3,3,4,3,3,4,cafe,light_reading,mostly_group,1_2h,afternoon,0,0,0,1,0,0,0,0,0,0,0,study_room,team_project,3_4,2_4h,late_night,weekend,3.8,clear,indoor,rarely,4,4,4,4,3,4,5,5,4,3,8,16,12,8,15,16,9,12,1.0,1.4,15,0,69.4
I0777,U078,social_collaborative,P114,outdoor_06,synthetic,train,2,4,3,2,3,3,4,3,3,4,cafe,light_reading,mostly_group,1_2h,afternoon,0,0,0,1,0,0,0,0,0,0,0,outdoor,team_project,3_4,2_4h,evening,weekday,11.1,hot,outdoor,often,3,4,3,3,2,2,1,3,3,3,6,16,9,6,3,12,6,6,1.0,4.2,9,0.5,33.5
I0778,U078,social_collaborative,P030,study_room_12,synthetic,train,2,4,3,2,3,3,4,3,3,4,cafe,light_reading,mostly_group,1_2h,afternoon,0,0,0,1,0,0,0,0,0,0,0,study_room,team_project,2,under_1h,evening,weekday,12.1,rainy,indoor,rarely,5,4,3,4,3,3,4,5,4,4,10,16,9,8,12,16,9,9,1.0,4.6,15,0.5,56.2
I0779,U078,social_collaborative,P086,coworking_space_02,synthetic,train,2,4,3,2,3,3,4,3,3,4,cafe,light_reading,mostly_group,1_2h,afternoon,0,0,0,1,0,0,0,0,0,0,0,coworking_space,coding,solo,2_4h,early_morning,weekday,19.5,hot,indoor,rarely,3,4,4,4,5,3,4,5,4,4,6,16,12,8,12,16,15,9,3.6,7.3,20,0,52.0
I0780,U078,social_collaborative,P052,cafe_16,synthetic,train,2,4,3,2,3,3,4,3,3,4,cafe,light_reading,mostly_group,1_2h,afternoon,0,0,0,1,0,0,0,0,0,0,0,cafe,meeting,2,over_4h,afternoon,weekday,7.1,rainy,indoor,sometimes,3,5,3,2,2,3,3,4,4,3,6,20,9,4,9,16,6,9,0.8,2.7,12,1,50.4
I0781,U079,convenience_oriented,P020,study_room_02,synthetic,valid,4,4,3,3,4,4,3,4,5,4,study_room,light_reading,mostly_solo,1_2h,late_night,1,0,0,0,1,1,1,1,1,1,0,study_room,team_project,5_plus,under_1h,early_morning,weekday,10.9,cold,indoor,often,4,4,4,5,3,4,4,5,4,4,16,16,12,15,16,12,12,20,1.0,5.5,15,0,78.0
I0782,U079,convenience_oriented,P077,computer_lab_03,synthetic,valid,4,4,3,3,4,4,3,4,5,4,study_room,light_reading,mostly_solo,1_2h,late_night,1,0,0,0,1,1,1,1,1,1,0,computer_lab,deep_study,solo,2_4h,afternoon,weekday,18.7,cold,indoor,rarely,4,3,3,3,2,3,4,4,4,4,16,12,9,9,16,12,8,15,4.0,9.4,16,0,59.4
I0783,U079,convenience_oriented,P058,home_04,synthetic,valid,4,4,3,3,4,4,3,4,5,4,study_room,light_reading,mostly_solo,1_2h,late_night,1,0,0,0,1,1,1,1,1,1,0,home,coding,2,2_4h,evening,weekend,17.0,rainy,indoor,sometimes,4,3,4,3,4,5,4,5,4,4,16,12,12,9,16,12,16,25,3.6,8.5,20,0.5,58.0
I0784,U079,convenience_oriented,P053,cafe_17,synthetic,valid,4,4,3,3,4,4,3,4,5,4,study_room,light_reading,mostly_solo,1_2h,late_night,1,0,0,0,1,1,1,1,1,1,0,cafe,online_class,solo,1_2h,late_night,weekday,14.4,cold,indoor,rarely,3,4,2,2,2,3,3,3,3,3,12,16,6,6,12,9,8,15,2.6,7.2,9,1,52.0
I0785,U079,convenience_oriented,P058,home_04,synthetic,valid,4,4,3,3,4,4,3,4,5,4,study_room,light_reading,mostly_solo,1_2h,late_night,1,0,0,0,1,1,1,1,1,1,0,home,team_project,3_4,under_1h,evening,weekday,19.1,clear,indoor,often,4,3,4,3,4,5,4,2,4,4,16,12,12,9,16,12,16,25,1.0,9.6,6,0.5,56.4
I0786,U079,convenience_oriented,P021,study_room_03,synthetic,valid,4,4,3,3,4,4,3,4,5,4,study_room,light_reading,mostly_solo,1_2h,late_night,1,0,0,0,1,1,1,1,1,1,0,study_room,online_class,solo,1_2h,evening,weekend,21.4,cloudy,indoor,sometimes,5,4,4,4,3,4,4,5,4,2,20,16,12,12,16,12,12,20,2.6,10.7,15,0.5,67.4
I0787,U079,convenience_oriented,P028,study_room_10,synthetic,valid,4,4,3,3,4,4,3,4,5,4,study_room,light_reading,mostly_solo,1_2h,late_night,1,0,0,0,1,1,1,1,1,1,0,study_room,team_project,3_4,under_1h,late_night,weekend,7.9,rainy,indoor,first_time,4,4,3,3,4,4,5,5,4,3,16,16,9,9,20,12,16,20,1.0,3.9,15,1,71.8
I0788,U079,convenience_oriented,P015,library_15,synthetic,valid,4,4,3,3,4,4,3,4,5,4,study_room,light_reading,mostly_solo,1_2h,late_night,1,0,0,0,1,1,1,1,1,1,0,library,light_reading,solo,1_2h,morning,weekend,15.0,clear,indoor,rarely,4,4,4,5,2,4,3,5,4,4,16,16,12,15,12,12,8,20,1.8,7.5,15,0,67.5
I0789,U079,convenience_oriented,P004,library_04,synthetic,valid,4,4,3,3,4,4,3,4,5,4,study_room,light_reading,mostly_solo,1_2h,late_night,1,0,0,0,1,1,1,1,1,1,0,library,online_class,solo,1_2h,morning,weekday,1.0,clear,indoor,often,5,3,3,4,2,4,4,3,3,4,20,12,9,12,16,9,8,20,2.6,0.5,9,0,69.8
I0790,U079,convenience_oriented,P092,coworking_space_08,synthetic,valid,4,4,3,3,4,4,3,4,5,4,study_room,light_reading,mostly_solo,1_2h,late_night,1,0,0,0,1,1,1,1,1,1,0,coworking_space,coding,solo,2_4h,late_night,weekend,7.4,cloudy,indoor,rarely,2,4,3,4,3,4,4,4,4,3,8,16,9,12,16,12,12,20,3.6,3.7,16,1,62.0
I0791,U080,quiet_deepwork,P014,library_14,synthetic,train,5,4,3,4,4,4,4,4,4,5,home,deep_study,mostly_solo,2_4h,afternoon,1,0,1,1,1,1,1,1,1,1,1,library,online_class,2,1_2h,evening,weekday,6.2,cold,indoor,sometimes,5,4,5,4,3,4,4,4,4,4,25,16,15,16,16,16,12,16,3.3,3.1,12,0.5,79.8
I0792,U080,quiet_deepwork,P035,study_room_17,synthetic,train,5,4,3,4,4,4,4,4,4,5,home,deep_study,mostly_solo,2_4h,afternoon,1,0,1,1,1,1,1,1,1,1,1,study_room,deep_study,solo,over_4h,afternoon,weekday,4.7,hot,indoor,often,4,4,4,4,3,4,5,5,4,3,20,16,12,16,20,16,12,16,5.0,2.4,25,1,84.3
I0793,U080,quiet_deepwork,P070,classroom_08,synthetic,train,5,4,3,4,4,4,4,4,4,5,home,deep_study,mostly_solo,2_4h,afternoon,1,0,1,1,1,1,1,1,1,1,1,classroom,online_class,solo,1_2h,evening,weekday,11.4,clear,indoor,sometimes,3,4,3,2,3,2,3,4,2,3,15,16,9,8,12,8,12,8,3.3,5.7,12,0.5,64.9
I0794,U080,quiet_deepwork,P011,library_11,synthetic,train,5,4,3,4,4,4,4,4,4,5,home,deep_study,mostly_solo,2_4h,afternoon,1,0,1,1,1,1,1,1,1,1,1,library,deep_study,solo,1_2h,evening,weekday,9.3,clear,indoor,often,5,4,4,4,2,4,4,5,4,3,25,16,12,16,16,16,8,16,5.0,4.7,25,0.5,81.7
I0795,U080,quiet_deepwork,P076,computer_lab_02,synthetic,train,5,4,3,4,4,4,4,4,4,5,home,deep_study,mostly_solo,2_4h,afternoon,1,0,1,1,1,1,1,1,1,1,1,computer_lab,meeting,3_4,over_4h,afternoon,weekday,11.5,rainy,indoor,sometimes,3,5,3,4,4,3,4,3,3,4,15,20,9,16,16,12,16,12,1.0,5.8,9,1,66.9
I0796,U080,quiet_deepwork,P029,study_room_11,synthetic,train,5,4,3,4,4,4,4,4,4,5,home,deep_study,mostly_solo,2_4h,afternoon,1,0,1,1,1,1,1,1,1,1,1,study_room,coding,2,under_1h,afternoon,weekday,10.7,rainy,indoor,sometimes,4,4,3,4,2,4,4,5,4,3,20,16,9,16,16,16,8,16,4.5,5.3,25,1,72.3
I0797,U080,quiet_deepwork,P007,library_07,synthetic,train,5,4,3,4,4,4,4,4,4,5,home,deep_study,mostly_solo,2_4h,afternoon,1,0,1,1,1,1,1,1,1,1,1,library,deep_study,solo,2_4h,morning,weekday,1.6,cloudy,indoor,sometimes,5,4,3,4,3,3,4,4,4,4,25,16,9,16,16,16,12,12,5.0,0.8,20,0.5,87.3
I0798,U080,quiet_deepwork,P008,library_08,synthetic,train,5,4,3,4,4,4,4,4,4,5,home,deep_study,mostly_solo,2_4h,afternoon,1,0,1,1,1,1,1,1,1,1,1,library,deep_study,solo,over_4h,morning,weekend,6.3,clear,indoor,sometimes,5,5,4,4,2,3,4,5,4,4,25,20,12,16,16,16,8,12,5.0,3.1,25,0.5,69.4
I0799,U080,quiet_deepwork,P027,study_room_09,synthetic,train,5,4,3,4,4,4,4,4,4,5,home,deep_study,mostly_solo,2_4h,afternoon,1,0,1,1,1,1,1,1,1,1,1,study_room,deep_study,solo,2_4h,afternoon,weekday,4.4,clear,indoor,first_time,5,3,3,4,4,3,3,4,3,3,25,12,9,16,12,12,16,12,5.0,2.2,20,1,74.0
I0800,U080,quiet_deepwork,P038,cafe_02,synthetic,train,5,4,3,4,4,4,4,4,4,5,home,deep_study,mostly_solo,2_4h,afternoon,1,0,1,1,1,1,1,1,1,1,1,cafe,report_writing,solo,1_2h,morning,weekend,18.7,cloudy,indoor,first_time,2,4,3,2,2,4,3,3,3,3,10,16,9,8,12,12,8,16,4.3,9.4,15,0.5,49.8
I0801,U081,comfort_oriented,P117,outdoor_09,synthetic,test,4,5,4,4,5,4,5,5,4,4,dorm_lounge,light_reading,mostly_solo,2_4h,afternoon,1,1,1,1,1,1,1,1,1,1,1,outdoor,light_reading,solo,2_4h,evening,weekday,13.7,clear,outdoor,often,2,5,3,3,2,3,1,3,3,3,8,25,12,12,5,15,10,12,1.8,6.8,9,0.5,56.8
I0802,U081,comfort_oriented,P115,outdoor_07,synthetic,test,4,5,4,4,5,4,5,5,4,4,dorm_lounge,light_reading,mostly_solo,2_4h,afternoon,1,1,1,1,1,1,1,1,1,1,1,outdoor,online_class,solo,1_2h,late_night,weekday,19.0,clear,outdoor,rarely,3,4,3,3,1,3,1,2,2,3,12,20,12,12,5,10,5,12,2.6,9.5,6,0,57.4
I0803,U081,comfort_oriented,P029,study_room_11,synthetic,test,4,5,4,4,5,4,5,5,4,4,dorm_lounge,light_reading,mostly_solo,2_4h,afternoon,1,1,1,1,1,1,1,1,1,1,1,study_room,coding,solo,over_4h,evening,weekday,15.2,rainy,indoor,sometimes,4,4,3,4,2,4,4,5,4,3,16,20,12,16,20,20,10,16,3.6,7.6,20,0.5,59.1
I0804,U081,comfort_oriented,P111,outdoor_03,synthetic,test,4,5,4,4,5,4,5,5,4,4,dorm_lounge,light_reading,mostly_solo,2_4h,afternoon,1,1,1,1,1,1,1,1,1,1,1,outdoor,report_writing,solo,1_2h,afternoon,weekday,12.6,cloudy,outdoor,rarely,3,5,3,4,2,2,1,2,2,3,12,25,12,16,5,10,10,8,3.4,6.3,8,1,58.1
I0805,U081,comfort_oriented,P013,library_13,synthetic,test,4,5,4,4,5,4,5,5,4,4,dorm_lounge,light_reading,mostly_solo,2_4h,afternoon,1,1,1,1,1,1,1,1,1,1,1,library,online_class,solo,under_1h,morning,weekday,1.0,rainy,indoor,often,5,4,4,4,3,3,5,2,4,4,20,20,16,16,25,20,15,12,2.6,0.5,6,0.5,80.9
I0806,U081,comfort_oriented,P088,coworking_space_04,synthetic,test,4,5,4,4,5,4,5,5,4,4,dorm_lounge,light_reading,mostly_solo,2_4h,afternoon,1,1,1,1,1,1,1,1,1,1,1,coworking_space,light_reading,solo,1_2h,afternoon,weekend,13.7,hot,indoor,sometimes,3,4,3,3,4,4,4,3,5,4,12,20,12,12,20,25,20,16,1.8,6.8,9,1,65.6
I0807,U081,comfort_oriented,P100,dorm_lounge_04,synthetic,test,4,5,4,4,5,4,5,5,4,4,dorm_lounge,light_reading,mostly_solo,2_4h,afternoon,1,1,1,1,1,1,1,1,1,1,1,dorm_lounge,report_writing,solo,over_4h,afternoon,weekend,9.5,clear,indoor,sometimes,3,4,2,3,3,4,3,3,4,4,12,20,8,12,15,20,15,16,3.4,4.7,12,1,72.2
I0808,U081,comfort_oriented,P001,library_01,synthetic,test,4,5,4,4,5,4,5,5,4,4,dorm_lounge,light_reading,mostly_solo,2_4h,afternoon,1,1,1,1,1,1,1,1,1,1,1,library,deep_study,solo,2_4h,afternoon,weekday,8.9,cloudy,indoor,rarely,5,4,4,5,2,3,4,4,4,4,20,20,16,20,20,20,10,12,4.0,4.4,16,1,65.4
I0809,U081,comfort_oriented,P031,study_room_13,synthetic,test,4,5,4,4,5,4,5,5,4,4,dorm_lounge,light_reading,mostly_solo,2_4h,afternoon,1,1,1,1,1,1,1,1,1,1,1,study_room,coding,solo,over_4h,morning,weekend,1.0,hot,indoor,sometimes,5,4,4,4,4,4,4,5,5,4,20,20,16,16,20,25,20,16,3.6,0.5,20,0.5,80.4
I0810,U081,comfort_oriented,P087,coworking_space_03,synthetic,test,4,5,4,4,5,4,5,5,4,4,dorm_lounge,light_reading,mostly_solo,2_4h,afternoon,1,1,1,1,1,1,1,1,1,1,1,coworking_space,report_writing,solo,under_1h,early_morning,weekend,13.6,cold,indoor,first_time,4,4,3,2,5,4,4,4,4,4,16,20,12,8,20,20,25,16,3.4,6.8,16,0,65.1
I0811,U082,social_collaborative,P097,dorm_lounge_01,synthetic,train,3,4,3,2,4,3,3,4,4,3,cafe,team_project,mostly_group,1_2h,evening,0,0,0,0,1,0,0,1,0,1,0,dorm_lounge,light_reading,solo,1_2h,afternoon,weekday,7.4,hot,indoor,sometimes,3,3,3,2,3,4,5,4,4,2,9,12,9,4,20,12,12,16,1.4,2.8,12,0.5,58.1
I0812,U082,social_collaborative,P023,study_room_05,synthetic,train,3,4,3,2,4,3,3,4,4,3,cafe,team_project,mostly_group,1_2h,evening,0,0,0,0,1,0,0,1,0,1,0,study_room,online_class,solo,2_4h,morning,weekday,19.1,cloudy,indoor,often,5,4,3,4,4,4,3,3,4,4,15,16,9,8,12,12,16,16,2.0,7.2,9,0,61.7
I0813,U082,social_collaborative,P083,computer_lab_09,synthetic,train,3,4,3,2,4,3,3,4,4,3,cafe,team_project,mostly_group,1_2h,evening,0,0,0,0,1,0,0,1,0,1,0,computer_lab,coding,solo,over_4h,afternoon,weekday,4.3,rainy,indoor,sometimes,4,4,3,3,4,3,5,4,4,3,12,16,9,6,20,12,16,12,2.7,1.6,12,0.5,73.8
I0814,U082,social_collaborative,P050,cafe_14,synthetic,train,3,4,3,2,4,3,3,4,4,3,cafe,team_project,mostly_group,1_2h,evening,0,0,0,0,1,0,0,1,0,1,0,cafe,report_writing,solo,2_4h,evening,weekend,12.3,clear,indoor,sometimes,3,5,2,3,2,4,3,3,4,3,9,20,6,6,12,12,8,16,2.6,4.6,9,1,53.9
I0815,U082,social_collaborative,P081,computer_lab_07,synthetic,train,3,4,3,2,4,3,3,4,4,3,cafe,team_project,mostly_group,1_2h,evening,0,0,0,0,1,0,0,1,0,1,0,computer_lab,team_project,3_4,1_2h,early_morning,weekend,8.7,clear,indoor,often,4,4,2,3,3,3,4,4,4,3,12,16,6,6,16,12,12,12,0.8,3.3,12,0,58.8
I0816,U082,social_collaborative,P097,dorm_lounge_01,synthetic,train,3,4,3,2,4,3,3,4,4,3,cafe,team_project,mostly_group,1_2h,evening,0,0,0,0,1,0,0,1,0,1,0,dorm_lounge,team_project,2,2_4h,evening,weekend,7.9,clear,indoor,often,3,3,3,2,3,4,5,3,4,2,9,12,9,4,20,12,12,16,0.8,3.0,9,1,62.5
I0817,U082,social_collaborative,P095,coworking_space_11,synthetic,train,3,4,3,2,4,3,3,4,4,3,cafe,team_project,mostly_group,1_2h,evening,0,0,0,0,1,0,0,1,0,1,0,coworking_space,coding,2,1_2h,afternoon,weekday,13.2,clear,indoor,sometimes,4,4,3,3,4,4,5,5,4,4,12,16,9,6,20,12,16,16,2.7,5.0,15,0.5,58.2
I0818,U082,social_collaborative,P036,study_room_18,synthetic,train,3,4,3,2,4,3,3,4,4,3,cafe,team_project,mostly_group,1_2h,evening,0,0,0,0,1,0,0,1,0,1,0,study_room,coding,solo,2_4h,evening,weekday,12.6,hot,indoor,often,5,4,4,4,4,4,5,4,4,4,15,16,12,8,20,12,16,16,2.7,4.7,12,1,63.1
I0819,U082,social_collaborative,P033,study_room_15,synthetic,train,3,4,3,2,4,3,3,4,4,3,cafe,team_project,mostly_group,1_2h,evening,0,0,0,0,1,0,0,1,0,1,0,study_room,team_project,5_plus,under_1h,afternoon,weekend,4.7,clear,indoor,sometimes,5,3,4,3,4,4,4,5,5,4,15,12,12,6,16,15,16,16,0.8,1.8,15,0.5,80.2
I0820,U082,social_collaborative,P021,study_room_03,synthetic,train,3,4,3,2,4,3,3,4,4,3,cafe,team_project,mostly_group,1_2h,evening,0,0,0,0,1,0,0,1,0,1,0,study_room,team_project,5_plus,1_2h,afternoon,weekday,16.0,cloudy,indoor,often,5,4,4,4,3,4,4,5,4,2,15,16,12,8,16,12,12,16,0.8,6.0,15,0.5,58.7
I0821,U083,social_collaborative,P106,dorm_lounge_10,synthetic,train,3,4,2,3,3,3,2,1,3,3,cafe,team_project,mostly_group,2_4h,early_morning,0,0,0,0,0,0,0,0,0,0,0,dorm_lounge,coding,solo,over_4h,early_morning,weekend,7.0,cloudy,indoor,often,3,3,2,3,3,4,3,3,3,3,9,12,4,9,9,6,3,12,2.7,2.6,9,1,57.6
I0822,U083,social_collaborative,P054,cafe_18,synthetic,train,3,4,2,3,3,3,2,1,3,3,cafe,team_project,mostly_group,2_4h,early_morning,0,0,0,0,0,0,0,0,0,0,0,cafe,report_writing,solo,over_4h,afternoon,weekday,11.8,clear,indoor,sometimes,3,5,2,3,2,3,3,5,4,3,9,20,4,9,9,8,2,9,2.6,4.4,15,0,51.5
I0823,U083,social_collaborative,P018,library_18,synthetic,train,3,4,2,3,3,3,2,1,3,3,cafe,team_project,mostly_group,2_4h,early_morning,0,0,0,0,0,0,0,0,0,0,0,library,deep_study,solo,2_4h,evening,weekend,11.8,hot,indoor,first_time,5,4,3,4,3,3,4,4,4,3,15,16,6,12,12,8,3,9,3.0,4.4,12,0,51.6
I0824,U083,social_collaborative,P045,cafe_09,synthetic,train,3,4,2,3,3,3,2,1,3,3,cafe,team_project,mostly_group,2_4h,early_morning,0,0,0,0,0,0,0,0,0,0,0,cafe,online_class,2,1_2h,afternoon,weekend,5.3,clear,indoor,often,2,3,2,2,3,3,3,3,3,3,6,12,4,6,9,6,3,9,2.0,2.0,9,0,45.8
I0825,U083,social_collaborative,P028,study_room_10,synthetic,train,3,4,2,3,3,3,2,1,3,3,cafe,team_project,mostly_group,2_4h,early_morning,0,0,0,0,0,0,0,0,0,0,0,study_room,coding,solo,1_2h,early_morning,weekday,14.7,clear,indoor,first_time,4,4,3,3,4,4,5,4,4,3,12,16,6,9,15,8,4,12,2.7,5.5,12,1,59.2
I0826,U083,social_collaborative,P112,outdoor_04,synthetic,train,3,4,2,3,3,3,2,1,3,3,cafe,team_project,mostly_group,2_4h,early_morning,0,0,0,0,0,0,0,0,0,0,0,outdoor,online_class,solo,2_4h,evening,weekend,7.4,clear,outdoor,often,3,4,3,3,2,3,1,3,3,2,9,16,6,9,3,6,2,9,2.0,2.8,9,0,51.4
I0827,U083,social_collaborative,P067,classroom_05,synthetic,train,3,4,2,3,3,3,2,1,3,3,cafe,team_project,mostly_group,2_4h,early_morning,0,0,0,0,0,0,0,0,0,0,0,classroom,team_project,3_4,over_4h,early_morning,weekday,6.1,clear,indoor,sometimes,3,4,3,3,3,2,3,5,3,3,9,16,6,9,9,6,3,6,0.8,2.3,15,1,47.7
I0828,U083,social_collaborative,P011,library_11,synthetic,train,3,4,2,3,3,3,2,1,3,3,cafe,team_project,mostly_group,2_4h,early_morning,0,0,0,0,0,0,0,0,0,0,0,library,report_writing,solo,under_1h,morning,weekday,7.3,clear,indoor,often,5,4,4,4,2,4,4,5,4,3,15,16,8,12,12,8,2,12,2.6,2.7,15,0.5,66.4
I0829,U083,social_collaborative,P072,classroom_10,synthetic,train,3,4,2,3,3,3,2,1,3,3,cafe,team_project,mostly_group,2_4h,early_morning,0,0,0,0,0,0,0,0,0,0,0,classroom,team_project,5_plus,over_4h,afternoon,weekday,9.2,cloudy,indoor,sometimes,3,3,4,3,3,3,4,4,3,3,9,12,8,9,12,6,3,9,0.8,3.4,12,0,55.1
I0830,U083,social_collaborative,P030,study_room_12,synthetic,train,3,4,2,3,3,3,2,1,3,3,cafe,team_project,mostly_group,2_4h,early_morning,0,0,0,0,0,0,0,0,0,0,0,study_room,team_project,3_4,1_2h,afternoon,weekend,11.7,cloudy,indoor,sometimes,5,4,3,4,3,3,4,5,4,4,15,16,6,12,12,8,3,9,0.8,4.4,15,0,55.9
I0831,U084,convenience_oriented,P022,study_room_04,synthetic,train,4,4,4,2,4,5,3,3,4,3,home,coding,mixed,2_4h,morning,1,1,0,0,1,1,1,1,1,1,0,study_room,coding,solo,2_4h,afternoon,weekday,15.2,clear,indoor,rarely,4,5,3,4,5,3,4,5,4,4,16,20,12,8,16,12,15,12,2.7,9.5,15,0.5,48.3
I0832,U084,convenience_oriented,P020,study_room_02,synthetic,train,4,4,4,2,4,5,3,3,4,3,home,coding,mixed,2_4h,morning,1,1,0,0,1,1,1,1,1,1,0,study_room,coding,solo,2_4h,morning,weekday,14.0,clear,indoor,first_time,4,4,4,5,3,4,4,5,4,4,16,16,16,10,16,12,9,16,2.7,8.8,15,1,55.2
I0833,U084,convenience_oriented,P039,cafe_03,synthetic,train,4,4,4,2,4,5,3,3,4,3,home,coding,mixed,2_4h,morning,1,1,0,0,1,1,1,1,1,1,0,cafe,report_writing,solo,2_4h,morning,weekend,9.2,clear,indoor,often,3,4,2,3,2,4,3,4,4,4,12,16,8,6,12,12,6,16,2.6,5.8,12,1,71.5
I0834,U084,convenience_oriented,P105,dorm_lounge_09,synthetic,train,4,4,4,2,4,5,3,3,4,3,home,coding,mixed,2_4h,morning,1,1,0,0,1,1,1,1,1,1,0,dorm_lounge,report_writing,solo,2_4h,late_night,weekend,13.8,cold,indoor,first_time,3,3,3,2,3,3,4,3,4,3,12,12,12,4,16,12,9,12,2.6,8.6,9,0,66.1
I0835,U084,convenience_oriented,P026,study_room_08,synthetic,train,4,4,4,2,4,5,3,3,4,3,home,coding,mixed,2_4h,morning,1,1,0,0,1,1,1,1,1,1,0,study_room,light_reading,solo,under_1h,morning,weekday,18.1,cloudy,indoor,often,4,5,4,4,5,4,4,3,4,3,16,20,16,8,16,12,15,16,1.4,11.3,9,1,69.8
I0836,U084,convenience_oriented,P013,library_13,synthetic,train,4,4,4,2,4,5,3,3,4,3,home,coding,mixed,2_4h,morning,1,1,0,0,1,1,1,1,1,1,0,library,deep_study,solo,over_4h,afternoon,weekend,3.2,clear,indoor,rarely,5,4,4,4,3,3,5,5,4,4,20,16,16,8,20,12,9,12,3.0,2.0,15,0.5,64.7
I0837,U084,convenience_oriented,P057,home_03,synthetic,train,4,4,4,2,4,5,3,3,4,3,home,coding,mixed,2_4h,morning,1,1,0,0,1,1,1,1,1,1,0,home,online_class,solo,under_1h,morning,weekend,6.8,cold,indoor,sometimes,3,4,4,4,5,4,5,5,5,4,12,16,16,8,20,15,15,16,2.0,4.3,15,1,68.9
I0838,U084,convenience_oriented,P001,library_01,synthetic,train,4,4,4,2,4,5,3,3,4,3,home,coding,mixed,2_4h,morning,1,1,0,0,1,1,1,1,1,1,0,library,deep_study,solo,2_4h,afternoon,weekend,12.3,hot,indoor,sometimes,5,4,4,5,2,3,4,5,4,4,20,16,16,10,16,12,6,12,3.0,7.7,15,0.5,63.1
I0839,U084,convenience_oriented,P059,home_05,synthetic,train,4,4,4,2,4,5,3,3,4,3,home,coding,mixed,2_4h,morning,1,1,0,0,1,1,1,1,1,1,0,home,online_class,solo,1_2h,morning,weekday,15.6,cloudy,indoor,often,4,5,5,4,5,4,4,5,5,5,16,20,20,8,16,15,15,16,2.0,9.7,15,1,71.2
I0840,U084,convenience_oriented,P022,study_room_04,synthetic,train,4,4,4,2,4,5,3,3,4,3,home,coding,mixed,2_4h,morning,1,1,0,0,1,1,1,1,1,1,0,study_room,light_reading,solo,1_2h,afternoon,weekend,7.6,rainy,indoor,rarely,4,5,3,4,5,3,4,4,4,4,16,20,12,8,16,12,15,12,1.4,4.7,12,0.5,69.0
I0841,U085,convenience_oriented,P026,study_room_08,synthetic,train,3,4,2,3,5,4,4,3,4,2,cafe,deep_study,mixed,under_1h,evening,0,0,0,1,1,1,0,1,1,1,0,study_room,online_class,solo,under_1h,morning,weekday,20.2,clear,indoor,first_time,4,5,4,4,5,4,4,5,4,3,12,20,8,12,20,16,15,16,1.3,10.1,15,0,56.2
I0842,U085,convenience_oriented,P091,coworking_space_07,synthetic,train,3,4,2,3,5,4,4,3,4,2,cafe,deep_study,mixed,under_1h,evening,0,0,0,1,1,1,0,1,1,1,0,coworking_space,online_class,2,2_4h,afternoon,weekend,14.8,cloudy,indoor,sometimes,4,4,4,3,4,5,4,4,3,4,12,16,8,9,20,12,12,20,1.3,7.4,12,0.5,67.5
I0843,U085,convenience_oriented,P027,study_room_09,synthetic,train,3,4,2,3,5,4,4,3,4,2,cafe,deep_study,mixed,under_1h,evening,0,0,0,1,1,1,0,1,1,1,0,study_room,report_writing,solo,1_2h,afternoon,weekday,9.0,clear,indoor,rarely,5,3,3,4,4,3,3,4,3,3,15,12,6,12,15,12,12,12,1.7,4.5,8,0.5,57.5
I0844,U085,convenience_oriented,P052,cafe_16,synthetic,train,3,4,2,3,5,4,4,3,4,2,cafe,deep_study,mixed,under_1h,evening,0,0,0,1,1,1,0,1,1,1,0,cafe,team_project,5_plus,1_2h,early_morning,weekday,15.5,clear,indoor,often,3,5,3,2,2,3,3,4,4,3,9,20,6,6,15,16,6,12,0.5,7.8,12,0,64.5
I0845,U085,convenience_oriented,P013,library_13,synthetic,train,3,4,2,3,5,4,4,3,4,2,cafe,deep_study,mixed,under_1h,evening,0,0,0,1,1,1,0,1,1,1,0,library,coding,solo,1_2h,afternoon,weekend,2.8,clear,indoor,sometimes,5,4,4,4,3,3,5,5,4,4,15,16,8,12,25,16,9,12,1.8,1.4,10,0.5,58.9
I0846,U085,convenience_oriented,P001,library_01,synthetic,train,3,4,2,3,5,4,4,3,4,2,cafe,deep_study,mixed,under_1h,evening,0,0,0,1,1,1,0,1,1,1,0,library,report_writing,solo,1_2h,afternoon,weekday,2.6,cloudy,indoor,sometimes,5,4,4,5,2,3,4,4,4,4,15,16,8,15,20,16,6,12,1.7,1.3,8,0.5,59.7
I0847,U085,convenience_oriented,P008,library_08,synthetic,train,3,4,2,3,5,4,4,3,4,2,cafe,deep_study,mixed,under_1h,evening,0,0,0,1,1,1,0,1,1,1,0,library,online_class,solo,1_2h,early_morning,weekend,9.0,clear,indoor,sometimes,5,5,4,4,2,3,4,4,4,4,15,20,8,12,20,16,6,12,1.3,4.5,12,0,69.0
I0848,U085,convenience_oriented,P112,outdoor_04,synthetic,train,3,4,2,3,5,4,4,3,4,2,cafe,deep_study,mixed,under_1h,evening,0,0,0,1,1,1,0,1,1,1,0,outdoor,light_reading,solo,2_4h,afternoon,weekday,5.4,cloudy,outdoor,rarely,3,4,3,3,2,3,1,5,3,2,9,16,6,9,5,12,6,12,0.9,2.7,15,0.5,56.8
I0849,U085,convenience_oriented,P004,library_04,synthetic,train,3,4,2,3,5,4,4,3,4,2,cafe,deep_study,mixed,under_1h,evening,0,0,0,1,1,1,0,1,1,1,0,library,coding,2,over_4h,evening,weekday,1.0,cloudy,indoor,rarely,5,3,3,4,2,4,4,4,3,4,15,12,6,12,20,12,6,16,1.8,0.5,8,1,55.8
I0850,U085,convenience_oriented,P063,classroom_01,synthetic,train,3,4,2,3,5,4,4,3,4,2,cafe,deep_study,mixed,under_1h,evening,0,0,0,1,1,1,0,1,1,1,0,classroom,coding,solo,over_4h,evening,weekday,3.2,cloudy,indoor,first_time,3,4,3,3,2,3,3,4,3,3,9,16,6,9,15,12,6,12,1.8,1.6,8,1,47.7
I0851,U086,social_collaborative,P088,coworking_space_04,synthetic,train,3,4,3,2,3,5,3,3,4,2,outdoor,report_writing,mostly_group,1_2h,evening,0,0,0,0,0,1,0,0,1,1,0,coworking_space,team_project,5_plus,2_4h,afternoon,weekday,20.7,clear,indoor,sometimes,3,4,3,3,4,4,4,4,5,4,9,16,9,6,12,15,12,16,0.5,12.9,12,0.5,67.2
I0852,U086,social_collaborative,P059,home_05,synthetic,train,3,4,3,2,3,5,3,3,4,2,outdoor,report_writing,mostly_group,1_2h,evening,0,0,0,0,0,1,0,0,1,1,0,home,team_project,2,over_4h,afternoon,weekend,14.2,clear,indoor,rarely,4,5,5,4,5,4,4,4,5,5,12,20,15,8,12,15,15,16,0.5,8.9,12,0.5,65.9
I0853,U086,social_collaborative,P097,dorm_lounge_01,synthetic,train,3,4,3,2,3,5,3,3,4,2,outdoor,report_writing,mostly_group,1_2h,evening,0,0,0,0,0,1,0,0,1,1,0,dorm_lounge,meeting,3_4,2_4h,evening,weekend,10.1,clear,indoor,often,3,3,3,2,3,4,5,4,4,2,9,12,9,4,15,12,9,16,0.4,6.3,12,1,59.3
I0854,U086,social_collaborative,P007,library_07,synthetic,train,3,4,3,2,3,5,3,3,4,2,outdoor,report_writing,mostly_group,1_2h,evening,0,0,0,0,0,1,0,0,1,1,0,library,team_project,3_4,2_4h,afternoon,weekday,16.4,rainy,indoor,sometimes,5,4,3,4,3,3,4,2,4,4,15,16,9,8,12,12,9,12,0.5,10.3,6,0.5,59.1
I0855,U086,social_collaborative,P009,library_09,synthetic,train,3,4,3,2,3,5,3,3,4,2,outdoor,report_writing,mostly_group,1_2h,evening,0,0,0,0,0,1,0,0,1,1,0,library,coding,solo,1_2h,morning,weekday,10.5,rainy,indoor,often,4,4,3,4,2,4,4,4,4,4,12,16,9,8,12,12,6,16,1.8,6.6,8,0,62.4
I0856,U086,social_collaborative,P110,outdoor_02,synthetic,train,3,4,3,2,3,5,3,3,4,2,outdoor,report_writing,mostly_group,1_2h,evening,0,0,0,0,0,1,0,0,1,1,0,outdoor,coding,solo,2_4h,morning,weekday,7.9,rainy,outdoor,first_time,3,4,3,3,2,3,2,3,2,3,9,16,9,6,6,6,6,12,1.8,4.9,6,0,29.3
I0857,U086,social_collaborative,P037,cafe_01,synthetic,train,3,4,3,2,3,5,3,3,4,2,outdoor,report_writing,mostly_group,1_2h,evening,0,0,0,0,0,1,0,0,1,1,0,cafe,team_project,3_4,2_4h,evening,weekday,16.9,clear,indoor,sometimes,3,4,2,2,2,4,3,4,4,4,9,16,6,4,9,12,6,16,0.5,10.5,12,1,46.1
I0858,U086,social_collaborative,P095,coworking_space_11,synthetic,train,3,4,3,2,3,5,3,3,4,2,outdoor,report_writing,mostly_group,1_2h,evening,0,0,0,0,0,1,0,0,1,1,0,coworking_space,meeting,3_4,2_4h,evening,weekday,9.2,clear,indoor,rarely,4,4,3,3,4,4,5,5,4,4,12,16,9,6,15,12,12,16,0.4,5.8,15,1,62.4
I0859,U086,social_collaborative,P008,library_08,synthetic,train,3,4,3,2,3,5,3,3,4,2,outdoor,report_writing,mostly_group,1_2h,evening,0,0,0,0,0,1,0,0,1,1,0,library,team_project,3_4,1_2h,evening,weekday,9.1,rainy,indoor,sometimes,5,5,4,4,2,3,4,3,4,4,15,20,12,8,12,12,6,12,0.5,5.7,9,1,60.1
I0860,U086,social_collaborative,P054,cafe_18,synthetic,train,3,4,3,2,3,5,3,3,4,2,outdoor,report_writing,mostly_group,1_2h,evening,0,0,0,0,0,1,0,0,1,1,0,cafe,deep_study,solo,over_4h,early_morning,weekday,9.3,clear,indoor,sometimes,3,5,2,3,2,3,3,3,4,3,9,20,6,6,9,12,6,12,2.0,5.8,6,0,46.8
I0861,U087,social_collaborative,P031,study_room_13,synthetic,train,2,5,2,2,4,4,3,3,4,3,study_room,team_project,mostly_group,2_4h,morning,0,0,0,0,1,1,0,1,1,1,0,study_room,online_class,3_4,1_2h,morning,weekday,1.0,clear,indoor,rarely,5,4,4,4,4,4,4,4,5,4,10,20,8,8,16,15,12,16,2.0,0.5,12,1,54.8
I0862,U087,social_collaborative,P115,outdoor_07,synthetic,train,2,5,2,2,4,4,3,3,4,3,study_room,team_project,mostly_group,2_4h,morning,0,0,0,0,1,1,0,1,1,1,0,outdoor,online_class,solo,under_1h,morning,weekend,8.3,cloudy,outdoor,often,3,4,3,3,1,3,1,1,2,3,6,20,6,6,4,6,3,12,2.0,4.2,3,1,37.3
I0863,U087,social_collaborative,P037,cafe_01,synthetic,train,2,5,2,2,4,4,3,3,4,3,study_room,team_project,mostly_group,2_4h,morning,0,0,0,0,1,1,0,1,1,1,0,cafe,report_writing,solo,over_4h,late_night,weekend,15.7,cloudy,indoor,rarely,3,4,2,2,2,4,3,3,4,4,6,20,4,4,12,12,6,16,2.6,7.8,9,0,41.1
I0864,U087,social_collaborative,P038,cafe_02,synthetic,train,2,5,2,2,4,4,3,3,4,3,study_room,team_project,mostly_group,2_4h,morning,0,0,0,0,1,1,0,1,1,1,0,cafe,team_project,3_4,under_1h,early_morning,weekday,21.8,hot,indoor,rarely,2,4,3,2,2,4,3,4,3,3,4,20,6,4,12,9,6,16,0.8,10.9,12,0.5,52.6
I0865,U087,social_collaborative,P025,study_room_07,synthetic,train,2,5,2,2,4,4,3,3,4,3,study_room,team_project,mostly_group,2_4h,morning,0,0,0,0,1,1,0,1,1,1,0,study_room,report_writing,solo,over_4h,afternoon,weekend,8.1,cloudy,indoor,sometimes,4,4,3,4,4,4,4,4,4,3,8,20,6,8,16,12,12,16,2.6,4.0,12,0.5,54.3
I0866,U087,social_collaborative,P046,cafe_10,synthetic,train,2,5,2,2,4,4,3,3,4,3,study_room,team_project,mostly_group,2_4h,morning,0,0,0,0,1,1,0,1,1,1,0,cafe,meeting,2,1_2h,evening,weekday,6.9,cloudy,indoor,rarely,3,4,2,3,2,4,3,4,3,3,6,20,4,6,12,9,6,16,0.6,3.5,12,0,44.9
I0867,U087,social_collaborative,P039,cafe_03,synthetic,train,2,5,2,2,4,4,3,3,4,3,study_room,team_project,mostly_group,2_4h,morning,0,0,0,0,1,1,0,1,1,1,0,cafe,meeting,3_4,2_4h,evening,weekday,9.7,clear,indoor,sometimes,3,4,2,3,2,4,3,4,4,4,6,20,4,6,12,12,6,16,0.6,4.9,12,0,47.1
I0868,U087,social_collaborative,P093,coworking_space_09,synthetic,train,2,5,2,2,4,4,3,3,4,3,study_room,team_project,mostly_group,2_4h,morning,0,0,0,0,1,1,0,1,1,1,0,coworking_space,meeting,2,2_4h,afternoon,weekend,9.5,cold,indoor,rarely,3,4,2,3,4,4,4,4,4,3,6,20,4,6,16,12,12,16,0.6,4.7,12,0.5,59.5
I0869,U087,social_collaborative,P081,computer_lab_07,synthetic,train,2,5,2,2,4,4,3,3,4,3,study_room,team_project,mostly_group,2_4h,morning,0,0,0,0,1,1,0,1,1,1,0,computer_lab,deep_study,solo,2_4h,evening,weekday,6.4,clear,indoor,often,4,4,2,3,3,3,4,4,4,3,8,20,4,6,16,12,9,12,3.0,3.2,12,0,51.0
I0870,U087,social_collaborative,P074,classroom_12,synthetic,train,2,5,2,2,4,4,3,3,4,3,study_room,team_project,mostly_group,2_4h,morning,0,0,0,0,1,1,0,1,1,1,0,classroom,team_project,3_4,1_2h,morning,weekday,11.6,cold,indoor,sometimes,3,4,3,3,2,3,3,4,3,3,6,20,6,6,12,9,6,12,0.8,5.8,12,1,55.1
I0871,U088,quiet_deepwork,P063,classroom_01,synthetic,test,5,3,4,4,5,3,5,3,4,5,classroom,deep_study,mostly_solo,2_4h,evening,1,1,1,1,1,0,1,1,0,1,1,classroom,report_writing,solo,over_4h,afternoon,weekday,11.0,clear,indoor,sometimes,3,4,3,3,2,3,3,4,3,3,15,12,12,12,15,15,6,12,4.3,4.1,20,0.5,71.8
I0872,U088,quiet_deepwork,P024,study_room_06,synthetic,test,5,3,4,4,5,3,5,3,4,5,classroom,deep_study,mostly_solo,2_4h,evening,1,1,1,1,1,0,1,1,0,1,1,study_room,report_writing,solo,2_4h,afternoon,weekend,6.5,clear,indoor,sometimes,4,4,3,4,3,4,4,4,4,3,20,12,12,16,20,20,9,16,4.3,2.4,20,0.5,71.2
I0873,U088,quiet_deepwork,P019,study_room_01,synthetic,test,5,3,4,4,5,3,5,3,4,5,classroom,deep_study,mostly_solo,2_4h,evening,1,1,1,1,1,0,1,1,0,1,1,study_room,light_reading,solo,over_4h,evening,weekend,12.4,clear,indoor,often,4,3,4,4,3,4,4,4,4,4,20,9,16,16,20,20,9,16,2.3,4.7,12,1,72.1
I0874,U088,quiet_deepwork,P070,classroom_08,synthetic,test,5,3,4,4,5,3,5,3,4,5,classroom,deep_study,mostly_solo,2_4h,evening,1,1,1,1,1,0,1,1,0,1,1,classroom,coding,solo,2_4h,early_morning,weekday,16.8,clear,indoor,rarely,3,4,3,2,3,2,3,3,2,3,15,12,12,8,15,10,9,8,4.5,6.3,15,0,46.4
I0875,U088,quiet_deepwork,P031,study_room_13,synthetic,test,5,3,4,4,5,3,5,3,4,5,classroom,deep_study,mostly_solo,2_4h,evening,1,1,1,1,1,0,1,1,0,1,1,study_room,meeting,3_4,over_4h,evening,weekend,4.4,clear,indoor,first_time,5,4,4,4,4,4,4,4,5,4,25,12,16,16,20,25,12,16,1.0,1.7,12,1,85.3
I0876,U088,quiet_deepwork,P081,computer_lab_07,synthetic,test,5,3,4,4,5,3,5,3,4,5,classroom,deep_study,mostly_solo,2_4h,evening,1,1,1,1,1,0,1,1,0,1,1,computer_lab,online_class,3_4,2_4h,early_morning,weekend,9.3,clear,indoor,sometimes,4,4,2,3,3,3,4,4,4,3,20,12,8,12,20,20,9,12,3.3,3.5,12,0,56.1
I0877,U088,quiet_deepwork,P004,library_04,synthetic,test,5,3,4,4,5,3,5,3,4,5,classroom,deep_study,mostly_solo,2_4h,evening,1,1,1,1,1,0,1,1,0,1,1,library,report_writing,solo,1_2h,afternoon,weekend,7.0,cloudy,indoor,rarely,5,3,3,4,2,4,4,5,3,4,25,9,12,16,20,15,6,16,4.3,2.6,25,0.5,80.9
I0878,U088,quiet_deepwork,P008,library_08,synthetic,test,5,3,4,4,5,3,5,3,4,5,classroom,deep_study,mostly_solo,2_4h,evening,1,1,1,1,1,0,1,1,0,1,1,library,coding,solo,over_4h,evening,weekend,14.3,cloudy,indoor,rarely,5,5,4,4,2,3,4,5,4,4,25,15,16,16,20,20,6,12,4.5,5.3,25,1,77.6
I0879,U088,quiet_deepwork,P082,computer_lab_08,synthetic,test,5,3,4,4,5,3,5,3,4,5,classroom,deep_study,mostly_solo,2_4h,evening,1,1,1,1,1,0,1,1,0,1,1,computer_lab,team_project,3_4,2_4h,afternoon,weekend,2.8,clear,indoor,sometimes,3,4,4,4,3,3,5,3,3,3,15,12,16,16,25,15,9,12,1.3,1.0,9,0.5,76.9
I0880,U088,quiet_deepwork,P064,classroom_02,synthetic,test,5,3,4,4,5,3,5,3,4,5,classroom,deep_study,mostly_solo,2_4h,evening,1,1,1,1,1,0,1,1,0,1,1,classroom,deep_study,solo,2_4h,evening,weekend,10.0,clear,indoor,first_time,4,4,3,3,3,3,3,3,3,3,20,12,12,12,15,15,9,12,5.0,3.7,15,1,67.9
I0881,U089,comfort_oriented,P075,computer_lab_01,synthetic,train,4,4,3,3,3,4,4,4,5,4,home,team_project,mostly_solo,1_2h,late_night,1,0,0,1,0,1,1,0,1,1,0,computer_lab,team_project,2,1_2h,late_night,weekday,8.7,clear,indoor,rarely,3,3,3,4,3,4,5,4,3,3,12,12,9,12,15,12,12,20,1.0,4.4,12,1,72.0
I0882,U089,comfort_oriented,P079,computer_lab_05,synthetic,train,4,4,3,3,3,4,4,4,5,4,home,team_project,mostly_solo,1_2h,late_night,1,0,0,1,0,1,1,0,1,1,0,computer_lab,report_writing,solo,2_4h,late_night,weekday,6.5,clear,indoor,first_time,4,4,3,3,3,4,5,4,4,3,16,16,9,9,15,16,12,20,3.4,3.2,16,1,69.5
I0883,U089,comfort_oriented,P067,classroom_05,synthetic,train,4,4,3,3,3,4,4,4,5,4,home,team_project,mostly_solo,1_2h,late_night,1,0,0,1,0,1,1,0,1,1,0,classroom,report_writing,solo,2_4h,morning,weekend,8.8,cloudy,indoor,sometimes,3,4,3,3,3,2,3,3,3,3,12,16,9,9,9,12,12,10,3.4,4.4,12,0,65.0
I0884,U089,comfort_oriented,P102,dorm_lounge_06,synthetic,train,4,4,3,3,3,4,4,4,5,4,home,team_project,mostly_solo,1_2h,late_night,1,0,0,1,0,1,1,0,1,1,0,dorm_lounge,online_class,2,1_2h,late_night,weekday,19.9,cloudy,indoor,sometimes,3,3,3,3,3,3,4,3,4,4,12,12,9,9,12,16,12,15,2.6,9.9,9,1,51.4
I0885,U089,comfort_oriented,P044,cafe_08,synthetic,train,4,4,3,3,3,4,4,4,5,4,home,team_project,mostly_solo,1_2h,late_night,1,0,0,1,0,1,1,0,1,1,0,cafe,online_class,solo,2_4h,late_night,weekday,20.8,clear,indoor,sometimes,3,4,3,4,2,4,3,3,4,2,12,16,9,12,9,16,8,20,2.6,10.4,9,1,53.8
I0886,U089,comfort_oriented,P035,study_room_17,synthetic,train,4,4,3,3,3,4,4,4,5,4,home,team_project,mostly_solo,1_2h,late_night,1,0,0,1,0,1,1,0,1,1,0,study_room,meeting,3_4,1_2h,afternoon,weekday,5.5,clear,indoor,rarely,4,4,4,4,3,4,5,5,4,3,16,16,12,12,15,16,12,20,0.8,2.8,15,0,74.4
I0887,U089,comfort_oriented,P065,classroom_03,synthetic,train,4,4,3,3,3,4,4,4,5,4,home,team_project,mostly_solo,1_2h,late_night,1,0,0,1,0,1,1,0,1,1,0,classroom,light_reading,2,1_2h,evening,weekday,11.9,clear,indoor,sometimes,4,4,3,3,3,3,4,3,3,3,16,16,9,9,12,12,12,15,1.8,6.0,9,0.5,59.7
I0888,U089,comfort_oriented,P005,library_05,synthetic,train,4,4,3,3,3,4,4,4,5,4,home,team_project,mostly_solo,1_2h,late_night,1,0,0,1,0,1,1,0,1,1,0,library,report_writing,solo,2_4h,late_night,weekday,7.8,clear,indoor,sometimes,5,4,4,5,3,4,4,4,4,4,20,16,12,15,12,16,12,20,3.4,3.9,16,1,69.9
I0889,U089,comfort_oriented,P016,library_16,synthetic,train,4,4,3,3,3,4,4,4,5,4,home,team_project,mostly_solo,1_2h,late_night,1,0,0,1,0,1,1,0,1,1,0,library,report_writing,solo,2_4h,late_night,weekday,13.8,cold,indoor,sometimes,5,4,3,5,3,4,3,4,4,4,20,16,9,15,9,16,12,20,3.4,6.9,16,1,65.5
I0890,U089,comfort_oriented,P034,study_room_16,synthetic,train,4,4,3,3,3,4,4,4,5,4,home,team_project,mostly_solo,1_2h,late_night,1,0,0,1,0,1,1,0,1,1,0,study_room,light_reading,solo,1_2h,late_night,weekend,6.2,cold,indoor,sometimes,4,4,4,4,4,3,4,3,5,3,16,16,12,12,12,20,16,15,1.8,3.1,9,1,71.9
I0891,U090,convenience_oriented,P018,library_18,synthetic,train,4,4,3,2,4,5,3,3,3,3,cafe,online_class,mixed,1_2h,evening,1,0,0,0,1,1,1,1,1,0,0,library,report_writing,solo,over_4h,morning,weekday,7.1,clear,indoor,sometimes,5,4,3,4,3,3,4,4,4,3,20,16,9,8,16,12,9,9,2.6,4.4,12,0,61.9
I0892,U090,convenience_oriented,P089,coworking_space_05,synthetic,train,4,4,3,2,4,5,3,3,3,3,cafe,online_class,mixed,1_2h,evening,1,0,0,0,1,1,1,1,1,0,0,coworking_space,report_writing,solo,2_4h,evening,weekend,17.1,clear,indoor,rarely,3,5,4,3,4,4,5,4,4,3,12,20,12,6,20,12,12,12,2.6,10.7,12,1,48.3
I0893,U090,convenience_oriented,P031,study_room_13,synthetic,train,4,4,3,2,4,5,3,3,3,3,cafe,online_class,mixed,1_2h,evening,1,0,0,0,1,1,1,1,1,0,0,study_room,light_reading,solo,under_1h,afternoon,weekday,5.9,clear,indoor,sometimes,5,4,4,4,4,4,4,4,5,4,20,16,12,8,16,15,12,12,1.4,3.7,12,0.5,66.9
I0894,U090,convenience_oriented,P071,classroom_09,synthetic,train,4,4,3,2,4,5,3,3,3,3,cafe,online_class,mixed,1_2h,evening,1,0,0,0,1,1,1,1,1,0,0,classroom,coding,solo,over_4h,afternoon,weekday,7.7,clear,indoor,sometimes,3,3,3,3,3,3,3,3,3,4,12,12,9,6,12,9,9,9,2.7,4.8,9,0.5,47.8
I0895,U090,convenience_oriented,P014,library_14,synthetic,train,4,4,3,2,4,5,3,3,3,3,cafe,online_class,mixed,1_2h,evening,1,0,0,0,1,1,1,1,1,0,0,library,light_reading,solo,1_2h,evening,weekday,4.3,clear,indoor,often,5,4,5,4,3,4,4,5,4,4,20,16,15,8,16,12,9,12,1.4,2.7,15,1,70.7
I0896,U090,convenience_oriented,P016,library_16,synthetic,train,4,4,3,2,4,5,3,3,3,3,cafe,online_class,mixed,1_2h,evening,1,0,0,0,1,1,1,1,1,0,0,library,report_writing,2,1_2h,evening,weekday,16.3,rainy,indoor,often,5,4,3,5,3,4,3,5,4,4,20,16,9,10,12,12,9,12,2.6,10.2,15,1,64.2
I0897,U090,convenience_oriented,P004,library_04,synthetic,train,4,4,3,2,4,5,3,3,3,3,cafe,online_class,mixed,1_2h,evening,1,0,0,0,1,1,1,1,1,0,0,library,coding,solo,2_4h,morning,weekday,6.4,rainy,indoor,first_time,5,3,3,4,2,4,4,3,3,4,20,12,9,8,16,9,6,12,2.7,4.0,9,0,60.6
I0898,U090,convenience_oriented,P065,classroom_03,synthetic,train,4,4,3,2,4,5,3,3,3,3,cafe,online_class,mixed,1_2h,evening,1,0,0,0,1,1,1,1,1,0,0,classroom,coding,2,2_4h,early_morning,weekend,2.4,rainy,indoor,rarely,4,4,3,3,3,3,4,3,3,3,16,16,9,6,16,9,9,9,2.7,1.5,9,0,54.2
I0899,U090,convenience_oriented,P048,cafe_12,synthetic,train,4,4,3,2,4,5,3,3,3,3,cafe,online_class,mixed,1_2h,evening,1,0,0,0,1,1,1,1,1,0,0,cafe,team_project,5_plus,1_2h,early_morning,weekday,8.6,clear,indoor,sometimes,2,5,2,3,1,4,3,5,3,3,8,20,6,6,12,9,3,12,0.8,5.4,15,0,57.6
I0900,U090,convenience_oriented,P019,study_room_01,synthetic,train,4,4,3,2,4,5,3,3,3,3,cafe,online_class,mixed,1_2h,evening,1,0,0,0,1,1,1,1,1,0,0,study_room,online_class,3_4,1_2h,late_night,weekday,12.6,cloudy,indoor,often,4,3,4,4,3,4,4,5,4,4,16,12,12,8,16,12,9,12,2.0,7.9,15,0.5,67.9
I0901,U091,convenience_oriented,P017,library_17,synthetic,train,3,3,3,3,4,5,4,4,4,4,classroom,report_writing,mostly_solo,under_1h,late_night,0,0,0,1,1,1,0,1,1,1,0,library,online_class,solo,2_4h,morning,weekday,10.4,cloudy,indoor,often,5,4,4,5,3,3,4,4,5,4,15,12,12,15,16,20,12,12,2.6,6.5,12,0,67.7
I0902,U091,convenience_oriented,P027,study_room_09,synthetic,train,3,3,3,3,4,5,4,4,4,4,classroom,report_writing,mostly_solo,under_1h,late_night,0,0,0,1,1,1,0,1,1,1,0,study_room,report_writing,2,2_4h,late_night,weekday,4.6,rainy,indoor,often,5,3,3,4,4,3,3,5,3,3,15,9,9,12,12,12,16,12,3.4,2.9,20,1,68.7
I0903,U091,convenience_oriented,P023,study_room_05,synthetic,train,3,3,3,3,4,5,4,4,4,4,classroom,report_writing,mostly_solo,under_1h,late_night,0,0,0,1,1,1,0,1,1,1,0,study_room,deep_study,solo,2_4h,afternoon,weekday,19.1,cloudy,indoor,often,5,4,3,4,4,4,3,4,4,4,15,12,9,12,12,16,16,16,4.0,11.9,16,0,54.2
I0904,U091,convenience_oriented,P024,study_room_06,synthetic,train,3,3,3,3,4,5,4,4,4,4,classroom,report_writing,mostly_solo,under_1h,late_night,0,0,0,1,1,1,0,1,1,1,0,study_room,deep_study,solo,2_4h,late_night,weekday,1.6,clear,indoor,rarely,4,4,3,4,3,4,4,5,4,3,12,12,9,12,16,16,12,16,4.0,1.0,20,1,51.8
I0905,U091,convenience_oriented,P033,study_room_15,synthetic,train,3,3,3,3,4,5,4,4,4,4,classroom,report_writing,mostly_solo,under_1h,late_night,0,0,0,1,1,1,0,1,1,1,0,study_room,coding,solo,2_4h,afternoon,weekend,1.0,clear,indoor,often,5,3,4,3,4,4,4,4,5,4,15,9,12,9,16,20,16,16,3.6,0.6,16,0,72.8
I0906,U091,convenience_oriented,P025,study_room_07,synthetic,train,3,3,3,3,4,5,4,4,4,4,classroom,report_writing,mostly_solo,under_1h,late_night,0,0,0,1,1,1,0,1,1,1,0,study_room,online_class,2,1_2h,afternoon,weekend,3.7,cold,indoor,often,4,4,3,4,4,4,4,4,4,3,12,12,9,12,16,16,16,16,2.6,2.3,12,0,49.1
I0907,U091,convenience_oriented,P110,outdoor_02,synthetic,train,3,3,3,3,4,5,4,4,4,4,classroom,report_writing,mostly_solo,under_1h,late_night,0,0,0,1,1,1,0,1,1,1,0,outdoor,light_reading,solo,1_2h,late_night,weekday,10.4,clear,outdoor,sometimes,3,4,3,3,2,3,2,4,2,3,9,12,9,9,8,8,8,12,1.8,6.5,12,1,55.4
I0908,U091,convenience_oriented,P034,study_room_16,synthetic,train,3,3,3,3,4,5,4,4,4,4,classroom,report_writing,mostly_solo,under_1h,late_night,0,0,0,1,1,1,0,1,1,1,0,study_room,online_class,solo,over_4h,evening,weekday,4.6,clear,indoor,rarely,4,4,4,4,4,3,4,3,5,3,12,12,12,12,16,20,16,12,2.6,2.9,9,0.5,69.4
I0909,U091,convenience_oriented,P062,home_08,synthetic,train,3,3,3,3,4,5,4,4,4,4,classroom,report_writing,mostly_solo,under_1h,late_night,0,0,0,1,1,1,0,1,1,1,0,home,coding,2,2_4h,afternoon,weekend,11.0,cold,indoor,sometimes,4,3,4,4,4,5,5,5,4,5,12,9,12,12,20,16,16,20,3.6,6.8,20,0,76.6
I0910,U091,convenience_oriented,P090,coworking_space_06,synthetic,train,3,3,3,3,4,5,4,4,4,4,classroom,report_writing,mostly_solo,under_1h,late_night,0,0,0,1,1,1,0,1,1,1,0,coworking_space,online_class,2,under_1h,afternoon,weekday,9.3,cold,indoor,first_time,3,4,3,4,4,4,4,4,4,3,9,12,9,12,16,16,16,16,2.6,5.8,12,0,54.5
I0911,U092,quiet_deepwork,P007,library_07,synthetic,valid,5,4,4,4,4,3,4,3,3,5,library,coding,mostly_solo,1_2h,evening,1,1,1,1,1,0,1,1,0,0,1,library,coding,solo,2_4h,afternoon,weekday,8.2,clear,indoor,sometimes,5,4,3,4,3,3,4,4,4,4,25,16,12,16,16,16,9,9,4.5,3.1,20,0.5,72.7
I0912,U092,quiet_deepwork,P035,study_room_17,synthetic,valid,5,4,4,4,4,3,4,3,3,5,library,coding,mostly_solo,1_2h,evening,1,1,1,1,1,0,1,1,0,0,1,study_room,online_class,solo,1_2h,morning,weekend,2.0,clear,indoor,often,4,4,4,4,3,4,5,4,4,3,20,16,16,16,20,16,9,12,3.3,0.7,12,0,73.4
I0913,U092,quiet_deepwork,P001,library_01,synthetic,valid,5,4,4,4,4,3,4,3,3,5,library,coding,mostly_solo,1_2h,evening,1,1,1,1,1,0,1,1,0,0,1,library,deep_study,2,over_4h,afternoon,weekday,7.7,rainy,indoor,rarely,5,4,4,5,2,3,4,5,4,4,25,16,16,20,16,16,6,9,5.0,2.9,25,0.5,72.8
I0914,U092,quiet_deepwork,P019,study_room_01,synthetic,valid,5,4,4,4,4,3,4,3,3,5,library,coding,mostly_solo,1_2h,evening,1,1,1,1,1,0,1,1,0,0,1,study_room,coding,solo,2_4h,morning,weekend,9.0,cold,indoor,sometimes,4,3,4,4,3,4,4,4,4,4,20,12,16,16,16,16,9,12,4.5,3.4,20,0,80.6
I0915,U092,quiet_deepwork,P010,library_10,synthetic,valid,5,4,4,4,4,3,4,3,3,5,library,coding,mostly_solo,1_2h,evening,1,1,1,1,1,0,1,1,0,0,1,library,coding,solo,2_4h,evening,weekday,4.9,cloudy,indoor,often,5,5,4,4,3,4,4,3,4,5,25,20,16,16,16,16,9,12,4.5,1.8,15,1,72.1
I0916,U092,quiet_deepwork,P025,study_room_07,synthetic,valid,5,4,4,4,4,3,4,3,3,5,library,coding,mostly_solo,1_2h,evening,1,1,1,1,1,0,1,1,0,0,1,study_room,deep_study,solo,2_4h,afternoon,weekday,3.0,clear,indoor,rarely,4,4,3,4,4,4,4,4,4,3,20,16,12,16,16,16,12,12,5.0,1.1,20,0.5,72.1
I0917,U092,quiet_deepwork,P002,library_02,synthetic,valid,5,4,4,4,4,3,4,3,3,5,library,coding,mostly_solo,1_2h,evening,1,1,1,1,1,0,1,1,0,0,1,library,deep_study,solo,1_2h,evening,weekday,3.4,rainy,indoor,often,5,5,4,4,2,3,4,5,4,4,25,20,16,16,16,16,6,9,5.0,1.3,25,1,84.4
I0918,U092,quiet_deepwork,P076,computer_lab_02,synthetic,valid,5,4,4,4,4,3,4,3,3,5,library,coding,mostly_solo,1_2h,evening,1,1,1,1,1,0,1,1,0,0,1,computer_lab,deep_study,solo,over_4h,evening,weekday,16.5,clear,indoor,sometimes,3,5,3,4,4,3,4,4,3,4,15,20,12,16,16,12,12,9,5.0,6.2,20,1,66.9
I0919,U092,quiet_deepwork,P079,computer_lab_05,synthetic,valid,5,4,4,4,4,3,4,3,3,5,library,coding,mostly_solo,1_2h,evening,1,1,1,1,1,0,1,1,0,0,1,computer_lab,online_class,solo,1_2h,evening,weekday,2.7,rainy,indoor,sometimes,4,4,3,3,3,4,5,4,4,3,20,16,12,12,20,16,9,12,3.3,1.0,12,1,64.0
I0920,U092,quiet_deepwork,P024,study_room_06,synthetic,valid,5,4,4,4,4,3,4,3,3,5,library,coding,mostly_solo,1_2h,evening,1,1,1,1,1,0,1,1,0,0,1,study_room,light_reading,solo,1_2h,evening,weekday,6.1,clear,indoor,sometimes,4,4,3,4,3,4,4,5,4,3,20,16,12,16,16,16,9,12,2.3,2.3,15,1,64.0
I0921,U093,quiet_deepwork,P055,home_01,synthetic,train,4,3,5,4,4,3,4,4,4,4,dorm_lounge,coding,mostly_solo,1_2h,early_morning,1,1,1,1,1,0,1,1,0,1,1,home,report_writing,solo,2_4h,evening,weekday,13.1,clear,indoor,often,4,3,5,4,4,5,5,4,4,5,16,9,25,16,20,16,16,20,3.4,4.9,16,0,77.3
I0922,U093,quiet_deepwork,P069,classroom_07,synthetic,train,4,3,5,4,4,3,4,4,4,4,dorm_lounge,coding,mostly_solo,1_2h,early_morning,1,1,1,1,1,0,1,1,0,1,1,classroom,coding,solo,2_4h,early_morning,weekend,17.1,rainy,indoor,first_time,3,4,3,3,3,3,3,4,3,4,12,12,15,12,12,12,12,12,3.6,6.4,16,1,61.1
I0923,U093,quiet_deepwork,P109,outdoor_01,synthetic,train,4,3,5,4,4,3,4,4,4,4,dorm_lounge,coding,mostly_solo,1_2h,early_morning,1,1,1,1,1,0,1,1,0,1,1,outdoor,report_writing,solo,over_4h,early_morning,weekday,16.0,clear,outdoor,rarely,2,5,3,3,2,3,1,3,3,3,8,15,15,12,4,12,8,12,3.4,6.0,12,1,59.8
I0924,U093,quiet_deepwork,P027,study_room_09,synthetic,train,4,3,5,4,4,3,4,4,4,4,dorm_lounge,coding,mostly_solo,1_2h,early_morning,1,1,1,1,1,0,1,1,0,1,1,study_room,coding,solo,over_4h,morning,weekday,8.5,clear,indoor,sometimes,5,3,3,4,4,3,3,4,3,3,20,9,15,16,12,12,16,12,3.6,3.2,16,0.5,65.7
I0925,U093,quiet_deepwork,P069,classroom_07,synthetic,train,4,3,5,4,4,3,4,4,4,4,dorm_lounge,coding,mostly_solo,1_2h,early_morning,1,1,1,1,1,0,1,1,0,1,1,classroom,deep_study,solo,1_2h,evening,weekday,18.1,cloudy,indoor,sometimes,3,4,3,3,3,3,3,3,3,4,12,12,15,12,12,12,12,12,4.0,6.8,12,0,63.0
I0926,U093,quiet_deepwork,P027,study_room_09,synthetic,train,4,3,5,4,4,3,4,4,4,4,dorm_lounge,coding,mostly_solo,1_2h,early_morning,1,1,1,1,1,0,1,1,0,1,1,study_room,deep_study,solo,2_4h,early_morning,weekend,5.3,rainy,indoor,rarely,5,3,3,4,4,3,3,4,3,3,20,9,15,16,12,12,16,12,4.0,2.0,16,1,62.6
I0927,U093,quiet_deepwork,P003,library_03,synthetic,train,4,3,5,4,4,3,4,4,4,4,dorm_lounge,coding,mostly_solo,1_2h,early_morning,1,1,1,1,1,0,1,1,0,1,1,library,report_writing,solo,2_4h,early_morning,weekday,4.3,clear,indoor,rarely,5,3,4,5,3,3,4,4,4,4,20,9,20,20,16,16,12,12,3.4,1.6,16,1,69.9
I0928,U093,quiet_deepwork,P095,coworking_space_11,synthetic,train,4,3,5,4,4,3,4,4,4,4,dorm_lounge,coding,mostly_solo,1_2h,early_morning,1,1,1,1,1,0,1,1,0,1,1,coworking_space,light_reading,solo,2_4h,early_morning,weekend,14.6,clear,indoor,often,4,4,3,3,4,4,5,4,4,4,16,12,15,12,20,16,16,16,1.8,5.5,12,1,64.6
I0929,U093,quiet_deepwork,P048,cafe_12,synthetic,train,4,3,5,4,4,3,4,4,4,4,dorm_lounge,coding,mostly_solo,1_2h,early_morning,1,1,1,1,1,0,1,1,0,1,1,cafe,meeting,3_4,2_4h,afternoon,weekday,5.9,clear,indoor,sometimes,2,5,2,3,1,4,3,4,3,3,8,15,10,12,12,12,4,16,0.8,2.2,12,0,54.6
I0930,U093,quiet_deepwork,P007,library_07,synthetic,train,4,3,5,4,4,3,4,4,4,4,dorm_lounge,coding,mostly_solo,1_2h,early_morning,1,1,1,1,1,0,1,1,0,1,1,library,report_writing,solo,1_2h,afternoon,weekday,9.6,cold,indoor,sometimes,5,4,3,4,3,3,4,5,4,4,20,12,15,16,16,16,12,12,3.4,3.6,20,0,72.6
I0931,U094,convenience_oriented,P009,library_09,synthetic,train,3,4,3,4,5,5,4,3,4,3,library,coding,mixed,2_4h,afternoon,0,0,1,1,1,1,0,1,1,1,1,library,coding,solo,2_4h,afternoon,weekend,9.4,clear,indoor,often,4,4,3,4,2,4,4,4,4,4,12,16,9,16,20,16,6,16,2.7,5.9,12,1,71.2
I0932,U094,convenience_oriented,P020,study_room_02,synthetic,train,3,4,3,4,5,5,4,3,4,3,library,coding,mixed,2_4h,afternoon,0,0,1,1,1,1,0,1,1,1,1,study_room,online_class,solo,2_4h,evening,weekday,6.6,clear,indoor,rarely,4,4,4,5,3,4,4,3,4,4,12,16,12,20,20,16,9,16,2.0,4.1,9,0.5,76.4
I0933,U094,convenience_oriented,P021,study_room_03,synthetic,train,3,4,3,4,5,5,4,3,4,3,library,coding,mixed,2_4h,afternoon,0,0,1,1,1,1,0,1,1,1,1,study_room,coding,solo,2_4h,evening,weekday,15.7,hot,indoor,first_time,5,4,4,4,3,4,4,4,4,2,15,16,12,16,20,16,9,16,2.7,9.8,12,0.5,61.2
I0934,U094,convenience_oriented,P091,coworking_space_07,synthetic,train,3,4,3,4,5,5,4,3,4,3,library,coding,mixed,2_4h,afternoon,0,0,1,1,1,1,0,1,1,1,1,coworking_space,report_writing,solo,1_2h,afternoon,weekday,18.0,clear,indoor,rarely,4,4,4,3,4,5,4,5,3,4,12,16,12,12,20,12,12,20,2.6,11.2,15,1,65.5
I0935,U094,convenience_oriented,P070,classroom_08,synthetic,train,3,4,3,4,5,5,4,3,4,3,library,coding,mixed,2_4h,afternoon,0,0,1,1,1,1,0,1,1,1,1,classroom,deep_study,solo,2_4h,evening,weekend,13.9,clear,indoor,first_time,3,4,3,2,3,2,3,4,2,3,9,16,9,8,15,8,9,8,3.0,8.7,12,0.5,54.7
I0936,U094,convenience_oriented,P048,cafe_12,synthetic,train,3,4,3,4,5,5,4,3,4,3,library,coding,mixed,2_4h,afternoon,0,0,1,1,1,1,0,1,1,1,1,cafe,report_writing,5_plus,1_2h,afternoon,weekday,2.9,cloudy,indoor,sometimes,2,5,2,3,1,4,3,4,3,3,6,20,6,12,15,12,3,16,2.6,1.8,12,1,58.5
I0937,U094,convenience_oriented,P003,library_03,synthetic,train,3,4,3,4,5,5,4,3,4,3,library,coding,mixed,2_4h,afternoon,0,0,1,1,1,1,0,1,1,1,1,library,deep_study,solo,2_4h,late_night,weekday,4.7,cloudy,indoor,sometimes,5,3,4,5,3,3,4,5,4,4,15,12,12,20,20,16,9,12,3.0,2.9,15,0,70.4
I0938,U094,convenience_oriented,P079,computer_lab_05,synthetic,train,3,4,3,4,5,5,4,3,4,3,library,coding,mixed,2_4h,afternoon,0,0,1,1,1,1,0,1,1,1,1,computer_lab,team_project,5_plus,1_2h,afternoon,weekday,2.9,rainy,indoor,often,4,4,3,3,3,4,5,4,4,3,12,16,9,12,25,16,9,16,0.8,1.8,12,1,74.5
I0939,U094,convenience_oriented,P025,study_room_07,synthetic,train,3,4,3,4,5,5,4,3,4,3,library,coding,mixed,2_4h,afternoon,0,0,1,1,1,1,0,1,1,1,1,study_room,coding,solo,2_4h,afternoon,weekend,1.6,cloudy,indoor,rarely,4,4,3,4,4,4,4,4,4,3,12,16,9,16,20,16,12,16,2.7,1.0,12,1,69.6
I0940,U094,convenience_oriented,P118,outdoor_10,synthetic,train,3,4,3,4,5,5,4,3,4,3,library,coding,mixed,2_4h,afternoon,0,0,1,1,1,1,0,1,1,1,1,outdoor,deep_study,solo,2_4h,morning,weekend,8.8,rainy,outdoor,sometimes,3,5,3,3,3,3,2,3,3,3,9,20,9,12,10,12,9,12,3.0,5.5,9,0.5,44.2
I0941,U095,comfort_oriented,P105,dorm_lounge_09,synthetic,valid,4,4,3,4,4,4,5,5,4,4,classroom,coding,mostly_solo,1_2h,morning,1,0,1,1,1,1,1,1,1,1,1,dorm_lounge,coding,solo,1_2h,afternoon,weekend,7.4,hot,indoor,sometimes,3,3,3,2,3,3,4,3,4,3,12,12,9,8,16,20,15,12,3.6,3.7,12,0.5,68.1
I0942,U095,comfort_oriented,P086,coworking_space_02,synthetic,valid,4,4,3,4,4,4,5,5,4,4,classroom,coding,mostly_solo,1_2h,morning,1,0,1,1,1,1,1,1,1,1,1,coworking_space,online_class,solo,1_2h,afternoon,weekday,19.4,clear,indoor,often,3,4,4,4,5,3,4,3,4,4,12,16,12,16,16,20,25,12,2.6,9.7,9,0.5,71.5
I0943,U095,comfort_oriented,P005,library_05,synthetic,valid,4,4,3,4,4,4,5,5,4,4,classroom,coding,mostly_solo,1_2h,morning,1,0,1,1,1,1,1,1,1,1,1,library,online_class,2,under_1h,afternoon,weekday,3.2,clear,indoor,often,5,4,4,5,3,4,4,4,4,4,20,16,12,20,16,20,15,16,2.6,1.6,12,0.5,73.5
I0944,U095,comfort_oriented,P092,coworking_space_08,synthetic,valid,4,4,3,4,4,4,5,5,4,4,classroom,coding,mostly_solo,1_2h,morning,1,0,1,1,1,1,1,1,1,1,1,coworking_space,coding,solo,1_2h,evening,weekday,3.7,hot,indoor,rarely,2,4,3,4,3,4,4,4,4,3,8,16,9,16,16,20,15,16,3.6,1.9,16,0,65.6
I0945,U095,comfort_oriented,P034,study_room_16,synthetic,valid,4,4,3,4,4,4,5,5,4,4,classroom,coding,mostly_solo,1_2h,morning,1,0,1,1,1,1,1,1,1,1,1,study_room,light_reading,solo,1_2h,evening,weekday,5.5,cloudy,indoor,sometimes,4,4,4,4,4,3,4,4,5,3,16,16,12,16,16,25,20,12,1.8,2.7,12,0,77.5
I0946,U095,comfort_oriented,P014,library_14,synthetic,valid,4,4,3,4,4,4,5,5,4,4,classroom,coding,mostly_solo,1_2h,morning,1,0,1,1,1,1,1,1,1,1,1,library,report_writing,solo,1_2h,afternoon,weekend,2.7,hot,indoor,first_time,5,4,5,4,3,4,4,4,4,4,20,16,15,16,16,20,15,16,3.4,1.4,16,0.5,74.5
I0947,U095,comfort_oriented,P046,cafe_10,synthetic,valid,4,4,3,4,4,4,5,5,4,4,classroom,coding,mostly_solo,1_2h,morning,1,0,1,1,1,1,1,1,1,1,1,cafe,light_reading,solo,1_2h,evening,weekday,10.1,hot,indoor,sometimes,3,4,2,3,2,4,3,3,3,3,12,16,6,12,12,15,10,16,1.8,5.0,9,0,47.5
I0948,U095,comfort_oriented,P052,cafe_16,synthetic,valid,4,4,3,4,4,4,5,5,4,4,classroom,coding,mostly_solo,1_2h,morning,1,0,1,1,1,1,1,1,1,1,1,cafe,report_writing,solo,1_2h,morning,weekday,10.6,hot,indoor,sometimes,3,5,3,2,2,3,3,5,4,3,12,20,9,8,12,20,10,12,3.4,5.3,20,1,66.6
I0949,U095,comfort_oriented,P110,outdoor_02,synthetic,valid,4,4,3,4,4,4,5,5,4,4,classroom,coding,mostly_solo,1_2h,morning,1,0,1,1,1,1,1,1,1,1,1,outdoor,light_reading,solo,1_2h,evening,weekend,14.2,cold,outdoor,first_time,3,4,3,3,2,3,2,4,2,3,12,16,9,12,8,10,10,12,1.8,7.1,12,0,36.2
I0950,U095,comfort_oriented,P032,study_room_14,synthetic,valid,4,4,3,4,4,4,5,5,4,4,classroom,coding,mostly_solo,1_2h,morning,1,0,1,1,1,1,1,1,1,1,1,study_room,online_class,solo,2_4h,evening,weekend,21.8,cloudy,indoor,often,4,4,4,4,4,3,4,4,4,4,16,16,12,16,16,20,20,12,2.6,10.9,12,0,68.3
I0951,U096,quiet_deepwork,P060,home_06,synthetic,train,4,4,4,4,4,2,4,3,3,5,computer_lab,deep_study,mostly_solo,under_1h,evening,1,1,1,1,1,0,1,1,0,0,1,home,deep_study,3_4,1_2h,evening,weekend,9.8,clear,indoor,often,4,3,5,5,4,5,5,4,4,5,16,12,20,20,20,16,12,15,5.0,2.5,20,1,78.9
I0952,U096,quiet_deepwork,P009,library_09,synthetic,train,4,4,4,4,4,2,4,3,3,5,computer_lab,deep_study,mostly_solo,under_1h,evening,1,1,1,1,1,0,1,1,0,0,1,library,online_class,solo,1_2h,late_night,weekday,8.7,cold,indoor,sometimes,4,4,3,4,2,4,4,4,4,4,16,16,12,16,16,16,6,12,3.3,2.2,12,0.5,62.7
I0953,U096,quiet_deepwork,P036,study_room_18,synthetic,train,4,4,4,4,4,2,4,3,3,5,computer_lab,deep_study,mostly_solo,under_1h,evening,1,1,1,1,1,0,1,1,0,0,1,study_room,coding,solo,over_4h,evening,weekday,11.9,clear,indoor,sometimes,5,4,4,4,4,4,5,4,4,4,20,16,16,16,20,16,12,12,4.5,3.0,20,1,71.0
I0954,U096,quiet_deepwork,P017,library_17,synthetic,train,4,4,4,4,4,2,4,3,3,5,computer_lab,deep_study,mostly_solo,under_1h,evening,1,1,1,1,1,0,1,1,0,0,1,library,report_writing,solo,2_4h,afternoon,weekday,10.0,clear,indoor,first_time,5,4,4,5,3,3,4,4,5,4,20,16,16,20,16,20,9,9,4.3,2.5,20,0.5,74.0
I0955,U096,quiet_deepwork,P073,classroom_11,synthetic,train,4,4,4,4,4,2,4,3,3,5,computer_lab,deep_study,mostly_solo,under_1h,evening,1,1,1,1,1,0,1,1,0,0,1,classroom,light_reading,solo,over_4h,evening,weekday,9.2,cloudy,indoor,sometimes,4,5,3,3,4,3,3,2,3,4,16,20,12,12,12,12,12,9,2.3,2.3,6,1,50.4
I0956,U096,quiet_deepwork,P112,outdoor_04,synthetic,train,4,4,4,4,4,2,4,3,3,5,computer_lab,deep_study,mostly_solo,under_1h,evening,1,1,1,1,1,0,1,1,0,0,1,outdoor,report_writing,solo,2_4h,afternoon,weekend,9.9,clear,outdoor,sometimes,3,4,3,3,2,3,1,3,3,2,12,16,12,12,4,12,6,9,4.3,2.5,15,0.5,52.9
I0957,U096,quiet_deepwork,P013,library_13,synthetic,train,4,4,4,4,4,2,4,3,3,5,computer_lab,deep_study,mostly_solo,under_1h,evening,1,1,1,1,1,0,1,1,0,0,1,library,report_writing,solo,2_4h,evening,weekday,3.8,clear,indoor,rarely,5,4,4,4,3,3,5,4,4,4,20,16,16,16,20,16,9,9,4.3,0.9,20,1,76.2
I0958,U096,quiet_deepwork,P090,coworking_space_06,synthetic,train,4,4,4,4,4,2,4,3,3,5,computer_lab,deep_study,mostly_solo,under_1h,evening,1,1,1,1,1,0,1,1,0,0,1,coworking_space,coding,solo,1_2h,evening,weekday,15.9,rainy,indoor,sometimes,3,4,3,4,4,4,4,4,4,3,12,16,12,16,16,16,12,12,4.5,4.0,20,1,67.5
I0959,U096,quiet_deepwork,P008,library_08,synthetic,train,4,4,4,4,4,2,4,3,3,5,computer_lab,deep_study,mostly_solo,under_1h,evening,1,1,1,1,1,0,1,1,0,0,1,library,deep_study,solo,over_4h,morning,weekend,7.7,clear,indoor,sometimes,5,5,4,4,2,3,4,4,4,4,20,20,16,16,16,16,6,9,5.0,1.9,20,0,62.8
I0960,U096,quiet_deepwork,P093,coworking_space_09,synthetic,train,4,4,4,4,4,2,4,3,3,5,computer_lab,deep_study,mostly_solo,under_1h,evening,1,1,1,1,1,0,1,1,0,0,1,coworking_space,online_class,2,1_2h,evening,weekend,13.7,clear,indoor,rarely,3,4,2,3,4,4,4,4,4,3,12,16,8,12,16,16,12,12,3.3,3.4,12,1,62.0
I0961,U097,balanced,P031,study_room_13,synthetic,train,4,4,3,4,3,4,5,4,5,5,cafe,report_writing,mostly_solo,2_4h,evening,1,0,1,1,0,1,1,0,1,1,1,study_room,meeting,5_plus,1_2h,morning,weekday,1.0,clear,indoor,often,5,4,4,4,4,4,4,4,5,4,20,16,12,16,12,25,16,20,1.0,0.5,12,0,87.4
I0962,U097,balanced,P059,home_05,synthetic,train,4,4,3,4,3,4,5,4,5,5,cafe,report_writing,mostly_solo,2_4h,evening,1,0,1,1,0,1,1,0,1,1,1,home,coding,solo,2_4h,evening,weekend,12.8,clear,indoor,sometimes,4,5,5,4,5,4,4,4,5,5,16,20,15,16,12,25,20,20,4.5,6.4,20,1,81.0
I0963,U097,balanced,P006,library_06,synthetic,train,4,4,3,4,3,4,5,4,5,5,cafe,report_writing,mostly_solo,2_4h,evening,1,0,1,1,0,1,1,0,1,1,1,library,coding,solo,2_4h,evening,weekend,16.8,cloudy,indoor,sometimes,4,4,4,5,2,3,4,4,5,4,16,16,12,20,12,25,8,15,4.5,8.4,20,1,60.9
I0964,U097,balanced,P057,home_03,synthetic,train,4,4,3,4,3,4,5,4,5,5,cafe,report_writing,mostly_solo,2_4h,evening,1,0,1,1,0,1,1,0,1,1,1,home,light_reading,solo,1_2h,early_morning,weekday,4.8,clear,indoor,sometimes,3,4,4,4,5,4,5,4,5,4,12,16,12,16,15,25,20,20,2.3,2.4,12,0,79.0
I0965,U097,balanced,P043,cafe_07,synthetic,train,4,4,3,4,3,4,5,4,5,5,cafe,report_writing,mostly_solo,2_4h,evening,1,0,1,1,0,1,1,0,1,1,1,cafe,report_writing,solo,over_4h,evening,weekday,1.0,hot,indoor,often,2,5,3,3,2,4,3,4,3,3,8,20,9,12,9,15,8,20,4.3,0.5,20,1,65.5
I0966,U097,balanced,P054,cafe_18,synthetic,train,4,4,3,4,3,4,5,4,5,5,cafe,report_writing,mostly_solo,2_4h,evening,1,0,1,1,0,1,1,0,1,1,1,cafe,deep_study,solo,1_2h,evening,weekend,10.9,clear,indoor,sometimes,3,5,2,3,2,3,3,3,4,3,12,20,6,12,9,20,8,15,5.0,5.5,15,1,64.9
I0967,U097,balanced,P108,dorm_lounge_12,synthetic,train,4,4,3,4,3,4,5,4,5,5,cafe,report_writing,mostly_solo,2_4h,evening,1,0,1,1,0,1,1,0,1,1,1,dorm_lounge,coding,solo,over_4h,afternoon,weekend,6.5,clear,indoor,sometimes,2,4,3,3,3,3,3,3,3,3,8,16,9,12,9,15,12,15,4.5,3.2,15,0.5,65.7
I0968,U097,balanced,P083,computer_lab_09,synthetic,train,4,4,3,4,3,4,5,4,5,5,cafe,report_writing,mostly_solo,2_4h,evening,1,0,1,1,0,1,1,0,1,1,1,computer_lab,coding,solo,1_2h,late_night,weekday,2.0,clear,indoor,sometimes,4,4,3,3,4,3,5,5,4,3,16,16,9,12,15,20,16,15,4.5,1.0,25,0.5,76.2
I0969,U097,balanced,P015,library_15,synthetic,train,4,4,3,4,3,4,5,4,5,5,cafe,report_writing,mostly_solo,2_4h,evening,1,0,1,1,0,1,1,0,1,1,1,library,coding,solo,2_4h,evening,weekend,13.6,clear,indoor,sometimes,4,4,4,5,2,4,3,4,4,4,16,16,12,20,9,20,8,20,4.5,6.8,20,1,62.6
I0970,U097,balanced,P035,study_room_17,synthetic,train,4,4,3,4,3,4,5,4,5,5,cafe,report_writing,mostly_solo,2_4h,evening,1,0,1,1,0,1,1,0,1,1,1,study_room,light_reading,solo,1_2h,evening,weekday,2.6,cloudy,indoor,often,4,4,4,4,3,4,5,4,4,3,16,16,12,16,15,20,12,20,2.3,1.3,12,1,67.1
I0971,U098,balanced,P010,library_10,synthetic,train,4,4,4,4,4,4,4,3,4,3,study_room,online_class,mixed,under_1h,afternoon,1,1,1,1,1,1,1,1,1,1,1,library,report_writing,solo,1_2h,morning,weekday,3.7,clear,indoor,sometimes,5,5,4,4,3,4,4,4,4,5,20,20,16,16,16,16,9,16,2.6,1.9,12,0.5,80.1
I0972,U098,balanced,P016,library_16,synthetic,train,4,4,4,4,4,4,4,3,4,3,study_room,online_class,mixed,under_1h,afternoon,1,1,1,1,1,1,1,1,1,1,1,library,online_class,solo,2_4h,afternoon,weekday,14.3,clear,indoor,sometimes,5,4,3,5,3,4,3,3,4,4,20,16,12,20,12,16,9,16,2.0,7.2,9,1,74.0
I0973,U098,balanced,P036,study_room_18,synthetic,train,4,4,4,4,4,4,4,3,4,3,study_room,online_class,mixed,under_1h,afternoon,1,1,1,1,1,1,1,1,1,1,1,study_room,coding,solo,2_4h,afternoon,weekday,10.2,clear,indoor,rarely,5,4,4,4,4,4,5,4,4,4,20,16,16,16,20,16,12,16,2.7,5.1,12,1,59.2
I0974,U098,balanced,P031,study_room_13,synthetic,train,4,4,4,4,4,4,4,3,4,3,study_room,online_class,mixed,under_1h,afternoon,1,1,1,1,1,1,1,1,1,1,1,study_room,deep_study,5_plus,2_4h,afternoon,weekday,2.7,cloudy,indoor,first_time,5,4,4,4,4,4,4,5,5,4,20,16,16,16,16,20,12,16,3.0,1.4,15,1,70.4
I0975,U098,balanced,P068,classroom_06,synthetic,train,4,4,4,4,4,4,4,3,4,3,study_room,online_class,mixed,under_1h,afternoon,1,1,1,1,1,1,1,1,1,1,1,classroom,deep_study,solo,over_4h,afternoon,weekend,10.5,clear,indoor,sometimes,3,4,3,3,2,3,3,4,2,4,12,16,12,12,12,8,6,12,3.0,5.3,12,1,59.4
I0976,U098,balanced,P024,study_room_06,synthetic,train,4,4,4,4,4,4,4,3,4,3,study_room,online_class,mixed,under_1h,afternoon,1,1,1,1,1,1,1,1,1,1,1,study_room,report_writing,solo,2_4h,afternoon,weekday,5.7,clear,indoor,sometimes,4,4,3,4,3,4,4,4,4,3,16,16,12,16,16,16,9,16,2.6,2.9,12,1,60.4
I0977,U098,balanced,P041,cafe_05,synthetic,train,4,4,4,4,4,4,4,3,4,3,study_room,online_class,mixed,under_1h,afternoon,1,1,1,1,1,1,1,1,1,1,1,cafe,coding,3_4,2_4h,early_morning,weekday,8.2,cloudy,indoor,first_time,2,4,2,3,2,4,4,4,4,3,8,16,8,12,16,16,6,16,2.7,4.1,12,0,62.3
I0978,U098,balanced,P024,study_room_06,synthetic,train,4,4,4,4,4,4,4,3,4,3,study_room,online_class,mixed,under_1h,afternoon,1,1,1,1,1,1,1,1,1,1,1,study_room,light_reading,solo,1_2h,late_night,weekday,1.0,cloudy,indoor,sometimes,4,4,3,4,3,4,4,3,4,3,16,16,12,16,16,16,9,16,1.4,0.5,9,0,64.1
I0979,U098,balanced,P022,study_room_04,synthetic,train,4,4,4,4,4,4,4,3,4,3,study_room,online_class,mixed,under_1h,afternoon,1,1,1,1,1,1,1,1,1,1,1,study_room,light_reading,solo,1_2h,evening,weekday,13.4,clear,indoor,often,4,5,3,4,5,3,4,5,4,4,16,20,12,16,16,16,15,12,1.4,6.7,15,0.5,69.7
I0980,U098,balanced,P109,outdoor_01,synthetic,train,4,4,4,4,4,4,4,3,4,3,study_room,online_class,mixed,under_1h,afternoon,1,1,1,1,1,1,1,1,1,1,1,outdoor,report_writing,solo,under_1h,late_night,weekday,14.3,clear,outdoor,sometimes,2,5,3,3,2,3,1,2,3,3,8,20,12,12,4,12,6,12,2.6,7.2,6,0,50.3
I0981,U099,social_collaborative,P021,study_room_03,synthetic,train,3,4,2,3,4,3,3,4,5,2,cafe,coding,mostly_group,2_4h,evening,0,0,0,0,1,0,0,1,0,1,0,study_room,team_project,5_plus,under_1h,afternoon,weekday,20.5,clear,indoor,sometimes,5,4,4,4,3,4,4,4,4,2,15,16,8,12,16,12,12,20,0.5,7.7,12,0.5,54.3
I0982,U099,social_collaborative,P031,study_room_13,synthetic,train,3,4,2,3,4,3,3,4,5,2,cafe,coding,mostly_group,2_4h,evening,0,0,0,0,1,0,0,1,0,1,0,study_room,meeting,3_4,1_2h,afternoon,weekend,1.1,cold,indoor,often,5,4,4,4,4,4,4,5,5,4,15,16,8,12,16,15,16,20,0.4,0.4,15,0.5,84.0
I0983,U099,social_collaborative,P045,cafe_09,synthetic,train,3,4,2,3,4,3,3,4,5,2,cafe,coding,mostly_group,2_4h,evening,0,0,0,0,1,0,0,1,0,1,0,cafe,team_project,3_4,under_1h,late_night,weekend,9.6,cold,indoor,sometimes,2,3,2,2,3,3,3,4,3,3,6,12,4,6,12,9,12,15,0.5,3.6,12,0.5,56.8
I0984,U099,social_collaborative,P039,cafe_03,synthetic,train,3,4,2,3,4,3,3,4,5,2,cafe,coding,mostly_group,2_4h,evening,0,0,0,0,1,0,0,1,0,1,0,cafe,online_class,solo,1_2h,afternoon,weekday,6.4,clear,indoor,rarely,3,4,2,3,2,4,3,3,4,4,9,16,4,9,12,12,8,20,1.3,2.4,9,0.5,51.4
I0985,U099,social_collaborative,P079,computer_lab_05,synthetic,train,3,4,2,3,4,3,3,4,5,2,cafe,coding,mostly_group,2_4h,evening,0,0,0,0,1,0,0,1,0,1,0,computer_lab,online_class,solo,1_2h,evening,weekend,4.4,clear,indoor,often,4,4,3,3,3,4,5,4,4,3,12,16,6,9,20,12,12,20,1.3,1.6,12,1,62.4
I0986,U099,social_collaborative,P046,cafe_10,synthetic,train,3,4,2,3,4,3,3,4,5,2,cafe,coding,mostly_group,2_4h,evening,0,0,0,0,1,0,0,1,0,1,0,cafe,team_project,5_plus,2_4h,early_morning,weekday,10.8,rainy,indoor,sometimes,3,4,2,3,2,4,3,4,3,3,9,16,4,9,12,9,8,20,0.5,4.0,12,0,53.9
I0987,U099,social_collaborative,P036,study_room_18,synthetic,train,3,4,2,3,4,3,3,4,5,2,cafe,coding,mostly_group,2_4h,evening,0,0,0,0,1,0,0,1,0,1,0,study_room,report_writing,solo,1_2h,evening,weekday,8.5,cloudy,indoor,often,5,4,4,4,4,4,5,5,4,4,15,16,8,12,20,12,16,20,1.7,3.2,10,1,57.7
I0988,U099,social_collaborative,P038,cafe_02,synthetic,train,3,4,2,3,4,3,3,4,5,2,cafe,coding,mostly_group,2_4h,evening,0,0,0,0,1,0,0,1,0,1,0,cafe,team_project,3_4,2_4h,evening,weekday,22.6,cloudy,indoor,sometimes,2,4,3,2,2,4,3,4,3,3,6,16,6,6,12,9,8,20,0.5,8.5,12,1,57.7
I0989,U099,social_collaborative,P056,home_02,synthetic,train,3,4,2,3,4,3,3,4,5,2,cafe,coding,mostly_group,2_4h,evening,0,0,0,0,1,0,0,1,0,1,0,home,coding,solo,2_4h,early_morning,weekday,8.0,clear,indoor,often,4,3,5,4,5,4,5,5,5,5,12,12,10,12,20,15,20,20,1.8,3.0,10,0,76.0
I0990,U099,social_collaborative,P047,cafe_11,synthetic,train,3,4,2,3,4,3,3,4,5,2,cafe,coding,mostly_group,2_4h,evening,0,0,0,0,1,0,0,1,0,1,0,cafe,team_project,2,1_2h,evening,weekend,10.3,cold,indoor,sometimes,3,4,3,3,2,4,3,4,4,3,9,16,6,9,12,12,8,20,0.5,3.9,12,1,47.4
I0991,U100,quiet_deepwork,P017,library_17,synthetic,train,5,4,4,5,4,4,4,3,4,4,library,team_project,mostly_solo,2_4h,evening,1,1,1,1,1,1,1,1,1,1,1,library,report_writing,solo,1_2h,morning,weekend,8.3,clear,indoor,sometimes,5,4,4,5,3,3,4,4,5,4,25,16,16,25,16,20,9,12,3.4,4.2,16,0,80.6
I0992,U100,quiet_deepwork,P090,coworking_space_06,synthetic,train,5,4,4,5,4,4,4,3,4,4,library,team_project,mostly_solo,2_4h,evening,1,1,1,1,1,1,1,1,1,1,1,coworking_space,coding,solo,1_2h,afternoon,weekday,14.8,rainy,indoor,sometimes,3,4,3,4,4,4,4,4,4,3,15,16,12,20,16,16,12,16,3.6,7.4,16,0.5,59.3
I0993,U100,quiet_deepwork,P018,library_18,synthetic,train,5,4,4,5,4,4,4,3,4,4,library,team_project,mostly_solo,2_4h,evening,1,1,1,1,1,1,1,1,1,1,1,library,online_class,solo,1_2h,evening,weekday,14.4,cloudy,indoor,sometimes,5,4,3,4,3,3,4,3,4,3,25,16,12,20,16,16,9,12,2.6,7.2,9,1,63.4
I0994,U100,quiet_deepwork,P035,study_room_17,synthetic,train,5,4,4,5,4,4,4,3,4,4,library,team_project,mostly_solo,2_4h,evening,1,1,1,1,1,1,1,1,1,1,1,study_room,coding,solo,2_4h,evening,weekday,6.7,cloudy,indoor,rarely,4,4,4,4,3,4,5,4,4,3,20,16,16,20,20,16,9,16,3.6,3.4,16,1,71.9
I0995,U100,quiet_deepwork,P028,study_room_10,synthetic,train,5,4,4,5,4,4,4,3,4,4,library,team_project,mostly_solo,2_4h,evening,1,1,1,1,1,1,1,1,1,1,1,study_room,online_class,solo,2_4h,late_night,weekday,16.3,cold,indoor,first_time,4,4,3,3,4,4,5,4,4,3,20,16,12,15,20,16,12,16,2.6,8.2,12,0.5,58.7
I0996,U100,quiet_deepwork,P081,computer_lab_07,synthetic,train,5,4,4,5,4,4,4,3,4,4,library,team_project,mostly_solo,2_4h,evening,1,1,1,1,1,1,1,1,1,1,1,computer_lab,online_class,solo,2_4h,evening,weekday,6.8,clear,indoor,sometimes,4,4,2,3,3,3,4,4,4,3,20,16,8,15,16,16,9,12,2.6,3.4,12,1,63.5
I0997,U100,quiet_deepwork,P023,study_room_05,synthetic,train,5,4,4,5,4,4,4,3,4,4,library,team_project,mostly_solo,2_4h,evening,1,1,1,1,1,1,1,1,1,1,1,study_room,coding,solo,2_4h,morning,weekday,15.0,cold,indoor,rarely,5,4,3,4,4,4,3,5,4,4,25,16,12,20,12,16,12,16,3.6,7.5,20,0,71.5
I0998,U100,quiet_deepwork,P063,classroom_01,synthetic,train,5,4,4,5,4,4,4,3,4,4,library,team_project,mostly_solo,2_4h,evening,1,1,1,1,1,1,1,1,1,1,1,classroom,report_writing,solo,2_4h,evening,weekday,9.8,clear,indoor,first_time,3,4,3,3,2,3,3,4,3,3,15,16,12,15,12,12,6,12,3.4,4.9,16,1,66.3
I0999,U100,quiet_deepwork,P108,dorm_lounge_12,synthetic,train,5,4,4,5,4,4,4,3,4,4,library,team_project,mostly_solo,2_4h,evening,1,1,1,1,1,1,1,1,1,1,1,dorm_lounge,light_reading,solo,2_4h,afternoon,weekday,11.3,hot,indoor,often,2,4,3,3,3,3,3,4,3,3,10,16,12,15,12,12,9,12,1.8,5.7,12,0.5,54.5
I1000,U100,quiet_deepwork,P036,study_room_18,synthetic,train,5,4,4,5,4,4,4,3,4,4,library,team_project,mostly_solo,2_4h,evening,1,1,1,1,1,1,1,1,1,1,1,study_room,report_writing,solo,2_4h,early_morning,weekday,18.1,clear,indoor,sometimes,5,4,4,4,4,4,5,4,4,4,25,16,16,20,20,16,12,16,3.4,9.0,16,0,78.3
I1001,U101,comfort_oriented,P001,library_01,synthetic,train,4,4,4,3,5,3,5,5,5,4,library,light_reading,mostly_solo,under_1h,afternoon,1,1,0,1,1,0,1,1,0,1,0,library,report_writing,2,over_4h,early_morning,weekday,7.5,clear,indoor,sometimes,5,4,4,5,2,3,4,4,4,4,20,16,16,15,20,20,10,15,3.4,2.8,16,0,72.5
I1002,U101,comfort_oriented,P047,cafe_11,synthetic,train,4,4,4,3,5,3,5,5,5,4,library,light_reading,mostly_solo,under_1h,afternoon,1,1,0,1,1,0,1,1,0,1,0,cafe,coding,solo,over_4h,afternoon,weekday,8.9,rainy,indoor,rarely,3,4,3,3,2,4,3,4,4,3,12,16,12,9,15,20,10,20,3.6,3.3,16,1,68.3
I1003,U101,comfort_oriented,P097,dorm_lounge_01,synthetic,train,4,4,4,3,5,3,5,5,5,4,library,light_reading,mostly_solo,under_1h,afternoon,1,1,0,1,1,0,1,1,0,1,0,dorm_lounge,report_writing,solo,1_2h,afternoon,weekday,9.1,clear,indoor,sometimes,3,3,3,2,3,4,5,3,4,2,12,12,12,6,25,20,15,20,3.4,3.4,12,1,57.7
I1004,U101,comfort_oriented,P047,cafe_11,synthetic,train,4,4,4,3,5,3,5,5,5,4,library,light_reading,mostly_solo,under_1h,afternoon,1,1,0,1,1,0,1,1,0,1,0,cafe,report_writing,solo,2_4h,morning,weekend,9.0,clear,indoor,often,3,4,3,3,2,4,3,4,4,3,12,16,12,9,15,20,10,20,3.4,3.4,16,0.5,77.5
I1005,U101,comfort_oriented,P037,cafe_01,synthetic,train,4,4,4,3,5,3,5,5,5,4,library,light_reading,mostly_solo,under_1h,afternoon,1,1,0,1,1,0,1,1,0,1,0,cafe,coding,solo,2_4h,afternoon,weekday,15.1,rainy,indoor,sometimes,3,4,2,2,2,4,3,4,4,4,12,16,8,6,15,20,10,20,3.6,5.7,16,1,66.1
I1006,U101,comfort_oriented,P024,study_room_06,synthetic,train,4,4,4,3,5,3,5,5,5,4,library,light_reading,mostly_solo,under_1h,afternoon,1,1,0,1,1,0,1,1,0,1,0,study_room,online_class,2,1_2h,morning,weekend,7.4,cloudy,indoor,often,4,4,3,4,3,4,4,4,4,3,16,16,12,12,20,20,15,20,2.6,2.8,12,0.5,68.5
I1007,U101,comfort_oriented,P086,coworking_space_02,synthetic,train,4,4,4,3,5,3,5,5,5,4,library,light_reading,mostly_solo,under_1h,afternoon,1,1,0,1,1,0,1,1,0,1,0,coworking_space,report_writing,solo,over_4h,afternoon,weekend,16.5,hot,indoor,often,3,4,4,4,5,3,4,4,4,4,12,16,16,12,20,20,25,15,3.4,6.2,16,1,77.1
I1008,U101,comfort_oriented,P092,coworking_space_08,synthetic,train,4,4,4,3,5,3,5,5,5,4,library,light_reading,mostly_solo,under_1h,afternoon,1,1,0,1,1,0,1,1,0,1,0,coworking_space,report_writing,solo,over_4h,early_morning,weekday,2.1,clear,indoor,often,2,4,3,4,3,4,4,4,4,3,8,16,12,12,20,20,15,20,3.4,0.8,16,0,64.3
I1009,U101,comfort_oriented,P068,classroom_06,synthetic,train,4,4,4,3,5,3,5,5,5,4,library,light_reading,mostly_solo,under_1h,afternoon,1,1,0,1,1,0,1,1,0,1,0,classroom,online_class,solo,1_2h,evening,weekday,14.4,clear,indoor,often,3,4,3,3,2,3,3,4,2,4,12,16,12,9,15,10,10,15,2.6,5.4,12,0.5,65.0
I1010,U101,comfort_oriented,P076,computer_lab_02,synthetic,train,4,4,4,3,5,3,5,5,5,4,library,light_reading,mostly_solo,under_1h,afternoon,1,1,0,1,1,0,1,1,0,1,0,computer_lab,deep_study,solo,2_4h,afternoon,weekend,15.1,clear,indoor,sometimes,3,5,3,4,4,3,4,3,3,4,12,20,12,12,20,15,20,15,4.0,5.7,12,1,69.2
I1011,U102,convenience_oriented,P079,computer_lab_05,synthetic,train,3,4,3,4,5,5,4,3,4,3,classroom,online_class,mixed,2_4h,afternoon,0,0,1,1,1,1,0,1,1,1,1,computer_lab,report_writing,solo,over_4h,afternoon,weekday,11.1,cloudy,indoor,often,4,4,3,3,3,4,5,4,4,3,12,16,9,12,25,16,9,16,2.6,6.9,12,1,57.2
I1012,U102,convenience_oriented,P098,dorm_lounge_02,synthetic,train,3,4,3,4,5,5,4,3,4,3,classroom,online_class,mixed,2_4h,afternoon,0,0,1,1,1,1,0,1,1,1,1,dorm_lounge,team_project,3_4,1_2h,afternoon,weekend,11.3,cloudy,indoor,sometimes,3,4,3,2,3,4,4,4,4,3,9,16,9,8,20,16,9,16,0.8,7.0,12,1,64.2
I1013,U102,convenience_oriented,P001,library_01,synthetic,train,3,4,3,4,5,5,4,3,4,3,classroom,online_class,mixed,2_4h,afternoon,0,0,1,1,1,1,0,1,1,1,1,library,report_writing,solo,2_4h,afternoon,weekday,10.4,hot,indoor,sometimes,5,4,4,5,2,3,4,5,4,4,15,16,12,20,20,16,6,12,2.6,6.5,15,1,57.6
I1014,U102,convenience_oriented,P083,computer_lab_09,synthetic,train,3,4,3,4,5,5,4,3,4,3,classroom,online_class,mixed,2_4h,afternoon,0,0,1,1,1,1,0,1,1,1,1,computer_lab,light_reading,solo,under_1h,late_night,weekday,1.0,cold,indoor,rarely,4,4,3,3,4,3,5,3,4,3,12,16,9,12,25,16,12,12,1.4,0.6,9,0,69.8
I1015,U102,convenience_oriented,P115,outdoor_07,synthetic,train,3,4,3,4,5,5,4,3,4,3,classroom,online_class,mixed,2_4h,afternoon,0,0,1,1,1,1,0,1,1,1,1,outdoor,team_project,3_4,2_4h,morning,weekend,18.3,clear,outdoor,often,3,4,3,3,1,3,1,3,2,3,9,16,9,12,5,8,3,12,0.8,11.4,9,0.5,52.8
I1016,U102,convenience_oriented,P053,cafe_17,synthetic,train,3,4,3,4,5,5,4,3,4,3,classroom,online_class,mixed,2_4h,afternoon,0,0,1,1,1,1,0,1,1,1,1,cafe,online_class,solo,over_4h,afternoon,weekday,17.6,clear,indoor,often,3,4,2,2,2,3,3,3,3,3,9,16,6,8,15,12,6,12,2.0,11.0,9,1,52.0
I1017,U102,convenience_oriented,P089,coworking_space_05,synthetic,train,3,4,3,4,5,5,4,3,4,3,classroom,online_class,mixed,2_4h,afternoon,0,0,1,1,1,1,0,1,1,1,1,coworking_space,light_reading,2,under_1h,afternoon,weekday,14.6,cloudy,indoor,rarely,3,5,4,3,4,4,5,3,4,3,9,20,12,12,25,16,12,16,1.4,9.1,9,1,57.3
I1018,U102,convenience_oriented,P086,coworking_space_02,synthetic,train,3,4,3,4,5,5,4,3,4,3,classroom,online_class,mixed,2_4h,afternoon,0,0,1,1,1,1,0,1,1,1,1,coworking_space,light_reading,solo,1_2h,morning,weekday,20.1,clear,indoor,first_time,3,4,4,4,5,3,4,4,4,4,9,16,12,16,20,16,15,12,1.4,12.5,12,0.5,58.5
I1019,U102,convenience_oriented,P003,library_03,synthetic,train,3,4,3,4,5,5,4,3,4,3,classroom,online_class,mixed,2_4h,afternoon,0,0,1,1,1,1,0,1,1,1,1,library,report_writing,solo,2_4h,afternoon,weekday,1.0,rainy,indoor,often,5,3,4,5,3,3,4,4,4,4,15,12,12,20,20,16,9,12,2.6,0.6,12,1,79.5
I1020,U102,convenience_oriented,P101,dorm_lounge_05,synthetic,train,3,4,3,4,5,5,4,3,4,3,classroom,online_class,mixed,2_4h,afternoon,0,0,1,1,1,1,0,1,1,1,1,dorm_lounge,light_reading,solo,1_2h,evening,weekday,10.5,cloudy,indoor,often,3,4,2,2,3,4,4,3,4,3,9,16,6,8,20,16,9,16,1.4,6.6,9,0.5,56.8
I1021,U103,quiet_deepwork,P035,study_room_17,synthetic,train,5,4,3,4,4,3,4,4,4,4,library,coding,mostly_solo,2_4h,evening,1,0,1,1,1,0,1,1,0,1,1,study_room,light_reading,solo,2_4h,morning,weekend,1.0,clear,indoor,often,4,4,4,4,3,4,5,3,4,3,20,16,12,16,20,16,12,16,1.8,0.4,9,0,61.5
I1022,U103,quiet_deepwork,P079,computer_lab_05,synthetic,train,5,4,3,4,4,3,4,4,4,4,library,coding,mostly_solo,2_4h,evening,1,0,1,1,1,0,1,1,0,1,1,computer_lab,coding,solo,2_4h,evening,weekend,1.0,hot,indoor,first_time,4,4,3,3,3,4,5,4,4,3,20,16,9,12,20,16,12,16,3.6,0.4,16,1,78.0
I1023,U103,quiet_deepwork,P016,library_16,synthetic,train,5,4,3,4,4,3,4,4,4,4,library,coding,mostly_solo,2_4h,evening,1,0,1,1,1,0,1,1,0,1,1,library,coding,solo,under_1h,afternoon,weekday,8.3,cloudy,indoor,sometimes,5,4,3,5,3,4,3,3,4,4,25,16,9,20,12,16,12,16,3.6,3.1,12,0.5,79.8
I1024,U103,quiet_deepwork,P080,computer_lab_06,synthetic,train,5,4,3,4,4,3,4,4,4,4,library,coding,mostly_solo,2_4h,evening,1,0,1,1,1,0,1,1,0,1,1,computer_lab,coding,solo,over_4h,afternoon,weekday,7.3,clear,indoor,sometimes,4,4,4,3,3,4,4,5,4,3,20,16,12,12,16,16,12,16,3.6,2.7,20,0.5,81.0
I1025,U103,quiet_deepwork,P059,home_05,synthetic,train,5,4,3,4,4,3,4,4,4,4,library,coding,mostly_solo,2_4h,evening,1,0,1,1,1,0,1,1,0,1,1,home,report_writing,3_4,2_4h,morning,weekday,7.4,cloudy,indoor,rarely,4,5,5,4,5,4,4,4,5,5,20,20,15,16,16,20,20,16,3.4,2.8,16,0,73.0
I1026,U103,quiet_deepwork,P110,outdoor_02,synthetic,train,5,4,3,4,4,3,4,4,4,4,library,coding,mostly_solo,2_4h,evening,1,0,1,1,1,0,1,1,0,1,1,outdoor,deep_study,solo,over_4h,afternoon,weekend,10.7,cloudy,outdoor,sometimes,3,4,3,3,2,3,2,1,2,3,15,16,9,12,8,8,8,12,4.0,4.0,4,0.5,50.1
I1027,U103,quiet_deepwork,P058,home_04,synthetic,train,5,4,3,4,4,3,4,4,4,4,library,coding,mostly_solo,2_4h,evening,1,0,1,1,1,0,1,1,0,1,1,home,coding,2,1_2h,evening,weekend,14.4,cloudy,indoor,sometimes,4,3,4,3,4,5,4,4,4,4,20,12,12,12,16,16,16,20,3.6,5.4,16,1,67.7
I1028,U103,quiet_deepwork,P029,study_room_11,synthetic,train,5,4,3,4,4,3,4,4,4,4,library,coding,mostly_solo,2_4h,evening,1,0,1,1,1,0,1,1,0,1,1,study_room,report_writing,solo,2_4h,morning,weekday,14.2,clear,indoor,sometimes,4,4,3,4,2,4,4,5,4,3,20,16,9,16,16,16,8,16,3.4,5.3,20,0,70.7
I1029,U103,quiet_deepwork,P028,study_room_10,synthetic,train,5,4,3,4,4,3,4,4,4,4,library,coding,mostly_solo,2_4h,evening,1,0,1,1,1,0,1,1,0,1,1,study_room,report_writing,solo,2_4h,afternoon,weekday,10.9,clear,indoor,first_time,4,4,3,3,4,4,5,4,4,3,20,16,9,12,20,16,16,16,3.4,4.1,16,0.5,72.4
I1030,U103,quiet_deepwork,P034,study_room_16,synthetic,train,5,4,3,4,4,3,4,4,4,4,library,coding,mostly_solo,2_4h,evening,1,0,1,1,1,0,1,1,0,1,1,study_room,report_writing,solo,over_4h,afternoon,weekday,6.3,rainy,indoor,rarely,4,4,4,4,4,3,4,4,5,3,20,16,12,16,16,20,16,12,3.4,2.4,16,0.5,78.6
I1031,U104,quiet_deepwork,P025,study_room_07,synthetic,test,5,3,5,4,4,3,4,3,4,5,library,report_writing,mostly_solo,1_2h,afternoon,1,1,1,1,1,0,1,1,0,1,1,study_room,online_class,2,1_2h,early_morning,weekend,1.3,cloudy,indoor,sometimes,4,4,3,4,4,4,4,3,4,3,20,12,15,16,16,16,12,16,3.3,0.5,9,0,71.2
I1032,U104,quiet_deepwork,P075,computer_lab_01,synthetic,test,5,3,5,4,4,3,4,3,4,5,library,report_writing,mostly_solo,1_2h,afternoon,1,1,1,1,1,0,1,1,0,1,1,computer_lab,deep_study,solo,1_2h,evening,weekday,12.7,hot,indoor,sometimes,3,3,3,4,3,4,5,4,3,3,15,9,15,16,20,12,9,16,5.0,4.8,20,0.5,69.5
I1033,U104,quiet_deepwork,P054,cafe_18,synthetic,test,5,3,5,4,4,3,4,3,4,5,library,report_writing,mostly_solo,1_2h,afternoon,1,1,1,1,1,0,1,1,0,1,1,cafe,online_class,solo,1_2h,afternoon,weekday,11.4,clear,indoor,sometimes,3,5,2,3,2,3,3,3,4,3,15,15,10,12,12,16,6,12,3.3,4.3,9,1,60.9
I1034,U104,quiet_deepwork,P016,library_16,synthetic,test,5,3,5,4,4,3,4,3,4,5,library,report_writing,mostly_solo,1_2h,afternoon,1,1,1,1,1,0,1,1,0,1,1,library,report_writing,solo,over_4h,afternoon,weekday,9.6,hot,indoor,rarely,5,4,3,5,3,4,3,5,4,4,25,12,15,20,12,16,9,16,4.3,3.6,25,1,86.0
I1035,U104,quiet_deepwork,P010,library_10,synthetic,test,5,3,5,4,4,3,4,3,4,5,library,report_writing,mostly_solo,1_2h,afternoon,1,1,1,1,1,0,1,1,0,1,1,library,light_reading,solo,2_4h,morning,weekday,8.0,clear,indoor,rarely,5,5,4,4,3,4,4,4,4,5,25,15,20,16,16,16,9,16,2.3,3.0,12,0.5,79.9
I1036,U104,quiet_deepwork,P081,computer_lab_07,synthetic,test,5,3,5,4,4,3,4,3,4,5,library,report_writing,mostly_solo,1_2h,afternoon,1,1,1,1,1,0,1,1,0,1,1,computer_lab,meeting,3_4,over_4h,evening,weekday,3.4,cloudy,indoor,sometimes,4,4,2,3,3,3,4,3,4,3,20,12,10,12,16,16,9,12,1.0,1.3,9,0.5,67.2
I1037,U104,quiet_deepwork,P051,cafe_15,synthetic,test,5,3,5,4,4,3,4,3,4,5,library,report_writing,mostly_solo,1_2h,afternoon,1,1,1,1,1,0,1,1,0,1,1,cafe,online_class,solo,2_4h,morning,weekday,9.4,cloudy,indoor,sometimes,3,4,2,3,3,4,3,3,4,3,15,12,10,12,12,16,9,16,3.3,3.5,9,0.5,66.2
I1038,U104,quiet_deepwork,P005,library_05,synthetic,test,5,3,5,4,4,3,4,3,4,5,library,report_writing,mostly_solo,1_2h,afternoon,1,1,1,1,1,0,1,1,0,1,1,library,coding,solo,under_1h,afternoon,weekday,10.8,cloudy,indoor,sometimes,5,4,4,5,3,4,4,4,4,4,25,12,20,20,16,16,9,16,4.5,4.1,20,1,83.0
I1039,U104,quiet_deepwork,P072,classroom_10,synthetic,test,5,3,5,4,4,3,4,3,4,5,library,report_writing,mostly_solo,1_2h,afternoon,1,1,1,1,1,0,1,1,0,1,1,classroom,deep_study,solo,over_4h,afternoon,weekday,5.3,cold,indoor,sometimes,3,3,4,3,3,3,4,4,3,3,15,9,20,12,16,12,9,12,5.0,2.0,20,1,63.1
I1040,U104,quiet_deepwork,P062,home_08,synthetic,test,5,3,5,4,4,3,4,3,4,5,library,report_writing,mostly_solo,1_2h,afternoon,1,1,1,1,1,0,1,1,0,1,1,home,deep_study,solo,2_4h,morning,weekday,9.0,clear,indoor,first_time,4,3,4,4,4,5,5,4,4,5,20,9,20,16,20,16,12,20,5.0,3.4,20,0.5,68.1
I1041,U105,convenience_oriented,P098,dorm_lounge_02,synthetic,valid,3,3,3,3,5,4,4,3,3,4,cafe,deep_study,mostly_solo,over_4h,late_night,0,0,0,1,1,1,0,1,1,0,0,dorm_lounge,deep_study,solo,1_2h,afternoon,weekday,18.5,rainy,indoor,sometimes,3,4,3,2,3,4,4,3,4,3,9,12,9,6,20,16,9,12,4.0,9.3,12,0,45.8
I1042,U105,convenience_oriented,P043,cafe_07,synthetic,valid,3,3,3,3,5,4,4,3,3,4,cafe,deep_study,mostly_solo,over_4h,late_night,0,0,0,1,1,1,0,1,1,0,0,cafe,deep_study,2,2_4h,late_night,weekday,6.3,cloudy,indoor,sometimes,2,5,3,3,2,4,3,4,3,3,6,15,9,9,15,12,6,12,4.0,3.1,16,1,56.1
I1043,U105,convenience_oriented,P078,computer_lab_04,synthetic,valid,3,3,3,3,5,4,4,3,3,4,cafe,deep_study,mostly_solo,over_4h,late_night,0,0,0,1,1,1,0,1,1,0,0,computer_lab,deep_study,solo,2_4h,early_morning,weekday,7.0,cloudy,indoor,sometimes,4,4,4,4,3,3,5,4,4,3,12,12,12,12,25,16,9,9,4.0,3.5,16,0,65.8
I1044,U105,convenience_oriented,P074,classroom_12,synthetic,valid,3,3,3,3,5,4,4,3,3,4,cafe,deep_study,mostly_solo,over_4h,late_night,0,0,0,1,1,1,0,1,1,0,0,classroom,report_writing,solo,2_4h,late_night,weekday,13.8,clear,indoor,sometimes,3,4,3,3,2,3,3,4,3,3,9,12,9,9,15,12,6,9,3.4,6.9,16,1,57.4
I1045,U105,convenience_oriented,P055,home_01,synthetic,valid,3,3,3,3,5,4,4,3,3,4,cafe,deep_study,mostly_solo,over_4h,late_night,0,0,0,1,1,1,0,1,1,0,0,home,team_project,2,over_4h,late_night,weekday,7.8,cloudy,indoor,often,4,3,5,4,4,5,5,3,4,5,12,9,15,12,25,16,12,15,1.0,3.9,9,1,60.9
I1046,U105,convenience_oriented,P046,cafe_10,synthetic,valid,3,3,3,3,5,4,4,3,3,4,cafe,deep_study,mostly_solo,over_4h,late_night,0,0,0,1,1,1,0,1,1,0,0,cafe,coding,solo,over_4h,late_night,weekday,12.7,clear,indoor,often,3,4,2,3,2,4,3,4,3,3,9,12,6,9,15,12,6,12,3.6,6.3,16,1,62.9
I1047,U105,convenience_oriented,P014,library_14,synthetic,valid,3,3,3,3,5,4,4,3,3,4,cafe,deep_study,mostly_solo,over_4h,late_night,0,0,0,1,1,1,0,1,1,0,0,library,report_writing,solo,1_2h,late_night,weekday,4.3,cloudy,indoor,sometimes,5,4,5,4,3,4,4,5,4,4,15,12,15,12,20,16,9,12,3.4,2.2,20,1,69.9
I1048,U105,convenience_oriented,P048,cafe_12,synthetic,valid,3,3,3,3,5,4,4,3,3,4,cafe,deep_study,mostly_solo,over_4h,late_night,0,0,0,1,1,1,0,1,1,0,0,cafe,coding,solo,over_4h,morning,weekend,1.0,cold,indoor,often,2,5,2,3,1,4,3,3,3,3,6,15,6,9,15,12,3,12,3.6,0.5,12,0,61.3
I1049,U105,convenience_oriented,P059,home_05,synthetic,valid,3,3,3,3,5,4,4,3,3,4,cafe,deep_study,mostly_solo,over_4h,late_night,0,0,0,1,1,1,0,1,1,0,0,home,online_class,solo,1_2h,afternoon,weekday,11.2,clear,indoor,sometimes,4,5,5,4,5,4,4,4,5,5,12,15,15,12,20,20,15,12,2.6,5.6,12,0,69.6
I1050,U105,convenience_oriented,P064,classroom_02,synthetic,valid,3,3,3,3,5,4,4,3,3,4,cafe,deep_study,mostly_solo,over_4h,late_night,0,0,0,1,1,1,0,1,1,0,0,classroom,report_writing,2,1_2h,late_night,weekend,7.8,cold,indoor,rarely,4,4,3,3,3,3,3,3,3,3,12,12,9,9,15,12,9,9,3.4,3.9,12,1,37.6
I1051,U106,quiet_deepwork,P018,library_18,synthetic,train,4,3,5,4,4,3,4,4,5,5,library,light_reading,mostly_solo,over_4h,afternoon,1,1,1,1,1,0,1,1,0,1,1,library,deep_study,solo,1_2h,evening,weekend,5.9,clear,indoor,first_time,5,4,3,4,3,3,4,5,4,3,20,12,15,16,16,16,12,15,5.0,2.2,25,0.5,74.3
I1052,U106,quiet_deepwork,P065,classroom_03,synthetic,train,4,3,5,4,4,3,4,4,5,5,library,light_reading,mostly_solo,over_4h,afternoon,1,1,1,1,1,0,1,1,0,1,1,classroom,deep_study,2,1_2h,afternoon,weekday,10.4,hot,indoor,often,4,4,3,3,3,3,4,3,3,3,16,12,15,12,16,12,12,15,5.0,3.9,15,1,60.6
I1053,U106,quiet_deepwork,P008,library_08,synthetic,train,4,3,5,4,4,3,4,4,5,5,library,light_reading,mostly_solo,over_4h,afternoon,1,1,1,1,1,0,1,1,0,1,1,library,team_project,2,2_4h,morning,weekday,8.9,hot,indoor,rarely,5,5,4,4,2,3,4,2,4,4,20,15,20,16,16,16,8,15,1.3,3.3,6,0.5,60.3
I1054,U106,quiet_deepwork,P060,home_06,synthetic,train,4,3,5,4,4,3,4,4,5,5,library,light_reading,mostly_solo,over_4h,afternoon,1,1,1,1,1,0,1,1,0,1,1,home,report_writing,2,over_4h,afternoon,weekday,13.6,clear,indoor,often,4,3,5,5,4,5,5,4,4,5,16,9,25,20,20,16,16,25,4.3,5.1,20,1,89.2
I1055,U106,quiet_deepwork,P032,study_room_14,synthetic,train,4,3,5,4,4,3,4,4,5,5,library,light_reading,mostly_solo,over_4h,afternoon,1,1,1,1,1,0,1,1,0,1,1,study_room,deep_study,solo,2_4h,early_morning,weekend,22.2,cloudy,indoor,sometimes,4,4,4,4,4,3,4,3,4,4,16,12,20,16,16,16,16,15,5.0,8.3,15,0,69.8
I1056,U106,quiet_deepwork,P057,home_03,synthetic,train,4,3,5,4,4,3,4,4,5,5,library,light_reading,mostly_solo,over_4h,afternoon,1,1,1,1,1,0,1,1,0,1,1,home,report_writing,solo,over_4h,evening,weekday,8.6,cloudy,indoor,sometimes,3,4,4,4,5,4,5,4,5,4,12,12,20,16,20,20,20,20,4.3,3.2,20,0.5,83.2
I1057,U106,quiet_deepwork,P100,dorm_lounge_04,synthetic,train,4,3,5,4,4,3,4,4,5,5,library,light_reading,mostly_solo,over_4h,afternoon,1,1,1,1,1,0,1,1,0,1,1,dorm_lounge,deep_study,solo,2_4h,afternoon,weekday,13.4,clear,indoor,sometimes,3,4,2,3,3,4,3,2,4,4,12,12,10,12,12,16,12,20,5.0,5.0,10,1,61.5
I1058,U106,quiet_deepwork,P010,library_10,synthetic,train,4,3,5,4,4,3,4,4,5,5,library,light_reading,mostly_solo,over_4h,afternoon,1,1,1,1,1,0,1,1,0,1,1,library,deep_study,solo,under_1h,afternoon,weekend,8.3,cloudy,indoor,often,5,5,4,4,3,4,4,5,4,5,20,15,20,16,16,16,12,20,5.0,3.1,25,1,78.5
I1059,U106,quiet_deepwork,P018,library_18,synthetic,train,4,3,5,4,4,3,4,4,5,5,library,light_reading,mostly_solo,over_4h,afternoon,1,1,1,1,1,0,1,1,0,1,1,library,deep_study,solo,2_4h,late_night,weekend,14.3,clear,indoor,first_time,5,4,3,4,3,3,4,4,4,3,20,12,15,16,16,16,12,15,5.0,5.3,20,0,66.1
I1060,U106,quiet_deepwork,P013,library_13,synthetic,train,4,3,5,4,4,3,4,4,5,5,library,light_reading,mostly_solo,over_4h,afternoon,1,1,1,1,1,0,1,1,0,1,1,library,report_writing,solo,over_4h,afternoon,weekday,3.2,cold,indoor,first_time,5,4,4,4,3,3,5,5,4,4,20,12,20,16,20,16,12,15,4.3,1.2,25,1,79.0
I1061,U107,comfort_oriented,P012,library_12,synthetic,train,3,5,4,4,5,5,5,5,3,4,home,coding,mostly_solo,1_2h,evening,0,1,1,1,1,1,0,1,1,0,1,library,deep_study,2,2_4h,afternoon,weekday,2.7,hot,indoor,sometimes,5,4,4,4,3,3,3,5,5,4,15,20,16,16,15,25,15,9,4.0,1.7,20,0.5,73.6
I1062,U107,comfort_oriented,P035,study_room_17,synthetic,train,3,5,4,4,5,5,5,5,3,4,home,coding,mostly_solo,1_2h,evening,0,1,1,1,1,1,0,1,1,0,1,study_room,light_reading,solo,1_2h,evening,weekday,4.2,clear,indoor,sometimes,4,4,4,4,3,4,5,3,4,3,12,20,16,16,25,20,15,12,1.8,2.6,9,1,70.1
I1063,U107,comfort_oriented,P041,cafe_05,synthetic,train,3,5,4,4,5,5,5,5,3,4,home,coding,mostly_solo,1_2h,evening,0,1,1,1,1,1,0,1,1,0,1,cafe,coding,solo,2_4h,afternoon,weekday,9.4,clear,indoor,rarely,2,4,2,3,2,4,4,3,4,3,6,20,8,12,20,20,10,12,3.6,5.8,12,0.5,62.6
I1064,U107,comfort_oriented,P060,home_06,synthetic,train,3,5,4,4,5,5,5,5,3,4,home,coding,mostly_solo,1_2h,evening,0,1,1,1,1,1,0,1,1,0,1,home,light_reading,solo,1_2h,afternoon,weekday,15.7,hot,indoor,rarely,4,3,5,5,4,5,5,4,4,5,12,15,20,20,25,20,20,15,1.8,9.8,12,0.5,70.5
I1065,U107,comfort_oriented,P026,study_room_08,synthetic,train,3,5,4,4,5,5,5,5,3,4,home,coding,mostly_solo,1_2h,evening,0,1,1,1,1,1,0,1,1,0,1,study_room,report_writing,solo,over_4h,afternoon,weekday,23.1,cloudy,indoor,sometimes,4,5,4,4,5,4,4,4,4,3,12,25,16,16,20,20,25,12,3.4,14.4,16,0.5,62.3
I1066,U107,comfort_oriented,P085,coworking_space_01,synthetic,train,3,5,4,4,5,5,5,5,3,4,home,coding,mostly_solo,1_2h,evening,0,1,1,1,1,1,0,1,1,0,1,coworking_space,light_reading,5_plus,over_4h,evening,weekday,4.3,clear,indoor,rarely,3,5,2,3,4,3,4,3,4,3,9,25,8,12,20,20,20,9,1.8,2.7,9,1,59.1
I1067,U107,comfort_oriented,P104,dorm_lounge_08,synthetic,train,3,5,4,4,5,5,5,5,3,4,home,coding,mostly_solo,1_2h,evening,0,1,1,1,1,1,0,1,1,0,1,dorm_lounge,online_class,solo,1_2h,evening,weekday,14.2,cloudy,indoor,sometimes,3,4,3,3,4,4,4,3,4,3,9,20,12,12,20,20,20,12,2.6,8.9,9,1,52.5
I1068,U107,comfort_oriented,P093,coworking_space_09,synthetic,train,3,5,4,4,5,5,5,5,3,4,home,coding,mostly_solo,1_2h,evening,0,1,1,1,1,1,0,1,1,0,1,coworking_space,team_project,2,1_2h,morning,weekday,10.0,clear,indoor,often,3,4,2,3,4,4,4,4,4,3,9,20,8,12,20,20,20,12,1.0,6.3,12,0,74.4
I1069,U107,comfort_oriented,P076,computer_lab_02,synthetic,train,3,5,4,4,5,5,5,5,3,4,home,coding,mostly_solo,1_2h,evening,0,1,1,1,1,1,0,1,1,0,1,computer_lab,meeting,2,2_4h,afternoon,weekday,9.4,clear,indoor,sometimes,3,5,3,4,4,3,4,3,3,4,9,25,12,16,20,15,20,9,0.8,5.9,9,0.5,60.9
I1070,U107,comfort_oriented,P081,computer_lab_07,synthetic,train,3,5,4,4,5,5,5,5,3,4,home,coding,mostly_solo,1_2h,evening,0,1,1,1,1,1,0,1,1,0,1,computer_lab,report_writing,solo,2_4h,evening,weekday,7.0,cloudy,indoor,often,4,4,2,3,3,3,4,4,4,3,12,20,8,12,20,20,15,9,3.4,4.4,16,1,63.3
I1071,U108,comfort_oriented,P044,cafe_08,synthetic,train,4,4,4,4,4,5,4,4,5,4,cafe,light_reading,mostly_solo,over_4h,morning,1,1,1,1,1,1,1,1,1,1,1,cafe,light_reading,solo,1_2h,afternoon,weekend,12.3,cloudy,indoor,rarely,3,4,3,4,2,4,3,4,4,2,12,16,12,16,12,16,8,20,1.8,7.7,12,0.5,56.3
I1072,U108,comfort_oriented,P118,outdoor_10,synthetic,train,4,4,4,4,4,5,4,4,5,4,cafe,light_reading,mostly_solo,over_4h,morning,1,1,1,1,1,1,1,1,1,1,1,outdoor,report_writing,2,2_4h,afternoon,weekend,8.6,hot,outdoor,sometimes,3,5,3,3,3,3,2,3,3,3,12,20,12,12,8,12,12,15,3.4,5.4,12,0.5,52.1
I1073,U108,comfort_oriented,P073,classroom_11,synthetic,train,4,4,4,4,4,5,4,4,5,4,cafe,light_reading,mostly_solo,over_4h,morning,1,1,1,1,1,1,1,1,1,1,1,classroom,report_writing,solo,2_4h,afternoon,weekday,17.3,hot,indoor,first_time,4,5,3,3,4,3,3,3,3,4,16,20,12,12,12,12,16,15,3.4,10.8,12,0.5,62.4
I1074,U108,comfort_oriented,P057,home_03,synthetic,train,4,4,4,4,4,5,4,4,5,4,cafe,light_reading,mostly_solo,over_4h,morning,1,1,1,1,1,1,1,1,1,1,1,home,deep_study,solo,2_4h,morning,weekend,1.0,rainy,indoor,sometimes,3,4,4,4,5,4,5,4,5,4,12,16,16,16,20,20,20,20,4.0,0.6,16,1,85.1
I1075,U108,comfort_oriented,P056,home_02,synthetic,train,4,4,4,4,4,5,4,4,5,4,cafe,light_reading,mostly_solo,over_4h,morning,1,1,1,1,1,1,1,1,1,1,1,home,coding,2,2_4h,afternoon,weekend,13.1,cold,indoor,often,4,3,5,4,5,4,5,4,5,5,16,12,20,16,20,20,20,20,3.6,8.2,16,0.5,75.9
I1076,U108,comfort_oriented,P074,classroom_12,synthetic,train,4,4,4,4,4,5,4,4,5,4,cafe,light_reading,mostly_solo,over_4h,morning,1,1,1,1,1,1,1,1,1,1,1,classroom,coding,solo,1_2h,morning,weekend,13.2,hot,indoor,rarely,3,4,3,3,2,3,3,3,3,3,12,16,12,12,12,12,8,15,3.6,8.3,12,1,42.7
I1077,U108,comfort_oriented,P075,computer_lab_01,synthetic,train,4,4,4,4,4,5,4,4,5,4,cafe,light_reading,mostly_solo,over_4h,morning,1,1,1,1,1,1,1,1,1,1,1,computer_lab,online_class,solo,1_2h,afternoon,weekday,8.7,clear,indoor,sometimes,3,3,3,4,3,4,5,4,3,3,12,12,12,16,20,12,12,20,2.6,5.5,12,0.5,73.4
I1078,U108,comfort_oriented,P002,library_02,synthetic,train,4,4,4,4,4,5,4,4,5,4,cafe,light_reading,mostly_solo,over_4h,morning,1,1,1,1,1,1,1,1,1,1,1,library,report_writing,solo,1_2h,afternoon,weekend,10.5,rainy,indoor,sometimes,5,5,4,4,2,3,4,5,4,4,20,20,16,16,16,16,8,15,3.4,6.6,20,0.5,71.5
I1079,U108,comfort_oriented,P040,cafe_04,synthetic,train,4,4,4,4,4,5,4,4,5,4,cafe,light_reading,mostly_solo,over_4h,morning,1,1,1,1,1,1,1,1,1,1,1,cafe,online_class,solo,1_2h,evening,weekday,12.5,clear,indoor,rarely,3,4,2,3,3,4,3,3,4,3,12,16,8,12,12,16,12,20,2.6,7.8,9,0,56.3
I1080,U108,comfort_oriented,P055,home_01,synthetic,train,4,4,4,4,4,5,4,4,5,4,cafe,light_reading,mostly_solo,over_4h,morning,1,1,1,1,1,1,1,1,1,1,1,home,team_project,2,2_4h,evening,weekday,6.3,clear,indoor,rarely,4,3,5,4,4,5,5,3,4,5,16,12,20,16,20,16,16,25,1.0,3.9,9,0,82.1
I1081,U109,convenience_oriented,P100,dorm_lounge_04,synthetic,train,3,4,4,4,5,4,5,4,4,4,home,online_class,mostly_solo,2_4h,evening,0,1,1,1,1,1,0,1,1,1,1,dorm_lounge,coding,2,2_4h,afternoon,weekday,15.5,rainy,indoor,often,3,4,2,3,3,4,3,3,4,4,9,16,8,12,15,20,12,16,3.6,7.7,12,0.5,63.1
I1082,U109,convenience_oriented,P073,classroom_11,synthetic,train,3,4,4,4,5,4,5,4,4,4,home,online_class,mostly_solo,2_4h,evening,0,1,1,1,1,1,0,1,1,1,1,classroom,online_class,solo,under_1h,afternoon,weekday,9.9,clear,indoor,sometimes,4,5,3,3,4,3,3,4,3,4,12,20,12,12,15,15,16,12,2.6,4.9,12,0.5,68.3
I1083,U109,convenience_oriented,P113,outdoor_05,synthetic,train,3,4,4,4,5,4,5,4,4,4,home,online_class,mostly_solo,2_4h,evening,0,1,1,1,1,1,0,1,1,1,1,outdoor,online_class,solo,1_2h,early_morning,weekday,17.3,cloudy,outdoor,often,3,3,4,2,2,3,2,2,3,3,9,12,16,8,10,15,8,12,2.6,8.6,6,0,64.7
I1084,U109,convenience_oriented,P011,library_11,synthetic,train,3,4,4,4,5,4,5,4,4,4,home,online_class,mostly_solo,2_4h,evening,0,1,1,1,1,1,0,1,1,1,1,library,report_writing,solo,2_4h,afternoon,weekend,12.0,cloudy,indoor,often,5,4,4,4,2,4,4,4,4,3,15,16,16,16,20,20,8,16,3.4,6.0,16,0.5,70.1
I1085,U109,convenience_oriented,P086,coworking_space_02,synthetic,train,3,4,4,4,5,4,5,4,4,4,home,online_class,mostly_solo,2_4h,evening,0,1,1,1,1,1,0,1,1,1,1,coworking_space,light_reading,solo,1_2h,evening,weekday,15.3,cold,indoor,often,3,4,4,4,5,3,4,3,4,4,9,16,16,16,20,20,20,12,1.8,7.7,9,1,68.8
I1086,U109,convenience_oriented,P036,study_room_18,synthetic,train,3,4,4,4,5,4,5,4,4,4,home,online_class,mostly_solo,2_4h,evening,0,1,1,1,1,1,0,1,1,1,1,study_room,deep_study,solo,over_4h,late_night,weekday,15.0,clear,indoor,sometimes,5,4,4,4,4,4,5,4,4,4,15,16,16,16,25,20,16,16,4.0,7.5,16,0.5,70.9
I1087,U109,convenience_oriented,P024,study_room_06,synthetic,train,3,4,4,4,5,4,5,4,4,4,home,online_class,mostly_solo,2_4h,evening,0,1,1,1,1,1,0,1,1,1,1,study_room,coding,solo,2_4h,evening,weekday,3.7,hot,indoor,often,4,4,3,4,3,4,4,4,4,3,12,16,12,16,20,20,12,16,3.6,1.9,16,1,79.4
I1088,U109,convenience_oriented,P012,library_12,synthetic,train,3,4,4,4,5,4,5,4,4,4,home,online_class,mostly_solo,2_4h,evening,0,1,1,1,1,1,0,1,1,1,1,library,report_writing,2,2_4h,afternoon,weekday,13.0,cloudy,indoor,sometimes,5,4,4,4,3,3,3,5,5,4,15,16,16,16,15,25,12,12,3.4,6.5,20,0.5,61.7
I1089,U109,convenience_oriented,P023,study_room_05,synthetic,train,3,4,4,4,5,4,5,4,4,4,home,online_class,mostly_solo,2_4h,evening,0,1,1,1,1,1,0,1,1,1,1,study_room,online_class,2,1_2h,afternoon,weekday,13.7,clear,indoor,often,5,4,3,4,4,4,3,4,4,4,15,16,12,16,15,20,16,16,2.6,6.9,12,0.5,64.2
I1090,U109,convenience_oriented,P070,classroom_08,synthetic,train,3,4,4,4,5,4,5,4,4,4,home,online_class,mostly_solo,2_4h,evening,0,1,1,1,1,1,0,1,1,1,1,classroom,coding,solo,2_4h,late_night,weekday,8.4,cloudy,indoor,rarely,3,4,3,2,3,2,3,4,2,3,9,16,12,8,15,10,12,8,3.6,4.2,16,0.5,47.8
I1091,U110,quiet_deepwork,P099,dorm_lounge_03,synthetic,train,5,4,4,5,4,3,3,4,4,5,classroom,meeting,mostly_solo,1_2h,evening,1,1,1,0,1,0,1,1,0,1,1,dorm_lounge,coding,2,2_4h,late_night,weekday,10.0,clear,indoor,rarely,4,4,3,3,3,3,4,3,3,3,20,16,12,15,16,9,12,12,4.5,3.7,15,0.5,64.1
I1092,U110,quiet_deepwork,P017,library_17,synthetic,train,5,4,4,5,4,3,3,4,4,5,classroom,meeting,mostly_solo,1_2h,evening,1,1,1,0,1,0,1,1,0,1,1,library,coding,solo,over_4h,evening,weekday,12.4,rainy,indoor,sometimes,5,4,4,5,3,3,4,4,5,4,25,16,16,25,16,15,12,12,4.5,4.7,20,1,76.0
I1093,U110,quiet_deepwork,P019,study_room_01,synthetic,train,5,4,4,5,4,3,3,4,4,5,classroom,meeting,mostly_solo,1_2h,evening,1,1,1,0,1,0,1,1,0,1,1,study_room,online_class,solo,under_1h,morning,weekend,9.8,clear,indoor,sometimes,4,3,4,4,3,4,4,3,4,4,20,12,16,20,16,12,12,16,3.3,3.7,9,0,80.1
I1094,U110,quiet_deepwork,P021,study_room_03,synthetic,train,5,4,4,5,4,3,3,4,4,5,classroom,meeting,mostly_solo,1_2h,evening,1,1,1,0,1,0,1,1,0,1,1,study_room,light_reading,solo,under_1h,afternoon,weekend,16.3,cloudy,indoor,often,5,4,4,4,3,4,4,4,4,2,25,16,16,20,16,12,12,16,2.3,6.1,12,0.5,69.4
I1095,U110,quiet_deepwork,P073,classroom_11,synthetic,train,5,4,4,5,4,3,3,4,4,5,classroom,meeting,mostly_solo,1_2h,evening,1,1,1,0,1,0,1,1,0,1,1,classroom,deep_study,2,over_4h,afternoon,weekend,9.9,cloudy,indoor,rarely,4,5,3,3,4,3,3,3,3,4,20,20,12,15,12,9,16,12,5.0,3.7,15,0.5,61.7
I1096,U110,quiet_deepwork,P016,library_16,synthetic,train,5,4,4,5,4,3,3,4,4,5,classroom,meeting,mostly_solo,1_2h,evening,1,1,1,0,1,0,1,1,0,1,1,library,meeting,3_4,1_2h,afternoon,weekday,13.4,clear,indoor,first_time,5,4,3,5,3,4,3,3,4,4,25,16,12,25,12,12,12,16,1.0,5.0,9,0.5,69.8
I1097,U110,quiet_deepwork,P023,study_room_05,synthetic,train,5,4,4,5,4,3,3,4,4,5,classroom,meeting,mostly_solo,1_2h,evening,1,1,1,0,1,0,1,1,0,1,1,study_room,report_writing,3_4,2_4h,early_morning,weekday,14.5,cloudy,indoor,often,5,4,3,4,4,4,3,4,4,4,25,16,12,20,12,12,16,16,4.3,5.4,20,0,74.0
I1098,U110,quiet_deepwork,P025,study_room_07,synthetic,train,5,4,4,5,4,3,3,4,4,5,classroom,meeting,mostly_solo,1_2h,evening,1,1,1,0,1,0,1,1,0,1,1,study_room,report_writing,solo,2_4h,late_night,weekday,5.1,clear,indoor,first_time,4,4,3,4,4,4,4,4,4,3,20,16,12,20,16,12,16,16,4.3,1.9,20,0.5,79.0
I1099,U110,quiet_deepwork,P039,cafe_03,synthetic,train,5,4,4,5,4,3,3,4,4,5,classroom,meeting,mostly_solo,1_2h,evening,1,1,1,0,1,0,1,1,0,1,1,cafe,deep_study,solo,2_4h,evening,weekday,12.9,hot,indoor,rarely,3,4,2,3,2,4,3,3,4,4,15,16,8,15,12,12,8,16,5.0,4.8,15,1,69.5
I1100,U110,quiet_deepwork,P032,study_room_14,synthetic,train,5,4,4,5,4,3,3,4,4,5,classroom,meeting,mostly_solo,1_2h,evening,1,1,1,0,1,0,1,1,0,1,1,study_room,light_reading,solo,2_4h,evening,weekend,19.5,clear,indoor,rarely,4,4,4,4,4,3,4,3,4,4,20,16,16,20,16,12,16,12,2.3,7.3,9,1,69.2
I1101,U111,convenience_oriented,P002,library_02,synthetic,test,3,3,3,3,5,5,5,4,4,4,classroom,deep_study,mostly_solo,1_2h,early_morning,0,0,0,1,1,1,0,1,1,1,0,library,report_writing,3_4,2_4h,evening,weekday,3.6,rainy,indoor,first_time,5,5,4,4,2,3,4,5,4,4,15,15,12,12,20,20,8,12,3.4,2.3,20,0,68.5
I1102,U111,convenience_oriented,P038,cafe_02,synthetic,test,3,3,3,3,5,5,5,4,4,4,classroom,deep_study,mostly_solo,1_2h,early_morning,0,0,0,1,1,1,0,1,1,1,0,cafe,online_class,solo,over_4h,evening,weekday,18.1,rainy,indoor,rarely,2,4,3,2,2,4,3,2,3,3,6,12,9,6,15,15,8,16,2.6,11.3,6,0,46.3
I1103,U111,convenience_oriented,P062,home_08,synthetic,test,3,3,3,3,5,5,5,4,4,4,classroom,deep_study,mostly_solo,1_2h,early_morning,0,0,0,1,1,1,0,1,1,1,0,home,light_reading,3_4,2_4h,early_morning,weekend,13.2,clear,indoor,sometimes,4,3,4,4,4,5,5,5,4,5,12,9,12,12,25,20,16,20,1.8,8.2,15,1,71.8
I1104,U111,convenience_oriented,P094,coworking_space_10,synthetic,test,3,3,3,3,5,5,5,4,4,4,classroom,deep_study,mostly_solo,1_2h,early_morning,0,0,0,1,1,1,0,1,1,1,0,coworking_space,deep_study,solo,1_2h,morning,weekday,7.1,clear,indoor,sometimes,3,5,3,4,3,4,3,3,4,4,9,15,9,12,15,20,12,16,4.0,4.4,12,0.5,59.1
I1105,U111,convenience_oriented,P062,home_08,synthetic,test,3,3,3,3,5,5,5,4,4,4,classroom,deep_study,mostly_solo,1_2h,early_morning,0,0,0,1,1,1,0,1,1,1,0,home,team_project,3_4,1_2h,afternoon,weekday,9.1,clear,indoor,first_time,4,3,4,4,4,5,5,3,4,5,12,9,12,12,25,20,16,20,1.0,5.7,9,0,63.3
I1106,U111,convenience_oriented,P037,cafe_01,synthetic,test,3,3,3,3,5,5,5,4,4,4,classroom,deep_study,mostly_solo,1_2h,early_morning,0,0,0,1,1,1,0,1,1,1,0,cafe,meeting,5_plus,2_4h,early_morning,weekday,14.5,clear,indoor,often,3,4,2,2,2,4,3,4,4,4,9,12,6,6,15,20,8,16,0.8,9.1,12,1,56.9
I1107,U111,convenience_oriented,P061,home_07,synthetic,test,3,3,3,3,5,5,5,4,4,4,classroom,deep_study,mostly_solo,1_2h,early_morning,0,0,0,1,1,1,0,1,1,1,0,home,light_reading,solo,under_1h,evening,weekday,16.7,clear,indoor,first_time,4,4,4,4,4,4,4,4,4,5,12,12,12,12,20,20,16,16,1.8,10.4,12,0,54.2
I1108,U111,convenience_oriented,P017,library_17,synthetic,test,3,3,3,3,5,5,5,4,4,4,classroom,deep_study,mostly_solo,1_2h,early_morning,0,0,0,1,1,1,0,1,1,1,0,library,team_project,2,2_4h,late_night,weekend,14.0,cold,indoor,sometimes,5,4,4,5,3,3,4,3,5,4,15,12,12,15,20,25,12,12,1.0,8.8,9,0,69.1
I1109,U111,convenience_oriented,P003,library_03,synthetic,test,3,3,3,3,5,5,5,4,4,4,classroom,deep_study,mostly_solo,1_2h,early_morning,0,0,0,1,1,1,0,1,1,1,0,library,coding,solo,1_2h,early_morning,weekday,4.0,cloudy,indoor,rarely,5,3,4,5,3,3,4,4,4,4,15,9,12,15,20,20,12,12,3.6,2.5,16,1,67.9
I1110,U111,convenience_oriented,P050,cafe_14,synthetic,test,3,3,3,3,5,5,5,4,4,4,classroom,deep_study,mostly_solo,1_2h,early_morning,0,0,0,1,1,1,0,1,1,1,0,cafe,report_writing,solo,2_4h,early_morning,weekday,7.9,clear,indoor,rarely,3,5,2,3,2,4,3,4,4,3,9,15,6,9,15,20,8,16,3.4,5.0,16,1,49.6
I1111,U112,convenience_oriented,P047,cafe_11,synthetic,train,4,4,4,3,5,5,4,4,4,4,classroom,coding,mostly_solo,2_4h,morning,1,1,0,1,1,1,1,1,1,1,0,cafe,light_reading,solo,1_2h,afternoon,weekend,12.2,cold,indoor,sometimes,3,4,3,3,2,4,3,3,4,3,12,16,12,9,15,16,8,16,1.8,7.6,9,0.5,64.5
I1112,U112,convenience_oriented,P003,library_03,synthetic,train,4,4,4,3,5,5,4,4,4,4,classroom,coding,mostly_solo,2_4h,morning,1,1,0,1,1,1,1,1,1,1,0,library,online_class,solo,2_4h,early_morning,weekend,1.0,clear,indoor,often,5,3,4,5,3,3,4,3,4,4,20,12,16,15,20,16,12,12,2.6,0.6,9,0.5,70.4
I1113,U112,convenience_oriented,P050,cafe_14,synthetic,train,4,4,4,3,5,5,4,4,4,4,classroom,coding,mostly_solo,2_4h,morning,1,1,0,1,1,1,1,1,1,1,0,cafe,online_class,solo,1_2h,late_night,weekday,12.6,hot,indoor,sometimes,3,5,2,3,2,4,3,3,4,3,12,20,8,9,15,16,8,16,2.6,7.9,9,0,49.1
I1114,U112,convenience_oriented,P056,home_02,synthetic,train,4,4,4,3,5,5,4,4,4,4,classroom,coding,mostly_solo,2_4h,morning,1,1,0,1,1,1,1,1,1,1,0,home,report_writing,solo,2_4h,morning,weekday,7.6,clear,indoor,often,4,3,5,4,5,4,5,4,5,5,16,12,20,12,25,20,20,16,3.4,4.7,16,1,78.1
I1115,U112,convenience_oriented,P031,study_room_13,synthetic,train,4,4,4,3,5,5,4,4,4,4,classroom,coding,mostly_solo,2_4h,morning,1,1,0,1,1,1,1,1,1,1,0,study_room,team_project,3_4,1_2h,afternoon,weekend,7.4,hot,indoor,first_time,5,4,4,4,4,4,4,5,5,4,20,16,16,12,20,20,16,16,1.0,4.6,15,0.5,78.4
I1116,U112,convenience_oriented,P115,outdoor_07,synthetic,train,4,4,4,3,5,5,4,4,4,4,classroom,coding,mostly_solo,2_4h,morning,1,1,0,1,1,1,1,1,1,1,0,outdoor,light_reading,solo,1_2h,early_morning,weekday,12.5,cloudy,outdoor,often,3,4,3,3,1,3,1,4,2,3,12,16,12,9,5,8,4,12,1.8,7.8,12,0.5,53.7
I1117,U112,convenience_oriented,P017,library_17,synthetic,train,4,4,4,3,5,5,4,4,4,4,classroom,coding,mostly_solo,2_4h,morning,1,1,0,1,1,1,1,1,1,1,0,library,report_writing,solo,1_2h,evening,weekend,12.3,clear,indoor,sometimes,5,4,4,5,3,3,4,5,5,4,20,16,16,15,20,20,12,12,3.4,7.7,20,0,69.9
I1118,U112,convenience_oriented,P016,library_16,synthetic,train,4,4,4,3,5,5,4,4,4,4,classroom,coding,mostly_solo,2_4h,morning,1,1,0,1,1,1,1,1,1,1,0,library,coding,2,over_4h,evening,weekday,13.5,clear,indoor,sometimes,5,4,3,5,3,4,3,3,4,4,20,16,12,15,15,16,12,16,3.6,8.5,12,0,74.7
I1119,U112,convenience_oriented,P029,study_room_11,synthetic,train,4,4,4,3,5,5,4,4,4,4,classroom,coding,mostly_solo,2_4h,morning,1,1,0,1,1,1,1,1,1,1,0,study_room,online_class,solo,2_4h,afternoon,weekday,11.3,cold,indoor,sometimes,4,4,3,4,2,4,4,4,4,3,16,16,12,12,20,16,8,16,2.6,7.1,12,0.5,57.2
I1120,U112,convenience_oriented,P053,cafe_17,synthetic,train,4,4,4,3,5,5,4,4,4,4,classroom,coding,mostly_solo,2_4h,morning,1,1,0,1,1,1,1,1,1,1,0,cafe,online_class,solo,1_2h,morning,weekday,11.4,hot,indoor,often,3,4,2,2,2,3,3,3,3,3,12,16,8,6,15,12,8,12,2.6,7.1,9,1,45.7
I1121,U113,convenience_oriented,P040,cafe_04,synthetic,test,3,4,4,3,5,5,4,3,3,3,computer_lab,meeting,mixed,2_4h,afternoon,0,1,0,1,1,1,0,1,1,0,0,cafe,report_writing,2,2_4h,afternoon,weekday,7.5,rainy,indoor,sometimes,3,4,2,3,3,4,3,4,4,3,9,16,8,9,15,16,9,12,2.6,4.7,12,1,64.4
I1122,U113,convenience_oriented,P054,cafe_18,synthetic,test,3,4,4,3,5,5,4,3,3,3,computer_lab,meeting,mixed,2_4h,afternoon,0,1,0,1,1,1,0,1,1,0,0,cafe,online_class,2,2_4h,afternoon,weekend,12.4,cloudy,indoor,often,3,5,2,3,2,3,3,2,4,3,9,20,8,9,15,16,6,9,2.0,7.7,6,1,56.9
I1123,U113,convenience_oriented,P011,library_11,synthetic,test,3,4,4,3,5,5,4,3,3,3,computer_lab,meeting,mixed,2_4h,afternoon,0,1,0,1,1,1,0,1,1,0,0,library,light_reading,solo,1_2h,afternoon,weekday,9.0,rainy,indoor,sometimes,5,4,4,4,2,4,4,5,4,3,15,16,16,12,20,16,6,12,1.4,5.6,15,1,63.1
I1124,U113,convenience_oriented,P103,dorm_lounge_07,synthetic,test,3,4,4,3,5,5,4,3,3,3,computer_lab,meeting,mixed,2_4h,afternoon,0,1,0,1,1,1,0,1,1,0,0,dorm_lounge,meeting,5_plus,1_2h,afternoon,weekend,21.9,cloudy,indoor,sometimes,3,4,3,3,4,4,5,4,3,3,9,16,12,9,25,12,12,12,0.6,13.7,12,1,59.1
I1125,U113,convenience_oriented,P044,cafe_08,synthetic,test,3,4,4,3,5,5,4,3,3,3,computer_lab,meeting,mixed,2_4h,afternoon,0,1,0,1,1,1,0,1,1,0,0,cafe,online_class,solo,1_2h,afternoon,weekday,14.1,clear,indoor,rarely,3,4,3,4,2,4,3,2,4,2,9,16,12,12,15,16,6,12,2.0,8.8,6,1,55.2
I1126,U113,convenience_oriented,P075,computer_lab_01,synthetic,test,3,4,4,3,5,5,4,3,3,3,computer_lab,meeting,mixed,2_4h,afternoon,0,1,0,1,1,1,0,1,1,0,0,computer_lab,deep_study,solo,2_4h,afternoon,weekday,14.2,clear,indoor,sometimes,3,3,3,4,3,4,5,5,3,3,9,12,12,12,25,12,9,12,3.0,8.9,15,1,69.2
I1127,U113,convenience_oriented,P092,coworking_space_08,synthetic,test,3,4,4,3,5,5,4,3,3,3,computer_lab,meeting,mixed,2_4h,afternoon,0,1,0,1,1,1,0,1,1,0,0,coworking_space,coding,solo,1_2h,afternoon,weekday,3.9,clear,indoor,sometimes,2,4,3,4,3,4,4,4,4,3,6,16,12,12,20,16,9,12,2.7,2.4,12,1,62.1
I1128,U113,convenience_oriented,P077,computer_lab_03,synthetic,test,3,4,4,3,5,5,4,3,3,3,computer_lab,meeting,mixed,2_4h,afternoon,0,1,0,1,1,1,0,1,1,0,0,computer_lab,coding,solo,2_4h,evening,weekday,16.2,cloudy,indoor,often,4,3,3,3,2,3,4,5,4,4,12,12,12,9,20,16,6,9,2.7,10.1,15,0.5,51.1
I1129,U113,convenience_oriented,P001,library_01,synthetic,test,3,4,4,3,5,5,4,3,3,3,computer_lab,meeting,mixed,2_4h,afternoon,0,1,0,1,1,1,0,1,1,0,0,library,online_class,solo,1_2h,afternoon,weekday,7.9,cold,indoor,sometimes,5,4,4,5,2,3,4,3,4,4,15,16,16,15,20,16,6,9,2.0,4.9,9,1,66.5
I1130,U113,convenience_oriented,P042,cafe_06,synthetic,test,3,4,4,3,5,5,4,3,3,3,computer_lab,meeting,mixed,2_4h,afternoon,0,1,0,1,1,1,0,1,1,0,0,cafe,coding,solo,2_4h,afternoon,weekday,12.2,cloudy,indoor,often,3,4,2,3,2,4,3,4,4,3,9,16,8,9,15,16,6,12,2.7,7.6,12,1,52.3
I1131,U114,social_collaborative,P085,coworking_space_01,synthetic,test,2,4,2,3,4,4,4,4,4,3,outdoor,meeting,mostly_group,2_4h,late_night,0,0,0,1,1,1,0,1,1,1,0,coworking_space,deep_study,solo,2_4h,afternoon,weekday,4.5,clear,indoor,rarely,3,5,2,3,4,3,4,3,4,3,6,20,4,9,16,16,16,12,3.0,2.2,9,0,59.4
I1132,U114,social_collaborative,P064,classroom_02,synthetic,test,2,4,2,3,4,4,4,4,4,3,outdoor,meeting,mostly_group,2_4h,late_night,0,0,0,1,1,1,0,1,1,1,0,classroom,online_class,3_4,under_1h,evening,weekday,9.6,rainy,indoor,first_time,4,4,3,3,3,3,3,4,3,3,8,16,6,9,12,12,12,12,2.0,4.8,12,0.5,53.0
I1133,U114,social_collaborative,P096,coworking_space_12,synthetic,test,2,4,2,3,4,4,4,4,4,3,outdoor,meeting,mostly_group,2_4h,late_night,0,0,0,1,1,1,0,1,1,1,0,coworking_space,meeting,3_4,1_2h,morning,weekend,18.2,clear,indoor,often,3,3,4,3,3,5,5,5,4,3,6,12,8,9,20,16,12,20,0.6,9.1,15,0,49.5
I1134,U114,social_collaborative,P068,classroom_06,synthetic,test,2,4,2,3,4,4,4,4,4,3,outdoor,meeting,mostly_group,2_4h,late_night,0,0,0,1,1,1,0,1,1,1,0,classroom,team_project,3_4,2_4h,afternoon,weekday,13.6,cloudy,indoor,often,3,4,3,3,2,3,3,4,2,4,6,16,6,9,12,8,8,12,0.8,6.8,12,0,48.2
I1135,U114,social_collaborative,P111,outdoor_03,synthetic,test,2,4,2,3,4,4,4,4,4,3,outdoor,meeting,mostly_group,2_4h,late_night,0,0,0,1,1,1,0,1,1,1,0,outdoor,team_project,5_plus,1_2h,late_night,weekday,15.7,cloudy,outdoor,sometimes,3,5,3,4,2,2,1,3,2,3,6,20,6,12,4,8,8,8,0.8,7.9,9,1,51.3
I1136,U114,social_collaborative,P022,study_room_04,synthetic,test,2,4,2,3,4,4,4,4,4,3,outdoor,meeting,mostly_group,2_4h,late_night,0,0,0,1,1,1,0,1,1,1,0,study_room,coding,solo,1_2h,morning,weekday,6.3,cold,indoor,often,4,5,3,4,5,3,4,4,4,4,8,20,6,12,16,16,20,12,2.7,3.1,12,0,51.6
I1137,U114,social_collaborative,P003,library_03,synthetic,test,2,4,2,3,4,4,4,4,4,3,outdoor,meeting,mostly_group,2_4h,late_night,0,0,0,1,1,1,0,1,1,1,0,library,coding,solo,2_4h,late_night,weekend,4.8,clear,indoor,often,5,3,4,5,3,3,4,4,4,4,10,12,8,15,16,16,12,12,2.7,2.4,12,1,65.3
I1138,U114,social_collaborative,P023,study_room_05,synthetic,test,2,4,2,3,4,4,4,4,4,3,outdoor,meeting,mostly_group,2_4h,late_night,0,0,0,1,1,1,0,1,1,1,0,study_room,team_project,5_plus,over_4h,late_night,weekday,15.1,clear,indoor,rarely,5,4,3,4,4,4,3,5,4,4,10,16,6,12,12,16,16,16,0.8,7.6,15,1,64.3
I1139,U114,social_collaborative,P089,coworking_space_05,synthetic,test,2,4,2,3,4,4,4,4,4,3,outdoor,meeting,mostly_group,2_4h,late_night,0,0,0,1,1,1,0,1,1,1,0,coworking_space,light_reading,2,1_2h,afternoon,weekend,18.7,cloudy,indoor,often,3,5,4,3,4,4,5,3,4,3,6,20,8,9,20,16,16,16,1.4,9.4,9,0,50.3
I1140,U114,social_collaborative,P044,cafe_08,synthetic,test,2,4,2,3,4,4,4,4,4,3,outdoor,meeting,mostly_group,2_4h,late_night,0,0,0,1,1,1,0,1,1,1,0,cafe,coding,3_4,2_4h,evening,weekday,17.7,cloudy,indoor,rarely,3,4,3,4,2,4,3,4,4,2,6,16,6,12,12,16,8,16,2.7,8.9,12,0.5,46.3
I1141,U115,balanced,P034,study_room_16,synthetic,train,5,4,4,5,4,4,4,4,5,3,study_room,light_reading,mixed,over_4h,morning,1,1,1,1,1,1,1,1,1,1,1,study_room,coding,solo,2_4h,evening,weekday,10.4,clear,indoor,rarely,4,4,4,4,4,3,4,4,5,3,20,16,16,20,16,20,16,15,2.7,5.2,12,0,70.2
I1142,U115,balanced,P013,library_13,synthetic,train,5,4,4,5,4,4,4,4,5,3,study_room,light_reading,mixed,over_4h,morning,1,1,1,1,1,1,1,1,1,1,1,library,team_project,3_4,1_2h,afternoon,weekend,1.0,rainy,indoor,rarely,5,4,4,4,3,3,5,3,4,4,25,16,16,20,20,16,12,15,0.8,0.5,9,0.5,77.3
I1143,U115,balanced,P080,computer_lab_06,synthetic,train,5,4,4,5,4,4,4,4,5,3,study_room,light_reading,mixed,over_4h,morning,1,1,1,1,1,1,1,1,1,1,1,computer_lab,deep_study,3_4,1_2h,evening,weekday,7.5,clear,indoor,rarely,4,4,4,3,3,4,4,4,4,3,20,16,16,15,16,16,12,20,3.0,3.7,12,0,70.6
I1144,U115,balanced,P048,cafe_12,synthetic,train,5,4,4,5,4,4,4,4,5,3,study_room,light_reading,mixed,over_4h,morning,1,1,1,1,1,1,1,1,1,1,1,cafe,coding,solo,1_2h,evening,weekday,11.5,cloudy,indoor,sometimes,2,5,2,3,1,4,3,3,3,3,10,20,8,15,12,12,4,20,2.7,5.7,9,0,64.2
I1145,U115,balanced,P092,coworking_space_08,synthetic,train,5,4,4,5,4,4,4,4,5,3,study_room,light_reading,mixed,over_4h,morning,1,1,1,1,1,1,1,1,1,1,1,coworking_space,deep_study,solo,1_2h,afternoon,weekend,3.4,clear,indoor,sometimes,2,4,3,4,3,4,4,3,4,3,10,16,12,20,16,16,12,20,3.0,1.7,9,0.5,70.2
I1146,U115,balanced,P065,classroom_03,synthetic,train,5,4,4,5,4,4,4,4,5,3,study_room,light_reading,mixed,over_4h,morning,1,1,1,1,1,1,1,1,1,1,1,classroom,team_project,3_4,over_4h,evening,weekend,9.0,cloudy,indoor,sometimes,4,4,3,3,3,3,4,4,3,3,20,16,12,15,16,12,12,15,0.8,4.5,12,0,78.1
I1147,U115,balanced,P066,classroom_04,synthetic,train,5,4,4,5,4,4,4,4,5,3,study_room,light_reading,mixed,over_4h,morning,1,1,1,1,1,1,1,1,1,1,1,classroom,deep_study,3_4,2_4h,evening,weekend,11.6,clear,indoor,first_time,3,4,4,3,3,3,4,4,3,4,15,16,16,15,16,12,12,15,3.0,5.8,12,0,58.7
I1148,U115,balanced,P024,study_room_06,synthetic,train,5,4,4,5,4,4,4,4,5,3,study_room,light_reading,mixed,over_4h,morning,1,1,1,1,1,1,1,1,1,1,1,study_room,deep_study,solo,over_4h,early_morning,weekday,3.5,clear,indoor,rarely,4,4,3,4,3,4,4,5,4,3,20,16,12,20,16,16,12,20,3.0,1.8,15,0.5,78.7
I1149,U115,balanced,P032,study_room_14,synthetic,train,5,4,4,5,4,4,4,4,5,3,study_room,light_reading,mixed,over_4h,morning,1,1,1,1,1,1,1,1,1,1,1,study_room,coding,2,2_4h,afternoon,weekend,15.9,rainy,indoor,rarely,4,4,4,4,4,3,4,5,4,4,20,16,16,20,16,16,16,15,2.7,7.9,15,0.5,74.1
I1150,U115,balanced,P019,study_room_01,synthetic,train,5,4,4,5,4,4,4,4,5,3,study_room,light_reading,mixed,over_4h,morning,1,1,1,1,1,1,1,1,1,1,1,study_room,light_reading,2,1_2h,afternoon,weekday,16.0,clear,indoor,rarely,4,3,4,4,3,4,4,4,4,4,20,12,16,20,16,16,12,20,1.4,8.0,12,0.5,70.3
I1151,U116,social_collaborative,P095,coworking_space_11,synthetic,valid,3,3,3,3,3,2,3,3,5,4,library,meeting,mostly_group,1_2h,afternoon,0,0,0,0,0,0,0,0,0,1,0,coworking_space,team_project,3_4,2_4h,evening,weekend,7.3,rainy,indoor,rarely,4,4,3,3,4,4,5,4,4,4,12,12,9,9,15,12,12,20,1.0,1.8,12,0.5,72.5
I1152,U116,social_collaborative,P053,cafe_17,synthetic,valid,3,3,3,3,3,2,3,3,5,4,library,meeting,mostly_group,1_2h,afternoon,0,0,0,0,0,0,0,0,0,1,0,cafe,coding,solo,2_4h,afternoon,weekend,16.1,cloudy,indoor,sometimes,3,4,2,2,2,3,3,4,3,3,9,12,6,6,9,9,6,15,3.6,4.0,16,1,69.5
I1153,U116,social_collaborative,P007,library_07,synthetic,valid,3,3,3,3,3,2,3,3,5,4,library,meeting,mostly_group,1_2h,afternoon,0,0,0,0,0,0,0,0,0,1,0,library,meeting,2,under_1h,evening,weekday,15.7,clear,indoor,rarely,5,4,3,4,3,3,4,2,4,4,15,12,9,12,12,12,9,15,0.8,3.9,6,0.5,56.8
I1154,U116,social_collaborative,P011,library_11,synthetic,valid,3,3,3,3,3,2,3,3,5,4,library,meeting,mostly_group,1_2h,afternoon,0,0,0,0,0,0,0,0,0,1,0,library,meeting,3_4,2_4h,evening,weekday,6.9,clear,indoor,rarely,5,4,4,4,2,4,4,3,4,3,15,12,12,12,12,12,6,20,0.8,1.7,9,0.5,61.7
I1155,U116,social_collaborative,P042,cafe_06,synthetic,valid,3,3,3,3,3,2,3,3,5,4,library,meeting,mostly_group,1_2h,afternoon,0,0,0,0,0,0,0,0,0,1,0,cafe,light_reading,solo,1_2h,morning,weekday,9.4,cold,indoor,sometimes,3,4,2,3,2,4,3,4,4,3,9,12,6,9,9,12,6,20,1.8,2.4,12,0.5,53.9
I1156,U116,social_collaborative,P087,coworking_space_03,synthetic,valid,3,3,3,3,3,2,3,3,5,4,library,meeting,mostly_group,1_2h,afternoon,0,0,0,0,0,0,0,0,0,1,0,coworking_space,team_project,3_4,1_2h,afternoon,weekday,23.0,clear,indoor,often,4,4,3,2,5,4,4,4,4,4,12,12,9,6,12,12,15,20,1.0,5.7,12,1,56.6
I1157,U116,social_collaborative,P025,study_room_07,synthetic,valid,3,3,3,3,3,2,3,3,5,4,library,meeting,mostly_group,1_2h,afternoon,0,0,0,0,0,0,0,0,0,1,0,study_room,light_reading,solo,2_4h,evening,weekend,4.6,clear,indoor,first_time,4,4,3,4,4,4,4,4,4,3,12,12,9,12,12,12,12,20,1.8,1.1,12,0.5,61.2
I1158,U116,social_collaborative,P116,outdoor_08,synthetic,valid,3,3,3,3,3,2,3,3,5,4,library,meeting,mostly_group,1_2h,afternoon,0,0,0,0,0,0,0,0,0,1,0,outdoor,meeting,2,2_4h,morning,weekday,8.6,rainy,outdoor,sometimes,3,5,3,3,2,2,1,3,3,3,9,15,9,9,3,9,6,10,0.8,2.2,9,0.5,46.9
I1159,U116,social_collaborative,P041,cafe_05,synthetic,valid,3,3,3,3,3,2,3,3,5,4,library,meeting,mostly_group,1_2h,afternoon,0,0,0,0,0,0,0,0,0,1,0,cafe,online_class,solo,under_1h,morning,weekday,7.0,clear,indoor,rarely,2,4,2,3,2,4,4,3,4,3,6,12,6,9,12,12,6,20,2.6,1.8,9,0.5,48.8
I1160,U116,social_collaborative,P060,home_06,synthetic,valid,3,3,3,3,3,2,3,3,5,4,library,meeting,mostly_group,1_2h,afternoon,0,0,0,0,0,0,0,0,0,1,0,home,coding,2,over_4h,evening,weekday,13.2,cold,indoor,rarely,4,3,5,5,4,5,5,4,4,5,12,9,15,15,15,12,12,25,3.6,3.3,16,0.5,72.7
I1161,U117,quiet_deepwork,P007,library_07,synthetic,valid,5,4,5,4,4,3,5,4,5,4,library,deep_study,mostly_solo,2_4h,late_night,1,1,1,1,1,0,1,1,0,1,1,library,coding,3_4,2_4h,morning,weekday,8.9,clear,indoor,sometimes,5,4,3,4,3,3,4,4,4,4,25,16,15,16,16,20,12,15,3.6,3.4,16,0,77.8
I1162,U117,quiet_deepwork,P094,coworking_space_10,synthetic,valid,5,4,5,4,4,3,5,4,5,4,library,deep_study,mostly_solo,2_4h,late_night,1,1,1,1,1,0,1,1,0,1,1,coworking_space,report_writing,solo,1_2h,afternoon,weekday,4.4,clear,indoor,often,3,5,3,4,3,4,3,4,4,4,15,20,15,16,12,20,12,20,3.4,1.7,16,0,84.4
I1163,U117,quiet_deepwork,P024,study_room_06,synthetic,valid,5,4,5,4,4,3,5,4,5,4,library,deep_study,mostly_solo,2_4h,late_night,1,1,1,1,1,0,1,1,0,1,1,study_room,online_class,solo,1_2h,afternoon,weekend,7.2,cold,indoor,first_time,4,4,3,4,3,4,4,4,4,3,20,16,15,16,16,20,12,20,2.6,2.7,12,0,82.6
I1164,U117,quiet_deepwork,P031,study_room_13,synthetic,valid,5,4,5,4,4,3,5,4,5,4,library,deep_study,mostly_solo,2_4h,late_night,1,1,1,1,1,0,1,1,0,1,1,study_room,report_writing,solo,over_4h,late_night,weekday,7.3,clear,indoor,sometimes,5,4,4,4,4,4,4,4,5,4,25,16,20,16,16,25,16,20,3.4,2.7,16,1,86.0
I1165,U117,quiet_deepwork,P023,study_room_05,synthetic,valid,5,4,5,4,4,3,5,4,5,4,library,deep_study,mostly_solo,2_4h,late_night,1,1,1,1,1,0,1,1,0,1,1,study_room,online_class,solo,under_1h,afternoon,weekday,21.3,rainy,indoor,sometimes,5,4,3,4,4,4,3,5,4,4,25,16,15,16,12,20,16,20,2.6,8.0,15,0,75.9
I1166,U117,quiet_deepwork,P058,home_04,synthetic,valid,5,4,5,4,4,3,5,4,5,4,library,deep_study,mostly_solo,2_4h,late_night,1,1,1,1,1,0,1,1,0,1,1,home,report_writing,solo,1_2h,late_night,weekday,17.7,rainy,indoor,first_time,4,3,4,3,4,5,4,4,4,4,20,12,20,12,16,20,16,25,3.4,6.6,16,1,69.5
I1167,U117,quiet_deepwork,P017,library_17,synthetic,valid,5,4,5,4,4,3,5,4,5,4,library,deep_study,mostly_solo,2_4h,late_night,1,1,1,1,1,0,1,1,0,1,1,library,light_reading,solo,2_4h,afternoon,weekend,10.7,cloudy,indoor,sometimes,5,4,4,5,3,3,4,4,5,4,25,16,20,20,16,25,12,15,1.8,4.0,12,0,82.5
I1168,U117,quiet_deepwork,P077,computer_lab_03,synthetic,valid,5,4,5,4,4,3,5,4,5,4,library,deep_study,mostly_solo,2_4h,late_night,1,1,1,1,1,0,1,1,0,1,1,computer_lab,deep_study,solo,2_4h,evening,weekday,8.2,cold,indoor,first_time,4,3,3,3,2,3,4,4,4,4,20,12,15,12,16,20,8,15,4.0,3.1,16,0.5,76.9
I1169,U117,quiet_deepwork,P004,library_04,synthetic,valid,5,4,5,4,4,3,5,4,5,4,library,deep_study,mostly_solo,2_4h,late_night,1,1,1,1,1,0,1,1,0,1,1,library,deep_study,2,2_4h,afternoon,weekday,3.4,clear,indoor,often,5,3,3,4,2,4,4,4,3,4,25,12,15,16,16,15,8,20,4.0,1.3,16,0,76.3
I1170,U117,quiet_deepwork,P033,study_room_15,synthetic,valid,5,4,5,4,4,3,5,4,5,4,library,deep_study,mostly_solo,2_4h,late_night,1,1,1,1,1,0,1,1,0,1,1,study_room,light_reading,3_4,under_1h,morning,weekday,1.0,rainy,indoor,often,5,3,4,3,4,4,4,4,5,4,25,12,20,12,16,25,16,20,1.8,0.4,12,0,77.3
I1171,U118,comfort_oriented,P027,study_room_09,synthetic,test,4,3,4,4,5,4,5,5,5,4,classroom,deep_study,mostly_solo,over_4h,evening,1,1,1,1,1,1,1,1,1,1,1,study_room,online_class,2,2_4h,evening,weekday,2.3,clear,indoor,sometimes,5,3,3,4,4,3,3,5,3,3,20,9,12,16,15,15,20,15,2.6,1.1,15,1,64.7
I1172,U118,comfort_oriented,P017,library_17,synthetic,test,4,3,4,4,5,4,5,5,5,4,classroom,deep_study,mostly_solo,over_4h,evening,1,1,1,1,1,1,1,1,1,1,1,library,report_writing,2,2_4h,evening,weekday,11.1,cloudy,indoor,sometimes,5,4,4,5,3,3,4,5,5,4,20,12,16,20,20,25,15,15,3.4,5.6,20,1,71.2
I1173,U118,comfort_oriented,P019,study_room_01,synthetic,test,4,3,4,4,5,4,5,5,5,4,classroom,deep_study,mostly_solo,over_4h,evening,1,1,1,1,1,1,1,1,1,1,1,study_room,online_class,solo,under_1h,early_morning,weekend,11.9,cloudy,indoor,rarely,4,3,4,4,3,4,4,4,4,4,16,9,16,16,20,20,15,20,2.6,6.0,12,0,72.0
I1174,U118,comfort_oriented,P078,computer_lab_04,synthetic,test,4,3,4,4,5,4,5,5,5,4,classroom,deep_study,mostly_solo,over_4h,evening,1,1,1,1,1,1,1,1,1,1,1,computer_lab,deep_study,solo,1_2h,evening,weekday,7.9,clear,indoor,often,4,4,4,4,3,3,5,4,4,3,16,12,16,16,25,20,15,15,4.0,4.0,16,1,79.9
I1175,U118,comfort_oriented,P093,coworking_space_09,synthetic,test,4,3,4,4,5,4,5,5,5,4,classroom,deep_study,mostly_solo,over_4h,evening,1,1,1,1,1,1,1,1,1,1,1,coworking_space,report_writing,solo,1_2h,morning,weekday,11.1,clear,indoor,sometimes,3,4,2,3,4,4,4,3,4,3,12,12,8,12,20,20,20,20,3.4,5.6,12,0,70.4
I1176,U118,comfort_oriented,P043,cafe_07,synthetic,test,4,3,4,4,5,4,5,5,5,4,classroom,deep_study,mostly_solo,over_4h,evening,1,1,1,1,1,1,1,1,1,1,1,cafe,coding,2,2_4h,evening,weekday,7.2,clear,indoor,sometimes,2,5,3,3,2,4,3,3,3,3,8,15,12,12,15,15,10,20,3.6,3.6,12,1,69.4
I1177,U118,comfort_oriented,P023,study_room_05,synthetic,test,4,3,4,4,5,4,5,5,5,4,classroom,deep_study,mostly_solo,over_4h,evening,1,1,1,1,1,1,1,1,1,1,1,study_room,coding,solo,2_4h,evening,weekday,19.6,clear,indoor,sometimes,5,4,3,4,4,4,3,4,4,4,20,12,12,16,15,20,20,20,3.6,9.8,16,1,78.1
I1178,U118,comfort_oriented,P017,library_17,synthetic,test,4,3,4,4,5,4,5,5,5,4,classroom,deep_study,mostly_solo,over_4h,evening,1,1,1,1,1,1,1,1,1,1,1,library,online_class,2,under_1h,evening,weekday,12.9,clear,indoor,often,5,4,4,5,3,3,4,3,5,4,20,12,16,20,20,25,15,15,2.6,6.4,9,1,76.7
I1179,U118,comfort_oriented,P050,cafe_14,synthetic,test,4,3,4,4,5,4,5,5,5,4,classroom,deep_study,mostly_solo,over_4h,evening,1,1,1,1,1,1,1,1,1,1,1,cafe,deep_study,solo,1_2h,morning,weekday,14.4,clear,indoor,sometimes,3,5,2,3,2,4,3,3,4,3,12,15,8,12,15,20,10,20,4.0,7.2,12,0,61.2
I1180,U118,comfort_oriented,P107,dorm_lounge_11,synthetic,test,4,3,4,4,5,4,5,5,5,4,classroom,deep_study,mostly_solo,over_4h,evening,1,1,1,1,1,1,1,1,1,1,1,dorm_lounge,team_project,3_4,1_2h,afternoon,weekday,34.2,clear,indoor,first_time,3,4,3,3,3,4,3,4,3,3,12,12,12,12,15,15,15,20,1.0,17.1,12,0.5,50.6
I1181,U119,quiet_deepwork,P036,study_room_18,synthetic,valid,5,4,5,4,4,4,4,4,4,5,computer_lab,light_reading,mostly_solo,over_4h,afternoon,1,1,1,1,1,1,1,1,1,1,1,study_room,coding,solo,under_1h,afternoon,weekend,15.1,cloudy,indoor,often,5,4,4,4,4,4,5,4,4,4,25,16,20,16,20,16,16,16,4.5,7.5,20,1,73.5
I1182,U119,quiet_deepwork,P049,cafe_13,synthetic,valid,5,4,5,4,4,4,4,4,4,5,computer_lab,light_reading,mostly_solo,over_4h,afternoon,1,1,1,1,1,1,1,1,1,1,1,cafe,deep_study,solo,1_2h,morning,weekend,7.1,rainy,indoor,sometimes,3,4,2,3,3,3,2,3,4,2,15,16,10,12,8,16,12,12,5.0,3.6,15,0.5,58.6
I1183,U119,quiet_deepwork,P068,classroom_06,synthetic,valid,5,4,5,4,4,4,4,4,4,5,computer_lab,light_reading,mostly_solo,over_4h,afternoon,1,1,1,1,1,1,1,1,1,1,1,classroom,coding,solo,2_4h,morning,weekend,10.9,clear,indoor,sometimes,3,4,3,3,2,3,3,3,2,4,15,16,15,12,12,8,8,12,4.5,5.5,15,0.5,67.0
I1184,U119,quiet_deepwork,P025,study_room_07,synthetic,valid,5,4,5,4,4,4,4,4,4,5,computer_lab,light_reading,mostly_solo,over_4h,afternoon,1,1,1,1,1,1,1,1,1,1,1,study_room,online_class,solo,2_4h,evening,weekday,1.0,clear,indoor,sometimes,4,4,3,4,4,4,4,4,4,3,20,16,15,16,16,16,16,16,3.3,0.5,12,0.5,77.5
I1185,U119,quiet_deepwork,P065,classroom_03,synthetic,valid,5,4,5,4,4,4,4,4,4,5,computer_lab,light_reading,mostly_solo,over_4h,afternoon,1,1,1,1,1,1,1,1,1,1,1,classroom,deep_study,2,2_4h,late_night,weekday,10.5,clear,indoor,sometimes,4,4,3,3,3,3,4,3,3,3,20,16,15,12,16,12,12,12,5.0,5.2,15,0,67.9
I1186,U119,quiet_deepwork,P050,cafe_14,synthetic,valid,5,4,5,4,4,4,4,4,4,5,computer_lab,light_reading,mostly_solo,over_4h,afternoon,1,1,1,1,1,1,1,1,1,1,1,cafe,coding,solo,under_1h,afternoon,weekend,9.5,rainy,indoor,often,3,5,2,3,2,4,3,4,4,3,15,20,10,12,12,16,8,16,4.5,4.8,20,1,64.2
I1187,U119,quiet_deepwork,P067,classroom_05,synthetic,valid,5,4,5,4,4,4,4,4,4,5,computer_lab,light_reading,mostly_solo,over_4h,afternoon,1,1,1,1,1,1,1,1,1,1,1,classroom,online_class,2,over_4h,afternoon,weekend,8.7,clear,indoor,sometimes,3,4,3,3,3,2,3,4,3,3,15,16,15,12,12,12,12,8,3.3,4.4,12,1,64.9
I1188,U119,quiet_deepwork,P059,home_05,synthetic,valid,5,4,5,4,4,4,4,4,4,5,computer_lab,light_reading,mostly_solo,over_4h,afternoon,1,1,1,1,1,1,1,1,1,1,1,home,coding,3_4,1_2h,afternoon,weekday,13.3,clear,indoor,rarely,4,5,5,4,5,4,4,5,5,5,20,20,25,16,16,20,20,16,4.5,6.6,25,1,92.1
I1189,U119,quiet_deepwork,P030,study_room_12,synthetic,valid,5,4,5,4,4,4,4,4,4,5,computer_lab,light_reading,mostly_solo,over_4h,afternoon,1,1,1,1,1,1,1,1,1,1,1,study_room,coding,solo,1_2h,afternoon,weekday,12.0,clear,indoor,first_time,5,4,3,4,3,3,4,5,4,4,25,16,15,16,16,16,12,12,4.5,6.0,25,1,76.8
I1190,U119,quiet_deepwork,P004,library_04,synthetic,valid,5,4,5,4,4,4,4,4,4,5,computer_lab,light_reading,mostly_solo,over_4h,afternoon,1,1,1,1,1,1,1,1,1,1,1,library,report_writing,solo,2_4h,morning,weekday,4.1,cloudy,indoor,sometimes,5,3,3,4,2,4,4,5,3,4,25,12,15,16,16,12,8,16,4.3,2.0,25,0.5,82.3
I1191,U120,balanced,P105,dorm_lounge_09,synthetic,train,4,4,3,3,4,4,3,3,5,5,study_room,meeting,mostly_solo,1_2h,evening,1,0,0,0,1,1,1,1,1,1,0,dorm_lounge,report_writing,solo,2_4h,afternoon,weekday,14.1,rainy,indoor,often,3,3,3,2,3,3,4,4,4,3,12,12,9,6,16,12,9,15,4.3,7.1,20,0.5,60.5
I1192,U120,balanced,P018,library_18,synthetic,train,4,4,3,3,4,4,3,3,5,5,study_room,meeting,mostly_solo,1_2h,evening,1,0,0,0,1,1,1,1,1,1,0,library,coding,2,2_4h,morning,weekday,10.4,clear,indoor,sometimes,5,4,3,4,3,3,4,4,4,3,20,16,9,12,16,12,9,15,4.5,5.2,20,0,53.7
I1193,U120,balanced,P005,library_05,synthetic,train,4,4,3,3,4,4,3,3,5,5,study_room,meeting,mostly_solo,1_2h,evening,1,0,0,0,1,1,1,1,1,1,0,library,light_reading,solo,2_4h,afternoon,weekend,5.2,cloudy,indoor,first_time,5,4,4,5,3,4,4,5,4,4,20,16,12,15,16,12,9,20,2.3,2.6,15,0.5,67.6
I1194,U120,balanced,P049,cafe_13,synthetic,train,4,4,3,3,4,4,3,3,5,5,study_room,meeting,mostly_solo,1_2h,evening,1,0,0,0,1,1,1,1,1,1,0,cafe,team_project,3_4,1_2h,evening,weekday,12.6,clear,indoor,sometimes,3,4,2,3,3,3,2,5,4,2,12,16,6,9,8,12,9,15,1.3,6.3,15,1,65.6
I1195,U120,balanced,P003,library_03,synthetic,train,4,4,3,3,4,4,3,3,5,5,study_room,meeting,mostly_solo,1_2h,evening,1,0,0,0,1,1,1,1,1,1,0,library,online_class,solo,1_2h,evening,weekday,4.1,clear,indoor,often,5,3,4,5,3,3,4,4,4,4,20,12,12,15,16,12,9,15,3.3,2.1,12,1,73.2
I1196,U120,balanced,P025,study_room_07,synthetic,train,4,4,3,3,4,4,3,3,5,5,study_room,meeting,mostly_solo,1_2h,evening,1,0,0,0,1,1,1,1,1,1,0,study_room,online_class,solo,2_4h,evening,weekday,4.5,clear,indoor,sometimes,4,4,3,4,4,4,4,4,4,3,16,16,9,12,16,12,12,20,3.3,2.3,12,1,70.3
I1197,U120,balanced,P067,classroom_05,synthetic,train,4,4,3,3,4,4,3,3,5,5,study_room,meeting,mostly_solo,1_2h,evening,1,0,0,0,1,1,1,1,1,1,0,classroom,online_class,solo,over_4h,evening,weekday,7.6,cloudy,indoor,often,3,4,3,3,3,2,3,4,3,3,12,16,9,9,12,9,9,10,3.3,3.8,12,1,48.1
I1198,U120,balanced,P011,library_11,synthetic,train,4,4,3,3,4,4,3,3,5,5,study_room,meeting,mostly_solo,1_2h,evening,1,0,0,0,1,1,1,1,1,1,0,library,light_reading,solo,under_1h,afternoon,weekend,16.0,cloudy,indoor,often,5,4,4,4,2,4,4,4,4,3,20,16,12,12,16,12,6,20,2.3,8.0,12,0.5,62.1
I1199,U120,balanced,P097,dorm_lounge_01,synthetic,train,4,4,3,3,4,4,3,3,5,5,study_room,meeting,mostly_solo,1_2h,evening,1,0,0,0,1,1,1,1,1,1,0,dorm_lounge,coding,solo,1_2h,afternoon,weekday,8.6,rainy,indoor,sometimes,3,3,3,2,3,4,5,4,4,2,12,12,9,6,20,12,9,20,4.5,4.3,20,0.5,71.3
I1200,U120,balanced,P098,dorm_lounge_02,synthetic,train,4,4,3,3,4,4,3,3,5,5,study_room,meeting,mostly_solo,1_2h,evening,1,0,0,0,1,1,1,1,1,1,0,dorm_lounge,online_class,solo,1_2h,morning,weekday,25.2,rainy,indoor,often,3,4,3,2,3,4,4,3,4,3,12,16,9,6,16,12,9,20,3.3,12.6,9,0,50.7
I1201,U121,quiet_deepwork,P018,library_18,synthetic,train,4,3,5,4,4,4,4,4,4,5,study_room,report_writing,mostly_solo,over_4h,evening,1,1,1,1,1,1,1,1,1,1,1,library,deep_study,solo,2_4h,late_night,weekend,11.2,rainy,indoor,first_time,5,4,3,4,3,3,4,5,4,3,20,12,15,16,16,16,12,12,5.0,5.6,25,0.5,69.1
I1202,U121,quiet_deepwork,P047,cafe_11,synthetic,train,4,3,5,4,4,4,4,4,4,5,study_room,report_writing,mostly_solo,over_4h,evening,1,1,1,1,1,1,1,1,1,1,1,cafe,report_writing,solo,1_2h,afternoon,weekday,11.7,clear,indoor,first_time,3,4,3,3,2,4,3,4,4,3,12,12,15,12,12,16,8,16,4.3,5.8,20,0.5,52.5
I1203,U121,quiet_deepwork,P070,classroom_08,synthetic,train,4,3,5,4,4,4,4,4,4,5,study_room,report_writing,mostly_solo,over_4h,evening,1,1,1,1,1,1,1,1,1,1,1,classroom,light_reading,solo,under_1h,early_morning,weekday,5.5,cloudy,indoor,first_time,3,4,3,2,3,2,3,3,2,3,12,12,15,8,12,8,12,8,2.3,2.8,9,0,57.2
I1204,U121,quiet_deepwork,P014,library_14,synthetic,train,4,3,5,4,4,4,4,4,4,5,study_room,report_writing,mostly_solo,over_4h,evening,1,1,1,1,1,1,1,1,1,1,1,library,coding,solo,2_4h,evening,weekend,9.0,clear,indoor,rarely,5,4,5,4,3,4,4,4,4,4,20,12,25,16,16,16,12,16,4.5,4.5,20,1,67.2
I1205,U121,quiet_deepwork,P080,computer_lab_06,synthetic,train,4,3,5,4,4,4,4,4,4,5,study_room,report_writing,mostly_solo,over_4h,evening,1,1,1,1,1,1,1,1,1,1,1,computer_lab,coding,solo,2_4h,afternoon,weekday,12.3,clear,indoor,rarely,4,4,4,3,3,4,4,5,4,3,16,12,20,12,16,16,12,16,4.5,6.2,25,0.5,65.2
I1206,U121,quiet_deepwork,P012,library_12,synthetic,train,4,3,5,4,4,4,4,4,4,5,study_room,report_writing,mostly_solo,over_4h,evening,1,1,1,1,1,1,1,1,1,1,1,library,deep_study,solo,over_4h,late_night,weekend,2.0,cloudy,indoor,sometimes,5,4,4,4,3,3,3,5,5,4,20,12,20,16,12,20,12,12,5.0,1.0,25,0.5,78.3
I1207,U121,quiet_deepwork,P052,cafe_16,synthetic,train,4,3,5,4,4,4,4,4,4,5,study_room,report_writing,mostly_solo,over_4h,evening,1,1,1,1,1,1,1,1,1,1,1,cafe,deep_study,2,2_4h,afternoon,weekday,14.0,cloudy,indoor,sometimes,3,5,3,2,2,3,3,3,4,3,12,15,15,8,12,16,8,12,5.0,7.0,15,0.5,51.3
I1208,U121,quiet_deepwork,P014,library_14,synthetic,train,4,3,5,4,4,4,4,4,4,5,study_room,report_writing,mostly_solo,over_4h,evening,1,1,1,1,1,1,1,1,1,1,1,library,deep_study,2,1_2h,morning,weekday,11.8,cloudy,indoor,first_time,5,4,5,4,3,4,4,5,4,4,20,12,25,16,16,16,12,16,5.0,5.9,25,0,72.5
I1209,U121,quiet_deepwork,P012,library_12,synthetic,train,4,3,5,4,4,4,4,4,4,5,study_room,report_writing,mostly_solo,over_4h,evening,1,1,1,1,1,1,1,1,1,1,1,library,deep_study,solo,over_4h,afternoon,weekday,1.0,clear,indoor,sometimes,5,4,4,4,3,3,3,4,5,4,20,12,20,16,12,20,12,12,5.0,0.5,20,0.5,85.0
I1210,U121,quiet_deepwork,P008,library_08,synthetic,train,4,3,5,4,4,4,4,4,4,5,study_room,report_writing,mostly_solo,over_4h,evening,1,1,1,1,1,1,1,1,1,1,1,library,report_writing,solo,2_4h,late_night,weekend,11.4,clear,indoor,sometimes,5,5,4,4,2,3,4,5,4,4,20,15,20,16,16,16,8,12,4.3,5.7,25,0.5,72.3
I1211,U122,social_collaborative,P031,study_room_13,synthetic,train,2,4,3,3,4,3,3,3,5,3,coworking_space,team_project,mostly_group,over_4h,early_morning,0,0,0,0,1,0,0,1,0,1,0,study_room,light_reading,solo,1_2h,early_morning,weekend,8.3,hot,indoor,sometimes,5,4,4,4,4,4,4,4,5,4,10,16,12,12,16,15,12,20,1.4,3.1,12,1,67.7
I1212,U122,social_collaborative,P008,library_08,synthetic,train,2,4,3,3,4,3,3,3,5,3,coworking_space,team_project,mostly_group,over_4h,early_morning,0,0,0,0,1,0,0,1,0,1,0,library,online_class,3_4,2_4h,evening,weekday,8.4,clear,indoor,rarely,5,5,4,4,2,3,4,4,4,4,10,20,12,12,16,12,6,15,2.0,3.2,12,0,62.5
I1213,U122,social_collaborative,P015,library_15,synthetic,train,2,4,3,3,4,3,3,3,5,3,coworking_space,team_project,mostly_group,over_4h,early_morning,0,0,0,0,1,0,0,1,0,1,0,library,team_project,3_4,2_4h,early_morning,weekday,13.9,hot,indoor,sometimes,4,4,4,5,2,4,3,3,4,4,8,16,12,15,12,12,6,20,0.8,5.2,9,1,58.5
I1214,U122,social_collaborative,P117,outdoor_09,synthetic,train,2,4,3,3,4,3,3,3,5,3,coworking_space,team_project,mostly_group,over_4h,early_morning,0,0,0,0,1,0,0,1,0,1,0,outdoor,coding,solo,1_2h,afternoon,weekday,9.0,rainy,outdoor,often,2,5,3,3,2,3,1,2,3,3,4,20,9,9,4,9,6,15,2.7,3.4,6,0,39.0
I1215,U122,social_collaborative,P081,computer_lab_07,synthetic,train,2,4,3,3,4,3,3,3,5,3,coworking_space,team_project,mostly_group,over_4h,early_morning,0,0,0,0,1,0,0,1,0,1,0,computer_lab,coding,solo,2_4h,afternoon,weekday,6.4,cloudy,indoor,sometimes,4,4,2,3,3,3,4,5,4,3,8,16,6,9,16,12,9,15,2.7,2.4,15,0,69.0
I1216,U122,social_collaborative,P023,study_room_05,synthetic,train,2,4,3,3,4,3,3,3,5,3,coworking_space,team_project,mostly_group,over_4h,early_morning,0,0,0,0,1,0,0,1,0,1,0,study_room,team_project,5_plus,over_4h,early_morning,weekday,19.0,rainy,indoor,often,5,4,3,4,4,4,3,4,4,4,10,16,9,12,12,12,12,20,0.8,7.1,12,1,72.2
I1217,U122,social_collaborative,P041,cafe_05,synthetic,train,2,4,3,3,4,3,3,3,5,3,coworking_space,team_project,mostly_group,over_4h,early_morning,0,0,0,0,1,0,0,1,0,1,0,cafe,team_project,3_4,2_4h,afternoon,weekday,4.4,cloudy,indoor,often,2,4,2,3,2,4,4,3,4,3,4,16,6,9,16,12,6,20,0.8,1.7,9,0,58.5
I1218,U122,social_collaborative,P038,cafe_02,synthetic,train,2,4,3,3,4,3,3,3,5,3,coworking_space,team_project,mostly_group,over_4h,early_morning,0,0,0,0,1,0,0,1,0,1,0,cafe,meeting,2,2_4h,early_morning,weekday,17.7,clear,indoor,sometimes,2,4,3,2,2,4,3,4,3,3,4,16,9,6,12,9,6,20,0.6,6.6,12,1,50.1
I1219,U122,social_collaborative,P048,cafe_12,synthetic,train,2,4,3,3,4,3,3,3,5,3,coworking_space,team_project,mostly_group,over_4h,early_morning,0,0,0,0,1,0,0,1,0,1,0,cafe,online_class,solo,2_4h,late_night,weekday,15.2,clear,indoor,rarely,2,5,2,3,1,4,3,2,3,3,4,20,6,9,12,9,3,20,2.0,5.7,6,0,55.8
I1220,U122,social_collaborative,P029,study_room_11,synthetic,train,2,4,3,3,4,3,3,3,5,3,coworking_space,team_project,mostly_group,over_4h,early_morning,0,0,0,0,1,0,0,1,0,1,0,study_room,team_project,3_4,1_2h,afternoon,weekday,12.5,cloudy,indoor,sometimes,4,4,3,4,2,4,4,4,4,3,8,16,9,12,16,12,6,20,0.8,4.7,12,0,70.7
I1221,U123,quiet_deepwork,P042,cafe_06,synthetic,valid,4,5,3,4,5,4,4,3,5,5,library,light_reading,mostly_solo,1_2h,morning,1,0,1,1,1,1,1,1,1,1,1,cafe,report_writing,solo,2_4h,afternoon,weekday,13.0,clear,indoor,sometimes,3,4,2,3,2,4,3,3,4,3,12,20,6,12,15,16,6,20,4.3,6.5,15,0.5,58.5
I1222,U123,quiet_deepwork,P067,classroom_05,synthetic,valid,4,5,3,4,5,4,4,3,5,5,library,light_reading,mostly_solo,1_2h,morning,1,0,1,1,1,1,1,1,1,1,1,classroom,coding,solo,2_4h,late_night,weekday,9.8,cloudy,indoor,rarely,3,4,3,3,3,2,3,4,3,3,12,20,9,12,15,12,9,10,4.5,4.9,20,0,71.0
I1223,U123,quiet_deepwork,P017,library_17,synthetic,valid,4,5,3,4,5,4,4,3,5,5,library,light_reading,mostly_solo,1_2h,morning,1,0,1,1,1,1,1,1,1,1,1,library,deep_study,solo,2_4h,morning,weekday,5.0,clear,indoor,often,5,4,4,5,3,3,4,5,5,4,20,20,12,20,20,20,9,15,5.0,2.5,25,1,82.9
I1224,U123,quiet_deepwork,P080,computer_lab_06,synthetic,valid,4,5,3,4,5,4,4,3,5,5,library,light_reading,mostly_solo,1_2h,morning,1,0,1,1,1,1,1,1,1,1,1,computer_lab,coding,solo,under_1h,evening,weekend,5.8,clear,indoor,often,4,4,4,3,3,4,4,5,4,3,16,20,12,12,20,16,9,20,4.5,2.9,25,0,75.3
I1225,U123,quiet_deepwork,P036,study_room_18,synthetic,valid,4,5,3,4,5,4,4,3,5,5,library,light_reading,mostly_solo,1_2h,morning,1,0,1,1,1,1,1,1,1,1,1,study_room,report_writing,solo,2_4h,evening,weekday,13.2,rainy,indoor,often,5,4,4,4,4,4,5,5,4,4,20,20,12,16,25,16,12,20,4.3,6.6,25,0,79.1
I1226,U123,quiet_deepwork,P039,cafe_03,synthetic,valid,4,5,3,4,5,4,4,3,5,5,library,light_reading,mostly_solo,1_2h,morning,1,0,1,1,1,1,1,1,1,1,1,cafe,online_class,2,1_2h,morning,weekday,11.4,cloudy,indoor,sometimes,3,4,2,3,2,4,3,3,4,4,12,20,6,12,15,16,6,20,3.3,5.7,9,1,60.4
I1227,U123,quiet_deepwork,P072,classroom_10,synthetic,valid,4,5,3,4,5,4,4,3,5,5,library,light_reading,mostly_solo,1_2h,morning,1,0,1,1,1,1,1,1,1,1,1,classroom,deep_study,solo,over_4h,morning,weekend,5.7,hot,indoor,rarely,3,3,4,3,3,3,4,3,3,3,12,15,12,12,20,12,9,15,5.0,2.8,15,1,59.9
I1228,U123,quiet_deepwork,P078,computer_lab_04,synthetic,valid,4,5,3,4,5,4,4,3,5,5,library,light_reading,mostly_solo,1_2h,morning,1,0,1,1,1,1,1,1,1,1,1,computer_lab,light_reading,2,1_2h,morning,weekend,10.5,cloudy,indoor,sometimes,4,4,4,4,3,3,5,3,4,3,16,20,12,16,25,16,9,15,2.3,5.2,9,1,70.1
I1229,U123,quiet_deepwork,P015,library_15,synthetic,valid,4,5,3,4,5,4,4,3,5,5,library,light_reading,mostly_solo,1_2h,morning,1,0,1,1,1,1,1,1,1,1,1,library,deep_study,solo,2_4h,morning,weekend,14.5,clear,indoor,sometimes,4,4,4,5,2,4,3,4,4,4,16,20,12,20,15,16,6,20,5.0,7.3,20,1,55.7
I1230,U123,quiet_deepwork,P032,study_room_14,synthetic,valid,4,5,3,4,5,4,4,3,5,5,library,light_reading,mostly_solo,1_2h,morning,1,0,1,1,1,1,1,1,1,1,1,study_room,light_reading,solo,1_2h,evening,weekday,13.9,cloudy,indoor,sometimes,4,4,4,4,4,3,4,4,4,4,16,20,12,16,20,16,12,15,2.3,7.0,12,0,70.9
I1231,U124,quiet_deepwork,P002,library_02,synthetic,train,5,5,4,3,4,4,4,4,3,4,library,coding,mostly_solo,1_2h,morning,1,1,0,1,1,1,1,1,1,0,0,library,coding,solo,2_4h,evening,weekend,2.4,clear,indoor,often,5,5,4,4,2,3,4,4,4,4,25,25,16,12,16,16,8,9,3.6,1.2,16,0,79.1
I1232,U124,quiet_deepwork,P004,library_04,synthetic,train,5,5,4,3,4,4,4,4,3,4,library,coding,mostly_solo,1_2h,morning,1,1,0,1,1,1,1,1,1,0,0,library,light_reading,solo,under_1h,morning,weekday,1.4,clear,indoor,first_time,5,3,3,4,2,4,4,5,3,4,25,15,12,12,16,12,8,12,1.8,0.7,15,1,60.1
I1233,U124,quiet_deepwork,P042,cafe_06,synthetic,train,5,5,4,3,4,4,4,4,3,4,library,coding,mostly_solo,1_2h,morning,1,1,0,1,1,1,1,1,1,0,0,cafe,online_class,solo,under_1h,afternoon,weekday,12.0,clear,indoor,rarely,3,4,2,3,2,4,3,3,4,3,15,20,8,9,12,16,8,12,2.6,6.0,9,0.5,52.2
I1234,U124,quiet_deepwork,P029,study_room_11,synthetic,train,5,5,4,3,4,4,4,4,3,4,library,coding,mostly_solo,1_2h,morning,1,1,0,1,1,1,1,1,1,0,0,study_room,deep_study,solo,2_4h,morning,weekday,9.4,clear,indoor,rarely,4,4,3,4,2,4,4,5,4,3,20,20,12,12,16,16,8,12,4.0,4.7,20,1,73.8
I1235,U124,quiet_deepwork,P045,cafe_09,synthetic,train,5,5,4,3,4,4,4,4,3,4,library,coding,mostly_solo,1_2h,morning,1,1,0,1,1,1,1,1,1,0,0,cafe,deep_study,solo,over_4h,afternoon,weekday,9.8,cloudy,indoor,sometimes,2,3,2,2,3,3,3,2,3,3,10,15,8,6,12,12,12,9,4.0,4.9,8,0.5,45.0
I1236,U124,quiet_deepwork,P020,study_room_02,synthetic,train,5,5,4,3,4,4,4,4,3,4,library,coding,mostly_solo,1_2h,morning,1,1,0,1,1,1,1,1,1,0,0,study_room,light_reading,solo,1_2h,morning,weekday,4.5,clear,indoor,rarely,4,4,4,5,3,4,4,3,4,4,20,20,16,15,16,16,12,12,1.8,2.2,9,1,69.6
I1237,U124,quiet_deepwork,P078,computer_lab_04,synthetic,train,5,5,4,3,4,4,4,4,3,4,library,coding,mostly_solo,1_2h,morning,1,1,0,1,1,1,1,1,1,0,0,computer_lab,online_class,solo,under_1h,afternoon,weekday,10.3,rainy,indoor,sometimes,4,4,4,4,3,3,5,5,4,3,20,20,16,12,20,16,12,9,2.6,5.1,15,0.5,70.0
I1238,U124,quiet_deepwork,P006,library_06,synthetic,train,5,5,4,3,4,4,4,4,3,4,library,coding,mostly_solo,1_2h,morning,1,1,0,1,1,1,1,1,1,0,0,library,coding,solo,under_1h,evening,weekend,10.8,cloudy,indoor,sometimes,4,4,4,5,2,3,4,4,5,4,20,20,16,15,16,20,8,9,3.6,5.4,16,0,65.7
I1239,U124,quiet_deepwork,P025,study_room_07,synthetic,train,5,5,4,3,4,4,4,4,3,4,library,coding,mostly_solo,1_2h,morning,1,1,0,1,1,1,1,1,1,0,0,study_room,coding,solo,2_4h,evening,weekend,4.6,clear,indoor,often,4,4,3,4,4,4,4,5,4,3,20,20,12,12,16,16,16,12,3.6,2.3,20,0,63.5
I1240,U124,quiet_deepwork,P009,library_09,synthetic,train,5,5,4,3,4,4,4,4,3,4,library,coding,mostly_solo,1_2h,morning,1,1,0,1,1,1,1,1,1,0,0,library,deep_study,solo,under_1h,evening,weekday,10.8,clear,indoor,sometimes,4,4,3,4,2,4,4,5,4,4,20,20,12,12,16,16,8,12,4.0,5.4,20,0,66.8
I1241,U125,comfort_oriented,P038,cafe_02,synthetic,train,4,4,4,4,4,4,5,4,4,4,library,report_writing,mostly_solo,2_4h,morning,1,1,1,1,1,1,1,1,1,1,1,cafe,report_writing,solo,2_4h,morning,weekend,21.5,hot,indoor,often,2,4,3,2,2,4,3,3,3,3,8,16,12,8,12,15,8,16,3.4,10.7,12,1,45.7
I1242,U125,comfort_oriented,P101,dorm_lounge_05,synthetic,train,4,4,4,4,4,4,5,4,4,4,library,report_writing,mostly_solo,2_4h,morning,1,1,1,1,1,1,1,1,1,1,1,dorm_lounge,light_reading,solo,under_1h,late_night,weekend,8.7,hot,indoor,sometimes,3,4,2,2,3,4,4,4,4,3,12,16,8,8,16,20,12,16,1.8,4.4,12,0,53.3
I1243,U125,comfort_oriented,P066,classroom_04,synthetic,train,4,4,4,4,4,4,5,4,4,4,library,report_writing,mostly_solo,2_4h,morning,1,1,1,1,1,1,1,1,1,1,1,classroom,light_reading,solo,2_4h,early_morning,weekend,12.1,cold,indoor,sometimes,3,4,4,3,3,3,4,3,3,4,12,16,16,12,16,15,12,12,1.8,6.1,9,0.5,55.1
I1244,U125,comfort_oriented,P105,dorm_lounge_09,synthetic,train,4,4,4,4,4,4,5,4,4,4,library,report_writing,mostly_solo,2_4h,morning,1,1,1,1,1,1,1,1,1,1,1,dorm_lounge,report_writing,solo,2_4h,morning,weekday,9.2,cloudy,indoor,often,3,3,3,2,3,3,4,4,4,3,12,12,12,8,16,20,12,12,3.4,4.6,16,1,65.8
I1245,U125,comfort_oriented,P013,library_13,synthetic,train,4,4,4,4,4,4,5,4,4,4,library,report_writing,mostly_solo,2_4h,morning,1,1,1,1,1,1,1,1,1,1,1,library,report_writing,solo,2_4h,evening,weekday,7.9,cloudy,indoor,rarely,5,4,4,4,3,3,5,5,4,4,20,16,16,16,20,20,12,12,3.4,4.0,20,0,74.5
I1246,U125,comfort_oriented,P010,library_10,synthetic,train,4,4,4,4,4,4,5,4,4,4,library,report_writing,mostly_solo,2_4h,morning,1,1,1,1,1,1,1,1,1,1,1,library,light_reading,solo,1_2h,early_morning,weekday,8.9,hot,indoor,sometimes,5,5,4,4,3,4,4,4,4,5,20,20,16,16,16,20,12,16,1.8,4.5,12,0.5,81.8
I1247,U125,comfort_oriented,P087,coworking_space_03,synthetic,train,4,4,4,4,4,4,5,4,4,4,library,report_writing,mostly_solo,2_4h,morning,1,1,1,1,1,1,1,1,1,1,1,coworking_space,coding,solo,over_4h,morning,weekend,16.7,hot,indoor,often,4,4,3,2,5,4,4,4,4,4,16,16,12,8,16,20,20,16,3.6,8.3,16,1,67.3
I1248,U125,comfort_oriented,P021,study_room_03,synthetic,train,4,4,4,4,4,4,5,4,4,4,library,report_writing,mostly_solo,2_4h,morning,1,1,1,1,1,1,1,1,1,1,1,study_room,online_class,3_4,under_1h,evening,weekday,17.7,rainy,indoor,rarely,5,4,4,4,3,4,4,4,4,2,20,16,16,16,16,20,12,16,2.6,8.8,12,0,61.4
I1249,U125,comfort_oriented,P049,cafe_13,synthetic,train,4,4,4,4,4,4,5,4,4,4,library,report_writing,mostly_solo,2_4h,morning,1,1,1,1,1,1,1,1,1,1,1,cafe,meeting,3_4,2_4h,afternoon,weekday,18.1,clear,indoor,rarely,3,4,2,3,3,3,2,4,4,2,12,16,8,12,8,20,12,12,0.8,9.0,12,0.5,56.5
I1250,U125,comfort_oriented,P057,home_03,synthetic,train,4,4,4,4,4,4,5,4,4,4,library,report_writing,mostly_solo,2_4h,morning,1,1,1,1,1,1,1,1,1,1,1,home,report_writing,solo,under_1h,afternoon,weekend,4.6,cold,indoor,sometimes,3,4,4,4,5,4,5,4,5,4,12,16,16,16,20,25,20,16,3.4,2.3,16,0.5,71.3
I1251,U126,balanced,P026,study_room_08,synthetic,train,3,4,4,4,4,4,5,4,4,4,study_room,deep_study,mostly_solo,over_4h,afternoon,0,1,1,1,1,1,0,1,1,1,1,study_room,report_writing,solo,over_4h,evening,weekday,15.7,clear,indoor,first_time,4,5,4,4,5,4,4,5,4,3,12,20,16,16,16,20,20,16,3.4,7.8,20,0.5,79.8
I1252,U126,balanced,P087,coworking_space_03,synthetic,train,3,4,4,4,4,4,5,4,4,4,study_room,deep_study,mostly_solo,over_4h,afternoon,0,1,1,1,1,1,0,1,1,1,1,coworking_space,team_project,2,2_4h,morning,weekday,19.7,clear,indoor,sometimes,4,4,3,2,5,4,4,4,4,4,12,16,12,8,16,20,20,16,1.0,9.9,12,0.5,62.1
I1253,U126,balanced,P093,coworking_space_09,synthetic,train,3,4,4,4,4,4,5,4,4,4,study_room,deep_study,mostly_solo,over_4h,afternoon,0,1,1,1,1,1,0,1,1,1,1,coworking_space,coding,solo,2_4h,afternoon,weekday,9.3,cloudy,indoor,often,3,4,2,3,4,4,4,4,4,3,9,16,8,12,16,20,16,16,3.6,4.7,16,1,52.3
I1254,U126,balanced,P005,library_05,synthetic,train,3,4,4,4,4,4,5,4,4,4,study_room,deep_study,mostly_solo,over_4h,afternoon,0,1,1,1,1,1,0,1,1,1,1,library,report_writing,solo,2_4h,morning,weekday,8.4,cold,indoor,often,5,4,4,5,3,4,4,5,4,4,15,16,16,20,16,20,12,16,3.4,4.2,20,0.5,65.6
I1255,U126,balanced,P025,study_room_07,synthetic,train,3,4,4,4,4,4,5,4,4,4,study_room,deep_study,mostly_solo,over_4h,afternoon,0,1,1,1,1,1,0,1,1,1,1,study_room,online_class,2,1_2h,evening,weekday,6.1,clear,indoor,sometimes,4,4,3,4,4,4,4,4,4,3,12,16,12,16,16,20,16,16,2.6,3.0,12,0.5,75.6
I1256,U126,balanced,P002,library_02,synthetic,train,3,4,4,4,4,4,5,4,4,4,study_room,deep_study,mostly_solo,over_4h,afternoon,0,1,1,1,1,1,0,1,1,1,1,library,online_class,3_4,1_2h,morning,weekday,3.5,clear,indoor,often,5,5,4,4,2,3,4,4,4,4,15,20,16,16,16,20,8,12,2.6,1.8,12,0.5,74.9
I1257,U126,balanced,P084,computer_lab_10,synthetic,train,3,4,4,4,4,4,5,4,4,4,study_room,deep_study,mostly_solo,over_4h,afternoon,0,1,1,1,1,1,0,1,1,1,1,computer_lab,coding,solo,over_4h,evening,weekend,14.1,cloudy,indoor,sometimes,4,4,3,4,3,3,4,5,3,2,12,16,12,16,16,15,12,12,3.6,7.1,20,0.5,73.5
I1258,U126,balanced,P006,library_06,synthetic,train,3,4,4,4,4,4,5,4,4,4,study_room,deep_study,mostly_solo,over_4h,afternoon,0,1,1,1,1,1,0,1,1,1,1,library,coding,solo,2_4h,morning,weekday,14.4,clear,indoor,sometimes,4,4,4,5,2,3,4,5,5,4,12,16,16,20,16,25,8,12,3.6,7.2,20,0.5,75.5
I1259,U126,balanced,P010,library_10,synthetic,train,3,4,4,4,4,4,5,4,4,4,study_room,deep_study,mostly_solo,over_4h,afternoon,0,1,1,1,1,1,0,1,1,1,1,library,deep_study,solo,1_2h,morning,weekday,9.0,clear,indoor,first_time,5,5,4,4,3,4,4,5,4,5,15,20,16,16,16,20,12,16,4.0,4.5,20,0.5,68.4
I1260,U126,balanced,P018,library_18,synthetic,train,3,4,4,4,4,4,5,4,4,4,study_room,deep_study,mostly_solo,over_4h,afternoon,0,1,1,1,1,1,0,1,1,1,1,library,report_writing,solo,2_4h,early_morning,weekday,14.9,clear,indoor,first_time,5,4,3,4,3,3,4,5,4,3,15,16,12,16,16,20,12,12,3.4,7.4,20,0,74.8
I1261,U127,social_collaborative,P040,cafe_04,synthetic,test,4,3,2,3,4,3,4,3,5,3,dorm_lounge,meeting,mostly_group,over_4h,evening,1,0,0,1,1,0,1,1,0,1,0,cafe,team_project,5_plus,1_2h,early_morning,weekend,2.4,cloudy,indoor,sometimes,3,4,2,3,3,4,3,4,4,3,12,12,4,9,12,16,9,20,0.8,0.9,12,0,56.5
I1262,U127,social_collaborative,P014,library_14,synthetic,test,4,3,2,3,4,3,4,3,5,3,dorm_lounge,meeting,mostly_group,over_4h,evening,1,0,0,1,1,0,1,1,0,1,0,library,coding,2,1_2h,afternoon,weekend,6.0,cloudy,indoor,often,5,4,5,4,3,4,4,4,4,4,20,12,10,12,16,16,9,20,2.7,2.3,12,0.5,63.6
I1263,U127,social_collaborative,P051,cafe_15,synthetic,test,4,3,2,3,4,3,4,3,5,3,dorm_lounge,meeting,mostly_group,over_4h,evening,1,0,0,1,1,0,1,1,0,1,0,cafe,light_reading,solo,1_2h,evening,weekday,11.3,clear,indoor,sometimes,3,4,2,3,3,4,3,3,4,3,12,12,4,9,12,16,9,20,1.4,4.3,9,1,53.3
I1264,U127,social_collaborative,P090,coworking_space_06,synthetic,test,4,3,2,3,4,3,4,3,5,3,dorm_lounge,meeting,mostly_group,over_4h,evening,1,0,0,1,1,0,1,1,0,1,0,coworking_space,meeting,2,1_2h,evening,weekday,14.0,rainy,indoor,often,3,4,3,4,4,4,4,4,4,3,12,12,6,12,16,16,12,20,0.6,5.2,12,1,64.8
I1265,U127,social_collaborative,P008,library_08,synthetic,test,4,3,2,3,4,3,4,3,5,3,dorm_lounge,meeting,mostly_group,over_4h,evening,1,0,0,1,1,0,1,1,0,1,0,library,team_project,2,1_2h,afternoon,weekday,12.0,cloudy,indoor,often,5,5,4,4,2,3,4,3,4,4,20,15,8,12,16,16,6,15,0.8,4.5,9,0.5,58.1
I1266,U127,social_collaborative,P037,cafe_01,synthetic,test,4,3,2,3,4,3,4,3,5,3,dorm_lounge,meeting,mostly_group,over_4h,evening,1,0,0,1,1,0,1,1,0,1,0,cafe,online_class,solo,1_2h,evening,weekday,16.0,clear,indoor,sometimes,3,4,2,2,2,4,3,2,4,4,12,12,4,6,12,16,6,20,2.0,6.0,6,1,55.7
I1267,U127,social_collaborative,P098,dorm_lounge_02,synthetic,test,4,3,2,3,4,3,4,3,5,3,dorm_lounge,meeting,mostly_group,over_4h,evening,1,0,0,1,1,0,1,1,0,1,0,dorm_lounge,report_writing,5_plus,over_4h,evening,weekday,20.8,cloudy,indoor,often,3,4,3,2,3,4,4,2,4,3,12,12,6,6,16,16,9,20,2.6,7.8,6,1,56.9
I1268,U127,social_collaborative,P093,coworking_space_09,synthetic,test,4,3,2,3,4,3,4,3,5,3,dorm_lounge,meeting,mostly_group,over_4h,evening,1,0,0,1,1,0,1,1,0,1,0,coworking_space,light_reading,solo,1_2h,evening,weekday,10.3,cold,indoor,sometimes,3,4,2,3,4,4,4,4,4,3,12,12,4,9,16,16,12,20,1.4,3.9,12,1,64.2
I1269,U127,social_collaborative,P094,coworking_space_10,synthetic,test,4,3,2,3,4,3,4,3,5,3,dorm_lounge,meeting,mostly_group,over_4h,evening,1,0,0,1,1,0,1,1,0,1,0,coworking_space,team_project,5_plus,2_4h,evening,weekday,11.5,clear,indoor,often,3,5,3,4,3,4,3,5,4,4,12,15,6,12,12,16,9,20,0.8,4.3,15,1,57.5
I1270,U127,social_collaborative,P031,study_room_13,synthetic,test,4,3,2,3,4,3,4,3,5,3,dorm_lounge,meeting,mostly_group,over_4h,evening,1,0,0,1,1,0,1,1,0,1,0,study_room,team_project,2,2_4h,early_morning,weekend,1.0,clear,indoor,sometimes,5,4,4,4,4,4,4,5,5,4,20,12,8,12,16,20,12,20,0.8,0.4,15,0,78.3
I1271,U128,comfort_oriented,P057,home_03,synthetic,train,4,4,4,3,5,4,5,4,3,5,cafe,meeting,mostly_solo,2_4h,evening,1,1,0,1,1,1,1,1,1,0,0,home,coding,solo,over_4h,evening,weekday,1.8,clear,indoor,often,3,4,4,4,5,4,5,4,5,4,12,16,16,12,25,25,20,12,4.5,0.9,20,1,88.5
I1272,U128,comfort_oriented,P012,library_12,synthetic,train,4,4,4,3,5,4,5,4,3,5,cafe,meeting,mostly_solo,2_4h,evening,1,1,0,1,1,1,1,1,1,0,0,library,report_writing,3_4,2_4h,morning,weekday,11.3,cold,indoor,sometimes,5,4,4,4,3,3,3,5,5,4,20,16,16,12,15,25,12,9,4.3,5.7,25,0,66.3
I1273,U128,comfort_oriented,P049,cafe_13,synthetic,train,4,4,4,3,5,4,5,4,3,5,cafe,meeting,mostly_solo,2_4h,evening,1,1,0,1,1,1,1,1,1,0,0,cafe,report_writing,3_4,2_4h,afternoon,weekday,15.3,clear,indoor,sometimes,3,4,2,3,3,3,2,4,4,2,12,16,8,9,10,20,12,9,4.3,7.7,20,0.5,64.4
I1274,U128,comfort_oriented,P086,coworking_space_02,synthetic,train,4,4,4,3,5,4,5,4,3,5,cafe,meeting,mostly_solo,2_4h,evening,1,1,0,1,1,1,1,1,1,0,0,coworking_space,report_writing,2,1_2h,evening,weekday,22.5,rainy,indoor,sometimes,3,4,4,4,5,3,4,4,4,4,12,16,16,12,20,20,20,9,4.3,11.3,20,1,61.9
I1275,U128,comfort_oriented,P038,cafe_02,synthetic,train,4,4,4,3,5,4,5,4,3,5,cafe,meeting,mostly_solo,2_4h,evening,1,1,0,1,1,1,1,1,1,0,0,cafe,meeting,3_4,1_2h,morning,weekend,25.5,clear,indoor,sometimes,2,4,3,2,2,4,3,4,3,3,8,16,12,6,15,15,8,12,1.0,12.7,12,0,67.0
I1276,U128,comfort_oriented,P010,library_10,synthetic,train,4,4,4,3,5,4,5,4,3,5,cafe,meeting,mostly_solo,2_4h,evening,1,1,0,1,1,1,1,1,1,0,0,library,coding,5_plus,1_2h,afternoon,weekday,6.9,clear,indoor,sometimes,5,5,4,4,3,4,4,4,4,5,20,20,16,12,20,20,12,12,4.5,3.4,20,0.5,63.6
I1277,U128,comfort_oriented,P008,library_08,synthetic,train,4,4,4,3,5,4,5,4,3,5,cafe,meeting,mostly_solo,2_4h,evening,1,1,0,1,1,1,1,1,1,0,0,library,online_class,solo,1_2h,morning,weekend,15.3,clear,indoor,rarely,5,5,4,4,2,3,4,4,4,4,20,20,16,12,20,20,8,9,3.3,7.7,12,0,63.2
I1278,U128,comfort_oriented,P065,classroom_03,synthetic,train,4,4,4,3,5,4,5,4,3,5,cafe,meeting,mostly_solo,2_4h,evening,1,1,0,1,1,1,1,1,1,0,0,classroom,coding,solo,over_4h,evening,weekday,9.9,clear,indoor,sometimes,4,4,3,3,3,3,4,4,3,3,16,16,12,9,20,15,12,9,4.5,4.9,20,1,67.8
I1279,U128,comfort_oriented,P007,library_07,synthetic,train,4,4,4,3,5,4,5,4,3,5,cafe,meeting,mostly_solo,2_4h,evening,1,1,0,1,1,1,1,1,1,0,0,library,light_reading,solo,2_4h,afternoon,weekday,7.1,clear,indoor,sometimes,5,4,3,4,3,3,4,4,4,4,20,16,12,12,20,20,12,9,2.3,3.5,12,0.5,78.4
I1280,U128,comfort_oriented,P005,library_05,synthetic,train,4,4,4,3,5,4,5,4,3,5,cafe,meeting,mostly_solo,2_4h,evening,1,1,0,1,1,1,1,1,1,0,0,library,report_writing,solo,under_1h,evening,weekday,7.7,rainy,indoor,often,5,4,4,5,3,4,4,5,4,4,20,16,16,15,20,20,12,12,4.3,3.8,25,1,81.7
I1281,U129,quiet_deepwork,P021,study_room_03,synthetic,train,5,3,5,5,4,3,4,4,5,4,home,coding,mostly_solo,1_2h,afternoon,1,1,1,1,1,0,1,1,0,1,1,study_room,report_writing,solo,1_2h,afternoon,weekday,17.1,rainy,indoor,first_time,5,4,4,4,3,4,4,5,4,2,25,12,20,20,16,16,12,20,3.4,6.4,20,1,69.0
I1282,U129,quiet_deepwork,P003,library_03,synthetic,train,5,3,5,5,4,3,4,4,5,4,home,coding,mostly_solo,1_2h,afternoon,1,1,1,1,1,0,1,1,0,1,1,library,report_writing,solo,2_4h,late_night,weekday,1.8,cloudy,indoor,first_time,5,3,4,5,3,3,4,5,4,4,25,9,20,25,16,16,12,15,3.4,0.7,20,0,76.5
I1283,U129,quiet_deepwork,P064,classroom_02,synthetic,train,5,3,5,5,4,3,4,4,5,4,home,coding,mostly_solo,1_2h,afternoon,1,1,1,1,1,0,1,1,0,1,1,classroom,coding,solo,over_4h,late_night,weekday,9.2,hot,indoor,first_time,4,4,3,3,3,3,3,4,3,3,20,12,15,15,12,12,12,15,3.6,3.4,16,0,72.2
I1284,U129,quiet_deepwork,P060,home_06,synthetic,train,5,3,5,5,4,3,4,4,5,4,home,coding,mostly_solo,1_2h,afternoon,1,1,1,1,1,0,1,1,0,1,1,home,light_reading,solo,1_2h,afternoon,weekday,15.1,cloudy,indoor,often,4,3,5,5,4,5,5,5,4,5,20,9,25,25,20,16,16,25,1.8,5.7,15,1,97.7
I1285,U129,quiet_deepwork,P091,coworking_space_07,synthetic,train,5,3,5,5,4,3,4,4,5,4,home,coding,mostly_solo,1_2h,afternoon,1,1,1,1,1,0,1,1,0,1,1,coworking_space,coding,solo,2_4h,evening,weekend,16.1,clear,indoor,sometimes,4,4,4,3,4,5,4,5,3,4,20,12,20,15,16,12,16,25,3.6,6.0,20,0.5,71.1
I1286,U129,quiet_deepwork,P106,dorm_lounge_10,synthetic,train,5,3,5,5,4,3,4,4,5,4,home,coding,mostly_solo,1_2h,afternoon,1,1,1,1,1,0,1,1,0,1,1,dorm_lounge,report_writing,solo,over_4h,morning,weekend,10.8,cloudy,indoor,rarely,3,3,2,3,3,4,3,3,3,3,15,9,10,15,12,12,12,20,3.4,4.0,12,0.5,67.5
I1287,U129,quiet_deepwork,P076,computer_lab_02,synthetic,train,5,3,5,5,4,3,4,4,5,4,home,coding,mostly_solo,1_2h,afternoon,1,1,1,1,1,0,1,1,0,1,1,computer_lab,coding,solo,over_4h,morning,weekday,14.7,rainy,indoor,often,3,5,3,4,4,3,4,5,3,4,15,15,15,20,16,12,16,15,3.6,5.5,20,0.5,71.4
I1288,U129,quiet_deepwork,P055,home_01,synthetic,train,5,3,5,5,4,3,4,4,5,4,home,coding,mostly_solo,1_2h,afternoon,1,1,1,1,1,0,1,1,0,1,1,home,light_reading,solo,under_1h,evening,weekday,13.3,clear,indoor,often,4,3,5,4,4,5,5,4,4,5,20,9,25,20,20,16,16,25,1.8,5.0,12,0.5,83.7
I1289,U129,quiet_deepwork,P116,outdoor_08,synthetic,train,5,3,5,5,4,3,4,4,5,4,home,coding,mostly_solo,1_2h,afternoon,1,1,1,1,1,0,1,1,0,1,1,outdoor,deep_study,2,over_4h,afternoon,weekday,10.5,cold,outdoor,often,3,5,3,3,2,2,1,2,3,3,15,15,15,15,4,12,8,10,4.0,3.9,8,1,45.9
I1290,U129,quiet_deepwork,P060,home_06,synthetic,train,5,3,5,5,4,3,4,4,5,4,home,coding,mostly_solo,1_2h,afternoon,1,1,1,1,1,0,1,1,0,1,1,home,deep_study,solo,1_2h,afternoon,weekday,12.9,cloudy,indoor,rarely,4,3,5,5,4,5,5,4,4,5,20,9,25,25,20,16,16,25,4.0,4.9,16,1,73.3
I1291,U130,quiet_deepwork,P011,library_11,synthetic,train,4,4,5,4,4,3,4,4,4,5,study_room,coding,mostly_solo,2_4h,early_morning,1,1,1,1,1,0,1,1,0,1,1,library,report_writing,2,over_4h,late_night,weekend,12.2,cloudy,indoor,sometimes,5,4,4,4,2,4,4,5,4,3,20,16,20,16,16,16,8,16,4.3,4.6,25,0,61.1
I1292,U130,quiet_deepwork,P083,computer_lab_09,synthetic,train,4,4,5,4,4,3,4,4,4,5,study_room,coding,mostly_solo,2_4h,early_morning,1,1,1,1,1,0,1,1,0,1,1,computer_lab,report_writing,2,2_4h,evening,weekday,4.3,rainy,indoor,often,4,4,3,3,4,3,5,4,4,3,16,16,15,12,20,16,16,12,4.3,1.6,20,0,64.1
I1293,U130,quiet_deepwork,P061,home_07,synthetic,train,4,4,5,4,4,3,4,4,4,5,study_room,coding,mostly_solo,2_4h,early_morning,1,1,1,1,1,0,1,1,0,1,1,home,report_writing,solo,2_4h,evening,weekday,10.7,cold,indoor,often,4,4,4,4,4,4,4,5,4,5,16,16,20,16,16,16,16,16,4.3,4.0,25,0,71.3
I1294,U130,quiet_deepwork,P008,library_08,synthetic,train,4,4,5,4,4,3,4,4,4,5,study_room,coding,mostly_solo,2_4h,early_morning,1,1,1,1,1,0,1,1,0,1,1,library,report_writing,solo,2_4h,early_morning,weekday,11.8,clear,indoor,sometimes,5,5,4,4,2,3,4,4,4,4,20,20,20,16,16,16,8,12,4.3,4.4,20,1,78.0
I1295,U130,quiet_deepwork,P022,study_room_04,synthetic,train,4,4,5,4,4,3,4,4,4,5,study_room,coding,mostly_solo,2_4h,early_morning,1,1,1,1,1,0,1,1,0,1,1,study_room,online_class,solo,2_4h,evening,weekday,15.5,cloudy,indoor,first_time,4,5,3,4,5,3,4,5,4,4,16,20,15,16,16,16,20,12,3.3,5.8,15,0,73.7
I1296,U130,quiet_deepwork,P116,outdoor_08,synthetic,train,4,4,5,4,4,3,4,4,4,5,study_room,coding,mostly_solo,2_4h,early_morning,1,1,1,1,1,0,1,1,0,1,1,outdoor,deep_study,solo,2_4h,late_night,weekday,5.1,cold,outdoor,first_time,3,5,3,3,2,2,1,2,3,3,12,20,15,12,4,12,8,8,5.0,1.9,10,0,53.8
I1297,U130,quiet_deepwork,P008,library_08,synthetic,train,4,4,5,4,4,3,4,4,4,5,study_room,coding,mostly_solo,2_4h,early_morning,1,1,1,1,1,0,1,1,0,1,1,library,report_writing,solo,2_4h,early_morning,weekday,12.0,cloudy,indoor,sometimes,5,5,4,4,2,3,4,4,4,4,20,20,20,16,16,16,8,12,4.3,4.5,20,1,78.9
I1298,U130,quiet_deepwork,P001,library_01,synthetic,train,4,4,5,4,4,3,4,4,4,5,study_room,coding,mostly_solo,2_4h,early_morning,1,1,1,1,1,0,1,1,0,1,1,library,report_writing,3_4,over_4h,afternoon,weekday,16.4,cloudy,indoor,often,5,4,4,5,2,3,4,5,4,4,20,16,20,20,16,16,8,12,4.3,6.1,25,0,82.5
I1299,U130,quiet_deepwork,P090,coworking_space_06,synthetic,train,4,4,5,4,4,3,4,4,4,5,study_room,coding,mostly_solo,2_4h,early_morning,1,1,1,1,1,0,1,1,0,1,1,coworking_space,deep_study,solo,2_4h,afternoon,weekday,15.4,hot,indoor,sometimes,3,4,3,4,4,4,4,4,4,3,12,16,15,16,16,16,16,16,5.0,5.8,20,0,58.2
I1300,U130,quiet_deepwork,P058,home_04,synthetic,train,4,4,5,4,4,3,4,4,4,5,study_room,coding,mostly_solo,2_4h,early_morning,1,1,1,1,1,0,1,1,0,1,1,home,report_writing,solo,under_1h,early_morning,weekend,14.7,clear,indoor,often,4,3,4,3,4,5,4,5,4,4,16,12,20,12,16,16,16,20,4.3,5.5,25,1,77.8
I1301,U131,convenience_oriented,P040,cafe_04,synthetic,train,4,4,3,3,5,4,4,4,5,3,home,deep_study,mixed,1_2h,morning,1,0,0,1,1,1,1,1,1,1,0,cafe,coding,solo,1_2h,afternoon,weekend,9.2,clear,indoor,sometimes,3,4,2,3,3,4,3,3,4,3,12,16,6,9,15,16,12,20,2.7,4.6,9,0.5,61.5
I1302,U131,convenience_oriented,P080,computer_lab_06,synthetic,train,4,4,3,3,5,4,4,4,5,3,home,deep_study,mixed,1_2h,morning,1,0,0,1,1,1,1,1,1,1,0,computer_lab,deep_study,3_4,2_4h,afternoon,weekday,9.8,hot,indoor,rarely,4,4,4,3,3,4,4,3,4,3,16,16,12,9,20,16,12,20,3.0,4.9,9,0.5,64.1
I1303,U131,convenience_oriented,P063,classroom_01,synthetic,train,4,4,3,3,5,4,4,4,5,3,home,deep_study,mixed,1_2h,morning,1,0,0,1,1,1,1,1,1,1,0,classroom,online_class,2,under_1h,morning,weekday,9.1,cloudy,indoor,sometimes,3,4,3,3,2,3,3,4,3,3,12,16,9,9,15,12,8,15,2.0,4.6,12,1,50.5
I1304,U131,convenience_oriented,P017,library_17,synthetic,train,4,4,3,3,5,4,4,4,5,3,home,deep_study,mixed,1_2h,morning,1,0,0,1,1,1,1,1,1,1,0,library,light_reading,solo,under_1h,afternoon,weekend,12.1,clear,indoor,sometimes,5,4,4,5,3,3,4,5,5,4,20,16,12,15,20,20,12,15,1.4,6.0,15,0.5,76.5
I1305,U131,convenience_oriented,P044,cafe_08,synthetic,train,4,4,3,3,5,4,4,4,5,3,home,deep_study,mixed,1_2h,morning,1,0,0,1,1,1,1,1,1,1,0,cafe,online_class,solo,1_2h,morning,weekday,16.8,clear,indoor,often,3,4,3,4,2,4,3,3,4,2,12,16,9,12,15,16,8,20,2.0,8.4,9,1,64.9
I1306,U131,convenience_oriented,P004,library_04,synthetic,train,4,4,3,3,5,4,4,4,5,3,home,deep_study,mixed,1_2h,morning,1,0,0,1,1,1,1,1,1,1,0,library,meeting,5_plus,1_2h,morning,weekday,5.9,cloudy,indoor,often,5,3,3,4,2,4,4,2,3,4,20,12,9,12,20,12,8,20,0.6,2.9,6,1,66.4
I1307,U131,convenience_oriented,P006,library_06,synthetic,train,4,4,3,3,5,4,4,4,5,3,home,deep_study,mixed,1_2h,morning,1,0,0,1,1,1,1,1,1,1,0,library,deep_study,solo,2_4h,early_morning,weekday,12.4,clear,indoor,rarely,4,4,4,5,2,3,4,5,5,4,16,16,12,15,20,20,8,15,3.0,6.2,15,0.5,73.3
I1308,U131,convenience_oriented,P075,computer_lab_01,synthetic,train,4,4,3,3,5,4,4,4,5,3,home,deep_study,mixed,1_2h,morning,1,0,0,1,1,1,1,1,1,1,0,computer_lab,online_class,solo,1_2h,late_night,weekend,7.0,cloudy,indoor,first_time,3,3,3,4,3,4,5,5,3,3,12,12,9,12,25,12,12,20,2.0,3.5,15,0,68.2
I1309,U131,convenience_oriented,P018,library_18,synthetic,train,4,4,3,3,5,4,4,4,5,3,home,deep_study,mixed,1_2h,morning,1,0,0,1,1,1,1,1,1,1,0,library,light_reading,solo,1_2h,morning,weekday,16.0,clear,indoor,often,5,4,3,4,3,3,4,5,4,3,20,16,9,12,20,16,12,15,1.4,8.0,15,1,72.9
I1310,U131,convenience_oriented,P080,computer_lab_06,synthetic,train,4,4,3,3,5,4,4,4,5,3,home,deep_study,mixed,1_2h,morning,1,0,0,1,1,1,1,1,1,1,0,computer_lab,report_writing,solo,under_1h,morning,weekday,5.9,rainy,indoor,sometimes,4,4,4,3,3,4,4,4,4,3,16,16,12,9,20,16,12,20,2.6,2.9,12,1,67.6
I1311,U132,social_collaborative,P058,home_04,synthetic,train,3,4,3,2,4,3,4,3,3,3,cafe,team_project,mostly_group,2_4h,evening,0,0,0,1,1,0,0,1,0,0,0,home,online_class,solo,1_2h,morning,weekday,20.1,clear,indoor,sometimes,4,3,4,3,4,5,4,4,4,4,12,12,12,6,16,16,12,15,2.0,7.5,12,0,57.2
I1312,U132,social_collaborative,P059,home_05,synthetic,train,3,4,3,2,4,3,4,3,3,3,cafe,team_project,mostly_group,2_4h,evening,0,0,0,1,1,0,0,1,0,0,0,home,deep_study,solo,2_4h,early_morning,weekday,9.6,cloudy,indoor,first_time,4,5,5,4,5,4,4,4,5,5,12,20,15,8,16,20,15,12,3.0,3.6,12,0,67.8
I1313,U132,social_collaborative,P034,study_room_16,synthetic,train,3,4,3,2,4,3,4,3,3,3,cafe,team_project,mostly_group,2_4h,evening,0,0,0,1,1,0,0,1,0,0,0,study_room,team_project,5_plus,over_4h,evening,weekend,11.2,clear,indoor,first_time,4,4,4,4,4,3,4,5,5,3,12,16,12,8,16,20,12,9,0.8,4.2,15,1,53.7
I1314,U132,social_collaborative,P004,library_04,synthetic,train,3,4,3,2,4,3,4,3,3,3,cafe,team_project,mostly_group,2_4h,evening,0,0,0,1,1,0,0,1,0,0,0,library,deep_study,solo,under_1h,morning,weekend,4.5,cloudy,indoor,often,5,3,3,4,2,4,4,5,3,4,15,12,9,8,16,12,6,12,3.0,1.7,15,0,67.7
I1315,U132,social_collaborative,P066,classroom_04,synthetic,train,3,4,3,2,4,3,4,3,3,3,cafe,team_project,mostly_group,2_4h,evening,0,0,0,1,1,0,0,1,0,0,0,classroom,online_class,solo,1_2h,afternoon,weekend,7.4,clear,indoor,often,3,4,4,3,3,3,4,5,3,4,9,16,12,6,16,12,9,9,2.0,2.8,15,0.5,61.1
I1316,U132,social_collaborative,P025,study_room_07,synthetic,train,3,4,3,2,4,3,4,3,3,3,cafe,team_project,mostly_group,2_4h,evening,0,0,0,1,1,0,0,1,0,0,0,study_room,team_project,3_4,over_4h,afternoon,weekday,1.0,cloudy,indoor,often,4,4,3,4,4,4,4,5,4,3,12,16,9,8,16,16,12,12,0.8,0.4,15,0.5,69.4
I1317,U132,social_collaborative,P075,computer_lab_01,synthetic,train,3,4,3,2,4,3,4,3,3,3,cafe,team_project,mostly_group,2_4h,evening,0,0,0,1,1,0,0,1,0,0,0,computer_lab,meeting,3_4,1_2h,afternoon,weekday,9.0,clear,indoor,often,3,3,3,4,3,4,5,3,3,3,9,12,9,8,20,12,9,12,0.6,3.4,9,0.5,65.3
I1318,U132,social_collaborative,P077,computer_lab_03,synthetic,train,3,4,3,2,4,3,4,3,3,3,cafe,team_project,mostly_group,2_4h,evening,0,0,0,1,1,0,0,1,0,0,0,computer_lab,coding,solo,2_4h,early_morning,weekday,18.0,clear,indoor,first_time,4,3,3,3,2,3,4,4,4,4,12,12,9,6,16,16,6,9,2.7,6.7,12,0,56.3
I1319,U132,social_collaborative,P067,classroom_05,synthetic,train,3,4,3,2,4,3,4,3,3,3,cafe,team_project,mostly_group,2_4h,evening,0,0,0,1,1,0,0,1,0,0,0,classroom,team_project,2,1_2h,evening,weekday,10.0,clear,indoor,rarely,3,4,3,3,3,2,3,4,3,3,9,16,9,6,12,12,9,6,0.8,3.8,12,1,58.7
I1320,U132,social_collaborative,P051,cafe_15,synthetic,train,3,4,3,2,4,3,4,3,3,3,cafe,team_project,mostly_group,2_4h,evening,0,0,0,1,1,0,0,1,0,0,0,cafe,team_project,2,under_1h,evening,weekday,14.0,rainy,indoor,sometimes,3,4,2,3,3,4,3,3,4,3,9,16,6,6,12,16,9,12,0.8,5.2,9,1,57.2
I1321,U133,comfort_oriented,P055,home_01,synthetic,train,4,3,3,4,4,4,5,5,5,4,home,deep_study,mostly_solo,over_4h,morning,1,0,1,1,1,1,1,1,1,1,1,home,coding,solo,over_4h,morning,weekend,10.6,cloudy,indoor,rarely,4,3,5,4,4,5,5,4,4,5,16,9,15,16,20,20,20,25,3.6,5.3,16,1,78.0
I1322,U133,comfort_oriented,P051,cafe_15,synthetic,train,4,3,3,4,4,4,5,5,5,4,home,deep_study,mostly_solo,over_4h,morning,1,0,1,1,1,1,1,1,1,1,1,cafe,deep_study,solo,2_4h,morning,weekend,18.9,rainy,indoor,rarely,3,4,2,3,3,4,3,3,4,3,12,12,6,12,12,20,15,20,4.0,9.5,12,1,61.5
I1323,U133,comfort_oriented,P013,library_13,synthetic,train,4,3,3,4,4,4,5,5,5,4,home,deep_study,mostly_solo,over_4h,morning,1,0,1,1,1,1,1,1,1,1,1,library,report_writing,solo,2_4h,afternoon,weekday,6.1,cloudy,indoor,sometimes,5,4,4,4,3,3,5,5,4,4,20,12,12,16,20,20,15,15,3.4,3.0,20,0.5,86.5
I1324,U133,comfort_oriented,P077,computer_lab_03,synthetic,train,4,3,3,4,4,4,5,5,5,4,home,deep_study,mostly_solo,over_4h,morning,1,0,1,1,1,1,1,1,1,1,1,computer_lab,online_class,solo,1_2h,afternoon,weekday,19.9,clear,indoor,first_time,4,3,3,3,2,3,4,4,4,4,16,9,9,12,16,20,10,15,2.6,10.0,12,0.5,65.2
I1325,U133,comfort_oriented,P106,dorm_lounge_10,synthetic,train,4,3,3,4,4,4,5,5,5,4,home,deep_study,mostly_solo,over_4h,morning,1,0,1,1,1,1,1,1,1,1,1,dorm_lounge,deep_study,2,1_2h,morning,weekday,7.1,cloudy,indoor,first_time,3,3,2,3,3,4,3,3,3,3,12,9,6,12,12,15,15,20,4.0,3.5,12,1,50.5
I1326,U133,comfort_oriented,P004,library_04,synthetic,train,4,3,3,4,4,4,5,5,5,4,home,deep_study,mostly_solo,over_4h,morning,1,0,1,1,1,1,1,1,1,1,1,library,coding,solo,2_4h,afternoon,weekend,4.5,clear,indoor,rarely,5,3,3,4,2,4,4,4,3,4,20,9,9,16,16,15,10,20,3.6,2.2,16,0.5,70.1
I1327,U133,comfort_oriented,P014,library_14,synthetic,train,4,3,3,4,4,4,5,5,5,4,home,deep_study,mostly_solo,over_4h,morning,1,0,1,1,1,1,1,1,1,1,1,library,report_writing,solo,under_1h,evening,weekend,5.1,cloudy,indoor,rarely,5,4,5,4,3,4,4,4,4,4,20,12,15,16,16,20,15,20,3.4,2.6,16,0,70.0
I1328,U133,comfort_oriented,P098,dorm_lounge_02,synthetic,train,4,3,3,4,4,4,5,5,5,4,home,deep_study,mostly_solo,over_4h,morning,1,0,1,1,1,1,1,1,1,1,1,dorm_lounge,report_writing,solo,2_4h,morning,weekend,14.2,clear,indoor,sometimes,3,4,3,2,3,4,4,3,4,3,12,12,9,8,16,20,15,20,3.4,7.1,12,1,50.0
I1329,U133,comfort_oriented,P048,cafe_12,synthetic,train,4,3,3,4,4,4,5,5,5,4,home,deep_study,mostly_solo,over_4h,morning,1,0,1,1,1,1,1,1,1,1,1,cafe,team_project,3_4,2_4h,morning,weekend,7.9,clear,indoor,first_time,2,5,2,3,1,4,3,4,3,3,8,15,6,12,12,15,5,20,1.0,3.9,12,1,65.0
I1330,U133,comfort_oriented,P022,study_room_04,synthetic,train,4,3,3,4,4,4,5,5,5,4,home,deep_study,mostly_solo,over_4h,morning,1,0,1,1,1,1,1,1,1,1,1,study_room,deep_study,2,1_2h,evening,weekday,7.1,clear,indoor,first_time,4,5,3,4,5,3,4,4,4,4,16,15,9,16,16,20,25,15,4.0,3.6,16,0,59.4
I1331,U134,convenience_oriented,P092,coworking_space_08,synthetic,train,4,3,3,4,4,5,4,3,3,4,home,team_project,mostly_solo,2_4h,afternoon,1,0,1,1,1,1,1,1,1,0,1,coworking_space,light_reading,3_4,2_4h,morning,weekday,4.4,cloudy,indoor,rarely,2,4,3,4,3,4,4,3,4,3,8,12,9,16,16,16,9,12,1.8,2.8,9,0.5,58.4
I1332,U134,convenience_oriented,P034,study_room_16,synthetic,train,4,3,3,4,4,5,4,3,3,4,home,team_project,mostly_solo,2_4h,afternoon,1,0,1,1,1,1,1,1,1,0,1,study_room,deep_study,solo,2_4h,afternoon,weekend,9.2,hot,indoor,often,4,4,4,4,4,3,4,4,5,3,16,12,12,16,16,20,12,9,4.0,5.7,16,1,60.3
I1333,U134,convenience_oriented,P013,library_13,synthetic,train,4,3,3,4,4,5,4,3,3,4,home,team_project,mostly_solo,2_4h,afternoon,1,0,1,1,1,1,1,1,1,0,1,library,coding,solo,2_4h,afternoon,weekday,1.0,clear,indoor,rarely,5,4,4,4,3,3,5,4,4,4,20,12,12,16,20,16,9,9,3.6,0.6,16,1,79.6
I1334,U134,convenience_oriented,P012,library_12,synthetic,train,4,3,3,4,4,5,4,3,3,4,home,team_project,mostly_solo,2_4h,afternoon,1,0,1,1,1,1,1,1,1,0,1,library,light_reading,solo,1_2h,morning,weekday,7.3,rainy,indoor,sometimes,5,4,4,4,3,3,3,4,5,4,20,12,12,16,12,20,9,9,1.8,4.6,12,0.5,66.7
I1335,U134,convenience_oriented,P073,classroom_11,synthetic,train,4,3,3,4,4,5,4,3,3,4,home,team_project,mostly_solo,2_4h,afternoon,1,0,1,1,1,1,1,1,1,0,1,classroom,online_class,solo,1_2h,afternoon,weekday,11.9,clear,indoor,sometimes,4,5,3,3,4,3,3,4,3,4,16,15,9,12,12,12,12,9,2.6,7.5,12,1,59.4
I1336,U134,convenience_oriented,P107,dorm_lounge_11,synthetic,train,4,3,3,4,4,5,4,3,3,4,home,team_project,mostly_solo,2_4h,afternoon,1,0,1,1,1,1,1,1,1,0,1,dorm_lounge,light_reading,solo,over_4h,early_morning,weekday,25.6,cloudy,indoor,often,3,4,3,3,3,4,3,4,3,3,12,12,9,12,12,12,9,12,1.8,16.0,12,0,42.5
I1337,U134,convenience_oriented,P117,outdoor_09,synthetic,train,4,3,3,4,4,5,4,3,3,4,home,team_project,mostly_solo,2_4h,afternoon,1,0,1,1,1,1,1,1,1,0,1,outdoor,light_reading,solo,2_4h,evening,weekday,14.0,hot,outdoor,often,2,5,3,3,2,3,1,4,3,3,8,15,9,12,4,12,6,9,1.8,8.8,12,0.5,37.6
I1338,U134,convenience_oriented,P083,computer_lab_09,synthetic,train,4,3,3,4,4,5,4,3,3,4,home,team_project,mostly_solo,2_4h,afternoon,1,0,1,1,1,1,1,1,1,0,1,computer_lab,online_class,solo,under_1h,evening,weekend,5.3,clear,indoor,rarely,4,4,3,3,4,3,5,4,4,3,16,12,9,12,20,16,12,9,2.6,3.3,12,0.5,67.6
I1339,U134,convenience_oriented,P098,dorm_lounge_02,synthetic,train,4,3,3,4,4,5,4,3,3,4,home,team_project,mostly_solo,2_4h,afternoon,1,0,1,1,1,1,1,1,1,0,1,dorm_lounge,report_writing,solo,over_4h,afternoon,weekday,17.8,clear,indoor,sometimes,3,4,3,2,3,4,4,3,4,3,12,12,9,8,16,16,9,12,3.4,11.1,12,1,60.6
I1340,U134,convenience_oriented,P014,library_14,synthetic,train,4,3,3,4,4,5,4,3,3,4,home,team_project,mostly_solo,2_4h,afternoon,1,0,1,1,1,1,1,1,1,0,1,library,online_class,solo,1_2h,morning,weekend,4.1,hot,indoor,sometimes,5,4,5,4,3,4,4,3,4,4,20,12,15,16,16,16,9,12,2.6,2.5,9,0.5,75.7
I1341,U135,quiet_deepwork,P010,library_10,synthetic,train,5,4,4,4,4,3,3,3,4,4,home,deep_study,mostly_solo,1_2h,early_morning,1,1,1,0,1,0,1,1,0,1,1,library,online_class,solo,1_2h,early_morning,weekday,2.3,clear,indoor,often,5,5,4,4,3,4,4,3,4,5,25,20,16,16,16,12,9,16,2.6,0.9,9,1,81.1
I1342,U135,quiet_deepwork,P009,library_09,synthetic,train,5,4,4,4,4,3,3,3,4,4,home,deep_study,mostly_solo,1_2h,early_morning,1,1,1,0,1,0,1,1,0,1,1,library,coding,solo,2_4h,early_morning,weekday,12.4,cloudy,indoor,sometimes,4,4,3,4,2,4,4,4,4,4,20,16,12,16,16,12,6,16,3.6,4.7,16,1,68.6
I1343,U135,quiet_deepwork,P089,coworking_space_05,synthetic,train,5,4,4,4,4,3,3,3,4,4,home,deep_study,mostly_solo,1_2h,early_morning,1,1,1,0,1,0,1,1,0,1,1,coworking_space,coding,solo,over_4h,afternoon,weekday,21.8,hot,indoor,often,3,5,4,3,4,4,5,5,4,3,15,20,16,12,20,12,12,16,3.6,8.2,20,0,72.7
I1344,U135,quiet_deepwork,P019,study_room_01,synthetic,train,5,4,4,4,4,3,3,3,4,4,home,deep_study,mostly_solo,1_2h,early_morning,1,1,1,0,1,0,1,1,0,1,1,study_room,meeting,5_plus,1_2h,afternoon,weekend,15.1,clear,indoor,often,4,3,4,4,3,4,4,5,4,4,20,12,16,16,16,12,9,16,0.8,5.7,15,0,72.4
I1345,U135,quiet_deepwork,P010,library_10,synthetic,train,5,4,4,4,4,3,3,3,4,4,home,deep_study,mostly_solo,1_2h,early_morning,1,1,1,0,1,0,1,1,0,1,1,library,online_class,solo,under_1h,afternoon,weekday,8.5,hot,indoor,sometimes,5,5,4,4,3,4,4,4,4,5,25,20,16,16,16,12,9,16,2.6,3.2,12,0,75.7
I1346,U135,quiet_deepwork,P021,study_room_03,synthetic,train,5,4,4,4,4,3,3,3,4,4,home,deep_study,mostly_solo,1_2h,early_morning,1,1,1,0,1,0,1,1,0,1,1,study_room,report_writing,solo,under_1h,early_morning,weekend,24.2,clear,indoor,sometimes,5,4,4,4,3,4,4,4,4,2,25,16,16,16,16,12,9,16,3.4,9.1,16,1,73.9
I1347,U135,quiet_deepwork,P021,study_room_03,synthetic,train,5,4,4,4,4,3,3,3,4,4,home,deep_study,mostly_solo,1_2h,early_morning,1,1,1,0,1,0,1,1,0,1,1,study_room,deep_study,solo,1_2h,late_night,weekday,16.8,cloudy,indoor,first_time,5,4,4,4,3,4,4,4,4,2,25,16,16,16,16,12,9,16,4.0,6.3,16,0,64.6
I1348,U135,quiet_deepwork,P080,computer_lab_06,synthetic,train,5,4,4,4,4,3,3,3,4,4,home,deep_study,mostly_solo,1_2h,early_morning,1,1,1,0,1,0,1,1,0,1,1,computer_lab,coding,2,2_4h,morning,weekday,9.8,clear,indoor,first_time,4,4,4,3,3,4,4,5,4,3,20,16,16,12,16,12,9,16,3.6,3.7,20,0.5,72.4
I1349,U135,quiet_deepwork,P019,study_room_01,synthetic,train,5,4,4,4,4,3,3,3,4,4,home,deep_study,mostly_solo,1_2h,early_morning,1,1,1,0,1,0,1,1,0,1,1,study_room,light_reading,2,under_1h,early_morning,weekday,12.4,cloudy,indoor,sometimes,4,3,4,4,3,4,4,3,4,4,20,12,16,16,16,12,9,16,1.8,4.7,9,1,64.8
I1350,U135,quiet_deepwork,P078,computer_lab_04,synthetic,train,5,4,4,4,4,3,3,3,4,4,home,deep_study,mostly_solo,1_2h,early_morning,1,1,1,0,1,0,1,1,0,1,1,computer_lab,coding,solo,2_4h,morning,weekday,11.5,clear,indoor,sometimes,4,4,4,4,3,3,5,4,4,3,20,16,16,16,20,12,9,12,3.6,4.3,16,0.5,75.6
I1351,U136,comfort_oriented,P032,study_room_14,synthetic,train,4,4,4,3,4,4,5,5,4,5,library,light_reading,mostly_solo,1_2h,afternoon,1,1,0,1,1,1,1,1,1,1,0,study_room,deep_study,solo,over_4h,morning,weekday,18.7,rainy,indoor,sometimes,4,4,4,4,4,3,4,4,4,4,16,16,16,12,16,20,20,12,5.0,9.4,20,0.5,67.9
I1352,U136,comfort_oriented,P080,computer_lab_06,synthetic,train,4,4,4,3,4,4,5,5,4,5,library,light_reading,mostly_solo,1_2h,afternoon,1,1,0,1,1,1,1,1,1,1,0,computer_lab,online_class,solo,2_4h,evening,weekend,7.6,cloudy,indoor,sometimes,4,4,4,3,3,4,4,4,4,3,16,16,16,9,16,20,15,16,3.3,3.8,12,0.5,71.1
I1353,U136,comfort_oriented,P063,classroom_01,synthetic,train,4,4,4,3,4,4,5,5,4,5,library,light_reading,mostly_solo,1_2h,afternoon,1,1,0,1,1,1,1,1,1,1,0,classroom,deep_study,solo,2_4h,morning,weekend,5.9,clear,indoor,sometimes,3,4,3,3,2,3,3,4,3,3,12,16,12,9,12,15,10,12,5.0,3.0,20,0.5,55.4
I1354,U136,comfort_oriented,P007,library_07,synthetic,train,4,4,4,3,4,4,5,5,4,5,library,light_reading,mostly_solo,1_2h,afternoon,1,1,0,1,1,1,1,1,1,1,0,library,coding,solo,1_2h,afternoon,weekday,11.5,cloudy,indoor,sometimes,5,4,3,4,3,3,4,4,4,4,20,16,12,12,16,20,15,12,4.5,5.7,20,1,64.5
I1355,U136,comfort_oriented,P044,cafe_08,synthetic,train,4,4,4,3,4,4,5,5,4,5,library,light_reading,mostly_solo,1_2h,afternoon,1,1,0,1,1,1,1,1,1,1,0,cafe,deep_study,solo,2_4h,early_morning,weekend,14.9,cloudy,indoor,often,3,4,3,4,2,4,3,2,4,2,12,16,12,12,12,20,10,16,5.0,7.4,10,0,58.4
I1356,U136,comfort_oriented,P023,study_room_05,synthetic,train,4,4,4,3,4,4,5,5,4,5,library,light_reading,mostly_solo,1_2h,afternoon,1,1,0,1,1,1,1,1,1,1,0,study_room,online_class,solo,under_1h,afternoon,weekday,13.8,clear,indoor,often,5,4,3,4,4,4,3,4,4,4,20,16,12,12,12,20,20,16,3.3,6.9,12,1,72.6
I1357,U136,comfort_oriented,P024,study_room_06,synthetic,train,4,4,4,3,4,4,5,5,4,5,library,light_reading,mostly_solo,1_2h,afternoon,1,1,0,1,1,1,1,1,1,1,0,study_room,deep_study,solo,2_4h,late_night,weekend,2.7,cloudy,indoor,often,4,4,3,4,3,4,4,4,4,3,16,16,12,12,16,20,15,16,5.0,1.4,20,0,81.1
I1358,U136,comfort_oriented,P086,coworking_space_02,synthetic,train,4,4,4,3,4,4,5,5,4,5,library,light_reading,mostly_solo,1_2h,afternoon,1,1,0,1,1,1,1,1,1,1,0,coworking_space,coding,solo,over_4h,morning,weekday,13.8,clear,indoor,rarely,3,4,4,4,5,3,4,5,4,4,12,16,16,12,16,20,25,12,4.5,6.9,25,0.5,69.5
I1359,U136,comfort_oriented,P037,cafe_01,synthetic,train,4,4,4,3,4,4,5,5,4,5,library,light_reading,mostly_solo,1_2h,afternoon,1,1,0,1,1,1,1,1,1,1,0,cafe,deep_study,solo,2_4h,evening,weekend,12.0,hot,indoor,first_time,3,4,2,2,2,4,3,2,4,4,12,16,8,6,12,20,10,16,5.0,6.0,10,0.5,56.1
I1360,U136,comfort_oriented,P072,classroom_10,synthetic,train,4,4,4,3,4,4,5,5,4,5,library,light_reading,mostly_solo,1_2h,afternoon,1,1,0,1,1,1,1,1,1,1,0,classroom,report_writing,2,1_2h,late_night,weekday,11.6,clear,indoor,sometimes,3,3,4,3,3,3,4,4,3,3,12,12,16,9,16,15,15,12,4.3,5.8,20,0,45.7
I1361,U137,quiet_deepwork,P071,classroom_09,synthetic,train,4,4,5,4,5,4,3,3,3,5,home,deep_study,mostly_solo,1_2h,early_morning,1,1,1,0,1,1,1,1,1,0,1,classroom,light_reading,solo,2_4h,morning,weekday,6.4,rainy,indoor,rarely,3,3,3,3,3,3,3,2,3,4,12,12,15,12,15,9,9,9,2.3,3.2,6,0.5,61.6
I1362,U137,quiet_deepwork,P001,library_01,synthetic,train,4,4,5,4,5,4,3,3,3,5,home,deep_study,mostly_solo,1_2h,early_morning,1,1,1,0,1,1,1,1,1,0,1,library,coding,solo,2_4h,morning,weekday,5.4,cold,indoor,rarely,5,4,4,5,2,3,4,5,4,4,20,16,20,20,20,12,6,9,4.5,2.7,25,0.5,76.2
I1363,U137,quiet_deepwork,P043,cafe_07,synthetic,train,4,4,5,4,5,4,3,3,3,5,home,deep_study,mostly_solo,1_2h,early_morning,1,1,1,0,1,1,1,1,1,0,1,cafe,report_writing,solo,2_4h,late_night,weekday,1.4,cloudy,indoor,sometimes,2,5,3,3,2,4,3,4,3,3,8,20,15,12,15,9,6,12,4.3,0.7,20,0,57.9
I1364,U137,quiet_deepwork,P014,library_14,synthetic,train,4,4,5,4,5,4,3,3,3,5,home,deep_study,mostly_solo,1_2h,early_morning,1,1,1,0,1,1,1,1,1,0,1,library,coding,solo,2_4h,morning,weekend,14.0,cloudy,indoor,sometimes,5,4,5,4,3,4,4,4,4,4,20,16,25,16,20,12,9,12,4.5,7.0,20,0.5,67.2
I1365,U137,quiet_deepwork,P031,study_room_13,synthetic,train,4,4,5,4,5,4,3,3,3,5,home,deep_study,mostly_solo,1_2h,early_morning,1,1,1,0,1,1,1,1,1,0,1,study_room,deep_study,solo,2_4h,early_morning,weekday,1.9,cloudy,indoor,often,5,4,4,4,4,4,4,4,5,4,20,16,20,16,20,15,12,12,5.0,1.0,20,1,80.6
I1366,U137,quiet_deepwork,P015,library_15,synthetic,train,4,4,5,4,5,4,3,3,3,5,home,deep_study,mostly_solo,1_2h,early_morning,1,1,1,0,1,1,1,1,1,0,1,library,coding,solo,over_4h,evening,weekend,13.5,clear,indoor,sometimes,4,4,4,5,2,4,3,4,4,4,16,16,20,20,15,12,6,12,4.5,6.7,20,0,66.9
I1367,U137,quiet_deepwork,P014,library_14,synthetic,train,4,4,5,4,5,4,3,3,3,5,home,deep_study,mostly_solo,1_2h,early_morning,1,1,1,0,1,1,1,1,1,0,1,library,team_project,2,2_4h,early_morning,weekday,5.4,hot,indoor,first_time,5,4,5,4,3,4,4,2,4,4,20,16,25,16,20,12,9,12,1.3,2.7,6,1,71.5
I1368,U137,quiet_deepwork,P031,study_room_13,synthetic,train,4,4,5,4,5,4,3,3,3,5,home,deep_study,mostly_solo,1_2h,early_morning,1,1,1,0,1,1,1,1,1,0,1,study_room,deep_study,solo,1_2h,afternoon,weekday,1.0,cloudy,indoor,sometimes,5,4,4,4,4,4,4,5,5,4,20,16,20,16,20,15,12,12,5.0,0.5,25,0,78.9
I1369,U137,quiet_deepwork,P060,home_06,synthetic,train,4,4,5,4,5,4,3,3,3,5,home,deep_study,mostly_solo,1_2h,early_morning,1,1,1,0,1,1,1,1,1,0,1,home,report_writing,3_4,2_4h,evening,weekday,12.4,clear,indoor,sometimes,4,3,5,5,4,5,5,3,4,5,16,12,25,20,25,12,12,15,4.3,6.2,15,0,64.6
I1370,U137,quiet_deepwork,P017,library_17,synthetic,train,4,4,5,4,5,4,3,3,3,5,home,deep_study,mostly_solo,1_2h,early_morning,1,1,1,0,1,1,1,1,1,0,1,library,report_writing,2,1_2h,evening,weekday,9.8,cloudy,indoor,sometimes,5,4,4,5,3,3,4,5,5,4,20,16,20,20,20,15,9,9,4.3,4.9,25,0,83.4
I1371,U138,balanced,P046,cafe_10,synthetic,train,3,3,4,4,4,4,4,4,5,3,computer_lab,online_class,mixed,2_4h,evening,0,1,1,1,1,1,0,1,1,1,1,cafe,light_reading,solo,under_1h,afternoon,weekend,10.5,clear,indoor,first_time,3,4,2,3,2,4,3,4,3,3,9,12,8,12,12,12,8,20,1.4,5.3,12,0.5,54.1
I1372,U138,balanced,P090,coworking_space_06,synthetic,train,3,3,4,4,4,4,4,4,5,3,computer_lab,online_class,mixed,2_4h,evening,0,1,1,1,1,1,0,1,1,1,1,coworking_space,report_writing,solo,over_4h,afternoon,weekend,12.5,clear,indoor,often,3,4,3,4,4,4,4,4,4,3,9,12,12,16,16,16,16,20,2.6,6.2,12,0.5,58.4
I1373,U138,balanced,P083,computer_lab_09,synthetic,train,3,3,4,4,4,4,4,4,5,3,computer_lab,online_class,mixed,2_4h,evening,0,1,1,1,1,1,0,1,1,1,1,computer_lab,report_writing,solo,2_4h,afternoon,weekend,1.0,clear,indoor,rarely,4,4,3,3,4,3,5,3,4,3,12,12,12,12,20,16,16,15,2.6,0.5,9,0.5,67.1
I1374,U138,balanced,P091,coworking_space_07,synthetic,train,3,3,4,4,4,4,4,4,5,3,computer_lab,online_class,mixed,2_4h,evening,0,1,1,1,1,1,0,1,1,1,1,coworking_space,report_writing,solo,2_4h,afternoon,weekend,16.4,rainy,indoor,rarely,4,4,4,3,4,5,4,5,3,4,12,12,16,12,16,12,16,25,2.6,8.2,15,0.5,68.6
I1375,U138,balanced,P086,coworking_space_02,synthetic,train,3,3,4,4,4,4,4,4,5,3,computer_lab,online_class,mixed,2_4h,evening,0,1,1,1,1,1,0,1,1,1,1,coworking_space,coding,solo,1_2h,evening,weekday,17.3,clear,indoor,often,3,4,4,4,5,3,4,4,4,4,9,12,16,16,16,16,20,15,2.7,8.6,12,1,59.4
I1376,U138,balanced,P027,study_room_09,synthetic,train,3,3,4,4,4,4,4,4,5,3,computer_lab,online_class,mixed,2_4h,evening,0,1,1,1,1,1,0,1,1,1,1,study_room,report_writing,solo,2_4h,evening,weekend,1.7,hot,indoor,rarely,5,3,3,4,4,3,3,4,3,3,15,9,12,16,12,12,16,15,2.6,0.9,12,1,61.8
I1377,U138,balanced,P004,library_04,synthetic,train,3,3,4,4,4,4,4,4,5,3,computer_lab,online_class,mixed,2_4h,evening,0,1,1,1,1,1,0,1,1,1,1,library,deep_study,solo,over_4h,afternoon,weekday,8.1,clear,indoor,rarely,5,3,3,4,2,4,4,5,3,4,15,9,12,16,16,12,8,20,3.0,4.0,15,0.5,72.6
I1378,U138,balanced,P057,home_03,synthetic,train,3,3,4,4,4,4,4,4,5,3,computer_lab,online_class,mixed,2_4h,evening,0,1,1,1,1,1,0,1,1,1,1,home,coding,solo,1_2h,evening,weekend,5.5,clear,indoor,rarely,3,4,4,4,5,4,5,4,5,4,9,12,16,16,20,20,20,20,2.7,2.8,12,1,77.9
I1379,U138,balanced,P025,study_room_07,synthetic,train,3,3,4,4,4,4,4,4,5,3,computer_lab,online_class,mixed,2_4h,evening,0,1,1,1,1,1,0,1,1,1,1,study_room,team_project,3_4,1_2h,early_morning,weekday,6.4,clear,indoor,often,4,4,3,4,4,4,4,5,4,3,12,12,12,16,16,16,16,20,0.8,3.2,15,0,73.6
I1380,U138,balanced,P036,study_room_18,synthetic,train,3,3,4,4,4,4,4,4,5,3,computer_lab,online_class,mixed,2_4h,evening,0,1,1,1,1,1,0,1,1,1,1,study_room,deep_study,solo,1_2h,evening,weekend,9.6,clear,indoor,rarely,5,4,4,4,4,4,5,4,4,4,15,12,16,16,20,16,16,20,3.0,4.8,12,1,64.2
I1381,U139,comfort_oriented,P091,coworking_space_07,synthetic,test,3,3,4,4,4,4,4,4,5,5,home,light_reading,mostly_solo,2_4h,evening,0,1,1,1,1,1,0,1,1,1,1,coworking_space,online_class,3_4,1_2h,morning,weekday,11.0,hot,indoor,first_time,4,4,4,3,4,5,4,3,3,4,12,12,16,12,16,12,16,25,3.3,5.5,9,0,48.3
I1382,U139,comfort_oriented,P077,computer_lab_03,synthetic,test,3,3,4,4,4,4,4,4,5,5,home,light_reading,mostly_solo,2_4h,evening,0,1,1,1,1,1,0,1,1,1,1,computer_lab,deep_study,solo,2_4h,afternoon,weekday,18.8,hot,indoor,sometimes,4,3,3,3,2,3,4,4,4,4,12,9,12,12,16,16,8,15,5.0,9.4,20,0.5,60.0
I1383,U139,comfort_oriented,P094,coworking_space_10,synthetic,test,3,3,4,4,4,4,4,4,5,5,home,light_reading,mostly_solo,2_4h,evening,0,1,1,1,1,1,0,1,1,1,1,coworking_space,meeting,3_4,1_2h,afternoon,weekday,13.4,clear,indoor,first_time,3,5,3,4,3,4,3,4,4,4,9,15,12,16,12,16,12,20,1.0,6.7,12,0.5,60.4
I1384,U139,comfort_oriented,P068,classroom_06,synthetic,test,3,3,4,4,4,4,4,4,5,5,home,light_reading,mostly_solo,2_4h,evening,0,1,1,1,1,1,0,1,1,1,1,classroom,light_reading,3_4,1_2h,morning,weekday,13.0,rainy,indoor,often,3,4,3,3,2,3,3,4,2,4,9,12,12,12,12,8,8,15,2.3,6.5,12,0,54.7
I1385,U139,comfort_oriented,P027,study_room_09,synthetic,test,3,3,4,4,4,4,4,4,5,5,home,light_reading,mostly_solo,2_4h,evening,0,1,1,1,1,1,0,1,1,1,1,study_room,coding,solo,2_4h,evening,weekday,9.5,cloudy,indoor,first_time,5,3,3,4,4,3,3,5,3,3,15,9,12,16,12,12,16,15,4.5,4.7,25,1,69.7
I1386,U139,comfort_oriented,P026,study_room_08,synthetic,test,3,3,4,4,4,4,4,4,5,5,home,light_reading,mostly_solo,2_4h,evening,0,1,1,1,1,1,0,1,1,1,1,study_room,coding,solo,2_4h,evening,weekday,17.3,cloudy,indoor,sometimes,4,5,4,4,5,4,4,5,4,3,12,15,16,16,16,16,20,20,4.5,8.7,25,1,67.9
I1387,U139,comfort_oriented,P103,dorm_lounge_07,synthetic,test,3,3,4,4,4,4,4,4,5,5,home,light_reading,mostly_solo,2_4h,evening,0,1,1,1,1,1,0,1,1,1,1,dorm_lounge,online_class,solo,1_2h,afternoon,weekend,18.3,clear,indoor,sometimes,3,4,3,3,4,4,5,2,3,3,9,12,12,12,20,12,16,20,3.3,9.2,6,0.5,51.1
I1388,U139,comfort_oriented,P036,study_room_18,synthetic,test,3,3,4,4,4,4,4,4,5,5,home,light_reading,mostly_solo,2_4h,evening,0,1,1,1,1,1,0,1,1,1,1,study_room,team_project,2,2_4h,afternoon,weekday,4.9,clear,indoor,rarely,5,4,4,4,4,4,5,5,4,4,15,12,16,16,20,16,16,20,1.3,2.4,15,0.5,72.2
I1389,U139,comfort_oriented,P053,cafe_17,synthetic,test,3,3,4,4,4,4,4,4,5,5,home,light_reading,mostly_solo,2_4h,evening,0,1,1,1,1,1,0,1,1,1,1,cafe,online_class,3_4,1_2h,evening,weekday,11.4,cloudy,indoor,first_time,3,4,2,2,2,3,3,3,3,3,9,12,8,8,12,12,8,15,3.3,5.7,9,1,49.1
I1390,U139,comfort_oriented,P107,dorm_lounge_11,synthetic,test,3,3,4,4,4,4,4,4,5,5,home,light_reading,mostly_solo,2_4h,evening,0,1,1,1,1,1,0,1,1,1,1,dorm_lounge,light_reading,2,under_1h,morning,weekday,29.2,clear,indoor,often,3,4,3,3,3,4,3,4,3,3,9,12,12,12,12,12,12,20,2.3,14.6,12,0,44.2
I1391,U140,comfort_oriented,P018,library_18,synthetic,train,3,4,4,3,4,4,5,5,5,3,home,online_class,mixed,1_2h,morning,0,1,0,1,1,1,0,1,1,1,0,library,light_reading,solo,1_2h,afternoon,weekday,6.6,clear,indoor,sometimes,5,4,3,4,3,3,4,4,4,3,15,16,12,12,16,20,15,15,1.4,3.3,12,0.5,69.6
I1392,U140,comfort_oriented,P118,outdoor_10,synthetic,train,3,4,4,3,4,4,5,5,5,3,home,online_class,mixed,1_2h,morning,0,1,0,1,1,1,0,1,1,1,0,outdoor,light_reading,solo,2_4h,morning,weekday,5.4,cold,outdoor,first_time,3,5,3,3,3,3,2,4,3,3,9,20,12,9,8,15,15,15,1.4,2.7,12,1,50.0
I1393,U140,comfort_oriented,P012,library_12,synthetic,train,3,4,4,3,4,4,5,5,5,3,home,online_class,mixed,1_2h,morning,0,1,0,1,1,1,0,1,1,1,0,library,coding,solo,2_4h,morning,weekday,4.2,hot,indoor,often,5,4,4,4,3,3,3,3,5,4,15,16,16,12,12,25,15,15,2.7,2.1,9,1,70.8
I1394,U140,comfort_oriented,P031,study_room_13,synthetic,train,3,4,4,3,4,4,5,5,5,3,home,online_class,mixed,1_2h,morning,0,1,0,1,1,1,0,1,1,1,0,study_room,coding,3_4,over_4h,morning,weekday,1.0,clear,indoor,sometimes,5,4,4,4,4,4,4,5,5,4,15,16,16,12,16,25,20,20,2.7,0.5,15,1,76.7
I1395,U140,comfort_oriented,P016,library_16,synthetic,train,3,4,4,3,4,4,5,5,5,3,home,online_class,mixed,1_2h,morning,0,1,0,1,1,1,0,1,1,1,0,library,deep_study,solo,over_4h,afternoon,weekday,15.3,rainy,indoor,rarely,5,4,3,5,3,4,3,4,4,4,15,16,12,15,12,20,15,20,3.0,7.6,12,0.5,47.5
I1396,U140,comfort_oriented,P001,library_01,synthetic,train,3,4,4,3,4,4,5,5,5,3,home,online_class,mixed,1_2h,morning,0,1,0,1,1,1,0,1,1,1,0,library,coding,solo,over_4h,morning,weekday,14.5,clear,indoor,sometimes,5,4,4,5,2,3,4,4,4,4,15,16,16,15,16,20,10,15,2.7,7.2,12,1,65.4
I1397,U140,comfort_oriented,P039,cafe_03,synthetic,train,3,4,4,3,4,4,5,5,5,3,home,online_class,mixed,1_2h,morning,0,1,0,1,1,1,0,1,1,1,0,cafe,online_class,solo,under_1h,evening,weekday,9.7,clear,indoor,sometimes,3,4,2,3,2,4,3,3,4,4,9,16,8,9,12,20,10,20,2.0,4.8,9,0,62.6
I1398,U140,comfort_oriented,P007,library_07,synthetic,train,3,4,4,3,4,4,5,5,5,3,home,online_class,mixed,1_2h,morning,0,1,0,1,1,1,0,1,1,1,0,library,light_reading,solo,2_4h,morning,weekday,8.2,clear,indoor,rarely,5,4,3,4,3,3,4,4,4,4,15,16,12,12,16,20,15,15,1.4,4.1,12,1,67.1
I1399,U140,comfort_oriented,P022,study_room_04,synthetic,train,3,4,4,3,4,4,5,5,5,3,home,online_class,mixed,1_2h,morning,0,1,0,1,1,1,0,1,1,1,0,study_room,online_class,solo,1_2h,evening,weekday,16.9,cloudy,indoor,sometimes,4,5,3,4,5,3,4,4,4,4,12,20,12,12,16,20,25,15,2.0,8.5,12,0,67.7
I1400,U140,comfort_oriented,P109,outdoor_01,synthetic,train,3,4,4,3,4,4,5,5,5,3,home,online_class,mixed,1_2h,morning,0,1,0,1,1,1,0,1,1,1,0,outdoor,team_project,2,2_4h,afternoon,weekday,15.8,clear,outdoor,often,2,5,3,3,2,3,1,2,3,3,6,20,12,9,4,15,10,15,0.8,7.9,6,0.5,59.2
I1401,U141,convenience_oriented,P051,cafe_15,synthetic,train,3,3,3,3,4,5,4,3,4,3,dorm_lounge,coding,mixed,over_4h,afternoon,0,0,0,1,1,1,0,1,1,1,0,cafe,online_class,2,over_4h,evening,weekday,10.2,clear,indoor,often,3,4,2,3,3,4,3,3,4,3,9,12,6,9,12,16,9,16,2.0,6.4,9,0.5,40.8
I1402,U141,convenience_oriented,P034,study_room_16,synthetic,train,3,3,3,3,4,5,4,3,4,3,dorm_lounge,coding,mixed,over_4h,afternoon,0,0,0,1,1,1,0,1,1,1,0,study_room,deep_study,solo,2_4h,afternoon,weekend,10.7,rainy,indoor,first_time,4,4,4,4,4,3,4,5,5,3,12,12,12,12,16,20,12,12,3.0,6.7,15,1,69.4
I1403,U141,convenience_oriented,P019,study_room_01,synthetic,train,3,3,3,3,4,5,4,3,4,3,dorm_lounge,coding,mixed,over_4h,afternoon,0,0,0,1,1,1,0,1,1,1,0,study_room,coding,solo,2_4h,afternoon,weekday,17.0,clear,indoor,sometimes,4,3,4,4,3,4,4,4,4,4,12,9,12,12,16,16,9,16,2.7,10.7,12,1,57.8
I1404,U141,convenience_oriented,P084,computer_lab_10,synthetic,train,3,3,3,3,4,5,4,3,4,3,dorm_lounge,coding,mixed,over_4h,afternoon,0,0,0,1,1,1,0,1,1,1,0,computer_lab,light_reading,solo,1_2h,morning,weekday,12.3,hot,indoor,sometimes,4,4,3,4,3,3,4,2,3,2,12,12,9,12,16,12,9,12,1.4,7.7,6,0.5,48.0
I1405,U141,convenience_oriented,P098,dorm_lounge_02,synthetic,train,3,3,3,3,4,5,4,3,4,3,dorm_lounge,coding,mixed,over_4h,afternoon,0,0,0,1,1,1,0,1,1,1,0,dorm_lounge,meeting,3_4,2_4h,afternoon,weekend,25.2,cloudy,indoor,often,3,4,3,2,3,4,4,4,4,3,9,12,9,6,16,16,9,16,0.6,15.7,12,1,54.6
I1406,U141,convenience_oriented,P017,library_17,synthetic,train,3,3,3,3,4,5,4,3,4,3,dorm_lounge,coding,mixed,over_4h,afternoon,0,0,0,1,1,1,0,1,1,1,0,library,deep_study,2,2_4h,morning,weekend,11.4,hot,indoor,sometimes,5,4,4,5,3,3,4,5,5,4,15,12,12,15,16,20,9,12,3.0,7.1,15,0.5,61.1
I1407,U141,convenience_oriented,P116,outdoor_08,synthetic,train,3,3,3,3,4,5,4,3,4,3,dorm_lounge,coding,mixed,over_4h,afternoon,0,0,0,1,1,1,0,1,1,1,0,outdoor,team_project,3_4,under_1h,afternoon,weekend,13.2,rainy,outdoor,sometimes,3,5,3,3,2,2,1,3,3,3,9,15,9,9,4,12,6,8,0.8,8.3,9,1,34.8
I1408,U141,convenience_oriented,P029,study_room_11,synthetic,train,3,3,3,3,4,5,4,3,4,3,dorm_lounge,coding,mixed,over_4h,afternoon,0,0,0,1,1,1,0,1,1,1,0,study_room,report_writing,solo,over_4h,morning,weekday,12.4,hot,indoor,sometimes,4,4,3,4,2,4,4,4,4,3,12,12,9,12,16,16,6,16,2.6,7.7,12,0.5,50.9
I1409,U141,convenience_oriented,P003,library_03,synthetic,train,3,3,3,3,4,5,4,3,4,3,dorm_lounge,coding,mixed,over_4h,afternoon,0,0,0,1,1,1,0,1,1,1,0,library,light_reading,solo,1_2h,afternoon,weekday,5.1,clear,indoor,sometimes,5,3,4,5,3,3,4,5,4,4,15,9,12,15,16,16,9,12,1.4,3.2,15,1,64.4
I1410,U141,convenience_oriented,P115,outdoor_07,synthetic,train,3,3,3,3,4,5,4,3,4,3,dorm_lounge,coding,mixed,over_4h,afternoon,0,0,0,1,1,1,0,1,1,1,0,outdoor,online_class,2,1_2h,afternoon,weekday,19.0,clear,outdoor,first_time,3,4,3,3,1,3,1,2,2,3,9,12,9,9,4,8,3,12,2.0,11.9,6,1,41.8
I1411,U142,balanced,P024,study_room_06,synthetic,train,4,4,5,4,4,4,3,4,5,4,study_room,online_class,mostly_solo,2_4h,afternoon,1,1,1,0,1,1,1,1,1,1,1,study_room,coding,solo,1_2h,morning,weekend,3.7,clear,indoor,sometimes,4,4,3,4,3,4,4,5,4,3,16,16,15,16,16,12,12,20,3.6,1.8,20,0.5,84.5
I1412,U142,balanced,P064,classroom_02,synthetic,train,4,4,5,4,4,4,3,4,5,4,study_room,online_class,mostly_solo,2_4h,afternoon,1,1,1,0,1,1,1,1,1,1,1,classroom,light_reading,solo,under_1h,late_night,weekend,8.0,cloudy,indoor,rarely,4,4,3,3,3,3,3,3,3,3,16,16,15,12,12,9,12,15,1.8,4.0,9,0,61.4
I1413,U142,balanced,P011,library_11,synthetic,train,4,4,5,4,4,4,3,4,5,4,study_room,online_class,mostly_solo,2_4h,afternoon,1,1,1,0,1,1,1,1,1,1,1,library,deep_study,solo,1_2h,afternoon,weekday,15.5,clear,indoor,rarely,5,4,4,4,2,4,4,5,4,3,20,16,20,16,16,12,8,20,4.0,7.8,20,1,72.2
I1414,U142,balanced,P035,study_room_17,synthetic,train,4,4,5,4,4,4,3,4,5,4,study_room,online_class,mostly_solo,2_4h,afternoon,1,1,1,0,1,1,1,1,1,1,1,study_room,coding,solo,1_2h,evening,weekend,2.0,cloudy,indoor,sometimes,4,4,4,4,3,4,5,4,4,3,16,16,20,16,20,12,12,20,3.6,1.0,16,0.5,68.9
I1415,U142,balanced,P018,library_18,synthetic,train,4,4,5,4,4,4,3,4,5,4,study_room,online_class,mostly_solo,2_4h,afternoon,1,1,1,0,1,1,1,1,1,1,1,library,meeting,5_plus,1_2h,afternoon,weekday,7.4,cloudy,indoor,sometimes,5,4,3,4,3,3,4,3,4,3,20,16,15,16,16,12,12,15,0.8,3.7,9,1,66.8
I1416,U142,balanced,P066,classroom_04,synthetic,train,4,4,5,4,4,4,3,4,5,4,study_room,online_class,mostly_solo,2_4h,afternoon,1,1,1,0,1,1,1,1,1,1,1,classroom,deep_study,solo,2_4h,evening,weekday,7.2,hot,indoor,sometimes,3,4,4,3,3,3,4,3,3,4,12,16,20,12,16,9,12,15,4.0,3.6,12,0.5,70.4
I1417,U142,balanced,P117,outdoor_09,synthetic,train,4,4,5,4,4,4,3,4,5,4,study_room,online_class,mostly_solo,2_4h,afternoon,1,1,1,0,1,1,1,1,1,1,1,outdoor,online_class,solo,under_1h,morning,weekday,11.8,cloudy,outdoor,first_time,2,5,3,3,2,3,1,2,3,3,8,20,15,12,4,9,8,15,2.6,5.9,6,0.5,47.2
I1418,U142,balanced,P059,home_05,synthetic,train,4,4,5,4,4,4,3,4,5,4,study_room,online_class,mostly_solo,2_4h,afternoon,1,1,1,0,1,1,1,1,1,1,1,home,light_reading,solo,2_4h,evening,weekday,10.4,cloudy,indoor,sometimes,4,5,5,4,5,4,4,5,5,5,16,20,25,16,16,15,20,20,1.8,5.2,15,0.5,78.8
I1419,U142,balanced,P093,coworking_space_09,synthetic,train,4,4,5,4,4,4,3,4,5,4,study_room,online_class,mostly_solo,2_4h,afternoon,1,1,1,0,1,1,1,1,1,1,1,coworking_space,light_reading,solo,under_1h,evening,weekend,7.9,cloudy,indoor,sometimes,3,4,2,3,4,4,4,4,4,3,12,16,10,12,16,12,16,20,1.8,4.0,12,0.5,67.5
I1420,U142,balanced,P115,outdoor_07,synthetic,train,4,4,5,4,4,4,3,4,5,4,study_room,online_class,mostly_solo,2_4h,afternoon,1,1,1,0,1,1,1,1,1,1,1,outdoor,team_project,3_4,2_4h,afternoon,weekend,16.7,cloudy,outdoor,sometimes,3,4,3,3,1,3,1,3,2,3,12,16,15,12,4,6,4,15,1.0,8.4,9,1,56.3
I1421,U143,social_collaborative,P036,study_room_18,synthetic,test,3,5,3,3,4,3,3,3,4,3,study_room,online_class,mostly_group,1_2h,late_night,0,0,0,0,1,0,0,1,0,1,0,study_room,light_reading,solo,under_1h,late_night,weekend,8.4,cloudy,indoor,often,5,4,4,4,4,4,5,4,4,4,15,20,12,12,20,12,12,16,1.4,3.1,12,1,75.6
I1422,U143,social_collaborative,P038,cafe_02,synthetic,test,3,5,3,3,4,3,3,3,4,3,study_room,online_class,mostly_group,1_2h,late_night,0,0,0,0,1,0,0,1,0,1,0,cafe,team_project,2,1_2h,afternoon,weekday,22.7,clear,indoor,sometimes,2,4,3,2,2,4,3,4,3,3,6,20,9,6,12,9,6,16,0.8,8.5,12,0,45.7
I1423,U143,social_collaborative,P091,coworking_space_07,synthetic,test,3,5,3,3,4,3,3,3,4,3,study_room,online_class,mostly_group,1_2h,late_night,0,0,0,0,1,0,0,1,0,1,0,coworking_space,team_project,5_plus,2_4h,late_night,weekday,19.6,rainy,indoor,first_time,4,4,4,3,4,5,4,5,3,4,12,20,12,9,16,9,12,20,0.8,7.4,15,1,72.6
I1424,U143,social_collaborative,P067,classroom_05,synthetic,test,3,5,3,3,4,3,3,3,4,3,study_room,online_class,mostly_group,1_2h,late_night,0,0,0,0,1,0,0,1,0,1,0,classroom,deep_study,solo,2_4h,evening,weekday,10.8,cloudy,indoor,sometimes,3,4,3,3,3,2,3,3,3,3,9,20,9,9,12,9,9,8,3.0,4.1,9,0.5,44.6
I1425,U143,social_collaborative,P085,coworking_space_01,synthetic,test,3,5,3,3,4,3,3,3,4,3,study_room,online_class,mostly_group,1_2h,late_night,0,0,0,0,1,0,0,1,0,1,0,coworking_space,online_class,solo,2_4h,evening,weekday,1.0,clear,indoor,rarely,3,5,2,3,4,3,4,4,4,3,9,25,6,9,16,12,12,12,2.0,0.4,12,0.5,66.9
I1426,U143,social_collaborative,P013,library_13,synthetic,test,3,5,3,3,4,3,3,3,4,3,study_room,online_class,mostly_group,1_2h,late_night,0,0,0,0,1,0,0,1,0,1,0,library,team_project,3_4,1_2h,late_night,weekday,2.0,rainy,indoor,sometimes,5,4,4,4,3,3,5,4,4,4,15,20,12,12,20,12,9,12,0.8,0.7,12,1,68.3
I1427,U143,social_collaborative,P023,study_room_05,synthetic,test,3,5,3,3,4,3,3,3,4,3,study_room,online_class,mostly_group,1_2h,late_night,0,0,0,0,1,0,0,1,0,1,0,study_room,meeting,5_plus,2_4h,late_night,weekday,24.8,cloudy,indoor,sometimes,5,4,3,4,4,4,3,4,4,4,15,20,9,12,12,12,12,16,0.6,9.3,12,1,62.2
I1428,U143,social_collaborative,P086,coworking_space_02,synthetic,test,3,5,3,3,4,3,3,3,4,3,study_room,online_class,mostly_group,1_2h,late_night,0,0,0,0,1,0,0,1,0,1,0,coworking_space,light_reading,solo,1_2h,late_night,weekend,18.4,cloudy,indoor,sometimes,3,4,4,4,5,3,4,4,4,4,9,20,12,12,16,12,15,12,1.4,6.9,12,1,63.9
I1429,U143,social_collaborative,P045,cafe_09,synthetic,test,3,5,3,3,4,3,3,3,4,3,study_room,online_class,mostly_group,1_2h,late_night,0,0,0,0,1,0,0,1,0,1,0,cafe,report_writing,5_plus,over_4h,morning,weekday,1.4,clear,indoor,sometimes,2,3,2,2,3,3,3,3,3,3,6,15,6,6,12,9,9,12,2.6,0.5,9,0,42.1
I1430,U143,social_collaborative,P098,dorm_lounge_02,synthetic,test,3,5,3,3,4,3,3,3,4,3,study_room,online_class,mostly_group,1_2h,late_night,0,0,0,0,1,0,0,1,0,1,0,dorm_lounge,online_class,solo,1_2h,late_night,weekday,16.3,clear,indoor,rarely,3,4,3,2,3,4,4,3,4,3,9,20,9,6,16,12,9,16,2.0,6.1,9,1,59.7
I1431,U144,convenience_oriented,P082,computer_lab_08,synthetic,test,4,4,3,3,4,5,4,4,4,3,study_room,online_class,mixed,1_2h,afternoon,1,0,0,1,1,1,1,1,1,1,0,computer_lab,team_project,3_4,under_1h,afternoon,weekday,6.4,clear,indoor,sometimes,3,4,4,4,3,3,5,4,3,3,12,16,12,12,20,12,12,12,0.8,4.0,12,1,73.3
I1432,U144,convenience_oriented,P079,computer_lab_05,synthetic,test,4,4,3,3,4,5,4,4,4,3,study_room,online_class,mixed,1_2h,afternoon,1,0,0,1,1,1,1,1,1,1,0,computer_lab,team_project,3_4,2_4h,afternoon,weekday,6.9,rainy,indoor,sometimes,4,4,3,3,3,4,5,4,4,3,16,16,9,9,20,16,12,16,0.8,4.3,12,1,80.5
I1433,U144,convenience_oriented,P079,computer_lab_05,synthetic,test,4,4,3,3,4,5,4,4,4,3,study_room,online_class,mixed,1_2h,afternoon,1,0,0,1,1,1,1,1,1,1,0,computer_lab,online_class,solo,2_4h,late_night,weekday,4.9,cloudy,indoor,often,4,4,3,3,3,4,5,4,4,3,16,16,9,9,20,16,12,16,2.0,3.0,12,0,60.0
I1434,U144,convenience_oriented,P057,home_03,synthetic,test,4,4,3,3,4,5,4,4,4,3,study_room,online_class,mixed,1_2h,afternoon,1,0,0,1,1,1,1,1,1,1,0,home,report_writing,solo,2_4h,afternoon,weekday,10.4,clear,indoor,often,3,4,4,4,5,4,5,5,5,4,12,16,12,12,20,20,20,16,2.6,6.5,15,1,69.5
I1435,U144,convenience_oriented,P024,study_room_06,synthetic,test,4,4,3,3,4,5,4,4,4,3,study_room,online_class,mixed,1_2h,afternoon,1,0,0,1,1,1,1,1,1,1,0,study_room,online_class,solo,1_2h,morning,weekend,7.9,hot,indoor,often,4,4,3,4,3,4,4,4,4,3,16,16,9,12,16,16,12,16,2.0,5.0,12,0.5,73.3
I1436,U144,convenience_oriented,P022,study_room_04,synthetic,test,4,4,3,3,4,5,4,4,4,3,study_room,online_class,mixed,1_2h,afternoon,1,0,0,1,1,1,1,1,1,1,0,study_room,deep_study,solo,2_4h,afternoon,weekday,14.9,clear,indoor,sometimes,4,5,3,4,5,3,4,4,4,4,16,20,9,12,16,16,20,12,3.0,9.3,12,1,63.3
I1437,U144,convenience_oriented,P015,library_15,synthetic,test,4,4,3,3,4,5,4,4,4,3,study_room,online_class,mixed,1_2h,afternoon,1,0,0,1,1,1,1,1,1,1,0,library,coding,solo,1_2h,late_night,weekday,13.5,clear,indoor,rarely,4,4,4,5,2,4,3,4,4,4,16,16,12,15,12,16,8,16,2.7,8.4,12,0,58.2
I1438,U144,convenience_oriented,P023,study_room_05,synthetic,test,4,4,3,3,4,5,4,4,4,3,study_room,online_class,mixed,1_2h,afternoon,1,0,0,1,1,1,1,1,1,1,0,study_room,light_reading,solo,2_4h,afternoon,weekday,19.2,cold,indoor,often,5,4,3,4,4,4,3,4,4,4,20,16,9,12,12,16,16,16,1.4,12.0,12,1,69.1
I1439,U144,convenience_oriented,P012,library_12,synthetic,test,4,4,3,3,4,5,4,4,4,3,study_room,online_class,mixed,1_2h,afternoon,1,0,0,1,1,1,1,1,1,1,0,library,report_writing,solo,2_4h,afternoon,weekday,4.0,hot,indoor,sometimes,5,4,4,4,3,3,3,4,5,4,20,16,12,12,12,20,12,12,2.6,2.5,12,1,64.1
I1440,U144,convenience_oriented,P033,study_room_15,synthetic,test,4,4,3,3,4,5,4,4,4,3,study_room,online_class,mixed,1_2h,afternoon,1,0,0,1,1,1,1,1,1,1,0,study_room,online_class,2,1_2h,afternoon,weekend,4.4,rainy,indoor,rarely,5,3,4,3,4,4,4,4,5,4,20,12,12,9,16,20,16,16,2.0,2.7,12,1,75.1
I1441,U145,social_collaborative,P054,cafe_18,synthetic,train,4,5,2,3,4,3,3,4,5,3,library,meeting,mostly_group,1_2h,late_night,1,0,0,0,1,0,1,1,0,1,0,cafe,online_class,solo,2_4h,late_night,weekend,13.4,clear,indoor,rarely,3,5,2,3,2,3,3,3,4,3,12,25,4,9,12,12,8,15,2.0,5.0,9,1,55.6
I1442,U145,social_collaborative,P103,dorm_lounge_07,synthetic,train,4,5,2,3,4,3,3,4,5,3,library,meeting,mostly_group,1_2h,late_night,1,0,0,0,1,0,1,1,0,1,0,dorm_lounge,report_writing,solo,2_4h,late_night,weekday,14.3,rainy,indoor,sometimes,3,4,3,3,4,4,5,3,3,3,12,20,6,9,20,9,16,20,2.6,5.4,9,1,59.9
I1443,U145,social_collaborative,P011,library_11,synthetic,train,4,5,2,3,4,3,3,4,5,3,library,meeting,mostly_group,1_2h,late_night,1,0,0,0,1,0,1,1,0,1,0,library,team_project,3_4,over_4h,evening,weekday,13.9,cloudy,indoor,sometimes,5,4,4,4,2,4,4,3,4,3,20,20,8,12,16,12,8,20,0.8,5.2,9,0.5,69.6
I1444,U145,social_collaborative,P087,coworking_space_03,synthetic,train,4,5,2,3,4,3,3,4,5,3,library,meeting,mostly_group,1_2h,late_night,1,0,0,0,1,0,1,1,0,1,0,coworking_space,meeting,2,1_2h,afternoon,weekday,18.6,clear,indoor,often,4,4,3,2,5,4,4,5,4,4,16,20,6,6,16,12,20,20,0.6,7.0,15,0,72.6
I1445,U145,social_collaborative,P048,cafe_12,synthetic,train,4,5,2,3,4,3,3,4,5,3,library,meeting,mostly_group,1_2h,late_night,1,0,0,0,1,0,1,1,0,1,0,cafe,deep_study,solo,2_4h,morning,weekday,4.4,clear,indoor,sometimes,2,5,2,3,1,4,3,3,3,3,8,25,4,9,12,9,4,20,3.0,1.6,9,0,46.5
I1446,U145,social_collaborative,P073,classroom_11,synthetic,train,4,5,2,3,4,3,3,4,5,3,library,meeting,mostly_group,1_2h,late_night,1,0,0,0,1,0,1,1,0,1,0,classroom,team_project,5_plus,over_4h,late_night,weekend,14.9,cold,indoor,often,4,5,3,3,4,3,3,3,3,4,16,25,6,9,12,9,16,15,0.8,5.6,9,1,58.6
I1447,U145,social_collaborative,P016,library_16,synthetic,train,4,5,2,3,4,3,3,4,5,3,library,meeting,mostly_group,1_2h,late_night,1,0,0,0,1,0,1,1,0,1,0,library,report_writing,solo,1_2h,evening,weekend,9.7,clear,indoor,sometimes,5,4,3,5,3,4,3,5,4,4,20,20,6,15,12,12,12,20,2.6,3.6,15,0.5,76.1
I1448,U145,social_collaborative,P038,cafe_02,synthetic,train,4,5,2,3,4,3,3,4,5,3,library,meeting,mostly_group,1_2h,late_night,1,0,0,0,1,0,1,1,0,1,0,cafe,team_project,5_plus,1_2h,afternoon,weekend,28.8,clear,indoor,sometimes,2,4,3,2,2,4,3,4,3,3,8,20,6,6,12,9,8,20,0.8,10.8,12,0,70.8
I1449,U145,social_collaborative,P097,dorm_lounge_01,synthetic,train,4,5,2,3,4,3,3,4,5,3,library,meeting,mostly_group,1_2h,late_night,1,0,0,0,1,0,1,1,0,1,0,dorm_lounge,online_class,3_4,over_4h,late_night,weekday,10.1,clear,indoor,sometimes,3,3,3,2,3,4,5,3,4,2,12,15,6,6,20,12,12,20,2.0,3.8,9,1,57.2
I1450,U145,social_collaborative,P089,coworking_space_05,synthetic,train,4,5,2,3,4,3,3,4,5,3,library,meeting,mostly_group,1_2h,late_night,1,0,0,0,1,0,1,1,0,1,0,coworking_space,team_project,5_plus,2_4h,evening,weekday,20.5,clear,indoor,sometimes,3,5,4,3,4,4,5,4,4,3,12,25,8,9,20,12,16,20,0.8,7.7,12,0.5,70.0
I1451,U146,balanced,P037,cafe_01,synthetic,train,4,4,4,3,4,3,4,4,4,4,classroom,report_writing,mostly_solo,2_4h,early_morning,1,1,0,1,1,0,1,1,0,1,0,cafe,meeting,2,over_4h,morning,weekday,9.6,clear,indoor,sometimes,3,4,2,2,2,4,3,3,4,4,12,16,8,6,12,16,8,16,0.8,3.6,9,0.5,69.6
I1452,U146,balanced,P082,computer_lab_08,synthetic,train,4,4,4,3,4,3,4,4,4,4,classroom,report_writing,mostly_solo,2_4h,early_morning,1,1,0,1,1,0,1,1,0,1,0,computer_lab,light_reading,5_plus,1_2h,afternoon,weekday,1.7,hot,indoor,often,3,4,4,4,3,3,5,2,3,3,12,16,16,12,20,12,12,12,1.8,0.6,6,0,63.8
I1453,U146,balanced,P031,study_room_13,synthetic,train,4,4,4,3,4,3,4,4,4,4,classroom,report_writing,mostly_solo,2_4h,early_morning,1,1,0,1,1,0,1,1,0,1,0,study_room,deep_study,solo,1_2h,early_morning,weekend,1.0,clear,indoor,sometimes,5,4,4,4,4,4,4,5,5,4,20,16,16,12,16,20,16,16,4.0,0.4,20,1,81.4
I1454,U146,balanced,P077,computer_lab_03,synthetic,train,4,4,4,3,4,3,4,4,4,4,classroom,report_writing,mostly_solo,2_4h,early_morning,1,1,0,1,1,0,1,1,0,1,0,computer_lab,deep_study,solo,2_4h,early_morning,weekday,21.7,rainy,indoor,often,4,3,3,3,2,3,4,3,4,4,16,12,12,9,16,16,8,12,4.0,8.1,12,1,64.7
I1455,U146,balanced,P018,library_18,synthetic,train,4,4,4,3,4,3,4,4,4,4,classroom,report_writing,mostly_solo,2_4h,early_morning,1,1,0,1,1,0,1,1,0,1,0,library,coding,solo,2_4h,evening,weekday,13.1,clear,indoor,often,5,4,3,4,3,3,4,4,4,3,20,16,12,12,16,16,12,12,3.6,4.9,16,0,71.6
I1456,U146,balanced,P010,library_10,synthetic,train,4,4,4,3,4,3,4,4,4,4,classroom,report_writing,mostly_solo,2_4h,early_morning,1,1,0,1,1,0,1,1,0,1,0,library,coding,solo,over_4h,early_morning,weekend,8.4,clear,indoor,first_time,5,5,4,4,3,4,4,5,4,5,20,20,16,12,16,16,12,16,3.6,3.2,20,1,75.1
I1457,U146,balanced,P046,cafe_10,synthetic,train,4,4,4,3,4,3,4,4,4,4,classroom,report_writing,mostly_solo,2_4h,early_morning,1,1,0,1,1,0,1,1,0,1,0,cafe,coding,2,over_4h,late_night,weekday,11.6,clear,indoor,rarely,3,4,2,3,2,4,3,3,3,3,12,16,8,9,12,12,8,16,3.6,4.4,12,0,54.8
I1458,U146,balanced,P036,study_room_18,synthetic,train,4,4,4,3,4,3,4,4,4,4,classroom,report_writing,mostly_solo,2_4h,early_morning,1,1,0,1,1,0,1,1,0,1,0,study_room,report_writing,solo,2_4h,early_morning,weekday,11.6,cold,indoor,rarely,5,4,4,4,4,4,5,4,4,4,20,16,16,12,20,16,16,16,3.4,4.3,16,1,75.8
I1459,U146,balanced,P021,study_room_03,synthetic,train,4,4,4,3,4,3,4,4,4,4,classroom,report_writing,mostly_solo,2_4h,early_morning,1,1,0,1,1,0,1,1,0,1,0,study_room,online_class,solo,under_1h,late_night,weekday,21.5,cloudy,indoor,sometimes,5,4,4,4,3,4,4,4,4,2,20,16,16,12,16,16,12,16,2.6,8.1,12,0,64.7
I1460,U146,balanced,P027,study_room_09,synthetic,train,4,4,4,3,4,3,4,4,4,4,classroom,report_writing,mostly_solo,2_4h,early_morning,1,1,0,1,1,0,1,1,0,1,0,study_room,meeting,3_4,1_2h,afternoon,weekday,8.0,rainy,indoor,sometimes,5,3,3,4,4,3,3,4,3,3,20,12,12,12,12,12,16,12,0.8,3.0,12,0,54.8
I1461,U147,balanced,P118,outdoor_10,synthetic,valid,3,3,5,4,4,4,3,4,4,5,home,report_writing,mostly_solo,2_4h,evening,0,1,1,0,1,1,0,1,1,1,1,outdoor,coding,solo,1_2h,evening,weekday,9.8,cold,outdoor,sometimes,3,5,3,3,3,3,2,1,3,3,9,15,15,12,8,9,12,12,4.5,4.9,5,1,46.0
I1462,U147,balanced,P108,dorm_lounge_12,synthetic,valid,3,3,5,4,4,4,3,4,4,5,home,report_writing,mostly_solo,2_4h,evening,0,1,1,0,1,1,0,1,1,1,1,dorm_lounge,report_writing,solo,1_2h,morning,weekday,8.0,clear,indoor,rarely,2,4,3,3,3,3,3,3,3,3,6,12,15,12,12,9,12,12,4.3,4.0,15,0,43.3
I1463,U147,balanced,P007,library_07,synthetic,valid,3,3,5,4,4,4,3,4,4,5,home,report_writing,mostly_solo,2_4h,evening,0,1,1,0,1,1,0,1,1,1,1,library,coding,2,2_4h,evening,weekday,12.1,clear,indoor,first_time,5,4,3,4,3,3,4,4,4,4,15,12,15,16,16,12,12,12,4.5,6.0,20,1,68.4
I1464,U147,balanced,P099,dorm_lounge_03,synthetic,valid,3,3,5,4,4,4,3,4,4,5,home,report_writing,mostly_solo,2_4h,evening,0,1,1,0,1,1,0,1,1,1,1,dorm_lounge,light_reading,solo,2_4h,evening,weekday,5.2,clear,indoor,often,4,4,3,3,3,3,4,4,3,3,12,12,15,12,16,9,12,12,2.3,2.6,12,1,55.2
I1465,U147,balanced,P044,cafe_08,synthetic,valid,3,3,5,4,4,4,3,4,4,5,home,report_writing,mostly_solo,2_4h,evening,0,1,1,0,1,1,0,1,1,1,1,cafe,deep_study,solo,2_4h,evening,weekday,15.7,clear,indoor,often,3,4,3,4,2,4,3,2,4,2,9,12,15,16,12,12,8,16,5.0,7.8,10,1,73.5
I1466,U147,balanced,P035,study_room_17,synthetic,valid,3,3,5,4,4,4,3,4,4,5,home,report_writing,mostly_solo,2_4h,evening,0,1,1,0,1,1,0,1,1,1,1,study_room,online_class,solo,1_2h,late_night,weekend,9.4,cold,indoor,rarely,4,4,4,4,3,4,5,4,4,3,12,12,20,16,20,12,12,16,3.3,4.7,12,0.5,54.3
I1467,U147,balanced,P114,outdoor_06,synthetic,valid,3,3,5,4,4,4,3,4,4,5,home,report_writing,mostly_solo,2_4h,evening,0,1,1,0,1,1,0,1,1,1,1,outdoor,coding,solo,over_4h,afternoon,weekday,11.0,clear,outdoor,often,3,4,3,3,2,2,1,1,3,3,9,12,15,12,4,9,8,8,4.5,5.5,5,0.5,47.6
I1468,U147,balanced,P016,library_16,synthetic,valid,3,3,5,4,4,4,3,4,4,5,home,report_writing,mostly_solo,2_4h,evening,0,1,1,0,1,1,0,1,1,1,1,library,coding,solo,over_4h,morning,weekday,11.9,rainy,indoor,sometimes,5,4,3,5,3,4,3,4,4,4,15,12,15,20,12,12,12,16,4.5,5.9,20,0,67.8
I1469,U147,balanced,P087,coworking_space_03,synthetic,valid,3,3,5,4,4,4,3,4,4,5,home,report_writing,mostly_solo,2_4h,evening,0,1,1,0,1,1,0,1,1,1,1,coworking_space,report_writing,5_plus,2_4h,late_night,weekday,13.5,cold,indoor,first_time,4,4,3,2,5,4,4,5,4,4,12,12,15,8,16,12,20,16,4.3,6.7,25,0.5,60.9
I1470,U147,balanced,P022,study_room_04,synthetic,valid,3,3,5,4,4,4,3,4,4,5,home,report_writing,mostly_solo,2_4h,evening,0,1,1,0,1,1,0,1,1,1,1,study_room,online_class,solo,2_4h,afternoon,weekday,15.6,clear,indoor,sometimes,4,5,3,4,5,3,4,4,4,4,12,15,15,16,16,12,20,12,3.3,7.8,12,0.5,66.6
I1471,U148,quiet_deepwork,P052,cafe_16,synthetic,train,4,4,5,4,4,3,4,4,4,5,library,coding,mostly_solo,1_2h,evening,1,1,1,1,1,0,1,1,0,1,1,cafe,team_project,5_plus,under_1h,evening,weekday,9.9,hot,indoor,first_time,3,5,3,2,2,3,3,4,4,3,12,20,15,8,12,16,8,12,1.3,3.7,12,1,72.7
I1472,U148,quiet_deepwork,P008,library_08,synthetic,train,4,4,5,4,4,3,4,4,4,5,library,coding,mostly_solo,1_2h,evening,1,1,1,1,1,0,1,1,0,1,1,library,deep_study,solo,1_2h,afternoon,weekday,15.8,cloudy,indoor,sometimes,5,5,4,4,2,3,4,5,4,4,20,20,20,16,16,16,8,12,5.0,5.9,25,0.5,78.2
I1473,U148,quiet_deepwork,P026,study_room_08,synthetic,train,4,4,5,4,4,3,4,4,4,5,library,coding,mostly_solo,1_2h,evening,1,1,1,1,1,0,1,1,0,1,1,study_room,meeting,2,1_2h,afternoon,weekday,19.2,hot,indoor,often,4,5,4,4,5,4,4,5,4,3,16,20,20,16,16,16,20,16,1.0,7.2,15,0.5,61.0
I1474,U148,quiet_deepwork,P022,study_room_04,synthetic,train,4,4,5,4,4,3,4,4,4,5,library,coding,mostly_solo,1_2h,evening,1,1,1,1,1,0,1,1,0,1,1,study_room,deep_study,solo,2_4h,afternoon,weekday,4.7,clear,indoor,sometimes,4,5,3,4,5,3,4,4,4,4,16,20,15,16,16,16,20,12,5.0,1.8,20,0.5,70.3
I1475,U148,quiet_deepwork,P028,study_room_10,synthetic,train,4,4,5,4,4,3,4,4,4,5,library,coding,mostly_solo,1_2h,evening,1,1,1,1,1,0,1,1,0,1,1,study_room,team_project,3_4,1_2h,afternoon,weekday,18.1,cloudy,indoor,often,4,4,3,3,4,4,5,4,4,3,16,16,15,12,20,16,16,16,1.3,6.8,12,0.5,76.3
I1476,U148,quiet_deepwork,P015,library_15,synthetic,train,4,4,5,4,4,3,4,4,4,5,library,coding,mostly_solo,1_2h,evening,1,1,1,1,1,0,1,1,0,1,1,library,coding,solo,2_4h,afternoon,weekday,11.8,clear,indoor,sometimes,4,4,4,5,2,4,3,4,4,4,16,16,20,20,12,16,8,16,4.5,4.4,20,0.5,93.7
I1477,U148,quiet_deepwork,P004,library_04,synthetic,train,4,4,5,4,4,3,4,4,4,5,library,coding,mostly_solo,1_2h,evening,1,1,1,1,1,0,1,1,0,1,1,library,online_class,solo,under_1h,afternoon,weekday,1.7,clear,indoor,sometimes,5,3,3,4,2,4,4,3,3,4,20,12,15,16,16,12,8,16,3.3,0.6,9,0.5,72.9
I1478,U148,quiet_deepwork,P015,library_15,synthetic,train,4,4,5,4,4,3,4,4,4,5,library,coding,mostly_solo,1_2h,evening,1,1,1,1,1,0,1,1,0,1,1,library,deep_study,solo,2_4h,early_morning,weekday,5.8,clear,indoor,sometimes,4,4,4,5,2,4,3,4,4,4,16,16,20,20,12,16,8,16,5.0,2.2,20,0,75.7
I1479,U148,quiet_deepwork,P001,library_01,synthetic,train,4,4,5,4,4,3,4,4,4,5,library,coding,mostly_solo,1_2h,evening,1,1,1,1,1,0,1,1,0,1,1,library,report_writing,solo,2_4h,evening,weekday,7.1,rainy,indoor,often,5,4,4,5,2,3,4,5,4,4,20,16,20,20,16,16,8,12,4.3,2.6,25,1,77.9
I1480,U148,quiet_deepwork,P042,cafe_06,synthetic,train,4,4,5,4,4,3,4,4,4,5,library,coding,mostly_solo,1_2h,evening,1,1,1,1,1,0,1,1,0,1,1,cafe,report_writing,solo,2_4h,evening,weekday,11.9,cloudy,indoor,sometimes,3,4,2,3,2,4,3,3,4,3,12,16,10,12,12,16,8,16,4.3,4.5,15,1,65.6
I1481,U149,convenience_oriented,P013,library_13,synthetic,train,4,4,4,4,4,5,3,2,4,3,home,coding,mixed,2_4h,evening,1,1,1,0,1,1,1,1,1,1,1,library,report_writing,solo,2_4h,morning,weekday,1.9,cloudy,indoor,sometimes,5,4,4,4,3,3,5,4,4,4,20,16,16,16,20,12,6,12,2.6,1.2,12,0,70.7
I1482,U149,convenience_oriented,P104,dorm_lounge_08,synthetic,train,4,4,4,4,4,5,3,2,4,3,home,coding,mixed,2_4h,evening,1,1,1,0,1,1,1,1,1,1,1,dorm_lounge,coding,solo,under_1h,afternoon,weekday,16.5,hot,indoor,first_time,3,4,3,3,4,4,4,2,4,3,12,16,12,12,16,12,8,16,2.7,10.3,6,0.5,45.6
I1483,U149,convenience_oriented,P011,library_11,synthetic,train,4,4,4,4,4,5,3,2,4,3,home,coding,mixed,2_4h,evening,1,1,1,0,1,1,1,1,1,1,1,library,light_reading,solo,under_1h,morning,weekday,12.1,cloudy,indoor,sometimes,5,4,4,4,2,4,4,5,4,3,20,16,16,16,16,12,4,16,1.4,7.6,15,0,76.0
I1484,U149,convenience_oriented,P011,library_11,synthetic,train,4,4,4,4,4,5,3,2,4,3,home,coding,mixed,2_4h,evening,1,1,1,0,1,1,1,1,1,1,1,library,report_writing,5_plus,over_4h,afternoon,weekday,11.6,cloudy,indoor,often,5,4,4,4,2,4,4,4,4,3,20,16,16,16,16,12,4,16,2.6,7.3,12,0.5,71.9
I1485,U149,convenience_oriented,P071,classroom_09,synthetic,train,4,4,4,4,4,5,3,2,4,3,home,coding,mixed,2_4h,evening,1,1,1,0,1,1,1,1,1,1,1,classroom,deep_study,solo,1_2h,afternoon,weekend,5.7,rainy,indoor,sometimes,3,3,3,3,3,3,3,5,3,4,12,12,12,12,12,9,6,12,3.0,3.6,15,0.5,53.7
I1486,U149,convenience_oriented,P034,study_room_16,synthetic,train,4,4,4,4,4,5,3,2,4,3,home,coding,mixed,2_4h,evening,1,1,1,0,1,1,1,1,1,1,1,study_room,coding,2,over_4h,evening,weekday,5.9,cloudy,indoor,sometimes,4,4,4,4,4,3,4,4,5,3,16,16,16,16,16,15,8,12,2.7,3.7,12,1,59.0
I1487,U149,convenience_oriented,P037,cafe_01,synthetic,train,4,4,4,4,4,5,3,2,4,3,home,coding,mixed,2_4h,evening,1,1,1,0,1,1,1,1,1,1,1,cafe,coding,solo,over_4h,evening,weekday,14.8,clear,indoor,often,3,4,2,2,2,4,3,4,4,4,12,16,8,8,12,12,4,16,2.7,9.2,12,1,51.9
I1488,U149,convenience_oriented,P041,cafe_05,synthetic,train,4,4,4,4,4,5,3,2,4,3,home,coding,mixed,2_4h,evening,1,1,1,0,1,1,1,1,1,1,1,cafe,light_reading,solo,under_1h,evening,weekday,9.6,cloudy,indoor,sometimes,2,4,2,3,2,4,4,4,4,3,8,16,8,12,16,12,4,16,1.4,6.0,12,1,66.6
I1489,U149,convenience_oriented,P110,outdoor_02,synthetic,train,4,4,4,4,4,5,3,2,4,3,home,coding,mixed,2_4h,evening,1,1,1,0,1,1,1,1,1,1,1,outdoor,light_reading,solo,2_4h,morning,weekday,13.5,cold,outdoor,sometimes,3,4,3,3,2,3,2,4,2,3,12,16,12,12,8,6,4,12,1.4,8.4,12,0,32.1
I1490,U149,convenience_oriented,P032,study_room_14,synthetic,train,4,4,4,4,4,5,3,2,4,3,home,coding,mixed,2_4h,evening,1,1,1,0,1,1,1,1,1,1,1,study_room,coding,solo,2_4h,late_night,weekday,23.3,cold,indoor,often,4,4,4,4,4,3,4,4,4,4,16,16,16,16,16,12,8,12,2.7,14.5,12,0.5,57.2
I1491,U150,quiet_deepwork,P118,outdoor_10,synthetic,valid,5,4,5,4,4,3,4,4,4,5,library,report_writing,mostly_solo,under_1h,evening,1,1,1,1,1,0,1,1,0,1,1,outdoor,deep_study,3_4,2_4h,evening,weekday,9.2,cloudy,outdoor,rarely,3,5,3,3,3,3,2,2,3,3,15,20,15,12,8,12,12,12,5.0,3.5,10,1,53.4
I1492,U150,quiet_deepwork,P084,computer_lab_10,synthetic,valid,5,4,5,4,4,3,4,4,4,5,library,report_writing,mostly_solo,under_1h,evening,1,1,1,1,1,0,1,1,0,1,1,computer_lab,coding,solo,2_4h,afternoon,weekday,7.2,clear,indoor,often,4,4,3,4,3,3,4,5,3,2,20,16,15,16,16,12,12,12,4.5,2.7,25,0.5,88.9
I1493,U150,quiet_deepwork,P025,study_room_07,synthetic,valid,5,4,5,4,4,3,4,4,4,5,library,report_writing,mostly_solo,under_1h,evening,1,1,1,1,1,0,1,1,0,1,1,study_room,report_writing,solo,2_4h,evening,weekday,5.5,hot,indoor,sometimes,4,4,3,4,4,4,4,3,4,3,20,16,15,16,16,16,16,16,4.3,2.1,15,1,73.6
I1494,U150,quiet_deepwork,P076,computer_lab_02,synthetic,valid,5,4,5,4,4,3,4,4,4,5,library,report_writing,mostly_solo,under_1h,evening,1,1,1,1,1,0,1,1,0,1,1,computer_lab,coding,solo,2_4h,late_night,weekday,12.2,cloudy,indoor,often,3,5,3,4,4,3,4,5,3,4,15,20,15,16,16,12,16,12,4.5,4.6,25,0.5,77.9
I1495,U150,quiet_deepwork,P081,computer_lab_07,synthetic,valid,5,4,5,4,4,3,4,4,4,5,library,report_writing,mostly_solo,under_1h,evening,1,1,1,1,1,0,1,1,0,1,1,computer_lab,deep_study,solo,2_4h,morning,weekend,1.0,rainy,indoor,sometimes,4,4,2,3,3,3,4,4,4,3,20,16,10,12,16,16,12,12,5.0,0.4,20,0,67.4
I1496,U150,quiet_deepwork,P073,classroom_11,synthetic,valid,5,4,5,4,4,3,4,4,4,5,library,report_writing,mostly_solo,under_1h,evening,1,1,1,1,1,0,1,1,0,1,1,classroom,coding,solo,2_4h,morning,weekend,7.7,rainy,indoor,often,4,5,3,3,4,3,3,3,3,4,20,20,15,12,12,12,16,12,4.5,2.9,15,0,74.1
I1497,U150,quiet_deepwork,P036,study_room_18,synthetic,valid,5,4,5,4,4,3,4,4,4,5,library,report_writing,mostly_solo,under_1h,evening,1,1,1,1,1,0,1,1,0,1,1,study_room,deep_study,solo,1_2h,evening,weekday,5.9,clear,indoor,sometimes,5,4,4,4,4,4,5,4,4,4,25,16,20,16,20,16,16,16,5.0,2.2,20,1,83.4
I1498,U150,quiet_deepwork,P008,library_08,synthetic,valid,5,4,5,4,4,3,4,4,4,5,library,report_writing,mostly_solo,under_1h,evening,1,1,1,1,1,0,1,1,0,1,1,library,deep_study,solo,2_4h,afternoon,weekday,10.1,cold,indoor,sometimes,5,5,4,4,2,3,4,5,4,4,25,20,20,16,16,16,8,12,5.0,3.8,25,0.5,79.6
I1499,U150,quiet_deepwork,P017,library_17,synthetic,valid,5,4,5,4,4,3,4,4,4,5,library,report_writing,mostly_solo,under_1h,evening,1,1,1,1,1,0,1,1,0,1,1,library,deep_study,solo,under_1h,evening,weekday,9.2,clear,indoor,often,5,4,4,5,3,3,4,5,5,4,25,16,20,20,16,20,12,12,5.0,3.4,25,1,91.9
I1500,U150,quiet_deepwork,P005,library_05,synthetic,valid,5,4,5,4,4,3,4,4,4,5,library,report_writing,mostly_solo,under_1h,evening,1,1,1,1,1,0,1,1,0,1,1,library,light_reading,solo,1_2h,evening,weekday,3.8,cloudy,indoor,first_time,5,4,4,5,3,4,4,4,4,4,25,16,20,20,16,16,12,16,2.3,1.4,12,1,86.3
I1501,U151,quiet_deepwork,P020,study_room_02,synthetic,train,5,3,5,5,3,3,4,4,4,4,study_room,team_project,mostly_solo,1_2h,afternoon,1,1,1,1,0,0,1,0,0,1,1,study_room,deep_study,2,2_4h,evening,weekday,2.6,clear,indoor,sometimes,4,4,4,5,3,4,4,4,4,4,20,12,20,25,12,16,12,16,4.0,1.0,16,0.5,78.4
I1502,U151,quiet_deepwork,P006,library_06,synthetic,train,5,3,5,5,3,3,4,4,4,4,study_room,team_project,mostly_solo,1_2h,afternoon,1,1,1,1,0,0,1,0,0,1,1,library,deep_study,2,over_4h,late_night,weekend,15.0,cloudy,indoor,sometimes,4,4,4,5,2,3,4,4,5,4,20,12,20,25,12,20,8,12,4.0,5.6,16,0,75.1
I1503,U151,quiet_deepwork,P087,coworking_space_03,synthetic,train,5,3,5,5,3,3,4,4,4,4,study_room,team_project,mostly_solo,1_2h,afternoon,1,1,1,1,0,0,1,0,0,1,1,coworking_space,deep_study,solo,2_4h,evening,weekday,14.5,clear,indoor,rarely,4,4,3,2,5,4,4,3,4,4,20,12,15,10,12,16,20,16,4.0,5.4,12,0.5,67.2
I1504,U151,quiet_deepwork,P048,cafe_12,synthetic,train,5,3,5,5,3,3,4,4,4,4,study_room,team_project,mostly_solo,1_2h,afternoon,1,1,1,1,0,0,1,0,0,1,1,cafe,team_project,5_plus,2_4h,morning,weekday,5.3,cold,indoor,sometimes,2,5,2,3,1,4,3,4,3,3,10,15,10,15,9,12,4,16,1.0,2.0,12,0.5,51.5
I1505,U151,quiet_deepwork,P011,library_11,synthetic,train,5,3,5,5,3,3,4,4,4,4,study_room,team_project,mostly_solo,1_2h,afternoon,1,1,1,1,0,0,1,0,0,1,1,library,online_class,solo,2_4h,late_night,weekday,16.8,clear,indoor,rarely,5,4,4,4,2,4,4,4,4,3,25,12,20,20,12,16,8,16,2.6,6.3,12,0,75.2
I1506,U151,quiet_deepwork,P016,library_16,synthetic,train,5,3,5,5,3,3,4,4,4,4,study_room,team_project,mostly_solo,1_2h,afternoon,1,1,1,1,0,0,1,0,0,1,1,library,deep_study,solo,2_4h,morning,weekday,14.8,rainy,indoor,sometimes,5,4,3,5,3,4,3,5,4,4,25,12,15,25,9,16,12,16,4.0,5.5,20,0.5,83.5
I1507,U151,quiet_deepwork,P002,library_02,synthetic,train,5,3,5,5,3,3,4,4,4,4,study_room,team_project,mostly_solo,1_2h,afternoon,1,1,1,1,0,0,1,0,0,1,1,library,report_writing,solo,2_4h,late_night,weekday,9.8,clear,indoor,first_time,5,5,4,4,2,3,4,5,4,4,25,15,20,20,12,16,8,12,3.4,3.7,20,0,70.2
I1508,U151,quiet_deepwork,P089,coworking_space_05,synthetic,train,5,3,5,5,3,3,4,4,4,4,study_room,team_project,mostly_solo,1_2h,afternoon,1,1,1,1,0,0,1,0,0,1,1,coworking_space,deep_study,solo,2_4h,evening,weekend,18.2,clear,indoor,first_time,3,5,4,3,4,4,5,3,4,3,15,15,20,15,15,16,16,16,4.0,6.8,12,0.5,57.2
I1509,U151,quiet_deepwork,P080,computer_lab_06,synthetic,train,5,3,5,5,3,3,4,4,4,4,study_room,team_project,mostly_solo,1_2h,afternoon,1,1,1,1,0,0,1,0,0,1,1,computer_lab,light_reading,solo,1_2h,afternoon,weekday,6.4,clear,indoor,often,4,4,4,3,3,4,4,2,4,3,20,12,20,15,12,16,12,16,1.8,2.4,6,1,69.1
I1510,U151,quiet_deepwork,P079,computer_lab_05,synthetic,train,5,3,5,5,3,3,4,4,4,4,study_room,team_project,mostly_solo,1_2h,afternoon,1,1,1,1,0,0,1,0,0,1,1,computer_lab,light_reading,solo,1_2h,morning,weekend,3.9,cloudy,indoor,often,4,4,3,3,3,4,5,3,4,3,20,12,15,15,15,16,12,16,1.8,1.5,9,0.5,67.0
I1511,U152,balanced,P110,outdoor_02,synthetic,test,4,3,4,3,4,4,4,4,3,4,computer_lab,online_class,mostly_solo,1_2h,afternoon,1,1,0,1,1,1,1,1,1,0,0,outdoor,light_reading,solo,2_4h,afternoon,weekday,6.7,cold,outdoor,sometimes,3,4,3,3,2,3,2,3,2,3,12,12,12,9,8,8,8,9,1.8,3.4,9,1,34.7
I1512,U152,balanced,P089,coworking_space_05,synthetic,test,4,3,4,3,4,4,4,4,3,4,computer_lab,online_class,mostly_solo,1_2h,afternoon,1,1,0,1,1,1,1,1,1,0,0,coworking_space,coding,3_4,2_4h,morning,weekend,17.4,clear,indoor,sometimes,3,5,4,3,4,4,5,5,4,3,12,15,16,9,20,16,16,12,3.6,8.7,20,0.5,58.2
I1513,U152,balanced,P057,home_03,synthetic,test,4,3,4,3,4,4,4,4,3,4,computer_lab,online_class,mostly_solo,1_2h,afternoon,1,1,0,1,1,1,1,1,1,0,0,home,online_class,solo,1_2h,morning,weekday,6.3,cloudy,indoor,first_time,3,4,4,4,5,4,5,5,5,4,12,12,16,12,20,20,20,12,2.6,3.2,15,0.5,73.6
I1514,U152,balanced,P089,coworking_space_05,synthetic,test,4,3,4,3,4,4,4,4,3,4,computer_lab,online_class,mostly_solo,1_2h,afternoon,1,1,0,1,1,1,1,1,1,0,0,coworking_space,report_writing,solo,2_4h,afternoon,weekday,22.0,rainy,indoor,often,3,5,4,3,4,4,5,4,4,3,12,15,16,9,20,16,16,12,3.4,11.0,16,1,62.4
I1515,U152,balanced,P031,study_room_13,synthetic,test,4,3,4,3,4,4,4,4,3,4,computer_lab,online_class,mostly_solo,1_2h,afternoon,1,1,0,1,1,1,1,1,1,0,0,study_room,online_class,solo,1_2h,afternoon,weekday,4.8,clear,indoor,often,5,4,4,4,4,4,4,4,5,4,20,12,16,12,16,20,16,12,2.6,2.4,12,1,78.0
I1516,U152,balanced,P035,study_room_17,synthetic,test,4,3,4,3,4,4,4,4,3,4,computer_lab,online_class,mostly_solo,1_2h,afternoon,1,1,0,1,1,1,1,1,1,0,0,study_room,online_class,solo,under_1h,early_morning,weekday,5.9,cold,indoor,rarely,4,4,4,4,3,4,5,4,4,3,16,12,16,12,20,16,12,12,2.6,3.0,12,0,67.7
I1517,U152,balanced,P026,study_room_08,synthetic,test,4,3,4,3,4,4,4,4,3,4,computer_lab,online_class,mostly_solo,1_2h,afternoon,1,1,0,1,1,1,1,1,1,0,0,study_room,deep_study,solo,under_1h,evening,weekday,15.5,cold,indoor,sometimes,4,5,4,4,5,4,4,4,4,3,16,15,16,12,16,16,20,12,4.0,7.7,16,0.5,65.9
I1518,U152,balanced,P067,classroom_05,synthetic,test,4,3,4,3,4,4,4,4,3,4,computer_lab,online_class,mostly_solo,1_2h,afternoon,1,1,0,1,1,1,1,1,1,0,0,classroom,light_reading,2,over_4h,evening,weekday,3.9,clear,indoor,often,3,4,3,3,3,2,3,3,3,3,12,12,12,9,12,12,12,6,1.8,2.0,9,0.5,52.8
I1519,U152,balanced,P059,home_05,synthetic,test,4,3,4,3,4,4,4,4,3,4,computer_lab,online_class,mostly_solo,1_2h,afternoon,1,1,0,1,1,1,1,1,1,0,0,home,online_class,solo,1_2h,afternoon,weekday,12.5,hot,indoor,rarely,4,5,5,4,5,4,4,4,5,5,16,15,20,12,16,20,20,12,2.6,6.3,12,1,62.7
I1520,U152,balanced,P014,library_14,synthetic,test,4,3,4,3,4,4,4,4,3,4,computer_lab,online_class,mostly_solo,1_2h,afternoon,1,1,0,1,1,1,1,1,1,0,0,library,deep_study,solo,2_4h,afternoon,weekend,4.3,clear,indoor,often,5,4,5,4,3,4,4,5,4,4,20,12,20,12,16,16,12,12,4.0,2.2,20,1,66.0
I1521,U153,convenience_oriented,P054,cafe_18,synthetic,train,4,4,4,2,5,5,4,4,4,4,cafe,light_reading,mostly_solo,2_4h,evening,1,1,0,1,1,1,1,1,1,1,0,cafe,coding,solo,under_1h,afternoon,weekday,11.9,clear,indoor,often,3,5,2,3,2,3,3,4,4,3,12,20,8,6,15,16,8,12,3.6,7.5,16,0.5,60.9
I1522,U153,convenience_oriented,P010,library_10,synthetic,train,4,4,4,2,5,5,4,4,4,4,cafe,light_reading,mostly_solo,2_4h,evening,1,1,0,1,1,1,1,1,1,1,0,library,online_class,solo,under_1h,evening,weekday,7.1,clear,indoor,sometimes,5,5,4,4,3,4,4,4,4,5,20,20,16,8,20,16,12,16,2.6,4.4,12,1,73.0
I1523,U153,convenience_oriented,P113,outdoor_05,synthetic,train,4,4,4,2,5,5,4,4,4,4,cafe,light_reading,mostly_solo,2_4h,evening,1,1,0,1,1,1,1,1,1,1,0,outdoor,light_reading,solo,2_4h,evening,weekday,16.5,hot,outdoor,first_time,3,3,4,2,2,3,2,4,3,3,12,12,16,4,10,12,8,12,1.8,10.3,12,1,46.9
I1524,U153,convenience_oriented,P014,library_14,synthetic,train,4,4,4,2,5,5,4,4,4,4,cafe,light_reading,mostly_solo,2_4h,evening,1,1,0,1,1,1,1,1,1,1,0,library,team_project,2,2_4h,evening,weekend,9.8,cloudy,indoor,sometimes,5,4,5,4,3,4,4,3,4,4,20,16,20,8,20,16,12,16,1.0,6.1,9,1,72.6
I1525,U153,convenience_oriented,P051,cafe_15,synthetic,train,4,4,4,2,5,5,4,4,4,4,cafe,light_reading,mostly_solo,2_4h,evening,1,1,0,1,1,1,1,1,1,1,0,cafe,team_project,5_plus,1_2h,evening,weekend,17.3,clear,indoor,sometimes,3,4,2,3,3,4,3,4,4,3,12,16,8,6,15,16,12,16,1.0,10.8,12,1,58.5
I1526,U153,convenience_oriented,P025,study_room_07,synthetic,train,4,4,4,2,5,5,4,4,4,4,cafe,light_reading,mostly_solo,2_4h,evening,1,1,0,1,1,1,1,1,1,1,0,study_room,light_reading,3_4,under_1h,afternoon,weekend,1.0,hot,indoor,sometimes,4,4,3,4,4,4,4,5,4,3,16,16,12,8,20,16,16,16,1.8,0.6,15,0.5,71.4
I1527,U153,convenience_oriented,P072,classroom_10,synthetic,train,4,4,4,2,5,5,4,4,4,4,cafe,light_reading,mostly_solo,2_4h,evening,1,1,0,1,1,1,1,1,1,1,0,classroom,online_class,solo,under_1h,afternoon,weekday,14.1,cloudy,indoor,often,3,3,4,3,3,3,4,4,3,3,12,12,16,6,20,12,12,12,2.6,8.8,12,0.5,55.9
I1528,U153,convenience_oriented,P086,coworking_space_02,synthetic,train,4,4,4,2,5,5,4,4,4,4,cafe,light_reading,mostly_solo,2_4h,evening,1,1,0,1,1,1,1,1,1,1,0,coworking_space,team_project,2,2_4h,morning,weekend,15.7,clear,indoor,sometimes,3,4,4,4,5,3,4,5,4,4,12,16,16,8,20,16,20,12,1.0,9.8,15,0,69.0
I1529,U153,convenience_oriented,P029,study_room_11,synthetic,train,4,4,4,2,5,5,4,4,4,4,cafe,light_reading,mostly_solo,2_4h,evening,1,1,0,1,1,1,1,1,1,1,0,study_room,online_class,2,2_4h,afternoon,weekday,10.4,cloudy,indoor,sometimes,4,4,3,4,2,4,4,4,4,3,16,16,12,8,20,16,8,16,2.6,6.5,12,0.5,63.0
I1530,U153,convenience_oriented,P017,library_17,synthetic,train,4,4,4,2,5,5,4,4,4,4,cafe,light_reading,mostly_solo,2_4h,evening,1,1,0,1,1,1,1,1,1,1,0,library,light_reading,solo,under_1h,evening,weekday,10.3,clear,indoor,rarely,5,4,4,5,3,3,4,5,5,4,20,16,16,10,20,20,12,12,1.8,6.5,15,1,64.9
I1531,U154,social_collaborative,P027,study_room_09,synthetic,train,2,3,2,2,3,3,4,4,4,3,dorm_lounge,meeting,mostly_group,over_4h,afternoon,0,0,0,1,0,0,0,0,0,1,0,study_room,team_project,3_4,over_4h,afternoon,weekday,7.4,cloudy,indoor,often,5,3,3,4,4,3,3,5,3,3,10,9,6,8,9,12,16,12,0.8,2.8,15,1,60.9
I1532,U154,social_collaborative,P015,library_15,synthetic,train,2,3,2,2,3,3,4,4,4,3,dorm_lounge,meeting,mostly_group,over_4h,afternoon,0,0,0,1,0,0,0,0,0,1,0,library,online_class,solo,1_2h,afternoon,weekday,11.4,cloudy,indoor,sometimes,4,4,4,5,2,4,3,3,4,4,8,12,8,10,9,16,8,16,2.0,4.3,9,1,56.1
I1533,U154,social_collaborative,P053,cafe_17,synthetic,train,2,3,2,2,3,3,4,4,4,3,dorm_lounge,meeting,mostly_group,over_4h,afternoon,0,0,0,1,0,0,0,0,0,1,0,cafe,meeting,5_plus,1_2h,evening,weekday,13.6,cold,indoor,often,3,4,2,2,2,3,3,5,3,3,6,12,4,4,9,12,8,12,0.6,5.1,15,0.5,46.2
I1534,U154,social_collaborative,P020,study_room_02,synthetic,train,2,3,2,2,3,3,4,4,4,3,dorm_lounge,meeting,mostly_group,over_4h,afternoon,0,0,0,1,0,0,0,0,0,1,0,study_room,team_project,3_4,1_2h,morning,weekday,5.5,clear,indoor,often,4,4,4,5,3,4,4,5,4,4,8,12,8,10,12,16,12,16,0.8,2.1,15,0.5,61.9
I1535,U154,social_collaborative,P068,classroom_06,synthetic,train,2,3,2,2,3,3,4,4,4,3,dorm_lounge,meeting,mostly_group,over_4h,afternoon,0,0,0,1,0,0,0,0,0,1,0,classroom,team_project,5_plus,1_2h,afternoon,weekday,8.7,cloudy,indoor,sometimes,3,4,3,3,2,3,3,4,2,4,6,12,6,6,9,8,8,12,0.8,3.3,12,1,48.1
I1536,U154,social_collaborative,P007,library_07,synthetic,train,2,3,2,2,3,3,4,4,4,3,dorm_lounge,meeting,mostly_group,over_4h,afternoon,0,0,0,1,0,0,0,0,0,1,0,library,team_project,2,2_4h,evening,weekend,10.8,cold,indoor,first_time,5,4,3,4,3,3,4,2,4,4,10,12,6,8,12,16,12,12,0.8,4.1,6,0.5,61.7
I1537,U154,social_collaborative,P106,dorm_lounge_10,synthetic,train,2,3,2,2,3,3,4,4,4,3,dorm_lounge,meeting,mostly_group,over_4h,afternoon,0,0,0,1,0,0,0,0,0,1,0,dorm_lounge,team_project,3_4,2_4h,afternoon,weekday,8.5,clear,indoor,first_time,3,3,2,3,3,4,3,4,3,3,6,9,4,6,9,12,12,16,0.8,3.2,12,1,57.5
I1538,U154,social_collaborative,P052,cafe_16,synthetic,train,2,3,2,2,3,3,4,4,4,3,dorm_lounge,meeting,mostly_group,over_4h,afternoon,0,0,0,1,0,0,0,0,0,1,0,cafe,team_project,2,2_4h,morning,weekend,14.3,rainy,indoor,sometimes,3,5,3,2,2,3,3,4,4,3,6,15,6,4,9,16,8,12,0.8,5.4,12,0.5,49.4
I1539,U154,social_collaborative,P030,study_room_12,synthetic,train,2,3,2,2,3,3,4,4,4,3,dorm_lounge,meeting,mostly_group,over_4h,afternoon,0,0,0,1,0,0,0,0,0,1,0,study_room,coding,solo,under_1h,morning,weekend,10.7,cloudy,indoor,rarely,5,4,3,4,3,3,4,4,4,4,10,12,6,8,12,16,12,12,2.7,4.0,12,0.5,46.2
I1540,U154,social_collaborative,P106,dorm_lounge_10,synthetic,train,2,3,2,2,3,3,4,4,4,3,dorm_lounge,meeting,mostly_group,over_4h,afternoon,0,0,0,1,0,0,0,0,0,1,0,dorm_lounge,team_project,3_4,over_4h,afternoon,weekday,7.4,hot,indoor,first_time,3,3,2,3,3,4,3,4,3,3,6,9,4,6,9,12,12,16,0.8,2.8,12,1,45.0
I1541,U155,balanced,P046,cafe_10,synthetic,train,5,4,4,4,5,3,4,4,4,5,library,report_writing,mostly_solo,2_4h,afternoon,1,1,1,1,1,0,1,1,0,1,1,cafe,coding,solo,over_4h,afternoon,weekday,9.3,clear,indoor,first_time,3,4,2,3,2,4,3,3,3,3,15,16,8,12,15,12,8,16,4.5,3.5,15,1,63.7
I1542,U155,balanced,P059,home_05,synthetic,train,5,4,4,4,5,3,4,4,4,5,library,report_writing,mostly_solo,2_4h,afternoon,1,1,1,1,1,0,1,1,0,1,1,home,coding,2,over_4h,evening,weekday,15.4,cloudy,indoor,sometimes,4,5,5,4,5,4,4,4,5,5,20,20,20,16,20,20,20,16,4.5,5.8,20,0.5,83.2
I1543,U155,balanced,P090,coworking_space_06,synthetic,train,5,4,4,4,5,3,4,4,4,5,library,report_writing,mostly_solo,2_4h,afternoon,1,1,1,1,1,0,1,1,0,1,1,coworking_space,report_writing,solo,1_2h,afternoon,weekday,6.8,clear,indoor,often,3,4,3,4,4,4,4,4,4,3,15,16,12,16,20,16,16,16,4.3,2.6,20,1,72.9
I1544,U155,balanced,P052,cafe_16,synthetic,train,5,4,4,4,5,3,4,4,4,5,library,report_writing,mostly_solo,2_4h,afternoon,1,1,1,1,1,0,1,1,0,1,1,cafe,coding,2,2_4h,evening,weekend,15.0,hot,indoor,rarely,3,5,3,2,2,3,3,4,4,3,15,20,12,8,15,16,8,12,4.5,5.6,20,0.5,65.6
I1545,U155,balanced,P079,computer_lab_05,synthetic,train,5,4,4,4,5,3,4,4,4,5,library,report_writing,mostly_solo,2_4h,afternoon,1,1,1,1,1,0,1,1,0,1,1,computer_lab,report_writing,5_plus,2_4h,late_night,weekend,8.6,cold,indoor,sometimes,4,4,3,3,3,4,5,4,4,3,20,16,12,12,25,16,12,16,4.3,3.2,20,0,72.1
I1546,U155,balanced,P056,home_02,synthetic,train,5,4,4,4,5,3,4,4,4,5,library,report_writing,mostly_solo,2_4h,afternoon,1,1,1,1,1,0,1,1,0,1,1,home,coding,solo,2_4h,afternoon,weekday,7.7,hot,indoor,first_time,4,3,5,4,5,4,5,4,5,5,20,12,20,16,25,20,20,16,4.5,2.9,20,1,81.2
I1547,U155,balanced,P061,home_07,synthetic,train,5,4,4,4,5,3,4,4,4,5,library,report_writing,mostly_solo,2_4h,afternoon,1,1,1,1,1,0,1,1,0,1,1,home,online_class,solo,1_2h,early_morning,weekend,11.4,clear,indoor,often,4,4,4,4,4,4,4,4,4,5,20,16,16,16,20,16,16,16,3.3,4.3,12,0,74.4
I1548,U155,balanced,P016,library_16,synthetic,train,5,4,4,4,5,3,4,4,4,5,library,report_writing,mostly_solo,2_4h,afternoon,1,1,1,1,1,0,1,1,0,1,1,library,report_writing,solo,under_1h,early_morning,weekend,9.9,clear,indoor,often,5,4,3,5,3,4,3,5,4,4,25,16,12,20,15,16,12,16,4.3,3.7,25,0,76.0
I1549,U155,balanced,P014,library_14,synthetic,train,5,4,4,4,5,3,4,4,4,5,library,report_writing,mostly_solo,2_4h,afternoon,1,1,1,1,1,0,1,1,0,1,1,library,report_writing,solo,2_4h,afternoon,weekday,2.2,clear,indoor,rarely,5,4,5,4,3,4,4,4,4,4,25,16,20,16,20,16,12,16,4.3,0.8,20,1,77.8
I1550,U155,balanced,P046,cafe_10,synthetic,train,5,4,4,4,5,3,4,4,4,5,library,report_writing,mostly_solo,2_4h,afternoon,1,1,1,1,1,0,1,1,0,1,1,cafe,online_class,solo,1_2h,afternoon,weekday,9.9,cloudy,indoor,first_time,3,4,2,3,2,4,3,3,3,3,15,16,8,12,15,12,8,16,3.3,3.7,9,1,62.0
I1551,U156,quiet_deepwork,P085,coworking_space_01,synthetic,train,4,4,4,5,4,3,3,4,4,5,study_room,deep_study,mostly_solo,under_1h,afternoon,1,1,1,0,1,0,1,1,0,1,1,coworking_space,deep_study,solo,1_2h,early_morning,weekday,2.1,hot,indoor,sometimes,3,5,2,3,4,3,4,3,4,3,12,20,8,15,16,12,16,12,5.0,0.8,15,0,74.1
I1552,U156,quiet_deepwork,P066,classroom_04,synthetic,train,4,4,4,5,4,3,3,4,4,5,study_room,deep_study,mostly_solo,under_1h,afternoon,1,1,1,0,1,0,1,1,0,1,1,classroom,light_reading,solo,under_1h,morning,weekend,3.4,clear,indoor,first_time,3,4,4,3,3,3,4,3,3,4,12,16,16,15,16,9,12,12,2.3,1.3,9,0.5,70.2
I1553,U156,quiet_deepwork,P107,dorm_lounge_11,synthetic,train,4,4,4,5,4,3,3,4,4,5,study_room,deep_study,mostly_solo,under_1h,afternoon,1,1,1,0,1,0,1,1,0,1,1,dorm_lounge,coding,solo,over_4h,afternoon,weekend,25.0,clear,indoor,often,3,4,3,3,3,4,3,4,3,3,12,16,12,15,12,9,12,16,4.5,9.4,20,1,55.4
I1554,U156,quiet_deepwork,P015,library_15,synthetic,train,4,4,4,5,4,3,3,4,4,5,study_room,deep_study,mostly_solo,under_1h,afternoon,1,1,1,0,1,0,1,1,0,1,1,library,coding,solo,1_2h,afternoon,weekday,8.8,clear,indoor,often,4,4,4,5,2,4,3,4,4,4,16,16,16,25,12,12,8,16,4.5,3.3,20,1,68.3
I1555,U156,quiet_deepwork,P107,dorm_lounge_11,synthetic,train,4,4,4,5,4,3,3,4,4,5,study_room,deep_study,mostly_solo,under_1h,afternoon,1,1,1,0,1,0,1,1,0,1,1,dorm_lounge,report_writing,solo,over_4h,morning,weekday,32.3,clear,indoor,rarely,3,4,3,3,3,4,3,3,3,3,12,16,12,15,12,9,12,16,4.3,12.1,15,0.5,60.0
I1556,U156,quiet_deepwork,P014,library_14,synthetic,train,4,4,4,5,4,3,3,4,4,5,study_room,deep_study,mostly_solo,under_1h,afternoon,1,1,1,0,1,0,1,1,0,1,1,library,report_writing,solo,2_4h,morning,weekday,8.3,rainy,indoor,sometimes,5,4,5,4,3,4,4,4,4,4,20,16,20,20,16,12,12,16,4.3,3.1,20,0.5,73.8
I1557,U156,quiet_deepwork,P016,library_16,synthetic,train,4,4,4,5,4,3,3,4,4,5,study_room,deep_study,mostly_solo,under_1h,afternoon,1,1,1,0,1,0,1,1,0,1,1,library,report_writing,solo,2_4h,afternoon,weekday,10.1,cloudy,indoor,sometimes,5,4,3,5,3,4,3,5,4,4,20,16,12,25,12,12,12,16,4.3,3.8,25,1,79.1
I1558,U156,quiet_deepwork,P085,coworking_space_01,synthetic,train,4,4,4,5,4,3,3,4,4,5,study_room,deep_study,mostly_solo,under_1h,afternoon,1,1,1,0,1,0,1,1,0,1,1,coworking_space,deep_study,solo,2_4h,afternoon,weekday,4.6,cloudy,indoor,sometimes,3,5,2,3,4,3,4,3,4,3,12,20,8,15,16,12,16,12,5.0,1.7,15,1,70.1
I1559,U156,quiet_deepwork,P036,study_room_18,synthetic,train,4,4,4,5,4,3,3,4,4,5,study_room,deep_study,mostly_solo,under_1h,afternoon,1,1,1,0,1,0,1,1,0,1,1,study_room,light_reading,solo,under_1h,evening,weekday,9.6,rainy,indoor,often,5,4,4,4,4,4,5,4,4,4,20,16,16,20,20,12,16,16,2.3,3.6,12,0.5,79.7
I1560,U156,quiet_deepwork,P018,library_18,synthetic,train,4,4,4,5,4,3,3,4,4,5,study_room,deep_study,mostly_solo,under_1h,afternoon,1,1,1,0,1,0,1,1,0,1,1,library,report_writing,solo,over_4h,morning,weekday,1.6,rainy,indoor,rarely,5,4,3,4,3,3,4,4,4,3,20,16,12,20,16,12,12,12,4.3,0.6,20,0.5,72.3
I1561,U157,social_collaborative,P092,coworking_space_08,synthetic,train,3,5,3,3,4,3,4,3,3,3,study_room,meeting,mostly_group,2_4h,evening,0,0,0,1,1,0,0,1,0,0,0,coworking_space,team_project,3_4,1_2h,morning,weekend,2.7,rainy,indoor,often,2,4,3,4,3,4,4,4,4,3,6,20,9,12,16,16,9,12,0.8,1.0,12,0,65.0
I1562,U157,social_collaborative,P008,library_08,synthetic,train,3,5,3,3,4,3,4,3,3,3,study_room,meeting,mostly_group,2_4h,evening,0,0,0,1,1,0,0,1,0,0,0,library,coding,solo,1_2h,evening,weekday,14.3,clear,indoor,often,5,5,4,4,2,3,4,5,4,4,15,25,12,12,16,16,6,9,2.7,5.4,15,1,67.1
I1563,U157,social_collaborative,P036,study_room_18,synthetic,train,3,5,3,3,4,3,4,3,3,3,study_room,meeting,mostly_group,2_4h,evening,0,0,0,1,1,0,0,1,0,0,0,study_room,light_reading,solo,1_2h,afternoon,weekday,9.0,hot,indoor,often,5,4,4,4,4,4,5,4,4,4,15,20,12,12,20,16,12,12,1.4,3.4,12,0.5,61.8
I1564,U157,social_collaborative,P030,study_room_12,synthetic,train,3,5,3,3,4,3,4,3,3,3,study_room,meeting,mostly_group,2_4h,evening,0,0,0,1,1,0,0,1,0,0,0,study_room,team_project,5_plus,under_1h,early_morning,weekday,12.7,clear,indoor,sometimes,5,4,3,4,3,3,4,5,4,4,15,20,9,12,16,16,9,9,0.8,4.8,15,0,72.2
I1565,U157,social_collaborative,P046,cafe_10,synthetic,train,3,5,3,3,4,3,4,3,3,3,study_room,meeting,mostly_group,2_4h,evening,0,0,0,1,1,0,0,1,0,0,0,cafe,meeting,2,under_1h,evening,weekend,8.1,clear,indoor,first_time,3,4,2,3,2,4,3,3,3,3,9,20,6,9,12,12,6,12,0.6,3.1,9,1,54.8
I1566,U157,social_collaborative,P058,home_04,synthetic,train,3,5,3,3,4,3,4,3,3,3,study_room,meeting,mostly_group,2_4h,evening,0,0,0,1,1,0,0,1,0,0,0,home,team_project,5_plus,2_4h,evening,weekend,14.1,clear,indoor,sometimes,4,3,4,3,4,5,4,3,4,4,12,15,12,9,16,16,12,15,0.8,5.3,9,1,63.3
I1567,U157,social_collaborative,P118,outdoor_10,synthetic,train,3,5,3,3,4,3,4,3,3,3,study_room,meeting,mostly_group,2_4h,evening,0,0,0,1,1,0,0,1,0,0,0,outdoor,meeting,5_plus,2_4h,evening,weekend,12.5,clear,outdoor,often,3,5,3,3,3,3,2,3,3,3,9,25,9,9,8,12,9,9,0.6,4.7,9,1,54.7
I1568,U157,social_collaborative,P064,classroom_02,synthetic,train,3,5,3,3,4,3,4,3,3,3,study_room,meeting,mostly_group,2_4h,evening,0,0,0,1,1,0,0,1,0,0,0,classroom,online_class,3_4,1_2h,afternoon,weekday,4.7,clear,indoor,rarely,4,4,3,3,3,3,3,4,3,3,12,20,9,9,12,12,9,9,2.0,1.8,12,0.5,49.1
I1569,U157,social_collaborative,P028,study_room_10,synthetic,train,3,5,3,3,4,3,4,3,3,3,study_room,meeting,mostly_group,2_4h,evening,0,0,0,1,1,0,0,1,0,0,0,study_room,meeting,3_4,1_2h,evening,weekday,18.8,rainy,indoor,sometimes,4,4,3,3,4,4,5,5,4,3,12,20,9,9,20,16,12,12,0.6,7.1,15,1,63.9
I1570,U157,social_collaborative,P080,computer_lab_06,synthetic,train,3,5,3,3,4,3,4,3,3,3,study_room,meeting,mostly_group,2_4h,evening,0,0,0,1,1,0,0,1,0,0,0,computer_lab,team_project,3_4,2_4h,early_morning,weekday,4.0,cloudy,indoor,often,4,4,4,3,3,4,4,4,4,3,12,20,12,9,16,16,9,12,0.8,1.5,12,0,76.5
I1571,U158,quiet_deepwork,P037,cafe_01,synthetic,train,5,4,4,5,4,3,3,4,4,5,library,report_writing,mostly_solo,2_4h,morning,1,1,1,0,1,0,1,1,0,1,1,cafe,online_class,solo,1_2h,late_night,weekday,16.0,clear,indoor,sometimes,3,4,2,2,2,4,3,3,4,4,15,16,8,10,12,12,8,16,3.3,6.0,9,0,57.1
I1572,U158,quiet_deepwork,P075,computer_lab_01,synthetic,train,5,4,4,5,4,3,3,4,4,5,library,report_writing,mostly_solo,2_4h,morning,1,1,1,0,1,0,1,1,0,1,1,computer_lab,coding,solo,over_4h,late_night,weekday,10.5,cloudy,indoor,sometimes,3,3,3,4,3,4,5,5,3,3,15,12,12,20,20,9,12,16,4.5,3.9,25,0,70.2
I1573,U158,quiet_deepwork,P058,home_04,synthetic,train,5,4,4,5,4,3,3,4,4,5,library,report_writing,mostly_solo,2_4h,morning,1,1,1,0,1,0,1,1,0,1,1,home,online_class,3_4,1_2h,afternoon,weekend,17.4,clear,indoor,sometimes,4,3,4,3,4,5,4,4,4,4,20,12,16,15,16,12,16,20,3.3,6.5,12,0.5,66.2
I1574,U158,quiet_deepwork,P009,library_09,synthetic,train,5,4,4,5,4,3,3,4,4,5,library,report_writing,mostly_solo,2_4h,morning,1,1,1,0,1,0,1,1,0,1,1,library,deep_study,solo,2_4h,afternoon,weekend,5.8,rainy,indoor,sometimes,4,4,3,4,2,4,4,4,4,4,20,16,12,20,16,12,8,16,5.0,2.2,20,0.5,85.6
I1575,U158,quiet_deepwork,P004,library_04,synthetic,train,5,4,4,5,4,3,3,4,4,5,library,report_writing,mostly_solo,2_4h,morning,1,1,1,0,1,0,1,1,0,1,1,library,online_class,solo,1_2h,morning,weekend,1.0,clear,indoor,sometimes,5,3,3,4,2,4,4,4,3,4,25,12,12,20,16,9,8,16,3.3,0.4,12,1,80.6
I1576,U158,quiet_deepwork,P048,cafe_12,synthetic,train,5,4,4,5,4,3,3,4,4,5,library,report_writing,mostly_solo,2_4h,morning,1,1,1,0,1,0,1,1,0,1,1,cafe,deep_study,solo,2_4h,morning,weekday,11.8,clear,indoor,rarely,2,5,2,3,1,4,3,3,3,3,10,20,8,15,12,9,4,16,5.0,4.4,15,1,56.4
I1577,U158,quiet_deepwork,P085,coworking_space_01,synthetic,train,5,4,4,5,4,3,3,4,4,5,library,report_writing,mostly_solo,2_4h,morning,1,1,1,0,1,0,1,1,0,1,1,coworking_space,deep_study,solo,over_4h,afternoon,weekday,1.0,clear,indoor,sometimes,3,5,2,3,4,3,4,3,4,3,15,20,8,15,16,12,16,12,5.0,0.4,15,0.5,71.7
I1578,U158,quiet_deepwork,P027,study_room_09,synthetic,train,5,4,4,5,4,3,3,4,4,5,library,report_writing,mostly_solo,2_4h,morning,1,1,1,0,1,0,1,1,0,1,1,study_room,coding,solo,1_2h,morning,weekday,4.8,cloudy,indoor,rarely,5,3,3,4,4,3,3,4,3,3,25,12,12,20,12,9,16,12,4.5,1.8,20,1,81.5
I1579,U158,quiet_deepwork,P036,study_room_18,synthetic,train,5,4,4,5,4,3,3,4,4,5,library,report_writing,mostly_solo,2_4h,morning,1,1,1,0,1,0,1,1,0,1,1,study_room,light_reading,solo,1_2h,morning,weekday,13.8,clear,indoor,rarely,5,4,4,4,4,4,5,3,4,4,25,16,16,20,20,12,16,16,2.3,5.2,9,1,76.8
I1580,U158,quiet_deepwork,P021,study_room_03,synthetic,train,5,4,4,5,4,3,3,4,4,5,library,report_writing,mostly_solo,2_4h,morning,1,1,1,0,1,0,1,1,0,1,1,study_room,deep_study,solo,over_4h,afternoon,weekend,17.8,clear,indoor,rarely,5,4,4,4,3,4,4,5,4,2,25,16,16,20,16,12,12,16,5.0,6.7,25,0.5,84.2
I1581,U159,social_collaborative,P026,study_room_08,synthetic,train,3,5,2,3,4,2,4,4,5,2,study_room,report_writing,mostly_group,2_4h,evening,0,0,0,1,1,0,0,1,0,1,0,study_room,report_writing,solo,2_4h,evening,weekday,17.9,cloudy,indoor,sometimes,4,5,4,4,5,4,4,5,4,3,12,25,8,12,16,16,20,20,1.7,4.5,10,1,70.3
I1582,U159,social_collaborative,P105,dorm_lounge_09,synthetic,train,3,5,2,3,4,2,4,4,5,2,study_room,report_writing,mostly_group,2_4h,evening,0,0,0,1,1,0,0,1,0,1,0,dorm_lounge,meeting,3_4,1_2h,afternoon,weekday,9.9,rainy,indoor,sometimes,3,3,3,2,3,3,4,3,4,3,9,15,6,6,16,16,12,15,0.4,2.5,9,0.5,58.9
I1583,U159,social_collaborative,P013,library_13,synthetic,train,3,5,2,3,4,2,4,4,5,2,study_room,report_writing,mostly_group,2_4h,evening,0,0,0,1,1,0,0,1,0,1,0,library,team_project,5_plus,under_1h,late_night,weekday,2.8,cloudy,indoor,first_time,5,4,4,4,3,3,5,2,4,4,15,20,8,12,20,16,12,15,0.5,0.7,6,0.5,68.1
I1584,U159,social_collaborative,P034,study_room_16,synthetic,train,3,5,2,3,4,2,4,4,5,2,study_room,report_writing,mostly_group,2_4h,evening,0,0,0,1,1,0,0,1,0,1,0,study_room,light_reading,solo,under_1h,morning,weekday,13.8,clear,indoor,sometimes,4,4,4,4,4,3,4,3,5,3,12,20,8,12,16,20,16,15,0.9,3.5,9,0,57.7
I1585,U159,social_collaborative,P038,cafe_02,synthetic,train,3,5,2,3,4,2,4,4,5,2,study_room,report_writing,mostly_group,2_4h,evening,0,0,0,1,1,0,0,1,0,1,0,cafe,meeting,2,1_2h,morning,weekday,21.4,clear,indoor,often,2,4,3,2,2,4,3,3,3,3,6,20,6,6,12,12,8,20,0.4,5.3,9,0,67.5
I1586,U159,social_collaborative,P092,coworking_space_08,synthetic,train,3,5,2,3,4,2,4,4,5,2,study_room,report_writing,mostly_group,2_4h,evening,0,0,0,1,1,0,0,1,0,1,0,coworking_space,meeting,3_4,2_4h,evening,weekend,3.0,clear,indoor,rarely,2,4,3,4,3,4,4,4,4,3,6,20,6,12,16,16,12,20,0.4,0.8,12,1,64.2
I1587,U159,social_collaborative,P081,computer_lab_07,synthetic,train,3,5,2,3,4,2,4,4,5,2,study_room,report_writing,mostly_group,2_4h,evening,0,0,0,1,1,0,0,1,0,1,0,computer_lab,coding,solo,2_4h,evening,weekend,8.0,rainy,indoor,rarely,4,4,2,3,3,3,4,4,4,3,12,20,4,9,16,16,12,15,1.8,2.0,8,1,59.1
I1588,U159,social_collaborative,P036,study_room_18,synthetic,train,3,5,2,3,4,2,4,4,5,2,study_room,report_writing,mostly_group,2_4h,evening,0,0,0,1,1,0,0,1,0,1,0,study_room,deep_study,solo,under_1h,evening,weekend,10.6,clear,indoor,often,5,4,4,4,4,4,5,5,4,4,15,20,8,12,20,16,16,20,2.0,2.7,10,1,82.2
I1589,U159,social_collaborative,P087,coworking_space_03,synthetic,train,3,5,2,3,4,2,4,4,5,2,study_room,report_writing,mostly_group,2_4h,evening,0,0,0,1,1,0,0,1,0,1,0,coworking_space,deep_study,solo,2_4h,evening,weekend,19.6,clear,indoor,sometimes,4,4,3,2,5,4,4,3,4,4,12,20,6,6,16,16,20,20,2.0,4.9,6,1,65.1
I1590,U159,social_collaborative,P041,cafe_05,synthetic,train,3,5,2,3,4,2,4,4,5,2,study_room,report_writing,mostly_group,2_4h,evening,0,0,0,1,1,0,0,1,0,1,0,cafe,team_project,2,2_4h,evening,weekday,8.2,rainy,indoor,rarely,2,4,2,3,2,4,4,5,4,3,6,20,4,9,16,16,8,20,0.5,2.0,15,1,60.6
I1591,U160,balanced,P011,library_11,synthetic,train,4,4,4,3,5,3,3,4,4,4,cafe,light_reading,mostly_solo,1_2h,afternoon,1,1,0,0,1,0,1,1,0,1,0,library,team_project,5_plus,1_2h,afternoon,weekend,12.7,clear,indoor,sometimes,5,4,4,4,2,4,4,3,4,3,20,16,16,12,20,12,8,16,1.0,4.8,9,1,71.8
I1592,U160,balanced,P024,study_room_06,synthetic,train,4,4,4,3,5,3,3,4,4,4,cafe,light_reading,mostly_solo,1_2h,afternoon,1,1,0,0,1,0,1,1,0,1,0,study_room,deep_study,solo,over_4h,evening,weekend,5.1,clear,indoor,first_time,4,4,3,4,3,4,4,4,4,3,16,16,12,12,20,12,12,16,4.0,1.9,16,0.5,61.9
I1593,U160,balanced,P056,home_02,synthetic,train,4,4,4,3,5,3,3,4,4,4,cafe,light_reading,mostly_solo,1_2h,afternoon,1,1,0,0,1,0,1,1,0,1,0,home,online_class,solo,1_2h,evening,weekend,7.2,clear,indoor,sometimes,4,3,5,4,5,4,5,5,5,5,16,12,20,12,25,15,20,16,2.6,2.7,15,0.5,81.4
I1594,U160,balanced,P005,library_05,synthetic,train,4,4,4,3,5,3,3,4,4,4,cafe,light_reading,mostly_solo,1_2h,afternoon,1,1,0,0,1,0,1,1,0,1,0,library,online_class,solo,over_4h,early_morning,weekday,9.4,hot,indoor,rarely,5,4,4,5,3,4,4,3,4,4,20,16,16,15,20,12,12,16,2.6,3.5,9,0,77.4
I1595,U160,balanced,P062,home_08,synthetic,train,4,4,4,3,5,3,3,4,4,4,cafe,light_reading,mostly_solo,1_2h,afternoon,1,1,0,0,1,0,1,1,0,1,0,home,report_writing,solo,over_4h,afternoon,weekday,11.7,clear,indoor,first_time,4,3,4,4,4,5,5,4,4,5,16,12,16,12,25,12,16,20,3.4,4.4,16,1,70.5
I1596,U160,balanced,P046,cafe_10,synthetic,train,4,4,4,3,5,3,3,4,4,4,cafe,light_reading,mostly_solo,1_2h,afternoon,1,1,0,0,1,0,1,1,0,1,0,cafe,coding,solo,2_4h,afternoon,weekday,8.8,hot,indoor,rarely,3,4,2,3,2,4,3,3,3,3,12,16,8,9,15,9,8,16,3.6,3.3,12,1,73.3
I1597,U160,balanced,P030,study_room_12,synthetic,train,4,4,4,3,5,3,3,4,4,4,cafe,light_reading,mostly_solo,1_2h,afternoon,1,1,0,0,1,0,1,1,0,1,0,study_room,report_writing,solo,over_4h,afternoon,weekday,9.1,clear,indoor,rarely,5,4,3,4,3,3,4,5,4,4,20,16,12,12,20,12,12,12,3.4,3.4,20,1,79.7
I1598,U160,balanced,P024,study_room_06,synthetic,train,4,4,4,3,5,3,3,4,4,4,cafe,light_reading,mostly_solo,1_2h,afternoon,1,1,0,0,1,0,1,1,0,1,0,study_room,deep_study,solo,over_4h,afternoon,weekend,3.8,cloudy,indoor,sometimes,4,4,3,4,3,4,4,5,4,3,16,16,12,12,20,12,12,16,4.0,1.4,20,1,70.1
I1599,U160,balanced,P001,library_01,synthetic,train,4,4,4,3,5,3,3,4,4,4,cafe,light_reading,mostly_solo,1_2h,afternoon,1,1,0,0,1,0,1,1,0,1,0,library,coding,solo,over_4h,afternoon,weekend,10.0,rainy,indoor,sometimes,5,4,4,5,2,3,4,4,4,4,20,16,16,15,20,12,8,12,3.6,3.8,16,1,66.3
I1600,U160,balanced,P103,dorm_lounge_07,synthetic,train,4,4,4,3,5,3,3,4,4,4,cafe,light_reading,mostly_solo,1_2h,afternoon,1,1,0,0,1,0,1,1,0,1,0,dorm_lounge,report_writing,3_4,2_4h,afternoon,weekday,14.9,rainy,indoor,sometimes,3,4,3,3,4,4,5,3,3,3,12,16,12,9,25,9,16,16,3.4,5.6,12,1,57.3
I1601,U161,social_collaborative,P086,coworking_space_02,synthetic,valid,3,4,1,4,5,3,3,5,5,3,cafe,meeting,mostly_group,2_4h,evening,0,0,1,0,1,0,0,1,0,1,1,coworking_space,online_class,solo,under_1h,evening,weekend,19.7,hot,indoor,sometimes,3,4,4,4,5,3,4,3,4,4,9,16,4,16,20,12,25,15,2.0,7.4,9,1,63.2
I1602,U161,social_collaborative,P022,study_room_04,synthetic,valid,3,4,1,4,5,3,3,5,5,3,cafe,meeting,mostly_group,2_4h,evening,0,0,1,0,1,0,0,1,0,1,1,study_room,team_project,3_4,under_1h,morning,weekday,15.2,clear,indoor,sometimes,4,5,3,4,5,3,4,5,4,4,12,20,3,16,20,12,25,15,0.8,5.7,15,0,54.1
I1603,U161,social_collaborative,P029,study_room_11,synthetic,valid,3,4,1,4,5,3,3,5,5,3,cafe,meeting,mostly_group,2_4h,evening,0,0,1,0,1,0,0,1,0,1,1,study_room,meeting,3_4,2_4h,evening,weekend,14.4,clear,indoor,often,4,4,3,4,2,4,4,4,4,3,12,16,3,16,20,12,10,20,0.6,5.4,12,1,75.0
I1604,U161,social_collaborative,P092,coworking_space_08,synthetic,valid,3,4,1,4,5,3,3,5,5,3,cafe,meeting,mostly_group,2_4h,evening,0,0,1,0,1,0,0,1,0,1,1,coworking_space,coding,solo,1_2h,evening,weekday,5.3,clear,indoor,sometimes,2,4,3,4,3,4,4,4,4,3,6,16,3,16,20,12,15,20,2.7,2.0,12,1,63.0
I1605,U161,social_collaborative,P096,coworking_space_12,synthetic,valid,3,4,1,4,5,3,3,5,5,3,cafe,meeting,mostly_group,2_4h,evening,0,0,1,0,1,0,0,1,0,1,1,coworking_space,online_class,solo,under_1h,early_morning,weekday,15.7,hot,indoor,often,3,3,4,3,3,5,5,4,4,3,9,12,4,12,25,12,15,25,2.0,5.9,12,0,58.3
I1606,U161,social_collaborative,P019,study_room_01,synthetic,valid,3,4,1,4,5,3,3,5,5,3,cafe,meeting,mostly_group,2_4h,evening,0,0,1,0,1,0,0,1,0,1,1,study_room,meeting,3_4,1_2h,afternoon,weekday,14.4,cloudy,indoor,rarely,4,3,4,4,3,4,4,4,4,4,12,12,4,16,20,12,15,20,0.6,5.4,12,0.5,60.8
I1607,U161,social_collaborative,P019,study_room_01,synthetic,valid,3,4,1,4,5,3,3,5,5,3,cafe,meeting,mostly_group,2_4h,evening,0,0,1,0,1,0,0,1,0,1,1,study_room,coding,2,2_4h,afternoon,weekend,16.1,rainy,indoor,first_time,4,3,4,4,3,4,4,5,4,4,12,12,4,16,20,12,15,20,2.7,6.0,15,0.5,51.5
I1608,U161,social_collaborative,P032,study_room_14,synthetic,valid,3,4,1,4,5,3,3,5,5,3,cafe,meeting,mostly_group,2_4h,evening,0,0,1,0,1,0,0,1,0,1,1,study_room,coding,solo,2_4h,late_night,weekday,21.3,clear,indoor,often,4,4,4,4,4,3,4,5,4,4,12,16,4,16,20,12,20,15,2.7,8.0,15,0.5,79.0
I1609,U161,social_collaborative,P042,cafe_06,synthetic,valid,3,4,1,4,5,3,3,5,5,3,cafe,meeting,mostly_group,2_4h,evening,0,0,1,0,1,0,0,1,0,1,1,cafe,coding,solo,1_2h,evening,weekend,12.7,hot,indoor,sometimes,3,4,2,3,2,4,3,4,4,3,9,16,2,12,15,12,10,20,2.7,4.8,12,1,57.7
I1610,U161,social_collaborative,P043,cafe_07,synthetic,valid,3,4,1,4,5,3,3,5,5,3,cafe,meeting,mostly_group,2_4h,evening,0,0,1,0,1,0,0,1,0,1,1,cafe,coding,solo,2_4h,morning,weekday,9.1,cloudy,indoor,often,2,5,3,3,2,4,3,3,3,3,6,20,3,12,15,9,10,20,2.7,3.4,9,0,63.6
I1611,U162,convenience_oriented,P005,library_05,synthetic,train,3,3,3,2,4,5,3,3,3,4,coworking_space,light_reading,mostly_solo,over_4h,afternoon,0,0,0,0,1,1,0,1,1,0,0,library,online_class,solo,under_1h,late_night,weekday,8.0,clear,indoor,often,5,4,4,5,3,4,4,4,4,4,15,12,12,10,16,12,9,12,2.6,5.0,12,0,70.8
I1612,U162,convenience_oriented,P011,library_11,synthetic,train,3,3,3,2,4,5,3,3,3,4,coworking_space,light_reading,mostly_solo,over_4h,afternoon,0,0,0,0,1,1,0,1,1,0,0,library,team_project,2,1_2h,morning,weekend,14.6,clear,indoor,rarely,5,4,4,4,2,4,4,2,4,3,15,12,12,8,16,12,6,12,1.0,9.1,6,0.5,60.6
I1613,U162,convenience_oriented,P053,cafe_17,synthetic,train,3,3,3,2,4,5,3,3,3,4,coworking_space,light_reading,mostly_solo,over_4h,afternoon,0,0,0,0,1,1,0,1,1,0,0,cafe,online_class,2,1_2h,early_morning,weekday,19.1,clear,indoor,sometimes,3,4,2,2,2,3,3,2,3,3,9,12,6,4,12,9,6,9,2.6,12.0,6,0,41.0
I1614,U162,convenience_oriented,P047,cafe_11,synthetic,train,3,3,3,2,4,5,3,3,3,4,coworking_space,light_reading,mostly_solo,over_4h,afternoon,0,0,0,0,1,1,0,1,1,0,0,cafe,coding,2,under_1h,afternoon,weekday,12.4,clear,indoor,rarely,3,4,3,3,2,4,3,3,4,3,9,12,9,6,12,12,6,12,3.6,7.8,12,1,48.0
I1615,U162,convenience_oriented,P040,cafe_04,synthetic,train,3,3,3,2,4,5,3,3,3,4,coworking_space,light_reading,mostly_solo,over_4h,afternoon,0,0,0,0,1,1,0,1,1,0,0,cafe,deep_study,solo,2_4h,evening,weekday,13.6,rainy,indoor,rarely,3,4,2,3,3,4,3,2,4,3,9,12,6,6,12,12,9,12,4.0,8.5,8,0.5,45.0
I1616,U162,convenience_oriented,P031,study_room_13,synthetic,train,3,3,3,2,4,5,3,3,3,4,coworking_space,light_reading,mostly_solo,over_4h,afternoon,0,0,0,0,1,1,0,1,1,0,0,study_room,report_writing,solo,over_4h,morning,weekday,1.0,cloudy,indoor,often,5,4,4,4,4,4,4,5,5,4,15,12,12,8,16,15,12,12,3.4,0.6,20,0.5,63.0
I1617,U162,convenience_oriented,P073,classroom_11,synthetic,train,3,3,3,2,4,5,3,3,3,4,coworking_space,light_reading,mostly_solo,over_4h,afternoon,0,0,0,0,1,1,0,1,1,0,0,classroom,coding,solo,2_4h,morning,weekday,11.6,clear,indoor,first_time,4,5,3,3,4,3,3,3,3,4,12,15,9,6,12,9,12,9,3.6,7.2,12,0.5,52.2
I1618,U162,convenience_oriented,P043,cafe_07,synthetic,train,3,3,3,2,4,5,3,3,3,4,coworking_space,light_reading,mostly_solo,over_4h,afternoon,0,0,0,0,1,1,0,1,1,0,0,cafe,coding,2,2_4h,morning,weekend,7.2,clear,indoor,sometimes,2,5,3,3,2,4,3,4,3,3,6,15,9,6,12,9,6,12,3.6,4.5,16,0.5,53.8
I1619,U162,convenience_oriented,P037,cafe_01,synthetic,train,3,3,3,2,4,5,3,3,3,4,coworking_space,light_reading,mostly_solo,over_4h,afternoon,0,0,0,0,1,1,0,1,1,0,0,cafe,team_project,3_4,2_4h,afternoon,weekend,14.8,cloudy,indoor,rarely,3,4,2,2,2,4,3,4,4,4,9,12,6,4,12,12,6,12,1.0,9.2,12,1,43.8
I1620,U162,convenience_oriented,P015,library_15,synthetic,train,3,3,3,2,4,5,3,3,3,4,coworking_space,light_reading,mostly_solo,over_4h,afternoon,0,0,0,0,1,1,0,1,1,0,0,library,coding,solo,2_4h,morning,weekend,16.0,clear,indoor,often,4,4,4,5,2,4,3,4,4,4,12,12,12,10,12,12,6,12,3.6,10.0,16,0.5,61.5
I1621,U163,comfort_oriented,P094,coworking_space_10,synthetic,train,4,4,3,4,3,3,4,5,5,3,coworking_space,deep_study,mixed,2_4h,early_morning,1,0,1,1,0,0,1,0,0,1,1,coworking_space,light_reading,solo,1_2h,early_morning,weekday,12.9,clear,indoor,rarely,3,5,3,4,3,4,3,3,4,4,12,20,9,16,9,16,15,20,1.4,4.8,9,1,59.9
I1622,U163,comfort_oriented,P053,cafe_17,synthetic,train,4,4,3,4,3,3,4,5,5,3,coworking_space,deep_study,mixed,2_4h,early_morning,1,0,1,1,0,0,1,0,0,1,1,cafe,report_writing,solo,1_2h,evening,weekday,19.1,clear,indoor,often,3,4,2,2,2,3,3,4,3,3,12,16,6,8,9,12,10,15,2.6,7.2,12,0,59.9
I1623,U163,comfort_oriented,P043,cafe_07,synthetic,train,4,4,3,4,3,3,4,5,5,3,coworking_space,deep_study,mixed,2_4h,early_morning,1,0,1,1,0,0,1,0,0,1,1,cafe,team_project,3_4,2_4h,early_morning,weekday,9.3,cloudy,indoor,first_time,2,5,3,3,2,4,3,3,3,3,8,20,9,12,9,12,10,20,0.8,3.5,9,1,59.2
I1624,U163,comfort_oriented,P064,classroom_02,synthetic,train,4,4,3,4,3,3,4,5,5,3,coworking_space,deep_study,mixed,2_4h,early_morning,1,0,1,1,0,0,1,0,0,1,1,classroom,light_reading,solo,under_1h,early_morning,weekend,5.8,hot,indoor,rarely,4,4,3,3,3,3,3,3,3,3,16,16,9,12,9,12,15,15,1.4,2.2,9,1,54.8
I1625,U163,comfort_oriented,P007,library_07,synthetic,train,4,4,3,4,3,3,4,5,5,3,coworking_space,deep_study,mixed,2_4h,early_morning,1,0,1,1,0,0,1,0,0,1,1,library,deep_study,solo,1_2h,morning,weekday,11.6,rainy,indoor,rarely,5,4,3,4,3,3,4,5,4,4,20,16,9,16,12,16,15,15,3.0,4.4,15,0.5,78.3
I1626,U163,comfort_oriented,P051,cafe_15,synthetic,train,4,4,3,4,3,3,4,5,5,3,coworking_space,deep_study,mixed,2_4h,early_morning,1,0,1,1,0,0,1,0,0,1,1,cafe,coding,solo,1_2h,evening,weekday,13.4,clear,indoor,sometimes,3,4,2,3,3,4,3,3,4,3,12,16,6,12,9,16,15,20,2.7,5.0,9,0,50.2
I1627,U163,comfort_oriented,P086,coworking_space_02,synthetic,train,4,4,3,4,3,3,4,5,5,3,coworking_space,deep_study,mixed,2_4h,early_morning,1,0,1,1,0,0,1,0,0,1,1,coworking_space,coding,solo,1_2h,afternoon,weekday,21.7,rainy,indoor,sometimes,3,4,4,4,5,3,4,4,4,4,12,16,12,16,12,16,25,15,2.7,8.1,12,0,64.5
I1628,U163,comfort_oriented,P042,cafe_06,synthetic,train,4,4,3,4,3,3,4,5,5,3,coworking_space,deep_study,mixed,2_4h,early_morning,1,0,1,1,0,0,1,0,0,1,1,cafe,coding,solo,over_4h,afternoon,weekday,17.3,cloudy,indoor,rarely,3,4,2,3,2,4,3,4,4,3,12,16,6,12,9,16,10,20,2.7,6.5,12,0,61.5
I1629,U163,comfort_oriented,P010,library_10,synthetic,train,4,4,3,4,3,3,4,5,5,3,coworking_space,deep_study,mixed,2_4h,early_morning,1,0,1,1,0,0,1,0,0,1,1,library,online_class,3_4,1_2h,early_morning,weekday,3.3,clear,indoor,rarely,5,5,4,4,3,4,4,4,4,5,20,20,12,16,12,16,15,20,2.0,1.2,12,1,75.9
I1630,U163,comfort_oriented,P057,home_03,synthetic,train,4,4,3,4,3,3,4,5,5,3,coworking_space,deep_study,mixed,2_4h,early_morning,1,0,1,1,0,0,1,0,0,1,1,home,light_reading,solo,1_2h,afternoon,weekday,6.5,cold,indoor,first_time,3,4,4,4,5,4,5,5,5,4,12,16,12,16,15,20,25,20,1.4,2.4,15,0,68.7
I1631,U164,quiet_deepwork,P077,computer_lab_03,synthetic,train,5,4,5,4,4,4,4,3,4,5,library,online_class,mostly_solo,1_2h,evening,1,1,1,1,1,1,1,1,1,1,1,computer_lab,report_writing,solo,2_4h,morning,weekday,17.4,hot,indoor,often,4,3,3,3,2,3,4,4,4,4,20,12,15,12,16,16,6,12,4.3,8.7,20,0,68.2
I1632,U164,quiet_deepwork,P068,classroom_06,synthetic,train,5,4,5,4,4,4,4,3,4,5,library,online_class,mostly_solo,1_2h,evening,1,1,1,1,1,1,1,1,1,1,1,classroom,coding,solo,over_4h,evening,weekday,9.0,rainy,indoor,sometimes,3,4,3,3,2,3,3,3,2,4,15,16,15,12,12,8,6,12,4.5,4.5,15,1,68.5
I1633,U164,quiet_deepwork,P012,library_12,synthetic,train,5,4,5,4,4,4,4,3,4,5,library,online_class,mostly_solo,1_2h,evening,1,1,1,1,1,1,1,1,1,1,1,library,deep_study,solo,2_4h,early_morning,weekday,2.2,clear,indoor,rarely,5,4,4,4,3,3,3,5,5,4,25,16,20,16,12,20,9,12,5.0,1.1,25,0,81.2
I1634,U164,quiet_deepwork,P073,classroom_11,synthetic,train,5,4,5,4,4,4,4,3,4,5,library,online_class,mostly_solo,1_2h,evening,1,1,1,1,1,1,1,1,1,1,1,classroom,report_writing,solo,2_4h,late_night,weekday,14.7,clear,indoor,first_time,4,5,3,3,4,3,3,4,3,4,20,20,15,12,12,12,12,12,4.3,7.3,20,0.5,69.7
I1635,U164,quiet_deepwork,P083,computer_lab_09,synthetic,train,5,4,5,4,4,4,4,3,4,5,library,online_class,mostly_solo,1_2h,evening,1,1,1,1,1,1,1,1,1,1,1,computer_lab,coding,solo,over_4h,evening,weekday,1.5,cold,indoor,often,4,4,3,3,4,3,5,5,4,3,20,16,15,12,20,16,12,12,4.5,0.7,25,1,80.3
I1636,U164,quiet_deepwork,P003,library_03,synthetic,train,5,4,5,4,4,4,4,3,4,5,library,online_class,mostly_solo,1_2h,evening,1,1,1,1,1,1,1,1,1,1,1,library,coding,2,2_4h,evening,weekday,1.0,clear,indoor,rarely,5,3,4,5,3,3,4,4,4,4,25,12,20,20,16,16,9,12,4.5,0.5,20,1,68.5
I1637,U164,quiet_deepwork,P033,study_room_15,synthetic,train,5,4,5,4,4,4,4,3,4,5,library,online_class,mostly_solo,1_2h,evening,1,1,1,1,1,1,1,1,1,1,1,study_room,light_reading,solo,under_1h,evening,weekend,1.0,rainy,indoor,rarely,5,3,4,3,4,4,4,4,5,4,25,12,20,12,16,20,12,16,2.3,0.5,12,1,83.9
I1638,U164,quiet_deepwork,P017,library_17,synthetic,train,5,4,5,4,4,4,4,3,4,5,library,online_class,mostly_solo,1_2h,evening,1,1,1,1,1,1,1,1,1,1,1,library,report_writing,solo,2_4h,evening,weekend,6.8,cold,indoor,sometimes,5,4,4,5,3,3,4,4,5,4,25,16,20,20,16,20,9,12,4.3,3.4,20,1,82.8
I1639,U164,quiet_deepwork,P018,library_18,synthetic,train,5,4,5,4,4,4,4,3,4,5,library,online_class,mostly_solo,1_2h,evening,1,1,1,1,1,1,1,1,1,1,1,library,deep_study,solo,2_4h,morning,weekday,10.5,cloudy,indoor,sometimes,5,4,3,4,3,3,4,5,4,3,25,16,15,16,16,16,9,12,5.0,5.3,25,0,74.8
I1640,U164,quiet_deepwork,P090,coworking_space_06,synthetic,train,5,4,5,4,4,4,4,3,4,5,library,online_class,mostly_solo,1_2h,evening,1,1,1,1,1,1,1,1,1,1,1,coworking_space,deep_study,2,under_1h,afternoon,weekend,13.4,clear,indoor,first_time,3,4,3,4,4,4,4,4,4,3,15,16,15,16,16,16,12,16,5.0,6.7,20,0.5,61.9
I1641,U165,comfort_oriented,P007,library_07,synthetic,train,4,3,3,4,4,3,4,5,5,4,classroom,team_project,mostly_solo,1_2h,afternoon,1,0,1,1,1,0,1,1,0,1,1,library,coding,solo,1_2h,evening,weekday,11.4,clear,indoor,sometimes,5,4,3,4,3,3,4,4,4,4,20,12,9,16,16,16,15,15,3.6,4.3,16,0.5,61.0
I1642,U165,comfort_oriented,P028,study_room_10,synthetic,train,4,3,3,4,4,3,4,5,5,4,classroom,team_project,mostly_solo,1_2h,afternoon,1,0,1,1,1,0,1,1,0,1,1,study_room,report_writing,solo,1_2h,afternoon,weekday,13.6,clear,indoor,often,4,4,3,3,4,4,5,3,4,3,16,12,9,12,20,16,20,20,3.4,5.1,12,1,67.5
I1643,U165,comfort_oriented,P051,cafe_15,synthetic,train,4,3,3,4,4,3,4,5,5,4,classroom,team_project,mostly_solo,1_2h,afternoon,1,0,1,1,1,0,1,1,0,1,1,cafe,coding,solo,1_2h,evening,weekday,13.0,cloudy,indoor,rarely,3,4,2,3,3,4,3,4,4,3,12,12,6,12,12,16,15,20,3.6,4.9,16,0.5,58.4
I1644,U165,comfort_oriented,P036,study_room_18,synthetic,train,4,3,3,4,4,3,4,5,5,4,classroom,team_project,mostly_solo,1_2h,afternoon,1,0,1,1,1,0,1,1,0,1,1,study_room,coding,solo,over_4h,afternoon,weekday,13.9,rainy,indoor,sometimes,5,4,4,4,4,4,5,5,4,4,20,12,12,16,20,16,20,20,3.6,5.2,20,1,86.1
I1645,U165,comfort_oriented,P032,study_room_14,synthetic,train,4,3,3,4,4,3,4,5,5,4,classroom,team_project,mostly_solo,1_2h,afternoon,1,0,1,1,1,0,1,1,0,1,1,study_room,report_writing,solo,2_4h,morning,weekday,19.1,cloudy,indoor,sometimes,4,4,4,4,4,3,4,4,4,4,16,12,12,16,16,16,20,15,3.4,7.2,16,0.5,63.1
I1646,U165,comfort_oriented,P031,study_room_13,synthetic,train,4,3,3,4,4,3,4,5,5,4,classroom,team_project,mostly_solo,1_2h,afternoon,1,0,1,1,1,0,1,1,0,1,1,study_room,deep_study,solo,1_2h,afternoon,weekday,1.3,cloudy,indoor,often,5,4,4,4,4,4,4,5,5,4,20,12,12,16,16,20,20,20,4.0,0.5,20,1,75.2
I1647,U165,comfort_oriented,P011,library_11,synthetic,train,4,3,3,4,4,3,4,5,5,4,classroom,team_project,mostly_solo,1_2h,afternoon,1,0,1,1,1,0,1,1,0,1,1,library,team_project,3_4,1_2h,evening,weekday,15.2,cold,indoor,sometimes,5,4,4,4,2,4,4,2,4,3,20,12,12,16,16,16,10,20,1.0,5.7,6,0.5,78.1
I1648,U165,comfort_oriented,P021,study_room_03,synthetic,train,4,3,3,4,4,3,4,5,5,4,classroom,team_project,mostly_solo,1_2h,afternoon,1,0,1,1,1,0,1,1,0,1,1,study_room,coding,solo,2_4h,afternoon,weekday,19.4,clear,indoor,often,5,4,4,4,3,4,4,4,4,2,20,12,12,16,16,16,15,20,3.6,7.3,16,1,71.0
I1649,U165,comfort_oriented,P044,cafe_08,synthetic,train,4,3,3,4,4,3,4,5,5,4,classroom,team_project,mostly_solo,1_2h,afternoon,1,0,1,1,1,0,1,1,0,1,1,cafe,report_writing,solo,2_4h,evening,weekday,15.4,hot,indoor,often,3,4,3,4,2,4,3,4,4,2,12,12,9,16,12,16,10,20,3.4,5.8,16,0.5,74.1
I1650,U165,comfort_oriented,P060,home_06,synthetic,train,4,3,3,4,4,3,4,5,5,4,classroom,team_project,mostly_solo,1_2h,afternoon,1,0,1,1,1,0,1,1,0,1,1,home,online_class,solo,1_2h,evening,weekday,16.3,hot,indoor,sometimes,4,3,5,5,4,5,5,5,4,5,16,9,15,20,20,16,20,25,2.6,6.1,15,0.5,73.4
I1651,U166,quiet_deepwork,P098,dorm_lounge_02,synthetic,valid,5,5,5,3,5,2,4,3,4,4,home,online_class,mostly_solo,over_4h,morning,1,1,0,1,1,0,1,1,0,1,0,dorm_lounge,online_class,solo,2_4h,morning,weekday,17.8,cloudy,indoor,sometimes,3,4,3,2,3,4,4,3,4,3,15,20,15,6,20,16,9,16,2.6,4.5,9,1,75.7
I1652,U166,quiet_deepwork,P091,coworking_space_07,synthetic,valid,5,5,5,3,5,2,4,3,4,4,home,online_class,mostly_solo,over_4h,morning,1,1,0,1,1,0,1,1,0,1,0,coworking_space,deep_study,solo,2_4h,late_night,weekday,11.0,cloudy,indoor,rarely,4,4,4,3,4,5,4,3,3,4,20,20,20,9,20,12,12,20,4.0,2.7,12,0,78.0
I1653,U166,quiet_deepwork,P032,study_room_14,synthetic,valid,5,5,5,3,5,2,4,3,4,4,home,online_class,mostly_solo,over_4h,morning,1,1,0,1,1,0,1,1,0,1,0,study_room,deep_study,solo,2_4h,evening,weekend,16.7,hot,indoor,sometimes,4,4,4,4,4,3,4,4,4,4,20,20,20,12,20,16,12,12,4.0,4.2,16,0,79.0
I1654,U166,quiet_deepwork,P015,library_15,synthetic,valid,5,5,5,3,5,2,4,3,4,4,home,online_class,mostly_solo,over_4h,morning,1,1,0,1,1,0,1,1,0,1,0,library,report_writing,solo,over_4h,morning,weekday,13.3,hot,indoor,sometimes,4,4,4,5,2,4,3,5,4,4,20,20,20,15,15,16,6,16,3.4,3.3,20,1,79.8
I1655,U166,quiet_deepwork,P051,cafe_15,synthetic,valid,5,5,5,3,5,2,4,3,4,4,home,online_class,mostly_solo,over_4h,morning,1,1,0,1,1,0,1,1,0,1,0,cafe,online_class,solo,under_1h,morning,weekday,13.7,hot,indoor,first_time,3,4,2,3,3,4,3,3,4,3,15,20,10,9,15,16,9,16,2.6,3.4,9,1,65.0
I1656,U166,quiet_deepwork,P062,home_08,synthetic,valid,5,5,5,3,5,2,4,3,4,4,home,online_class,mostly_solo,over_4h,morning,1,1,0,1,1,0,1,1,0,1,0,home,coding,2,1_2h,morning,weekday,9.6,clear,indoor,first_time,4,3,4,4,4,5,5,4,4,5,20,15,20,12,25,16,12,20,3.6,2.4,16,1,60.5
I1657,U166,quiet_deepwork,P027,study_room_09,synthetic,valid,5,5,5,3,5,2,4,3,4,4,home,online_class,mostly_solo,over_4h,morning,1,1,0,1,1,0,1,1,0,1,0,study_room,coding,solo,1_2h,evening,weekend,1.6,rainy,indoor,sometimes,5,3,3,4,4,3,3,4,3,3,25,15,15,12,15,12,12,12,3.6,0.4,16,0,71.9
I1658,U166,quiet_deepwork,P083,computer_lab_09,synthetic,valid,5,5,5,3,5,2,4,3,4,4,home,online_class,mostly_solo,over_4h,morning,1,1,0,1,1,0,1,1,0,1,0,computer_lab,deep_study,solo,2_4h,morning,weekday,1.0,cloudy,indoor,often,4,4,3,3,4,3,5,4,4,3,20,20,15,9,25,16,12,12,4.0,0.3,16,1,85.4
I1659,U166,quiet_deepwork,P021,study_room_03,synthetic,valid,5,5,5,3,5,2,4,3,4,4,home,online_class,mostly_solo,over_4h,morning,1,1,0,1,1,0,1,1,0,1,0,study_room,online_class,solo,over_4h,afternoon,weekend,16.8,cold,indoor,often,5,4,4,4,3,4,4,4,4,2,25,20,20,12,20,16,9,16,2.6,4.2,12,0.5,77.0
I1660,U166,quiet_deepwork,P031,study_room_13,synthetic,valid,5,5,5,3,5,2,4,3,4,4,home,online_class,mostly_solo,over_4h,morning,1,1,0,1,1,0,1,1,0,1,0,study_room,deep_study,solo,2_4h,afternoon,weekend,1.0,clear,indoor,sometimes,5,4,4,4,4,4,4,4,5,4,25,20,20,12,20,20,12,16,4.0,0.3,16,0.5,91.5
I1661,U167,quiet_deepwork,P110,outdoor_02,synthetic,train,5,4,5,5,4,4,4,4,4,5,library,report_writing,mostly_solo,1_2h,morning,1,1,1,1,1,1,1,1,1,1,1,outdoor,coding,solo,2_4h,late_night,weekday,10.5,cloudy,outdoor,first_time,3,4,3,3,2,3,2,2,2,3,15,16,15,15,8,8,8,12,4.5,5.2,10,0,73.2
I1662,U167,quiet_deepwork,P068,classroom_06,synthetic,train,5,4,5,5,4,4,4,4,4,5,library,report_writing,mostly_solo,1_2h,morning,1,1,1,1,1,1,1,1,1,1,1,classroom,coding,solo,over_4h,late_night,weekday,5.0,cloudy,indoor,sometimes,3,4,3,3,2,3,3,3,2,4,15,16,15,15,12,8,8,12,4.5,2.5,15,0,67.1
I1663,U167,quiet_deepwork,P086,coworking_space_02,synthetic,train,5,4,5,5,4,4,4,4,4,5,library,report_writing,mostly_solo,1_2h,morning,1,1,1,1,1,1,1,1,1,1,1,coworking_space,online_class,2,1_2h,morning,weekday,18.2,clear,indoor,sometimes,3,4,4,4,5,3,4,4,4,4,15,16,20,20,16,16,20,12,3.3,9.1,12,1,77.5
I1664,U167,quiet_deepwork,P028,study_room_10,synthetic,train,5,4,5,5,4,4,4,4,4,5,library,report_writing,mostly_solo,1_2h,morning,1,1,1,1,1,1,1,1,1,1,1,study_room,deep_study,solo,2_4h,late_night,weekday,13.9,cloudy,indoor,often,4,4,3,3,4,4,5,4,4,3,20,16,15,15,20,16,16,16,5.0,7.0,20,0,70.4
I1665,U167,quiet_deepwork,P012,library_12,synthetic,train,5,4,5,5,4,4,4,4,4,5,library,report_writing,mostly_solo,1_2h,morning,1,1,1,1,1,1,1,1,1,1,1,library,deep_study,solo,2_4h,afternoon,weekend,6.5,rainy,indoor,first_time,5,4,4,4,3,3,3,5,5,4,25,16,20,20,12,20,12,12,5.0,3.3,25,0.5,73.5
I1666,U167,quiet_deepwork,P013,library_13,synthetic,train,5,4,5,5,4,4,4,4,4,5,library,report_writing,mostly_solo,1_2h,morning,1,1,1,1,1,1,1,1,1,1,1,library,team_project,3_4,2_4h,afternoon,weekday,4.8,clear,indoor,sometimes,5,4,4,4,3,3,5,3,4,4,25,16,20,20,20,16,12,12,1.3,2.4,9,0.5,66.9
I1667,U167,quiet_deepwork,P004,library_04,synthetic,train,5,4,5,5,4,4,4,4,4,5,library,report_writing,mostly_solo,1_2h,morning,1,1,1,1,1,1,1,1,1,1,1,library,coding,solo,over_4h,afternoon,weekday,4.5,hot,indoor,sometimes,5,3,3,4,2,4,4,4,3,4,25,12,15,20,16,12,8,16,4.5,2.2,20,0.5,67.5
I1668,U167,quiet_deepwork,P005,library_05,synthetic,train,5,4,5,5,4,4,4,4,4,5,library,report_writing,mostly_solo,1_2h,morning,1,1,1,1,1,1,1,1,1,1,1,library,report_writing,solo,2_4h,afternoon,weekday,1.0,cloudy,indoor,sometimes,5,4,4,5,3,4,4,5,4,4,25,16,20,25,16,16,12,16,4.3,0.5,25,0.5,90.0
I1669,U167,quiet_deepwork,P112,outdoor_04,synthetic,train,5,4,5,5,4,4,4,4,4,5,library,report_writing,mostly_solo,1_2h,morning,1,1,1,1,1,1,1,1,1,1,1,outdoor,coding,2,over_4h,morning,weekend,9.3,clear,outdoor,sometimes,3,4,3,3,2,3,1,3,3,2,15,16,15,15,4,12,8,12,4.5,4.6,15,1,50.5
I1670,U167,quiet_deepwork,P068,classroom_06,synthetic,train,5,4,5,5,4,4,4,4,4,5,library,report_writing,mostly_solo,1_2h,morning,1,1,1,1,1,1,1,1,1,1,1,classroom,report_writing,solo,2_4h,afternoon,weekday,15.3,rainy,indoor,rarely,3,4,3,3,2,3,3,4,2,4,15,16,15,15,12,8,8,12,4.3,7.7,20,0.5,54.5
I1671,U168,convenience_oriented,P098,dorm_lounge_02,synthetic,test,5,4,3,3,4,5,3,4,4,4,home,coding,mostly_solo,2_4h,afternoon,1,0,0,0,1,1,1,1,1,1,0,dorm_lounge,report_writing,5_plus,over_4h,evening,weekday,18.0,clear,indoor,sometimes,3,4,3,2,3,4,4,3,4,3,15,16,9,6,16,12,12,16,3.4,11.3,12,0.5,53.4
I1672,U168,convenience_oriented,P027,study_room_09,synthetic,test,5,4,3,3,4,5,3,4,4,4,home,coding,mostly_solo,2_4h,afternoon,1,0,0,0,1,1,1,1,1,1,0,study_room,report_writing,solo,1_2h,afternoon,weekday,4.6,clear,indoor,rarely,5,3,3,4,4,3,3,5,3,3,25,12,9,12,12,9,16,12,3.4,2.9,20,1,74.1
I1673,U168,convenience_oriented,P045,cafe_09,synthetic,test,5,4,3,3,4,5,3,4,4,4,home,coding,mostly_solo,2_4h,afternoon,1,0,0,0,1,1,1,1,1,1,0,cafe,light_reading,solo,1_2h,afternoon,weekday,1.4,clear,indoor,sometimes,2,3,2,2,3,3,3,4,3,3,10,12,6,6,12,9,12,12,1.8,0.9,12,1,58.9
I1674,U168,convenience_oriented,P104,dorm_lounge_08,synthetic,test,5,4,3,3,4,5,3,4,4,4,home,coding,mostly_solo,2_4h,afternoon,1,0,0,0,1,1,1,1,1,1,0,dorm_lounge,deep_study,2,2_4h,evening,weekend,12.4,rainy,indoor,sometimes,3,4,3,3,4,4,4,2,4,3,15,16,9,9,16,12,16,16,4.0,7.8,8,0.5,50.9
I1675,U168,convenience_oriented,P016,library_16,synthetic,test,5,4,3,3,4,5,3,4,4,4,home,coding,mostly_solo,2_4h,afternoon,1,0,0,0,1,1,1,1,1,1,0,library,deep_study,solo,under_1h,evening,weekday,8.4,cloudy,indoor,sometimes,5,4,3,5,3,4,3,5,4,4,25,16,9,15,12,12,12,16,4.0,5.2,20,0.5,74.6
I1676,U168,convenience_oriented,P045,cafe_09,synthetic,test,5,4,3,3,4,5,3,4,4,4,home,coding,mostly_solo,2_4h,afternoon,1,0,0,0,1,1,1,1,1,1,0,cafe,deep_study,2,2_4h,early_morning,weekday,6.6,cloudy,indoor,sometimes,2,3,2,2,3,3,3,3,3,3,10,12,6,6,12,9,12,12,4.0,4.1,12,0,51.8
I1677,U168,convenience_oriented,P043,cafe_07,synthetic,test,5,4,3,3,4,5,3,4,4,4,home,coding,mostly_solo,2_4h,afternoon,1,0,0,0,1,1,1,1,1,1,0,cafe,online_class,solo,2_4h,morning,weekend,1.3,rainy,indoor,rarely,2,5,3,3,2,4,3,3,3,3,10,20,9,9,12,9,8,16,2.6,0.8,9,0.5,48.6
I1678,U168,convenience_oriented,P004,library_04,synthetic,test,5,4,3,3,4,5,3,4,4,4,home,coding,mostly_solo,2_4h,afternoon,1,0,0,0,1,1,1,1,1,1,0,library,online_class,solo,2_4h,afternoon,weekday,3.6,cloudy,indoor,first_time,5,3,3,4,2,4,4,3,3,4,25,12,9,12,16,9,8,16,2.6,2.2,9,1,72.0
I1679,U168,convenience_oriented,P046,cafe_10,synthetic,test,5,4,3,3,4,5,3,4,4,4,home,coding,mostly_solo,2_4h,afternoon,1,0,0,0,1,1,1,1,1,1,0,cafe,light_reading,solo,1_2h,evening,weekday,11.0,clear,indoor,sometimes,3,4,2,3,2,4,3,4,3,3,15,16,6,9,12,9,8,16,1.8,6.8,12,0.5,60.0
I1680,U168,convenience_oriented,P050,cafe_14,synthetic,test,5,4,3,3,4,5,3,4,4,4,home,coding,mostly_solo,2_4h,afternoon,1,0,0,0,1,1,1,1,1,1,0,cafe,report_writing,2,1_2h,morning,weekday,11.2,clear,indoor,often,3,5,2,3,2,4,3,4,4,3,15,20,6,9,12,12,8,16,3.4,7.0,16,0.5,49.1
I1681,U169,social_collaborative,P039,cafe_03,synthetic,train,3,4,3,3,4,4,3,3,5,3,outdoor,team_project,mostly_group,2_4h,afternoon,0,0,0,0,1,1,0,1,1,1,0,cafe,report_writing,solo,over_4h,afternoon,weekday,11.5,clear,indoor,sometimes,3,4,2,3,2,4,3,4,4,4,9,16,6,9,12,12,6,20,2.6,5.8,12,1,59.7
I1682,U169,social_collaborative,P054,cafe_18,synthetic,train,3,4,3,3,4,4,3,3,5,3,outdoor,team_project,mostly_group,2_4h,afternoon,0,0,0,0,1,1,0,1,1,1,0,cafe,report_writing,solo,1_2h,afternoon,weekday,14.2,clear,indoor,often,3,5,2,3,2,3,3,4,4,3,9,20,6,9,12,12,6,15,2.6,7.1,12,1,52.6
I1683,U169,social_collaborative,P029,study_room_11,synthetic,train,3,4,3,3,4,4,3,3,5,3,outdoor,team_project,mostly_group,2_4h,afternoon,0,0,0,0,1,1,0,1,1,1,0,study_room,online_class,2,1_2h,afternoon,weekend,13.1,clear,indoor,often,4,4,3,4,2,4,4,4,4,3,12,16,9,12,16,12,6,20,2.0,6.5,12,1,55.3
I1684,U169,social_collaborative,P094,coworking_space_10,synthetic,train,3,4,3,3,4,4,3,3,5,3,outdoor,team_project,mostly_group,2_4h,afternoon,0,0,0,0,1,1,0,1,1,1,0,coworking_space,meeting,3_4,over_4h,afternoon,weekend,7.2,clear,indoor,sometimes,3,5,3,4,3,4,3,4,4,4,9,20,9,12,12,12,9,20,0.6,3.6,12,1,60.4
I1685,U169,social_collaborative,P030,study_room_12,synthetic,train,3,4,3,3,4,4,3,3,5,3,outdoor,team_project,mostly_group,2_4h,afternoon,0,0,0,0,1,1,0,1,1,1,0,study_room,meeting,3_4,under_1h,afternoon,weekend,15.4,clear,indoor,sometimes,5,4,3,4,3,3,4,5,4,4,15,16,9,12,16,12,9,15,0.6,7.7,15,1,67.3
I1686,U169,social_collaborative,P032,study_room_14,synthetic,train,3,4,3,3,4,4,3,3,5,3,outdoor,team_project,mostly_group,2_4h,afternoon,0,0,0,0,1,1,0,1,1,1,0,study_room,team_project,2,2_4h,early_morning,weekend,15.2,hot,indoor,often,4,4,4,4,4,3,4,5,4,4,12,16,12,12,16,12,12,15,0.8,7.6,15,0,68.2
I1687,U169,social_collaborative,P031,study_room_13,synthetic,train,3,4,3,3,4,4,3,3,5,3,outdoor,team_project,mostly_group,2_4h,afternoon,0,0,0,0,1,1,0,1,1,1,0,study_room,team_project,3_4,1_2h,late_night,weekday,1.0,clear,indoor,sometimes,5,4,4,4,4,4,4,4,5,4,15,16,12,12,16,15,12,20,0.8,0.5,12,0,72.3
I1688,U169,social_collaborative,P042,cafe_06,synthetic,train,3,4,3,3,4,4,3,3,5,3,outdoor,team_project,mostly_group,2_4h,afternoon,0,0,0,0,1,1,0,1,1,1,0,cafe,coding,solo,1_2h,afternoon,weekday,14.7,cloudy,indoor,rarely,3,4,2,3,2,4,3,3,4,3,9,16,6,9,12,12,6,20,2.7,7.3,9,1,56.0
I1689,U169,social_collaborative,P084,computer_lab_10,synthetic,train,3,4,3,3,4,4,3,3,5,3,outdoor,team_project,mostly_group,2_4h,afternoon,0,0,0,0,1,1,0,1,1,1,0,computer_lab,meeting,5_plus,under_1h,early_morning,weekday,12.3,clear,indoor,sometimes,4,4,3,4,3,3,4,3,3,2,12,16,9,12,16,9,9,15,0.6,6.1,9,0,57.1
I1690,U169,social_collaborative,P090,coworking_space_06,synthetic,train,3,4,3,3,4,4,3,3,5,3,outdoor,team_project,mostly_group,2_4h,afternoon,0,0,0,0,1,1,0,1,1,1,0,coworking_space,online_class,solo,2_4h,evening,weekday,13.1,cold,indoor,first_time,3,4,3,4,4,4,4,5,4,3,9,16,9,12,16,12,12,20,2.0,6.5,15,0.5,58.6
I1691,U170,balanced,P015,library_15,synthetic,train,3,3,5,3,4,5,4,4,4,4,coworking_space,light_reading,mostly_solo,1_2h,evening,0,1,0,1,1,1,0,1,1,1,0,library,report_writing,solo,2_4h,evening,weekday,13.9,clear,indoor,sometimes,4,4,4,5,2,4,3,5,4,4,12,12,20,15,12,16,8,16,3.4,8.7,20,1,58.2
I1692,U170,balanced,P118,outdoor_10,synthetic,train,3,3,5,3,4,5,4,4,4,4,coworking_space,light_reading,mostly_solo,1_2h,evening,0,1,0,1,1,1,0,1,1,1,0,outdoor,coding,solo,over_4h,afternoon,weekend,10.9,hot,outdoor,often,3,5,3,3,3,3,2,2,3,3,9,15,15,9,8,12,12,12,3.6,6.8,8,0.5,42.0
I1693,U170,balanced,P021,study_room_03,synthetic,train,3,3,5,3,4,5,4,4,4,4,coworking_space,light_reading,mostly_solo,1_2h,evening,0,1,0,1,1,1,0,1,1,1,0,study_room,online_class,2,2_4h,late_night,weekend,10.8,clear,indoor,often,5,4,4,4,3,4,4,5,4,2,15,12,20,12,16,16,12,16,2.6,6.7,15,0.5,77.2
I1694,U170,balanced,P036,study_room_18,synthetic,train,3,3,5,3,4,5,4,4,4,4,coworking_space,light_reading,mostly_solo,1_2h,evening,0,1,0,1,1,1,0,1,1,1,0,study_room,online_class,solo,under_1h,evening,weekday,10.4,cloudy,indoor,sometimes,5,4,4,4,4,4,5,5,4,4,15,12,20,12,20,16,16,16,2.6,6.5,15,1,65.8
I1695,U170,balanced,P054,cafe_18,synthetic,train,3,3,5,3,4,5,4,4,4,4,coworking_space,light_reading,mostly_solo,1_2h,evening,0,1,0,1,1,1,0,1,1,1,0,cafe,report_writing,solo,1_2h,afternoon,weekend,13.8,cloudy,indoor,often,3,5,2,3,2,3,3,4,4,3,9,15,10,9,12,16,8,12,3.4,8.6,16,0.5,51.5
I1696,U170,balanced,P050,cafe_14,synthetic,train,3,3,5,3,4,5,4,4,4,4,coworking_space,light_reading,mostly_solo,1_2h,evening,0,1,0,1,1,1,0,1,1,1,0,cafe,online_class,2,1_2h,evening,weekday,13.0,hot,indoor,sometimes,3,5,2,3,2,4,3,4,4,3,9,15,10,9,12,16,8,16,2.6,8.1,12,1,51.9
I1697,U170,balanced,P048,cafe_12,synthetic,train,3,3,5,3,4,5,4,4,4,4,coworking_space,light_reading,mostly_solo,1_2h,evening,0,1,0,1,1,1,0,1,1,1,0,cafe,team_project,5_plus,1_2h,morning,weekday,6.7,clear,indoor,sometimes,2,5,2,3,1,4,3,4,3,3,6,15,10,9,12,12,4,16,1.0,4.2,12,0,61.5
I1698,U170,balanced,P023,study_room_05,synthetic,train,3,3,5,3,4,5,4,4,4,4,coworking_space,light_reading,mostly_solo,1_2h,evening,0,1,0,1,1,1,0,1,1,1,0,study_room,online_class,solo,under_1h,evening,weekday,21.2,hot,indoor,often,5,4,3,4,4,4,3,5,4,4,15,12,15,12,12,16,16,16,2.6,13.2,15,1,66.0
I1699,U170,balanced,P058,home_04,synthetic,train,3,3,5,3,4,5,4,4,4,4,coworking_space,light_reading,mostly_solo,1_2h,evening,0,1,0,1,1,1,0,1,1,1,0,home,report_writing,solo,over_4h,morning,weekday,16.5,clear,indoor,rarely,4,3,4,3,4,5,4,4,4,4,12,9,20,9,16,16,16,20,3.4,10.3,16,0,58.4
I1700,U170,balanced,P012,library_12,synthetic,train,3,3,5,3,4,5,4,4,4,4,coworking_space,light_reading,mostly_solo,1_2h,evening,0,1,0,1,1,1,0,1,1,1,0,library,light_reading,solo,2_4h,evening,weekend,2.0,hot,indoor,sometimes,5,4,4,4,3,3,3,4,5,4,15,12,20,12,12,20,12,12,1.8,1.2,12,1,85.0
I1701,U171,convenience_oriented,P064,classroom_02,synthetic,train,5,4,4,4,5,5,4,3,4,4,study_room,deep_study,mostly_solo,over_4h,afternoon,1,1,1,1,1,1,1,1,1,1,1,classroom,team_project,2,2_4h,evening,weekend,2.5,clear,indoor,often,4,4,3,3,3,3,3,4,3,3,20,16,12,12,15,12,9,12,1.0,1.5,12,0.5,66.1
I1702,U171,convenience_oriented,P034,study_room_16,synthetic,train,5,4,4,4,5,5,4,3,4,4,study_room,deep_study,mostly_solo,over_4h,afternoon,1,1,1,1,1,1,1,1,1,1,1,study_room,online_class,solo,1_2h,afternoon,weekday,7.4,cloudy,indoor,sometimes,4,4,4,4,4,3,4,4,5,3,20,16,16,16,20,20,12,12,2.6,4.6,12,1,66.7
I1703,U171,convenience_oriented,P053,cafe_17,synthetic,train,5,4,4,4,5,5,4,3,4,4,study_room,deep_study,mostly_solo,over_4h,afternoon,1,1,1,1,1,1,1,1,1,1,1,cafe,coding,2,1_2h,afternoon,weekend,10.6,cloudy,indoor,rarely,3,4,2,2,2,3,3,4,3,3,15,16,8,8,15,12,6,12,3.6,6.6,16,1,57.8
I1704,U171,convenience_oriented,P014,library_14,synthetic,train,5,4,4,4,5,5,4,3,4,4,study_room,deep_study,mostly_solo,over_4h,afternoon,1,1,1,1,1,1,1,1,1,1,1,library,coding,solo,over_4h,afternoon,weekday,6.9,hot,indoor,sometimes,5,4,5,4,3,4,4,4,4,4,25,16,20,16,20,16,9,16,3.6,4.3,16,1,78.4
I1705,U171,convenience_oriented,P024,study_room_06,synthetic,train,5,4,4,4,5,5,4,3,4,4,study_room,deep_study,mostly_solo,over_4h,afternoon,1,1,1,1,1,1,1,1,1,1,1,study_room,light_reading,solo,1_2h,early_morning,weekday,1.9,clear,indoor,sometimes,4,4,3,4,3,4,4,3,4,3,20,16,12,16,20,16,9,16,1.8,1.2,9,0,74.3
I1706,U171,convenience_oriented,P039,cafe_03,synthetic,train,5,4,4,4,5,5,4,3,4,4,study_room,deep_study,mostly_solo,over_4h,afternoon,1,1,1,1,1,1,1,1,1,1,1,cafe,light_reading,2,2_4h,evening,weekend,13.9,cold,indoor,often,3,4,2,3,2,4,3,4,4,4,15,16,8,12,15,16,6,16,1.8,8.7,12,0.5,69.3
I1707,U171,convenience_oriented,P013,library_13,synthetic,train,5,4,4,4,5,5,4,3,4,4,study_room,deep_study,mostly_solo,over_4h,afternoon,1,1,1,1,1,1,1,1,1,1,1,library,light_reading,solo,1_2h,evening,weekday,1.0,clear,indoor,rarely,5,4,4,4,3,3,5,4,4,4,25,16,16,16,25,16,9,12,1.8,0.6,12,0.5,80.5
I1708,U171,convenience_oriented,P020,study_room_02,synthetic,train,5,4,4,4,5,5,4,3,4,4,study_room,deep_study,mostly_solo,over_4h,afternoon,1,1,1,1,1,1,1,1,1,1,1,study_room,team_project,3_4,2_4h,afternoon,weekday,4.0,cloudy,indoor,rarely,4,4,4,5,3,4,4,5,4,4,20,16,16,20,20,16,9,16,1.0,2.5,15,1,84.7
I1709,U171,convenience_oriented,P028,study_room_10,synthetic,train,5,4,4,4,5,5,4,3,4,4,study_room,deep_study,mostly_solo,over_4h,afternoon,1,1,1,1,1,1,1,1,1,1,1,study_room,light_reading,solo,under_1h,afternoon,weekday,13.8,clear,indoor,sometimes,4,4,3,3,4,4,5,4,4,3,20,16,12,12,25,16,12,16,1.8,8.6,12,1,61.0
I1710,U171,convenience_oriented,P032,study_room_14,synthetic,train,5,4,4,4,5,5,4,3,4,4,study_room,deep_study,mostly_solo,over_4h,afternoon,1,1,1,1,1,1,1,1,1,1,1,study_room,team_project,3_4,1_2h,morning,weekday,12.9,hot,indoor,rarely,4,4,4,4,4,3,4,4,4,4,20,16,16,16,20,16,12,12,1.0,8.1,12,0.5,63.8
I1711,U172,quiet_deepwork,P033,study_room_15,synthetic,test,4,4,5,4,3,2,4,3,4,5,library,deep_study,mostly_solo,2_4h,afternoon,1,1,1,1,0,0,1,0,0,1,1,study_room,coding,solo,2_4h,afternoon,weekday,1.0,cloudy,indoor,rarely,5,3,4,3,4,4,4,4,5,4,20,12,20,12,12,20,12,16,4.5,0.3,20,1,76.9
I1712,U172,quiet_deepwork,P061,home_07,synthetic,test,4,4,5,4,3,2,4,3,4,5,library,deep_study,mostly_solo,2_4h,afternoon,1,1,1,1,0,0,1,0,0,1,1,home,online_class,solo,2_4h,late_night,weekday,12.0,cloudy,indoor,often,4,4,4,4,4,4,4,4,4,5,16,16,20,16,12,16,12,16,3.3,3.0,12,0,63.3
I1713,U172,quiet_deepwork,P012,library_12,synthetic,test,4,4,5,4,3,2,4,3,4,5,library,deep_study,mostly_solo,2_4h,afternoon,1,1,1,1,0,0,1,0,0,1,1,library,coding,solo,1_2h,late_night,weekday,4.2,clear,indoor,rarely,5,4,4,4,3,3,3,4,5,4,20,16,20,16,9,20,9,12,4.5,1.0,20,0,79.2
I1714,U172,quiet_deepwork,P014,library_14,synthetic,test,4,4,5,4,3,2,4,3,4,5,library,deep_study,mostly_solo,2_4h,afternoon,1,1,1,1,0,0,1,0,0,1,1,library,report_writing,solo,1_2h,afternoon,weekday,5.8,cold,indoor,often,5,4,5,4,3,4,4,4,4,4,20,16,25,16,12,16,9,16,4.3,1.5,20,1,76.4
I1715,U172,quiet_deepwork,P058,home_04,synthetic,test,4,4,5,4,3,2,4,3,4,5,library,deep_study,mostly_solo,2_4h,afternoon,1,1,1,1,0,0,1,0,0,1,1,home,deep_study,solo,1_2h,morning,weekday,19.3,rainy,indoor,sometimes,4,3,4,3,4,5,4,4,4,4,16,12,20,12,12,16,12,20,5.0,4.8,20,0.5,67.1
I1716,U172,quiet_deepwork,P062,home_08,synthetic,test,4,4,5,4,3,2,4,3,4,5,library,deep_study,mostly_solo,2_4h,afternoon,1,1,1,1,0,0,1,0,0,1,1,home,deep_study,solo,1_2h,afternoon,weekend,9.9,cloudy,indoor,first_time,4,3,4,4,4,5,5,4,4,5,16,12,20,16,15,16,12,20,5.0,2.5,20,1,78.2
I1717,U172,quiet_deepwork,P051,cafe_15,synthetic,test,4,4,5,4,3,2,4,3,4,5,library,deep_study,mostly_solo,2_4h,afternoon,1,1,1,1,0,0,1,0,0,1,1,cafe,deep_study,solo,2_4h,afternoon,weekday,13.9,cold,indoor,often,3,4,2,3,3,4,3,4,4,3,12,16,10,12,9,16,9,16,5.0,3.5,20,1,66.2
I1718,U172,quiet_deepwork,P029,study_room_11,synthetic,test,4,4,5,4,3,2,4,3,4,5,library,deep_study,mostly_solo,2_4h,afternoon,1,1,1,1,0,0,1,0,0,1,1,study_room,report_writing,3_4,1_2h,morning,weekday,9.6,cloudy,indoor,rarely,4,4,3,4,2,4,4,4,4,3,16,16,15,16,12,16,6,16,4.3,2.4,20,0.5,65.9
I1719,U172,quiet_deepwork,P018,library_18,synthetic,test,4,4,5,4,3,2,4,3,4,5,library,deep_study,mostly_solo,2_4h,afternoon,1,1,1,1,0,0,1,0,0,1,1,library,deep_study,solo,2_4h,evening,weekday,11.7,clear,indoor,often,5,4,3,4,3,3,4,5,4,3,20,16,15,16,12,16,9,12,5.0,2.9,25,0.5,84.3
I1720,U172,quiet_deepwork,P009,library_09,synthetic,test,4,4,5,4,3,2,4,3,4,5,library,deep_study,mostly_solo,2_4h,afternoon,1,1,1,1,0,0,1,0,0,1,1,library,light_reading,solo,over_4h,afternoon,weekday,9.0,cloudy,indoor,sometimes,4,4,3,4,2,4,4,5,4,4,16,16,15,16,12,16,6,16,2.3,2.2,15,1,80.1
I1721,U173,social_collaborative,P062,home_08,synthetic,train,3,4,2,3,4,3,3,3,4,2,dorm_lounge,online_class,mostly_group,2_4h,early_morning,0,0,0,0,1,0,0,1,0,1,0,home,meeting,5_plus,1_2h,early_morning,weekend,6.3,clear,indoor,often,4,3,4,4,4,5,5,4,4,5,12,12,8,12,20,12,12,20,0.4,2.4,12,1,75.4
I1722,U173,social_collaborative,P023,study_room_05,synthetic,train,3,4,2,3,4,3,3,3,4,2,dorm_lounge,online_class,mostly_group,2_4h,early_morning,0,0,0,0,1,0,0,1,0,1,0,study_room,coding,2,1_2h,evening,weekend,20.8,cloudy,indoor,sometimes,5,4,3,4,4,4,3,5,4,4,15,16,6,12,12,12,12,16,1.8,7.8,10,0,57.2
I1723,U173,social_collaborative,P067,classroom_05,synthetic,train,3,4,2,3,4,3,3,3,4,2,dorm_lounge,online_class,mostly_group,2_4h,early_morning,0,0,0,0,1,0,0,1,0,1,0,classroom,meeting,5_plus,1_2h,early_morning,weekday,12.3,clear,indoor,rarely,3,4,3,3,3,2,3,4,3,3,9,16,6,9,12,9,9,8,0.4,4.6,12,1,51.2
I1724,U173,social_collaborative,P098,dorm_lounge_02,synthetic,train,3,4,2,3,4,3,3,3,4,2,dorm_lounge,online_class,mostly_group,2_4h,early_morning,0,0,0,0,1,0,0,1,0,1,0,dorm_lounge,light_reading,solo,1_2h,afternoon,weekend,25.8,clear,indoor,often,3,4,3,2,3,4,4,5,4,3,9,16,6,6,16,12,9,16,0.9,9.7,15,0,54.6
I1725,U173,social_collaborative,P054,cafe_18,synthetic,train,3,4,2,3,4,3,3,3,4,2,dorm_lounge,online_class,mostly_group,2_4h,early_morning,0,0,0,0,1,0,0,1,0,1,0,cafe,team_project,2,2_4h,evening,weekday,10.6,cloudy,indoor,sometimes,3,5,2,3,2,3,3,4,4,3,9,20,4,9,12,12,6,12,0.5,4.0,12,0,48.3
I1726,U173,social_collaborative,P102,dorm_lounge_06,synthetic,train,3,4,2,3,4,3,3,3,4,2,dorm_lounge,online_class,mostly_group,2_4h,early_morning,0,0,0,0,1,0,0,1,0,1,0,dorm_lounge,report_writing,2,1_2h,afternoon,weekday,18.3,hot,indoor,rarely,3,3,3,3,3,3,4,3,4,4,9,12,6,9,16,12,9,12,1.7,6.9,6,0,39.9
I1727,U173,social_collaborative,P099,dorm_lounge_03,synthetic,train,3,4,2,3,4,3,3,3,4,2,dorm_lounge,online_class,mostly_group,2_4h,early_morning,0,0,0,0,1,0,0,1,0,1,0,dorm_lounge,team_project,2,2_4h,early_morning,weekday,10.8,rainy,indoor,sometimes,4,4,3,3,3,3,4,4,3,3,12,16,6,9,16,9,9,12,0.5,4.1,12,1,62.2
I1728,U173,social_collaborative,P026,study_room_08,synthetic,train,3,4,2,3,4,3,3,3,4,2,dorm_lounge,online_class,mostly_group,2_4h,early_morning,0,0,0,0,1,0,0,1,0,1,0,study_room,deep_study,2,2_4h,evening,weekend,22.6,rainy,indoor,often,4,5,4,4,5,4,4,4,4,3,12,20,8,12,16,12,15,16,2.0,8.5,8,0,56.9
I1729,U173,social_collaborative,P052,cafe_16,synthetic,train,3,4,2,3,4,3,3,3,4,2,dorm_lounge,online_class,mostly_group,2_4h,early_morning,0,0,0,0,1,0,0,1,0,1,0,cafe,report_writing,solo,2_4h,afternoon,weekend,15.1,clear,indoor,sometimes,3,5,3,2,2,3,3,3,4,3,9,20,6,6,12,12,6,12,1.7,5.7,6,0,45.3
I1730,U173,social_collaborative,P021,study_room_03,synthetic,train,3,4,2,3,4,3,3,3,4,2,dorm_lounge,online_class,mostly_group,2_4h,early_morning,0,0,0,0,1,0,0,1,0,1,0,study_room,team_project,5_plus,2_4h,early_morning,weekday,16.9,clear,indoor,sometimes,5,4,4,4,3,4,4,5,4,2,15,16,8,12,16,12,9,16,0.5,6.3,15,1,61.5
I1731,U174,balanced,P081,computer_lab_07,synthetic,train,5,5,4,4,4,3,3,4,3,4,library,deep_study,mostly_solo,2_4h,afternoon,1,1,1,0,1,0,1,1,0,0,1,computer_lab,online_class,solo,under_1h,morning,weekday,6.3,clear,indoor,sometimes,4,4,2,3,3,3,4,4,4,3,20,20,8,12,16,12,12,9,2.6,2.4,12,0.5,62.5
I1732,U174,balanced,P030,study_room_12,synthetic,train,5,5,4,4,4,3,3,4,3,4,library,deep_study,mostly_solo,2_4h,afternoon,1,1,1,0,1,0,1,1,0,0,1,study_room,coding,solo,2_4h,late_night,weekend,12.3,clear,indoor,rarely,5,4,3,4,3,3,4,4,4,4,25,20,12,16,16,12,12,9,3.6,4.6,16,0,74.6
I1733,U174,balanced,P012,library_12,synthetic,train,5,5,4,4,4,3,3,4,3,4,library,deep_study,mostly_solo,2_4h,afternoon,1,1,1,0,1,0,1,1,0,0,1,library,deep_study,solo,1_2h,afternoon,weekday,10.2,clear,indoor,sometimes,5,4,4,4,3,3,3,5,5,4,25,20,16,16,12,15,12,9,4.0,3.8,20,1,70.6
I1734,U174,balanced,P004,library_04,synthetic,train,5,5,4,4,4,3,3,4,3,4,library,deep_study,mostly_solo,2_4h,afternoon,1,1,1,0,1,0,1,1,0,0,1,library,team_project,2,over_4h,morning,weekday,1.5,cloudy,indoor,sometimes,5,3,3,4,2,4,4,2,3,4,25,15,12,16,16,9,8,12,1.0,0.6,6,0.5,71.9
I1735,U174,balanced,P017,library_17,synthetic,train,5,5,4,4,4,3,3,4,3,4,library,deep_study,mostly_solo,2_4h,afternoon,1,1,1,0,1,0,1,1,0,0,1,library,report_writing,solo,1_2h,afternoon,weekend,5.5,cold,indoor,sometimes,5,4,4,5,3,3,4,4,5,4,25,20,16,20,16,15,12,9,3.4,2.1,16,1,80.2
I1736,U174,balanced,P056,home_02,synthetic,train,5,5,4,4,4,3,3,4,3,4,library,deep_study,mostly_solo,2_4h,afternoon,1,1,1,0,1,0,1,1,0,0,1,home,deep_study,solo,2_4h,afternoon,weekend,9.1,cloudy,indoor,sometimes,4,3,5,4,5,4,5,4,5,5,20,15,20,16,20,15,20,12,4.0,3.4,16,1,68.7
I1737,U174,balanced,P045,cafe_09,synthetic,train,5,5,4,4,4,3,3,4,3,4,library,deep_study,mostly_solo,2_4h,afternoon,1,1,1,0,1,0,1,1,0,0,1,cafe,team_project,2,2_4h,evening,weekday,12.0,cloudy,indoor,often,2,3,2,2,3,3,3,4,3,3,10,15,8,8,12,9,12,9,1.0,4.5,12,0.5,66.0
I1738,U174,balanced,P010,library_10,synthetic,train,5,5,4,4,4,3,3,4,3,4,library,deep_study,mostly_solo,2_4h,afternoon,1,1,1,0,1,0,1,1,0,0,1,library,light_reading,solo,1_2h,morning,weekday,9.0,clear,indoor,first_time,5,5,4,4,3,4,4,5,4,5,25,25,16,16,16,12,12,12,1.8,3.4,15,0.5,81.4
I1739,U174,balanced,P073,classroom_11,synthetic,train,5,5,4,4,4,3,3,4,3,4,library,deep_study,mostly_solo,2_4h,afternoon,1,1,1,0,1,0,1,1,0,0,1,classroom,coding,solo,2_4h,late_night,weekend,7.6,clear,indoor,sometimes,4,5,3,3,4,3,3,4,3,4,20,25,12,12,12,9,16,9,3.6,2.9,16,0,62.1
I1740,U174,balanced,P019,study_room_01,synthetic,train,5,5,4,4,4,3,3,4,3,4,library,deep_study,mostly_solo,2_4h,afternoon,1,1,1,0,1,0,1,1,0,0,1,study_room,coding,solo,1_2h,afternoon,weekday,13.8,hot,indoor,sometimes,4,3,4,4,3,4,4,4,4,4,20,15,16,16,16,12,12,12,3.6,5.2,16,1,68.3
I1741,U175,balanced,P087,coworking_space_03,synthetic,train,4,5,5,3,4,3,5,3,4,4,library,online_class,mostly_solo,2_4h,late_night,1,1,0,1,1,0,1,1,0,1,0,coworking_space,online_class,2,2_4h,afternoon,weekday,19.4,cold,indoor,first_time,4,4,3,2,5,4,4,5,4,4,16,20,15,6,16,20,15,16,2.6,7.3,15,0,66.6
I1742,U175,balanced,P005,library_05,synthetic,train,4,5,5,3,4,3,5,3,4,4,library,online_class,mostly_solo,2_4h,late_night,1,1,0,1,1,0,1,1,0,1,0,library,deep_study,solo,2_4h,late_night,weekday,3.0,clear,indoor,often,5,4,4,5,3,4,4,5,4,4,20,20,20,15,16,20,9,16,4.0,1.1,20,1,78.6
I1743,U175,balanced,P108,dorm_lounge_12,synthetic,train,4,5,5,3,4,3,5,3,4,4,library,online_class,mostly_solo,2_4h,late_night,1,1,0,1,1,0,1,1,0,1,0,dorm_lounge,report_writing,solo,2_4h,late_night,weekend,13.9,clear,indoor,often,2,4,3,3,3,3,3,2,3,3,8,20,15,9,12,15,9,12,3.4,5.2,8,1,56.2
I1744,U175,balanced,P062,home_08,synthetic,train,4,5,5,3,4,3,5,3,4,4,library,online_class,mostly_solo,2_4h,late_night,1,1,0,1,1,0,1,1,0,1,0,home,coding,solo,2_4h,morning,weekday,9.5,hot,indoor,often,4,3,4,4,4,5,5,4,4,5,16,15,20,12,20,20,12,20,3.6,3.6,16,0,77.4
I1745,U175,balanced,P041,cafe_05,synthetic,train,4,5,5,3,4,3,5,3,4,4,library,online_class,mostly_solo,2_4h,late_night,1,1,0,1,1,0,1,1,0,1,0,cafe,meeting,3_4,1_2h,late_night,weekday,3.9,clear,indoor,often,2,4,2,3,2,4,4,4,4,3,8,20,10,9,16,20,6,16,0.8,1.5,12,1,67.9
I1746,U175,balanced,P045,cafe_09,synthetic,train,4,5,5,3,4,3,5,3,4,4,library,online_class,mostly_solo,2_4h,late_night,1,1,0,1,1,0,1,1,0,1,0,cafe,coding,solo,1_2h,afternoon,weekday,6.4,cold,indoor,rarely,2,3,2,2,3,3,3,4,3,3,8,15,10,6,12,15,9,12,3.6,2.4,16,0,57.4
I1747,U175,balanced,P053,cafe_17,synthetic,train,4,5,5,3,4,3,5,3,4,4,library,online_class,mostly_solo,2_4h,late_night,1,1,0,1,1,0,1,1,0,1,0,cafe,report_writing,solo,2_4h,afternoon,weekday,7.1,cloudy,indoor,sometimes,3,4,2,2,2,3,3,4,3,3,12,20,10,6,12,15,6,12,3.4,2.7,16,0,39.3
I1748,U175,balanced,P060,home_06,synthetic,train,4,5,5,3,4,3,5,3,4,4,library,online_class,mostly_solo,2_4h,late_night,1,1,0,1,1,0,1,1,0,1,0,home,coding,solo,2_4h,late_night,weekday,12.9,cold,indoor,sometimes,4,3,5,5,4,5,5,4,4,5,16,15,25,15,20,20,12,20,3.6,4.8,16,1,72.1
I1749,U175,balanced,P025,study_room_07,synthetic,train,4,5,5,3,4,3,5,3,4,4,library,online_class,mostly_solo,2_4h,late_night,1,1,0,1,1,0,1,1,0,1,0,study_room,deep_study,solo,1_2h,evening,weekend,8.0,clear,indoor,often,4,4,3,4,4,4,4,5,4,3,16,20,15,12,16,20,12,16,4.0,3.0,20,0.5,72.7
I1750,U175,balanced,P010,library_10,synthetic,train,4,5,5,3,4,3,5,3,4,4,library,online_class,mostly_solo,2_4h,late_night,1,1,0,1,1,0,1,1,0,1,0,library,meeting,3_4,over_4h,afternoon,weekend,7.2,hot,indoor,sometimes,5,5,4,4,3,4,4,2,4,5,20,25,20,12,16,20,9,16,0.8,2.7,6,0,66.6
I1751,U176,convenience_oriented,P055,home_01,synthetic,test,3,3,3,4,4,4,4,4,4,3,home,deep_study,mixed,over_4h,evening,0,0,1,1,1,1,0,1,1,1,1,home,light_reading,solo,under_1h,evening,weekday,5.1,cloudy,indoor,sometimes,4,3,5,4,4,5,5,5,4,5,12,9,15,16,20,16,16,20,1.4,2.6,15,1,76.3
I1752,U176,convenience_oriented,P018,library_18,synthetic,test,3,3,3,4,4,4,4,4,4,3,home,deep_study,mixed,over_4h,evening,0,0,1,1,1,1,0,1,1,1,1,library,light_reading,solo,2_4h,evening,weekend,12.4,rainy,indoor,often,5,4,3,4,3,3,4,5,4,3,15,12,9,16,16,16,12,12,1.4,6.2,15,1,55.9
I1753,U176,convenience_oriented,P085,coworking_space_01,synthetic,test,3,3,3,4,4,4,4,4,4,3,home,deep_study,mixed,over_4h,evening,0,0,1,1,1,1,0,1,1,1,1,coworking_space,deep_study,solo,2_4h,afternoon,weekday,5.6,rainy,indoor,often,3,5,2,3,4,3,4,3,4,3,9,15,6,12,16,16,16,12,3.0,2.8,9,0.5,51.9
I1754,U176,convenience_oriented,P010,library_10,synthetic,test,3,3,3,4,4,4,4,4,4,3,home,deep_study,mixed,over_4h,evening,0,0,1,1,1,1,0,1,1,1,1,library,coding,solo,2_4h,afternoon,weekday,4.0,clear,indoor,rarely,5,5,4,4,3,4,4,4,4,5,15,15,12,16,16,16,12,16,2.7,2.0,12,0.5,74.7
I1755,U176,convenience_oriented,P058,home_04,synthetic,test,3,3,3,4,4,4,4,4,4,3,home,deep_study,mixed,over_4h,evening,0,0,1,1,1,1,0,1,1,1,1,home,online_class,solo,2_4h,evening,weekday,13.6,clear,indoor,sometimes,4,3,4,3,4,5,4,5,4,4,12,9,12,12,16,16,16,20,2.0,6.8,15,1,65.8
I1756,U176,convenience_oriented,P059,home_05,synthetic,test,3,3,3,4,4,4,4,4,4,3,home,deep_study,mixed,over_4h,evening,0,0,1,1,1,1,0,1,1,1,1,home,light_reading,solo,2_4h,afternoon,weekday,18.6,clear,indoor,first_time,4,5,5,4,5,4,4,4,5,5,12,15,15,16,16,20,20,16,1.4,9.3,12,0.5,70.6
I1757,U176,convenience_oriented,P016,library_16,synthetic,test,3,3,3,4,4,4,4,4,4,3,home,deep_study,mixed,over_4h,evening,0,0,1,1,1,1,0,1,1,1,1,library,report_writing,2,over_4h,evening,weekday,15.1,clear,indoor,sometimes,5,4,3,5,3,4,3,5,4,4,15,12,9,20,12,16,12,16,2.6,7.6,15,1,66.2
I1758,U176,convenience_oriented,P101,dorm_lounge_05,synthetic,test,3,3,3,4,4,4,4,4,4,3,home,deep_study,mixed,over_4h,evening,0,0,1,1,1,1,0,1,1,1,1,dorm_lounge,report_writing,solo,1_2h,evening,weekend,9.0,cloudy,indoor,sometimes,3,4,2,2,3,4,4,3,4,3,9,12,6,8,16,16,12,16,2.6,4.5,9,1,43.9
I1759,U176,convenience_oriented,P058,home_04,synthetic,test,3,3,3,4,4,4,4,4,4,3,home,deep_study,mixed,over_4h,evening,0,0,1,1,1,1,0,1,1,1,1,home,coding,solo,2_4h,afternoon,weekday,18.8,cloudy,indoor,often,4,3,4,3,4,5,4,5,4,4,12,9,12,12,16,16,16,20,2.7,9.4,15,0.5,65.8
I1760,U176,convenience_oriented,P019,study_room_01,synthetic,test,3,3,3,4,4,4,4,4,4,3,home,deep_study,mixed,over_4h,evening,0,0,1,1,1,1,0,1,1,1,1,study_room,coding,solo,over_4h,afternoon,weekend,10.3,clear,indoor,rarely,4,3,4,4,3,4,4,5,4,4,12,9,12,16,16,16,12,16,2.7,5.2,15,0.5,53.9
I1761,U177,balanced,P009,library_09,synthetic,train,5,4,3,3,4,4,4,3,4,4,home,coding,mostly_solo,2_4h,evening,1,0,0,1,1,1,1,1,1,1,0,library,light_reading,solo,under_1h,evening,weekday,10.7,rainy,indoor,first_time,4,4,3,4,2,4,4,4,4,4,20,16,9,12,16,16,6,16,1.8,5.4,12,1,75.5
I1762,U177,balanced,P040,cafe_04,synthetic,train,5,4,3,3,4,4,4,3,4,4,home,coding,mostly_solo,2_4h,evening,1,0,0,1,1,1,1,1,1,1,0,cafe,team_project,3_4,2_4h,evening,weekend,8.2,cloudy,indoor,often,3,4,2,3,3,4,3,4,4,3,15,16,6,9,12,16,9,16,1.0,4.1,12,1,59.4
I1763,U177,balanced,P017,library_17,synthetic,train,5,4,3,3,4,4,4,3,4,4,home,coding,mostly_solo,2_4h,evening,1,0,0,1,1,1,1,1,1,1,0,library,coding,solo,1_2h,afternoon,weekday,4.9,cloudy,indoor,sometimes,5,4,4,5,3,3,4,5,5,4,25,16,12,15,16,20,9,12,3.6,2.5,20,0.5,76.7
I1764,U177,balanced,P061,home_07,synthetic,train,5,4,3,3,4,4,4,3,4,4,home,coding,mostly_solo,2_4h,evening,1,0,0,1,1,1,1,1,1,1,0,home,report_writing,2,2_4h,evening,weekday,13.2,cloudy,indoor,sometimes,4,4,4,4,4,4,4,5,4,5,20,16,12,12,16,16,12,16,3.4,6.6,20,1,54.6
I1765,U177,balanced,P031,study_room_13,synthetic,train,5,4,3,3,4,4,4,3,4,4,home,coding,mostly_solo,2_4h,evening,1,0,0,1,1,1,1,1,1,1,0,study_room,deep_study,solo,2_4h,morning,weekend,1.0,clear,indoor,rarely,5,4,4,4,4,4,4,4,5,4,25,16,12,12,16,20,12,16,4.0,0.5,16,0,89.3
I1766,U177,balanced,P011,library_11,synthetic,train,5,4,3,3,4,4,4,3,4,4,home,coding,mostly_solo,2_4h,evening,1,0,0,1,1,1,1,1,1,1,0,library,online_class,solo,1_2h,afternoon,weekday,12.9,cloudy,indoor,rarely,5,4,4,4,2,4,4,4,4,3,25,16,12,12,16,16,6,16,2.6,6.5,12,0.5,66.9
I1767,U177,balanced,P010,library_10,synthetic,train,5,4,3,3,4,4,4,3,4,4,home,coding,mostly_solo,2_4h,evening,1,0,0,1,1,1,1,1,1,1,0,library,online_class,2,under_1h,late_night,weekday,3.4,cloudy,indoor,rarely,5,5,4,4,3,4,4,4,4,5,25,20,12,12,16,16,9,16,2.6,1.7,12,0.5,77.5
I1768,U177,balanced,P035,study_room_17,synthetic,train,5,4,3,3,4,4,4,3,4,4,home,coding,mostly_solo,2_4h,evening,1,0,0,1,1,1,1,1,1,1,0,study_room,coding,solo,under_1h,evening,weekend,6.6,cloudy,indoor,rarely,4,4,4,4,3,4,5,4,4,3,20,16,12,12,20,16,9,16,3.6,3.3,16,1,73.1
I1769,U177,balanced,P015,library_15,synthetic,train,5,4,3,3,4,4,4,3,4,4,home,coding,mostly_solo,2_4h,evening,1,0,0,1,1,1,1,1,1,1,0,library,deep_study,solo,2_4h,morning,weekday,16.9,rainy,indoor,often,4,4,4,5,2,4,3,5,4,4,20,16,12,15,12,16,6,16,4.0,8.5,20,0,69.2
I1770,U177,balanced,P013,library_13,synthetic,train,5,4,3,3,4,4,4,3,4,4,home,coding,mostly_solo,2_4h,evening,1,0,0,1,1,1,1,1,1,1,0,library,deep_study,solo,over_4h,afternoon,weekday,1.0,clear,indoor,sometimes,5,4,4,4,3,3,5,5,4,4,25,16,12,12,20,16,9,12,4.0,0.5,20,0.5,84.0
I1771,U178,convenience_oriented,P003,library_03,synthetic,valid,3,4,3,4,4,5,3,4,4,4,home,deep_study,mostly_solo,1_2h,evening,0,0,1,0,1,1,0,1,1,1,1,library,report_writing,solo,2_4h,evening,weekday,7.2,clear,indoor,rarely,5,3,4,5,3,3,4,5,4,4,15,12,12,20,16,12,12,12,3.4,4.5,20,1,68.5
I1772,U178,convenience_oriented,P005,library_05,synthetic,valid,3,4,3,4,4,5,3,4,4,4,home,deep_study,mostly_solo,1_2h,evening,0,0,1,0,1,1,0,1,1,1,1,library,meeting,3_4,2_4h,evening,weekend,2.6,rainy,indoor,sometimes,5,4,4,5,3,4,4,2,4,4,15,16,12,20,16,12,12,16,0.8,1.6,6,1,74.5
I1773,U178,convenience_oriented,P007,library_07,synthetic,valid,3,4,3,4,4,5,3,4,4,4,home,deep_study,mostly_solo,1_2h,evening,0,0,1,0,1,1,0,1,1,1,1,library,report_writing,solo,2_4h,afternoon,weekday,15.0,cloudy,indoor,sometimes,5,4,3,4,3,3,4,5,4,4,15,16,9,16,16,12,12,12,3.4,9.4,20,0.5,65.8
I1774,U178,convenience_oriented,P084,computer_lab_10,synthetic,valid,3,4,3,4,4,5,3,4,4,4,home,deep_study,mostly_solo,1_2h,evening,0,0,1,0,1,1,0,1,1,1,1,computer_lab,online_class,2,1_2h,afternoon,weekday,9.7,cold,indoor,rarely,4,4,3,4,3,3,4,4,3,2,12,16,9,16,16,9,12,12,2.6,6.1,12,0.5,48.2
I1775,U178,convenience_oriented,P029,study_room_11,synthetic,valid,3,4,3,4,4,5,3,4,4,4,home,deep_study,mostly_solo,1_2h,evening,0,0,1,0,1,1,0,1,1,1,1,study_room,deep_study,solo,over_4h,afternoon,weekday,7.8,clear,indoor,sometimes,4,4,3,4,2,4,4,5,4,3,12,16,9,16,16,12,8,16,4.0,4.9,20,0.5,59.3
I1776,U178,convenience_oriented,P049,cafe_13,synthetic,valid,3,4,3,4,4,5,3,4,4,4,home,deep_study,mostly_solo,1_2h,evening,0,0,1,0,1,1,0,1,1,1,1,cafe,report_writing,solo,over_4h,afternoon,weekday,15.7,clear,indoor,sometimes,3,4,2,3,3,3,2,3,4,2,9,16,6,12,8,12,12,12,3.4,9.8,12,0.5,44.9
I1777,U178,convenience_oriented,P008,library_08,synthetic,valid,3,4,3,4,4,5,3,4,4,4,home,deep_study,mostly_solo,1_2h,evening,0,0,1,0,1,1,0,1,1,1,1,library,online_class,solo,2_4h,evening,weekday,13.4,clear,indoor,first_time,5,5,4,4,2,3,4,3,4,4,15,20,12,16,16,12,8,12,2.6,8.4,9,1,51.5
I1778,U178,convenience_oriented,P100,dorm_lounge_04,synthetic,valid,3,4,3,4,4,5,3,4,4,4,home,deep_study,mostly_solo,1_2h,evening,0,0,1,0,1,1,0,1,1,1,1,dorm_lounge,meeting,2,1_2h,morning,weekday,10.8,cloudy,indoor,sometimes,3,4,2,3,3,4,3,4,4,4,9,16,6,12,12,12,12,16,0.8,6.8,12,0,55.3
I1779,U178,convenience_oriented,P021,study_room_03,synthetic,valid,3,4,3,4,4,5,3,4,4,4,home,deep_study,mostly_solo,1_2h,evening,0,0,1,0,1,1,0,1,1,1,1,study_room,deep_study,solo,2_4h,evening,weekday,22.3,clear,indoor,first_time,5,4,4,4,3,4,4,5,4,2,15,16,12,16,16,12,12,16,4.0,14.0,20,1,66.1
I1780,U178,convenience_oriented,P025,study_room_07,synthetic,valid,3,4,3,4,4,5,3,4,4,4,home,deep_study,mostly_solo,1_2h,evening,0,0,1,0,1,1,0,1,1,1,1,study_room,online_class,solo,under_1h,evening,weekend,9.7,hot,indoor,sometimes,4,4,3,4,4,4,4,3,4,3,12,16,9,16,16,12,16,16,2.6,6.0,9,1,53.7
I1781,U179,quiet_deepwork,P079,computer_lab_05,synthetic,valid,5,3,4,4,4,4,4,4,5,4,library,coding,mostly_solo,1_2h,evening,1,1,1,1,1,1,1,1,1,1,1,computer_lab,coding,solo,over_4h,morning,weekday,1.2,clear,indoor,sometimes,4,4,3,3,3,4,5,5,4,3,20,12,12,12,20,16,12,20,3.6,0.6,20,0,74.5
I1782,U179,quiet_deepwork,P077,computer_lab_03,synthetic,valid,5,3,4,4,4,4,4,4,5,4,library,coding,mostly_solo,1_2h,evening,1,1,1,1,1,1,1,1,1,1,1,computer_lab,deep_study,solo,under_1h,evening,weekday,23.4,hot,indoor,rarely,4,3,3,3,2,3,4,4,4,4,20,9,12,12,16,16,8,15,4.0,11.7,16,1,46.8
I1783,U179,quiet_deepwork,P022,study_room_04,synthetic,valid,5,3,4,4,4,4,4,4,5,4,library,coding,mostly_solo,1_2h,evening,1,1,1,1,1,1,1,1,1,1,1,study_room,coding,3_4,2_4h,evening,weekend,13.2,cloudy,indoor,rarely,4,5,3,4,5,3,4,5,4,4,20,15,12,16,16,16,20,15,3.6,6.6,20,1,68.3
I1784,U179,quiet_deepwork,P039,cafe_03,synthetic,valid,5,3,4,4,4,4,4,4,5,4,library,coding,mostly_solo,1_2h,evening,1,1,1,1,1,1,1,1,1,1,1,cafe,coding,solo,1_2h,morning,weekday,11.0,clear,indoor,first_time,3,4,2,3,2,4,3,3,4,4,15,12,8,12,12,16,8,20,3.6,5.5,12,0,56.9
I1785,U179,quiet_deepwork,P046,cafe_10,synthetic,valid,5,3,4,4,4,4,4,4,5,4,library,coding,mostly_solo,1_2h,evening,1,1,1,1,1,1,1,1,1,1,1,cafe,deep_study,solo,2_4h,afternoon,weekend,12.7,rainy,indoor,rarely,3,4,2,3,2,4,3,3,3,3,15,12,8,12,12,12,8,20,4.0,6.3,12,0.5,53.2
I1786,U179,quiet_deepwork,P024,study_room_06,synthetic,valid,5,3,4,4,4,4,4,4,5,4,library,coding,mostly_solo,1_2h,evening,1,1,1,1,1,1,1,1,1,1,1,study_room,light_reading,solo,1_2h,evening,weekday,1.7,rainy,indoor,first_time,4,4,3,4,3,4,4,4,4,3,20,12,12,16,16,16,12,20,1.8,0.9,12,1,73.0
I1787,U179,quiet_deepwork,P040,cafe_04,synthetic,valid,5,3,4,4,4,4,4,4,5,4,library,coding,mostly_solo,1_2h,evening,1,1,1,1,1,1,1,1,1,1,1,cafe,deep_study,solo,2_4h,evening,weekend,10.4,rainy,indoor,sometimes,3,4,2,3,3,4,3,2,4,3,15,12,8,12,12,16,12,20,4.0,5.2,8,1,64.2
I1788,U179,quiet_deepwork,P018,library_18,synthetic,valid,5,3,4,4,4,4,4,4,5,4,library,coding,mostly_solo,1_2h,evening,1,1,1,1,1,1,1,1,1,1,1,library,report_writing,solo,2_4h,late_night,weekend,6.0,clear,indoor,first_time,5,4,3,4,3,3,4,4,4,3,25,12,12,16,16,16,12,15,3.4,3.0,16,0.5,70.4
I1789,U179,quiet_deepwork,P018,library_18,synthetic,valid,5,3,4,4,4,4,4,4,5,4,library,coding,mostly_solo,1_2h,evening,1,1,1,1,1,1,1,1,1,1,1,library,light_reading,solo,2_4h,morning,weekday,12.6,clear,indoor,often,5,4,3,4,3,3,4,4,4,3,25,12,12,16,16,16,12,15,1.8,6.3,12,0,72.8
I1790,U179,quiet_deepwork,P031,study_room_13,synthetic,valid,5,3,4,4,4,4,4,4,5,4,library,coding,mostly_solo,1_2h,evening,1,1,1,1,1,1,1,1,1,1,1,study_room,deep_study,solo,2_4h,afternoon,weekday,1.0,cold,indoor,rarely,5,4,4,4,4,4,4,4,5,4,25,12,16,16,16,20,16,20,4.0,0.5,16,0.5,75.1
I1791,U180,quiet_deepwork,P098,dorm_lounge_02,synthetic,train,5,4,4,4,4,3,3,3,3,5,dorm_lounge,coding,mostly_solo,2_4h,afternoon,1,1,1,0,1,0,1,1,0,0,1,dorm_lounge,report_writing,solo,1_2h,afternoon,weekend,15.4,rainy,indoor,rarely,3,4,3,2,3,4,4,3,4,3,15,16,12,8,16,12,9,12,4.3,5.8,15,1,57.4
I1792,U180,quiet_deepwork,P012,library_12,synthetic,train,5,4,4,4,4,3,3,3,3,5,dorm_lounge,coding,mostly_solo,2_4h,afternoon,1,1,1,0,1,0,1,1,0,0,1,library,light_reading,2,under_1h,evening,weekday,2.7,clear,indoor,sometimes,5,4,4,4,3,3,3,5,5,4,25,16,16,16,12,15,9,9,2.3,1.0,15,0.5,78.9
I1793,U180,quiet_deepwork,P087,coworking_space_03,synthetic,train,5,4,4,4,4,3,3,3,3,5,dorm_lounge,coding,mostly_solo,2_4h,afternoon,1,1,1,0,1,0,1,1,0,0,1,coworking_space,deep_study,solo,2_4h,evening,weekend,14.8,clear,indoor,often,4,4,3,2,5,4,4,3,4,4,20,16,12,8,16,12,15,12,5.0,5.5,15,0.5,70.8
I1794,U180,quiet_deepwork,P008,library_08,synthetic,train,5,4,4,4,4,3,3,3,3,5,dorm_lounge,coding,mostly_solo,2_4h,afternoon,1,1,1,0,1,0,1,1,0,0,1,library,report_writing,2,over_4h,afternoon,weekday,9.4,clear,indoor,rarely,5,5,4,4,2,3,4,5,4,4,25,20,16,16,16,12,6,9,4.3,3.5,25,1,75.4
I1795,U180,quiet_deepwork,P011,library_11,synthetic,train,5,4,4,4,4,3,3,3,3,5,dorm_lounge,coding,mostly_solo,2_4h,afternoon,1,1,1,0,1,0,1,1,0,0,1,library,coding,3_4,2_4h,afternoon,weekday,8.5,hot,indoor,rarely,5,4,4,4,2,4,4,3,4,3,25,16,16,16,16,12,6,12,4.5,3.2,15,1,65.3
I1796,U180,quiet_deepwork,P064,classroom_02,synthetic,train,5,4,4,4,4,3,3,3,3,5,dorm_lounge,coding,mostly_solo,2_4h,afternoon,1,1,1,0,1,0,1,1,0,0,1,classroom,online_class,3_4,2_4h,afternoon,weekday,11.6,cold,indoor,sometimes,4,4,3,3,3,3,3,4,3,3,20,16,12,12,12,9,9,9,3.3,4.4,12,1,65.2
I1797,U180,quiet_deepwork,P109,outdoor_01,synthetic,train,5,4,4,4,4,3,3,3,3,5,dorm_lounge,coding,mostly_solo,2_4h,afternoon,1,1,1,0,1,0,1,1,0,0,1,outdoor,light_reading,solo,1_2h,afternoon,weekend,12.8,cold,outdoor,first_time,2,5,3,3,2,3,1,4,3,3,10,20,12,12,4,9,6,9,2.3,4.8,12,1,61.5
I1798,U180,quiet_deepwork,P012,library_12,synthetic,train,5,4,4,4,4,3,3,3,3,5,dorm_lounge,coding,mostly_solo,2_4h,afternoon,1,1,1,0,1,0,1,1,0,0,1,library,report_writing,solo,over_4h,afternoon,weekday,6.9,cloudy,indoor,sometimes,5,4,4,4,3,3,3,4,5,4,25,16,16,16,12,15,9,9,4.3,2.6,20,1,72.2
I1799,U180,quiet_deepwork,P032,study_room_14,synthetic,train,5,4,4,4,4,3,3,3,3,5,dorm_lounge,coding,mostly_solo,2_4h,afternoon,1,1,1,0,1,0,1,1,0,0,1,study_room,coding,solo,over_4h,afternoon,weekend,16.3,clear,indoor,sometimes,4,4,4,4,4,3,4,4,4,4,20,16,16,16,16,12,12,9,4.5,6.1,20,1,70.5
I1800,U180,quiet_deepwork,P059,home_05,synthetic,train,5,4,4,4,4,3,3,3,3,5,dorm_lounge,coding,mostly_solo,2_4h,afternoon,1,1,1,0,1,0,1,1,0,0,1,home,deep_study,solo,over_4h,afternoon,weekend,12.6,clear,indoor,often,4,5,5,4,5,4,4,4,5,5,20,20,20,16,16,15,15,12,5.0,4.7,20,1,82.3
I1801,U181,quiet_deepwork,P017,library_17,synthetic,valid,5,3,4,5,3,3,3,4,5,4,home,deep_study,mostly_solo,2_4h,afternoon,1,1,1,0,0,0,1,0,0,1,1,library,coding,solo,2_4h,afternoon,weekday,14.7,cold,indoor,sometimes,5,4,4,5,3,3,4,4,5,4,25,12,16,25,12,15,12,15,3.6,5.5,16,1,69.4
I1802,U181,quiet_deepwork,P007,library_07,synthetic,valid,5,3,4,5,3,3,3,4,5,4,home,deep_study,mostly_solo,2_4h,afternoon,1,1,1,0,0,0,1,0,0,1,1,library,deep_study,solo,2_4h,afternoon,weekend,12.1,rainy,indoor,often,5,4,3,4,3,3,4,5,4,4,25,12,12,20,12,12,12,15,4.0,4.5,20,1,79.6
I1803,U181,quiet_deepwork,P058,home_04,synthetic,valid,5,3,4,5,3,3,3,4,5,4,home,deep_study,mostly_solo,2_4h,afternoon,1,1,1,0,0,0,1,0,0,1,1,home,deep_study,solo,1_2h,morning,weekend,12.1,clear,indoor,rarely,4,3,4,3,4,5,4,4,4,4,20,9,16,15,12,12,16,25,4.0,4.5,16,0.5,78.5
I1804,U181,quiet_deepwork,P045,cafe_09,synthetic,valid,5,3,4,5,3,3,3,4,5,4,home,deep_study,mostly_solo,2_4h,afternoon,1,1,1,0,0,0,1,0,0,1,1,cafe,online_class,solo,2_4h,morning,weekday,1.0,rainy,indoor,rarely,2,3,2,2,3,3,3,3,3,3,10,9,8,10,9,9,12,15,2.6,0.4,9,0.5,60.7
I1805,U181,quiet_deepwork,P021,study_room_03,synthetic,valid,5,3,4,5,3,3,3,4,5,4,home,deep_study,mostly_solo,2_4h,afternoon,1,1,1,0,0,0,1,0,0,1,1,study_room,coding,solo,2_4h,afternoon,weekday,20.4,rainy,indoor,first_time,5,4,4,4,3,4,4,5,4,2,25,12,16,20,12,12,12,20,3.6,7.6,20,1,64.9
I1806,U181,quiet_deepwork,P024,study_room_06,synthetic,valid,5,3,4,5,3,3,3,4,5,4,home,deep_study,mostly_solo,2_4h,afternoon,1,1,1,0,0,0,1,0,0,1,1,study_room,online_class,solo,2_4h,afternoon,weekend,9.6,rainy,indoor,sometimes,4,4,3,4,3,4,4,4,4,3,20,12,12,20,12,12,12,20,2.6,3.6,12,1,72.1
I1807,U181,quiet_deepwork,P021,study_room_03,synthetic,valid,5,3,4,5,3,3,3,4,5,4,home,deep_study,mostly_solo,2_4h,afternoon,1,1,1,0,0,0,1,0,0,1,1,study_room,online_class,solo,over_4h,afternoon,weekend,17.3,cloudy,indoor,rarely,5,4,4,4,3,4,4,5,4,2,25,12,16,20,12,12,12,20,2.6,6.5,15,1,63.5
I1808,U181,quiet_deepwork,P011,library_11,synthetic,valid,5,3,4,5,3,3,3,4,5,4,home,deep_study,mostly_solo,2_4h,afternoon,1,1,1,0,0,0,1,0,0,1,1,library,deep_study,solo,2_4h,afternoon,weekend,14.5,cloudy,indoor,often,5,4,4,4,2,4,4,5,4,3,25,12,16,20,12,12,8,20,4.0,5.4,20,1,83.4
I1809,U181,quiet_deepwork,P003,library_03,synthetic,valid,5,3,4,5,3,3,3,4,5,4,home,deep_study,mostly_solo,2_4h,afternoon,1,1,1,0,0,0,1,0,0,1,1,library,report_writing,2,over_4h,evening,weekend,5.8,clear,indoor,sometimes,5,3,4,5,3,3,4,4,4,4,25,9,16,25,12,12,12,15,3.4,2.2,16,0.5,75.4
I1810,U181,quiet_deepwork,P009,library_09,synthetic,valid,5,3,4,5,3,3,3,4,5,4,home,deep_study,mostly_solo,2_4h,afternoon,1,1,1,0,0,0,1,0,0,1,1,library,report_writing,solo,2_4h,evening,weekday,13.2,clear,indoor,first_time,4,4,3,4,2,4,4,5,4,4,20,12,12,20,12,12,8,20,3.4,4.9,20,0.5,72.5
I1811,U182,quiet_deepwork,P057,home_03,synthetic,train,5,4,5,4,3,3,4,4,4,5,library,deep_study,mostly_solo,over_4h,afternoon,1,1,1,1,0,0,1,0,0,1,1,home,meeting,3_4,2_4h,evening,weekday,1.4,clear,indoor,sometimes,3,4,4,4,5,4,5,3,5,4,15,16,20,16,15,20,20,16,1.0,0.5,9,0.5,78.8
I1812,U182,quiet_deepwork,P035,study_room_17,synthetic,train,5,4,5,4,3,3,4,4,4,5,library,deep_study,mostly_solo,over_4h,afternoon,1,1,1,1,0,0,1,0,0,1,1,study_room,deep_study,solo,over_4h,evening,weekday,6.0,cold,indoor,first_time,4,4,4,4,3,4,5,5,4,3,20,16,20,16,15,16,12,16,5.0,2.3,25,0.5,77.6
I1813,U182,quiet_deepwork,P026,study_room_08,synthetic,train,5,4,5,4,3,3,4,4,4,5,library,deep_study,mostly_solo,over_4h,afternoon,1,1,1,1,0,0,1,0,0,1,1,study_room,coding,solo,1_2h,morning,weekend,19.0,cold,indoor,sometimes,4,5,4,4,5,4,4,5,4,3,20,20,20,16,12,16,20,16,4.5,7.1,25,0.5,88.0
I1814,U182,quiet_deepwork,P009,library_09,synthetic,train,5,4,5,4,3,3,4,4,4,5,library,deep_study,mostly_solo,over_4h,afternoon,1,1,1,1,0,0,1,0,0,1,1,library,online_class,3_4,under_1h,evening,weekend,7.3,clear,indoor,often,4,4,3,4,2,4,4,3,4,4,20,16,15,16,12,16,8,16,3.3,2.7,9,0.5,72.6
I1815,U182,quiet_deepwork,P115,outdoor_07,synthetic,train,5,4,5,4,3,3,4,4,4,5,library,deep_study,mostly_solo,over_4h,afternoon,1,1,1,1,0,0,1,0,0,1,1,outdoor,coding,solo,2_4h,evening,weekday,14.9,clear,outdoor,often,3,4,3,3,1,3,1,2,2,3,15,16,15,12,3,8,4,12,4.5,5.6,10,0.5,58.2
I1816,U182,quiet_deepwork,P044,cafe_08,synthetic,train,5,4,5,4,3,3,4,4,4,5,library,deep_study,mostly_solo,over_4h,afternoon,1,1,1,1,0,0,1,0,0,1,1,cafe,online_class,solo,1_2h,afternoon,weekend,15.3,clear,indoor,rarely,3,4,3,4,2,4,3,4,4,2,15,16,15,16,9,16,8,16,3.3,5.7,12,1,66.9
I1817,U182,quiet_deepwork,P083,computer_lab_09,synthetic,train,5,4,5,4,3,3,4,4,4,5,library,deep_study,mostly_solo,over_4h,afternoon,1,1,1,1,0,0,1,0,0,1,1,computer_lab,light_reading,solo,under_1h,evening,weekend,7.7,rainy,indoor,often,4,4,3,3,4,3,5,2,4,3,20,16,15,12,15,16,16,12,2.3,2.9,6,0.5,62.0
I1818,U182,quiet_deepwork,P013,library_13,synthetic,train,5,4,5,4,3,3,4,4,4,5,library,deep_study,mostly_solo,over_4h,afternoon,1,1,1,1,0,0,1,0,0,1,1,library,coding,solo,2_4h,evening,weekday,4.0,rainy,indoor,first_time,5,4,4,4,3,3,5,5,4,4,25,16,20,16,15,16,12,12,4.5,1.5,25,0.5,78.6
I1819,U182,quiet_deepwork,P018,library_18,synthetic,train,5,4,5,4,3,3,4,4,4,5,library,deep_study,mostly_solo,over_4h,afternoon,1,1,1,1,0,0,1,0,0,1,1,library,report_writing,solo,2_4h,evening,weekday,8.0,clear,indoor,often,5,4,3,4,3,3,4,5,4,3,25,16,15,16,12,16,12,12,4.3,3.0,25,0.5,76.9
I1820,U182,quiet_deepwork,P014,library_14,synthetic,train,5,4,5,4,3,3,4,4,4,5,library,deep_study,mostly_solo,over_4h,afternoon,1,1,1,1,0,0,1,0,0,1,1,library,coding,solo,1_2h,afternoon,weekend,5.6,clear,indoor,often,5,4,5,4,3,4,4,4,4,4,25,16,25,16,12,16,12,16,4.5,2.1,20,1,86.1
I1821,U183,convenience_oriented,P001,library_01,synthetic,train,3,4,4,3,4,4,4,2,4,4,home,light_reading,mostly_solo,1_2h,evening,0,1,0,1,1,1,0,1,1,1,0,library,online_class,solo,over_4h,afternoon,weekday,10.5,clear,indoor,sometimes,5,4,4,5,2,3,4,3,4,4,15,16,16,15,16,16,4,12,2.6,5.3,9,0.5,65.1
I1822,U183,convenience_oriented,P080,computer_lab_06,synthetic,train,3,4,4,3,4,4,4,2,4,4,home,light_reading,mostly_solo,1_2h,evening,0,1,0,1,1,1,0,1,1,1,0,computer_lab,coding,2,over_4h,afternoon,weekday,6.6,clear,indoor,sometimes,4,4,4,3,3,4,4,5,4,3,12,16,16,9,16,16,6,16,3.6,3.3,20,0.5,69.7
I1823,U183,convenience_oriented,P091,coworking_space_07,synthetic,train,3,4,4,3,4,4,4,2,4,4,home,light_reading,mostly_solo,1_2h,evening,0,1,0,1,1,1,0,1,1,1,0,coworking_space,coding,solo,1_2h,evening,weekend,17.5,clear,indoor,sometimes,4,4,4,3,4,5,4,4,3,4,12,16,16,9,16,12,8,20,3.6,8.7,16,1,55.6
I1824,U183,convenience_oriented,P051,cafe_15,synthetic,train,3,4,4,3,4,4,4,2,4,4,home,light_reading,mostly_solo,1_2h,evening,0,1,0,1,1,1,0,1,1,1,0,cafe,deep_study,solo,2_4h,morning,weekend,14.6,cloudy,indoor,sometimes,3,4,2,3,3,4,3,2,4,3,9,16,8,9,12,16,6,16,4.0,7.3,8,0,46.8
I1825,U183,convenience_oriented,P058,home_04,synthetic,train,3,4,4,3,4,4,4,2,4,4,home,light_reading,mostly_solo,1_2h,evening,0,1,0,1,1,1,0,1,1,1,0,home,deep_study,solo,1_2h,morning,weekend,17.1,clear,indoor,sometimes,4,3,4,3,4,5,4,4,4,4,12,12,16,9,16,16,8,20,4.0,8.5,16,0,61.2
I1826,U183,convenience_oriented,P025,study_room_07,synthetic,train,3,4,4,3,4,4,4,2,4,4,home,light_reading,mostly_solo,1_2h,evening,0,1,0,1,1,1,0,1,1,1,0,study_room,light_reading,solo,under_1h,evening,weekday,8.5,cloudy,indoor,rarely,4,4,3,4,4,4,4,3,4,3,12,16,12,12,16,16,8,16,1.8,4.3,9,1,65.5
I1827,U183,convenience_oriented,P011,library_11,synthetic,train,3,4,4,3,4,4,4,2,4,4,home,light_reading,mostly_solo,1_2h,evening,0,1,0,1,1,1,0,1,1,1,0,library,report_writing,solo,2_4h,morning,weekend,14.5,hot,indoor,first_time,5,4,4,4,2,4,4,4,4,3,15,16,16,12,16,16,4,16,3.4,7.3,16,0,66.0
I1828,U183,convenience_oriented,P027,study_room_09,synthetic,train,3,4,4,3,4,4,4,2,4,4,home,light_reading,mostly_solo,1_2h,evening,0,1,0,1,1,1,0,1,1,1,0,study_room,light_reading,solo,under_1h,evening,weekend,10.6,cloudy,indoor,sometimes,5,3,3,4,4,3,3,4,3,3,15,12,12,12,12,12,8,12,1.8,5.3,12,1,61.0
I1829,U183,convenience_oriented,P079,computer_lab_05,synthetic,train,3,4,4,3,4,4,4,2,4,4,home,light_reading,mostly_solo,1_2h,evening,0,1,0,1,1,1,0,1,1,1,0,computer_lab,coding,solo,over_4h,afternoon,weekday,8.3,rainy,indoor,rarely,4,4,3,3,3,4,5,5,4,3,12,16,12,9,20,16,6,16,3.6,4.1,20,0.5,66.3
I1830,U183,convenience_oriented,P087,coworking_space_03,synthetic,train,3,4,4,3,4,4,4,2,4,4,home,light_reading,mostly_solo,1_2h,evening,0,1,0,1,1,1,0,1,1,1,0,coworking_space,light_reading,solo,2_4h,late_night,weekday,16.4,cloudy,indoor,sometimes,4,4,3,2,5,4,4,3,4,4,12,16,12,6,16,16,10,16,1.8,8.2,9,0.5,56.5
I1831,U184,balanced,P094,coworking_space_10,synthetic,test,3,4,4,3,3,5,3,4,3,4,library,coding,mostly_solo,under_1h,evening,0,1,0,0,0,1,0,0,1,0,0,coworking_space,light_reading,solo,under_1h,late_night,weekend,8.5,cloudy,indoor,sometimes,3,5,3,4,3,4,3,3,4,4,9,20,12,12,9,12,12,12,1.8,5.3,9,0.5,56.5
I1832,U184,balanced,P043,cafe_07,synthetic,test,3,4,4,3,3,5,3,4,3,4,library,coding,mostly_solo,under_1h,evening,0,1,0,0,0,1,0,0,1,0,0,cafe,online_class,solo,under_1h,evening,weekend,5.8,rainy,indoor,rarely,2,5,3,3,2,4,3,3,3,3,6,20,12,9,9,9,8,12,2.6,3.6,9,1,47.5
I1833,U184,balanced,P006,library_06,synthetic,test,3,4,4,3,3,5,3,4,3,4,library,coding,mostly_solo,under_1h,evening,0,1,0,0,0,1,0,0,1,0,0,library,coding,solo,under_1h,morning,weekday,15.3,rainy,indoor,rarely,4,4,4,5,2,3,4,4,5,4,12,16,16,15,12,15,8,9,3.6,9.6,16,0,59.1
I1834,U184,balanced,P012,library_12,synthetic,test,3,4,4,3,3,5,3,4,3,4,library,coding,mostly_solo,under_1h,evening,0,1,0,0,0,1,0,0,1,0,0,library,coding,solo,2_4h,afternoon,weekday,9.1,rainy,indoor,rarely,5,4,4,4,3,3,3,3,5,4,15,16,16,12,9,15,12,9,3.6,5.7,12,0.5,62.1
I1835,U184,balanced,P047,cafe_11,synthetic,test,3,4,4,3,3,5,3,4,3,4,library,coding,mostly_solo,under_1h,evening,0,1,0,0,0,1,0,0,1,0,0,cafe,online_class,2,1_2h,evening,weekend,7.0,clear,indoor,sometimes,3,4,3,3,2,4,3,3,4,3,9,16,12,9,9,12,8,12,2.6,4.4,9,1,47.9
I1836,U184,balanced,P112,outdoor_04,synthetic,test,3,4,4,3,3,5,3,4,3,4,library,coding,mostly_solo,under_1h,evening,0,1,0,0,0,1,0,0,1,0,0,outdoor,coding,solo,over_4h,early_morning,weekday,7.9,rainy,outdoor,sometimes,3,4,3,3,2,3,1,2,3,2,9,16,12,9,3,9,8,9,3.6,4.9,8,0,46.0
I1837,U184,balanced,P055,home_01,synthetic,test,3,4,4,3,3,5,3,4,3,4,library,coding,mostly_solo,under_1h,evening,0,1,0,0,0,1,0,0,1,0,0,home,online_class,solo,2_4h,evening,weekday,12.1,clear,indoor,first_time,4,3,5,4,4,5,5,5,4,5,12,12,20,12,15,12,16,15,2.6,7.6,15,1,63.4
I1838,U184,balanced,P005,library_05,synthetic,test,3,4,4,3,3,5,3,4,3,4,library,coding,mostly_solo,under_1h,evening,0,1,0,0,0,1,0,0,1,0,0,library,report_writing,solo,2_4h,afternoon,weekend,3.6,rainy,indoor,rarely,5,4,4,5,3,4,4,5,4,4,15,16,16,15,12,12,12,12,3.4,2.3,20,0.5,80.4
I1839,U184,balanced,P084,computer_lab_10,synthetic,test,3,4,4,3,3,5,3,4,3,4,library,coding,mostly_solo,under_1h,evening,0,1,0,0,0,1,0,0,1,0,0,computer_lab,coding,solo,2_4h,evening,weekend,10.0,clear,indoor,sometimes,4,4,3,4,3,3,4,5,3,2,12,16,12,12,12,9,12,9,3.6,6.3,20,1,48.8
I1840,U184,balanced,P071,classroom_09,synthetic,test,3,4,4,3,3,5,3,4,3,4,library,coding,mostly_solo,under_1h,evening,0,1,0,0,0,1,0,0,1,0,0,classroom,online_class,solo,2_4h,afternoon,weekday,8.8,cold,indoor,first_time,3,3,3,3,3,3,3,4,3,4,9,12,12,9,9,9,12,9,2.6,5.5,12,0.5,54.8
I1841,U185,quiet_deepwork,P017,library_17,synthetic,train,5,5,5,4,4,4,4,3,4,5,library,online_class,mostly_solo,under_1h,early_morning,1,1,1,1,1,1,1,1,1,1,1,library,report_writing,solo,2_4h,evening,weekday,14.9,cold,indoor,rarely,5,4,4,5,3,3,4,4,5,4,25,20,20,20,16,20,9,12,4.3,7.5,20,0,74.3
I1842,U185,quiet_deepwork,P035,study_room_17,synthetic,train,5,5,5,4,4,4,4,3,4,5,library,online_class,mostly_solo,under_1h,early_morning,1,1,1,1,1,1,1,1,1,1,1,study_room,deep_study,solo,2_4h,evening,weekday,2.0,clear,indoor,rarely,4,4,4,4,3,4,5,5,4,3,20,20,20,16,20,16,9,16,5.0,1.0,25,0,76.7
I1843,U185,quiet_deepwork,P024,study_room_06,synthetic,train,5,5,5,4,4,4,4,3,4,5,library,online_class,mostly_solo,under_1h,early_morning,1,1,1,1,1,1,1,1,1,1,1,study_room,report_writing,solo,1_2h,early_morning,weekday,7.5,cloudy,indoor,often,4,4,3,4,3,4,4,5,4,3,20,20,15,16,16,16,9,16,4.3,3.8,25,1,84.8
I1844,U185,quiet_deepwork,P061,home_07,synthetic,train,5,5,5,4,4,4,4,3,4,5,library,online_class,mostly_solo,under_1h,early_morning,1,1,1,1,1,1,1,1,1,1,1,home,coding,solo,2_4h,afternoon,weekday,17.6,clear,indoor,sometimes,4,4,4,4,4,4,4,4,4,5,20,20,20,16,16,16,12,16,4.5,8.8,20,0,70.0
I1845,U185,quiet_deepwork,P005,library_05,synthetic,train,5,5,5,4,4,4,4,3,4,5,library,online_class,mostly_solo,under_1h,early_morning,1,1,1,1,1,1,1,1,1,1,1,library,coding,2,2_4h,afternoon,weekday,3.7,rainy,indoor,often,5,4,4,5,3,4,4,4,4,4,25,20,20,20,16,16,9,16,4.5,1.8,20,0,80.0
I1846,U185,quiet_deepwork,P116,outdoor_08,synthetic,train,5,5,5,4,4,4,4,3,4,5,library,online_class,mostly_solo,under_1h,early_morning,1,1,1,1,1,1,1,1,1,1,1,outdoor,online_class,solo,under_1h,early_morning,weekday,11.2,cloudy,outdoor,often,3,5,3,3,2,2,1,3,3,3,15,25,15,12,4,12,6,8,3.3,5.6,9,1,66.1
I1847,U185,quiet_deepwork,P002,library_02,synthetic,train,5,5,5,4,4,4,4,3,4,5,library,online_class,mostly_solo,under_1h,early_morning,1,1,1,1,1,1,1,1,1,1,1,library,deep_study,solo,2_4h,late_night,weekend,6.7,clear,indoor,rarely,5,5,4,4,2,3,4,4,4,4,25,25,20,16,16,16,6,12,5.0,3.4,20,0,78.5
I1848,U185,quiet_deepwork,P023,study_room_05,synthetic,train,5,5,5,4,4,4,4,3,4,5,library,online_class,mostly_solo,under_1h,early_morning,1,1,1,1,1,1,1,1,1,1,1,study_room,report_writing,solo,1_2h,early_morning,weekday,12.0,cloudy,indoor,often,5,4,3,4,4,4,3,4,4,4,25,20,15,16,12,16,12,16,4.3,6.0,20,1,73.3
I1849,U185,quiet_deepwork,P070,classroom_08,synthetic,train,5,5,5,4,4,4,4,3,4,5,library,online_class,mostly_solo,under_1h,early_morning,1,1,1,1,1,1,1,1,1,1,1,classroom,coding,solo,over_4h,early_morning,weekday,15.8,clear,indoor,rarely,3,4,3,2,3,2,3,4,2,3,15,20,15,8,12,8,9,8,4.5,7.9,20,1,47.8
I1850,U185,quiet_deepwork,P069,classroom_07,synthetic,train,5,5,5,4,4,4,4,3,4,5,library,online_class,mostly_solo,under_1h,early_morning,1,1,1,1,1,1,1,1,1,1,1,classroom,coding,2,1_2h,evening,weekend,7.4,clear,indoor,rarely,3,4,3,3,3,3,3,4,3,4,15,20,15,12,12,12,9,12,4.5,3.7,20,0,62.9
I1851,U186,social_collaborative,P104,dorm_lounge_08,synthetic,train,3,5,3,3,4,3,4,4,4,2,cafe,coding,mostly_group,2_4h,morning,0,0,0,1,1,0,0,1,0,1,0,dorm_lounge,report_writing,2,2_4h,afternoon,weekend,18.9,rainy,indoor,often,3,4,3,3,4,4,4,3,4,3,9,20,9,9,16,16,16,16,1.7,7.1,6,0.5,51.8
I1852,U186,social_collaborative,P116,outdoor_08,synthetic,train,3,5,3,3,4,3,4,4,4,2,cafe,coding,mostly_group,2_4h,morning,0,0,0,1,1,0,0,1,0,1,0,outdoor,team_project,3_4,2_4h,evening,weekday,11.4,hot,outdoor,often,3,5,3,3,2,2,1,3,3,3,9,25,9,9,4,12,8,8,0.5,4.3,9,0,35.5
I1853,U186,social_collaborative,P111,outdoor_03,synthetic,train,3,5,3,3,4,3,4,4,4,2,cafe,coding,mostly_group,2_4h,morning,0,0,0,1,1,0,0,1,0,1,0,outdoor,report_writing,solo,over_4h,morning,weekend,7.5,cloudy,outdoor,sometimes,3,5,3,4,2,2,1,3,2,3,9,25,9,12,4,8,8,8,1.7,2.8,6,1,45.5
I1854,U186,social_collaborative,P015,library_15,synthetic,train,3,5,3,3,4,3,4,4,4,2,cafe,coding,mostly_group,2_4h,morning,0,0,0,1,1,0,0,1,0,1,0,library,online_class,solo,1_2h,early_morning,weekday,13.2,clear,indoor,sometimes,4,4,4,5,2,4,3,3,4,4,12,20,12,15,12,16,8,16,1.3,4.9,9,0.5,64.3
I1855,U186,social_collaborative,P029,study_room_11,synthetic,train,3,5,3,3,4,3,4,4,4,2,cafe,coding,mostly_group,2_4h,morning,0,0,0,1,1,0,0,1,0,1,0,study_room,report_writing,solo,over_4h,early_morning,weekday,6.8,cloudy,indoor,often,4,4,3,4,2,4,4,4,4,3,12,20,9,12,16,16,8,16,1.7,2.6,8,0.5,61.9
I1856,U186,social_collaborative,P081,computer_lab_07,synthetic,train,3,5,3,3,4,3,4,4,4,2,cafe,coding,mostly_group,2_4h,morning,0,0,0,1,1,0,0,1,0,1,0,computer_lab,online_class,solo,1_2h,morning,weekday,9.4,clear,indoor,sometimes,4,4,2,3,3,3,4,5,4,3,12,20,6,9,16,16,12,12,1.3,3.5,15,1,72.0
I1857,U186,social_collaborative,P054,cafe_18,synthetic,train,3,5,3,3,4,3,4,4,4,2,cafe,coding,mostly_group,2_4h,morning,0,0,0,1,1,0,0,1,0,1,0,cafe,light_reading,solo,1_2h,afternoon,weekend,14.5,rainy,indoor,sometimes,3,5,2,3,2,3,3,5,4,3,9,25,6,9,12,16,8,12,0.9,5.4,15,0.5,55.0
I1858,U186,social_collaborative,P054,cafe_18,synthetic,train,3,5,3,3,4,3,4,4,4,2,cafe,coding,mostly_group,2_4h,morning,0,0,0,1,1,0,0,1,0,1,0,cafe,coding,solo,2_4h,afternoon,weekday,9.4,cloudy,indoor,sometimes,3,5,2,3,2,3,3,4,4,3,9,25,6,9,12,16,8,12,1.8,3.5,8,0.5,47.7
I1859,U186,social_collaborative,P099,dorm_lounge_03,synthetic,train,3,5,3,3,4,3,4,4,4,2,cafe,coding,mostly_group,2_4h,morning,0,0,0,1,1,0,0,1,0,1,0,dorm_lounge,team_project,5_plus,under_1h,morning,weekday,10.5,cloudy,indoor,rarely,4,4,3,3,3,3,4,4,3,3,12,20,9,9,16,12,12,12,0.5,3.9,12,1,62.8
I1860,U186,social_collaborative,P041,cafe_05,synthetic,train,3,5,3,3,4,3,4,4,4,2,cafe,coding,mostly_group,2_4h,morning,0,0,0,1,1,0,0,1,0,1,0,cafe,team_project,2,1_2h,afternoon,weekend,8.0,rainy,indoor,often,2,4,2,3,2,4,4,5,4,3,6,20,6,9,16,16,8,16,0.5,3.0,15,0.5,60.1
I1861,U187,quiet_deepwork,P004,library_04,synthetic,train,3,5,5,4,4,3,4,3,4,5,library,report_writing,mostly_solo,1_2h,afternoon,0,1,1,1,1,0,0,1,0,1,1,library,online_class,solo,1_2h,afternoon,weekday,4.8,hot,indoor,first_time,5,3,3,4,2,4,4,3,3,4,15,15,15,16,16,12,6,16,3.3,1.8,9,1,56.9
I1862,U187,quiet_deepwork,P011,library_11,synthetic,train,3,5,5,4,4,3,4,3,4,5,library,report_writing,mostly_solo,1_2h,afternoon,0,1,1,1,1,0,0,1,0,1,1,library,coding,solo,2_4h,evening,weekday,12.1,cloudy,indoor,rarely,5,4,4,4,2,4,4,4,4,3,15,20,20,16,16,16,6,16,4.5,4.5,20,0.5,66.0
I1863,U187,quiet_deepwork,P008,library_08,synthetic,train,3,5,5,4,4,3,4,3,4,5,library,report_writing,mostly_solo,1_2h,afternoon,0,1,1,1,1,0,0,1,0,1,1,library,report_writing,solo,1_2h,morning,weekday,7.4,rainy,indoor,first_time,5,5,4,4,2,3,4,4,4,4,15,25,20,16,16,16,6,12,4.3,2.8,20,0.5,72.9
I1864,U187,quiet_deepwork,P013,library_13,synthetic,train,3,5,5,4,4,3,4,3,4,5,library,report_writing,mostly_solo,1_2h,afternoon,0,1,1,1,1,0,0,1,0,1,1,library,coding,solo,2_4h,afternoon,weekday,1.5,cold,indoor,sometimes,5,4,4,4,3,3,5,4,4,4,15,20,20,16,20,16,9,12,4.5,0.6,20,1,64.3
I1865,U187,quiet_deepwork,P100,dorm_lounge_04,synthetic,train,3,5,5,4,4,3,4,3,4,5,library,report_writing,mostly_solo,1_2h,afternoon,0,1,1,1,1,0,0,1,0,1,1,dorm_lounge,light_reading,solo,1_2h,late_night,weekday,9.3,clear,indoor,sometimes,3,4,2,3,3,4,3,4,4,4,9,20,10,12,12,16,9,16,2.3,3.5,12,0,59.3
I1866,U187,quiet_deepwork,P010,library_10,synthetic,train,3,5,5,4,4,3,4,3,4,5,library,report_writing,mostly_solo,1_2h,afternoon,0,1,1,1,1,0,0,1,0,1,1,library,report_writing,solo,under_1h,afternoon,weekday,9.7,clear,indoor,rarely,5,5,4,4,3,4,4,4,4,5,15,25,20,16,16,16,9,16,4.3,3.6,20,1,83.0
I1867,U187,quiet_deepwork,P014,library_14,synthetic,train,3,5,5,4,4,3,4,3,4,5,library,report_writing,mostly_solo,1_2h,afternoon,0,1,1,1,1,0,0,1,0,1,1,library,coding,solo,1_2h,evening,weekday,4.5,clear,indoor,often,5,4,5,4,3,4,4,5,4,4,15,20,25,16,16,16,9,16,4.5,1.7,25,0.5,75.2
I1868,U187,quiet_deepwork,P040,cafe_04,synthetic,train,3,5,5,4,4,3,4,3,4,5,library,report_writing,mostly_solo,1_2h,afternoon,0,1,1,1,1,0,0,1,0,1,1,cafe,team_project,2,2_4h,afternoon,weekday,8.6,clear,indoor,often,3,4,2,3,3,4,3,4,4,3,9,20,10,12,12,16,9,16,1.3,3.2,12,1,63.8
I1869,U187,quiet_deepwork,P095,coworking_space_11,synthetic,train,3,5,5,4,4,3,4,3,4,5,library,report_writing,mostly_solo,1_2h,afternoon,0,1,1,1,1,0,0,1,0,1,1,coworking_space,coding,solo,2_4h,afternoon,weekend,14.4,clear,indoor,sometimes,4,4,3,3,4,4,5,5,4,4,12,20,15,12,20,16,12,16,4.5,5.4,25,1,73.7
I1870,U187,quiet_deepwork,P006,library_06,synthetic,train,3,5,5,4,4,3,4,3,4,5,library,report_writing,mostly_solo,1_2h,afternoon,0,1,1,1,1,0,0,1,0,1,1,library,coding,2,2_4h,late_night,weekday,11.1,rainy,indoor,sometimes,4,4,4,5,2,3,4,4,5,4,12,20,20,20,16,20,6,12,4.5,4.2,20,0,71.0
I1871,U188,social_collaborative,P001,library_01,synthetic,valid,3,5,3,3,4,3,3,3,5,3,study_room,team_project,mostly_group,2_4h,afternoon,0,0,0,0,1,0,0,1,0,1,0,library,light_reading,solo,1_2h,evening,weekday,8.7,rainy,indoor,sometimes,5,4,4,5,2,3,4,5,4,4,15,20,12,15,16,12,6,15,1.4,3.3,15,0.5,70.5
I1872,U188,social_collaborative,P096,coworking_space_12,synthetic,valid,3,5,3,3,4,3,3,3,5,3,study_room,team_project,mostly_group,2_4h,afternoon,0,0,0,0,1,0,0,1,0,1,0,coworking_space,coding,solo,1_2h,evening,weekday,20.1,clear,indoor,often,3,3,4,3,3,5,5,4,4,3,9,15,12,9,20,12,9,25,2.7,7.5,12,0.5,63.4
I1873,U188,social_collaborative,P032,study_room_14,synthetic,valid,3,5,3,3,4,3,3,3,5,3,study_room,team_project,mostly_group,2_4h,afternoon,0,0,0,0,1,0,0,1,0,1,0,study_room,online_class,solo,2_4h,evening,weekend,16.0,clear,indoor,rarely,4,4,4,4,4,3,4,5,4,4,12,20,12,12,16,12,12,15,2.0,6.0,15,0.5,70.4
I1874,U188,social_collaborative,P095,coworking_space_11,synthetic,valid,3,5,3,3,4,3,3,3,5,3,study_room,team_project,mostly_group,2_4h,afternoon,0,0,0,0,1,0,0,1,0,1,0,coworking_space,team_project,2,2_4h,afternoon,weekend,11.4,clear,indoor,sometimes,4,4,3,3,4,4,5,5,4,4,12,20,9,9,20,12,12,20,0.8,4.3,15,1,64.6
I1875,U188,social_collaborative,P026,study_room_08,synthetic,valid,3,5,3,3,4,3,3,3,5,3,study_room,team_project,mostly_group,2_4h,afternoon,0,0,0,0,1,0,0,1,0,1,0,study_room,light_reading,solo,1_2h,afternoon,weekday,23.4,clear,indoor,sometimes,4,5,4,4,5,4,4,4,4,3,12,25,12,12,16,12,15,20,1.4,8.8,12,1,62.6
I1876,U188,social_collaborative,P040,cafe_04,synthetic,valid,3,5,3,3,4,3,3,3,5,3,study_room,team_project,mostly_group,2_4h,afternoon,0,0,0,0,1,0,0,1,0,1,0,cafe,meeting,3_4,2_4h,afternoon,weekend,7.7,clear,indoor,rarely,3,4,2,3,3,4,3,4,4,3,9,20,6,9,12,12,9,20,0.6,2.9,12,1,77.0
I1877,U188,social_collaborative,P093,coworking_space_09,synthetic,valid,3,5,3,3,4,3,3,3,5,3,study_room,team_project,mostly_group,2_4h,afternoon,0,0,0,0,1,0,0,1,0,1,0,coworking_space,meeting,3_4,2_4h,evening,weekend,8.6,rainy,indoor,rarely,3,4,2,3,4,4,4,5,4,3,9,20,6,9,16,12,12,20,0.6,3.2,15,0.5,62.7
I1878,U188,social_collaborative,P094,coworking_space_10,synthetic,valid,3,5,3,3,4,3,3,3,5,3,study_room,team_project,mostly_group,2_4h,afternoon,0,0,0,0,1,0,0,1,0,1,0,coworking_space,light_reading,solo,1_2h,afternoon,weekday,12.1,clear,indoor,often,3,5,3,4,3,4,3,3,4,4,9,25,9,12,12,12,9,20,1.4,4.5,9,1,63.9
I1879,U188,social_collaborative,P047,cafe_11,synthetic,valid,3,5,3,3,4,3,3,3,5,3,study_room,team_project,mostly_group,2_4h,afternoon,0,0,0,0,1,0,0,1,0,1,0,cafe,meeting,2,1_2h,afternoon,weekday,17.3,clear,indoor,often,3,4,3,3,2,4,3,3,4,3,9,20,9,9,12,12,6,20,0.6,6.5,9,1,69.7
I1880,U188,social_collaborative,P022,study_room_04,synthetic,valid,3,5,3,3,4,3,3,3,5,3,study_room,team_project,mostly_group,2_4h,afternoon,0,0,0,0,1,0,0,1,0,1,0,study_room,online_class,solo,under_1h,afternoon,weekday,9.9,cloudy,indoor,sometimes,4,5,3,4,5,3,4,4,4,4,12,25,9,12,16,12,15,15,2.0,3.7,12,1,58.5
I1881,U189,quiet_deepwork,P024,study_room_06,synthetic,train,4,4,4,4,5,3,4,3,4,5,study_room,deep_study,mostly_solo,2_4h,evening,1,1,1,1,1,0,1,1,0,1,1,study_room,report_writing,solo,1_2h,morning,weekday,7.1,rainy,indoor,first_time,4,4,3,4,3,4,4,5,4,3,16,16,12,16,20,16,9,16,4.3,2.7,25,0,73.8
I1882,U189,quiet_deepwork,P013,library_13,synthetic,train,4,4,4,4,5,3,4,3,4,5,study_room,deep_study,mostly_solo,2_4h,evening,1,1,1,1,1,0,1,1,0,1,1,library,deep_study,solo,under_1h,evening,weekday,4.8,cloudy,indoor,sometimes,5,4,4,4,3,3,5,5,4,4,20,16,16,16,25,16,9,12,5.0,1.8,25,1,86.6
I1883,U189,quiet_deepwork,P102,dorm_lounge_06,synthetic,train,4,4,4,4,5,3,4,3,4,5,study_room,deep_study,mostly_solo,2_4h,evening,1,1,1,1,1,0,1,1,0,1,1,dorm_lounge,online_class,2,under_1h,morning,weekday,14.8,rainy,indoor,sometimes,3,3,3,3,3,3,4,3,4,4,12,12,12,12,20,16,9,12,3.3,5.5,9,0,52.3
I1884,U189,quiet_deepwork,P025,study_room_07,synthetic,train,4,4,4,4,5,3,4,3,4,5,study_room,deep_study,mostly_solo,2_4h,evening,1,1,1,1,1,0,1,1,0,1,1,study_room,deep_study,solo,2_4h,evening,weekday,2.4,clear,indoor,first_time,4,4,3,4,4,4,4,5,4,3,16,16,12,16,20,16,12,16,5.0,0.9,25,1,74.0
I1885,U189,quiet_deepwork,P013,library_13,synthetic,train,4,4,4,4,5,3,4,3,4,5,study_room,deep_study,mostly_solo,2_4h,evening,1,1,1,1,1,0,1,1,0,1,1,library,deep_study,solo,2_4h,afternoon,weekend,1.0,clear,indoor,sometimes,5,4,4,4,3,3,5,4,4,4,20,16,16,16,25,16,9,12,5.0,0.4,20,0.5,82.6
I1886,U189,quiet_deepwork,P030,study_room_12,synthetic,train,4,4,4,4,5,3,4,3,4,5,study_room,deep_study,mostly_solo,2_4h,evening,1,1,1,1,1,0,1,1,0,1,1,study_room,deep_study,solo,over_4h,late_night,weekday,12.8,clear,indoor,rarely,5,4,3,4,3,3,4,5,4,4,20,16,12,16,20,16,9,12,5.0,4.8,25,0.5,72.4
I1887,U189,quiet_deepwork,P069,classroom_07,synthetic,train,4,4,4,4,5,3,4,3,4,5,study_room,deep_study,mostly_solo,2_4h,evening,1,1,1,1,1,0,1,1,0,1,1,classroom,deep_study,2,2_4h,afternoon,weekday,12.7,clear,indoor,rarely,3,4,3,3,3,3,3,3,3,4,12,16,12,12,15,12,9,12,5.0,4.8,15,0.5,56.0
I1888,U189,quiet_deepwork,P019,study_room_01,synthetic,train,4,4,4,4,5,3,4,3,4,5,study_room,deep_study,mostly_solo,2_4h,evening,1,1,1,1,1,0,1,1,0,1,1,study_room,light_reading,solo,2_4h,morning,weekend,13.1,clear,indoor,sometimes,4,3,4,4,3,4,4,4,4,4,16,12,16,16,20,16,9,16,2.3,4.9,12,0,86.0
I1889,U189,quiet_deepwork,P117,outdoor_09,synthetic,train,4,4,4,4,5,3,4,3,4,5,study_room,deep_study,mostly_solo,2_4h,evening,1,1,1,1,1,0,1,1,0,1,1,outdoor,report_writing,solo,1_2h,evening,weekday,13.2,clear,outdoor,sometimes,2,5,3,3,2,3,1,2,3,3,8,20,12,12,5,12,6,12,4.3,5.0,10,1,61.1
I1890,U189,quiet_deepwork,P070,classroom_08,synthetic,train,4,4,4,4,5,3,4,3,4,5,study_room,deep_study,mostly_solo,2_4h,evening,1,1,1,1,1,0,1,1,0,1,1,classroom,deep_study,solo,over_4h,early_morning,weekday,13.6,rainy,indoor,sometimes,3,4,3,2,3,2,3,4,2,3,12,16,12,8,15,8,9,8,5.0,5.1,20,0,65.1
I1891,U190,convenience_oriented,P092,coworking_space_08,synthetic,train,3,3,3,2,5,5,3,3,4,3,classroom,report_writing,mixed,1_2h,evening,0,0,0,0,1,1,0,1,1,1,0,coworking_space,online_class,solo,2_4h,evening,weekend,5.1,hot,indoor,sometimes,2,4,3,4,3,4,4,4,4,3,6,12,9,8,20,12,9,16,2.0,3.2,12,1,62.2
I1892,U190,convenience_oriented,P116,outdoor_08,synthetic,train,3,3,3,2,5,5,3,3,4,3,classroom,report_writing,mixed,1_2h,evening,0,0,0,0,1,1,0,1,1,1,0,outdoor,report_writing,solo,over_4h,evening,weekend,11.5,rainy,outdoor,sometimes,3,5,3,3,2,2,1,2,3,3,9,15,9,6,5,9,6,8,2.6,7.2,6,1,40.8
I1893,U190,convenience_oriented,P039,cafe_03,synthetic,train,3,3,3,2,5,5,3,3,4,3,classroom,report_writing,mixed,1_2h,evening,0,0,0,0,1,1,0,1,1,1,0,cafe,coding,solo,under_1h,early_morning,weekday,15.3,clear,indoor,sometimes,3,4,2,3,2,4,3,4,4,4,9,12,6,6,15,12,6,16,2.7,9.6,12,0,48.1
I1894,U190,convenience_oriented,P056,home_02,synthetic,train,3,3,3,2,5,5,3,3,4,3,classroom,report_writing,mixed,1_2h,evening,0,0,0,0,1,1,0,1,1,1,0,home,team_project,2,2_4h,evening,weekend,12.0,cloudy,indoor,sometimes,4,3,5,4,5,4,5,4,5,5,12,9,15,8,25,15,15,16,0.8,7.5,12,1,68.5
I1895,U190,convenience_oriented,P094,coworking_space_10,synthetic,train,3,3,3,2,5,5,3,3,4,3,classroom,report_writing,mixed,1_2h,evening,0,0,0,0,1,1,0,1,1,1,0,coworking_space,report_writing,solo,1_2h,evening,weekday,8.7,cloudy,indoor,rarely,3,5,3,4,3,4,3,5,4,4,9,15,9,8,15,12,9,16,2.6,5.4,15,1,55.4
I1896,U190,convenience_oriented,P019,study_room_01,synthetic,train,3,3,3,2,5,5,3,3,4,3,classroom,report_writing,mixed,1_2h,evening,0,0,0,0,1,1,0,1,1,1,0,study_room,online_class,2,2_4h,evening,weekday,13.6,clear,indoor,often,4,3,4,4,3,4,4,4,4,4,12,9,12,8,20,12,9,16,2.0,8.5,12,1,45.3
I1897,U190,convenience_oriented,P080,computer_lab_06,synthetic,train,3,3,3,2,5,5,3,3,4,3,classroom,report_writing,mixed,1_2h,evening,0,0,0,0,1,1,0,1,1,1,0,computer_lab,report_writing,solo,2_4h,afternoon,weekend,6.7,hot,indoor,rarely,4,4,4,3,3,4,4,3,4,3,12,12,12,6,20,12,9,16,2.6,4.2,9,0.5,64.6
I1898,U190,convenience_oriented,P041,cafe_05,synthetic,train,3,3,3,2,5,5,3,3,4,3,classroom,report_writing,mixed,1_2h,evening,0,0,0,0,1,1,0,1,1,1,0,cafe,report_writing,solo,2_4h,evening,weekday,10.1,hot,indoor,sometimes,2,4,2,3,2,4,4,4,4,3,6,12,6,6,20,12,6,16,2.6,6.3,12,1,49.8
I1899,U190,convenience_oriented,P097,dorm_lounge_01,synthetic,train,3,3,3,2,5,5,3,3,4,3,classroom,report_writing,mixed,1_2h,evening,0,0,0,0,1,1,0,1,1,1,0,dorm_lounge,online_class,solo,under_1h,evening,weekday,8.3,clear,indoor,often,3,3,3,2,3,4,5,3,4,2,9,9,9,4,25,12,9,16,2.0,5.2,9,1,57.3
I1900,U190,convenience_oriented,P025,study_room_07,synthetic,train,3,3,3,2,5,5,3,3,4,3,classroom,report_writing,mixed,1_2h,evening,0,0,0,0,1,1,0,1,1,1,0,study_room,coding,solo,2_4h,evening,weekday,8.7,cloudy,indoor,sometimes,4,4,3,4,4,4,4,5,4,3,12,12,9,8,20,12,12,16,2.7,5.5,15,1,72.8
I1901,U191,comfort_oriented,P019,study_room_01,synthetic,train,4,4,4,4,4,3,4,5,5,3,coworking_space,light_reading,mixed,1_2h,morning,1,1,1,1,1,0,1,1,0,1,1,study_room,online_class,solo,1_2h,afternoon,weekday,10.2,clear,indoor,often,4,3,4,4,3,4,4,5,4,4,16,12,16,16,16,16,15,20,2.0,3.8,15,0.5,67.5
I1902,U191,comfort_oriented,P029,study_room_11,synthetic,train,4,4,4,4,4,3,4,5,5,3,coworking_space,light_reading,mixed,1_2h,morning,1,1,1,1,1,0,1,1,0,1,1,study_room,online_class,solo,1_2h,evening,weekday,10.7,cloudy,indoor,rarely,4,4,3,4,2,4,4,3,4,3,16,16,12,16,16,16,10,20,2.0,4.0,9,0,67.7
I1903,U191,comfort_oriented,P050,cafe_14,synthetic,train,4,4,4,4,4,3,4,5,5,3,coworking_space,light_reading,mixed,1_2h,morning,1,1,1,1,1,0,1,1,0,1,1,cafe,report_writing,solo,2_4h,evening,weekday,9.4,cold,indoor,sometimes,3,5,2,3,2,4,3,3,4,3,12,20,8,12,12,16,10,20,2.6,3.5,9,0,63.1
I1904,U191,comfort_oriented,P059,home_05,synthetic,train,4,4,4,4,4,3,4,5,5,3,coworking_space,light_reading,mixed,1_2h,morning,1,1,1,1,1,0,1,1,0,1,1,home,light_reading,solo,under_1h,afternoon,weekday,13.2,rainy,indoor,sometimes,4,5,5,4,5,4,4,4,5,5,16,20,20,16,16,20,25,20,1.4,5.0,12,0.5,79.7
I1905,U191,comfort_oriented,P050,cafe_14,synthetic,train,4,4,4,4,4,3,4,5,5,3,coworking_space,light_reading,mixed,1_2h,morning,1,1,1,1,1,0,1,1,0,1,1,cafe,team_project,2,1_2h,morning,weekday,6.8,clear,indoor,sometimes,3,5,2,3,2,4,3,5,4,3,12,20,8,12,12,16,10,20,0.8,2.6,15,1,72.0
I1906,U191,comfort_oriented,P005,library_05,synthetic,train,4,4,4,4,4,3,4,5,5,3,coworking_space,light_reading,mixed,1_2h,morning,1,1,1,1,1,0,1,1,0,1,1,library,report_writing,solo,2_4h,evening,weekend,2.4,cloudy,indoor,sometimes,5,4,4,5,3,4,4,4,4,4,20,16,16,20,16,16,15,20,2.6,0.9,12,0,75.5
I1907,U191,comfort_oriented,P057,home_03,synthetic,train,4,4,4,4,4,3,4,5,5,3,coworking_space,light_reading,mixed,1_2h,morning,1,1,1,1,1,0,1,1,0,1,1,home,coding,2,2_4h,morning,weekday,4.4,cloudy,indoor,rarely,3,4,4,4,5,4,5,5,5,4,12,16,16,16,20,20,25,20,2.7,1.7,15,1,77.6
I1908,U191,comfort_oriented,P056,home_02,synthetic,train,4,4,4,4,4,3,4,5,5,3,coworking_space,light_reading,mixed,1_2h,morning,1,1,1,1,1,0,1,1,0,1,1,home,report_writing,solo,1_2h,evening,weekend,13.5,cloudy,indoor,rarely,4,3,5,4,5,4,5,4,5,5,16,12,20,16,20,20,25,20,2.6,5.1,12,0,70.7
I1909,U191,comfort_oriented,P109,outdoor_01,synthetic,train,4,4,4,4,4,3,4,5,5,3,coworking_space,light_reading,mixed,1_2h,morning,1,1,1,1,1,0,1,1,0,1,1,outdoor,light_reading,solo,1_2h,morning,weekday,12.3,clear,outdoor,often,2,5,3,3,2,3,1,3,3,3,8,20,12,12,4,12,10,15,1.4,4.6,9,1,54.0
I1910,U191,comfort_oriented,P063,classroom_01,synthetic,train,4,4,4,4,4,3,4,5,5,3,coworking_space,light_reading,mixed,1_2h,morning,1,1,1,1,1,0,1,1,0,1,1,classroom,team_project,2,1_2h,morning,weekday,11.4,clear,indoor,first_time,3,4,3,3,2,3,3,4,3,3,12,16,12,12,12,12,10,15,0.8,4.3,12,1,61.3
I1911,U192,comfort_oriented,P013,library_13,synthetic,valid,4,4,4,3,4,4,5,5,4,5,library,deep_study,mostly_solo,2_4h,evening,1,1,0,1,1,1,1,1,1,1,0,library,coding,solo,2_4h,afternoon,weekend,1.0,cloudy,indoor,rarely,5,4,4,4,3,3,5,3,4,4,20,16,16,12,20,20,15,12,4.5,0.5,15,0.5,76.1
I1912,U192,comfort_oriented,P076,computer_lab_02,synthetic,valid,4,4,4,3,4,4,5,5,4,5,library,deep_study,mostly_solo,2_4h,evening,1,1,0,1,1,1,1,1,1,1,0,computer_lab,deep_study,2,over_4h,evening,weekday,15.8,rainy,indoor,sometimes,3,5,3,4,4,3,4,4,3,4,12,20,12,12,16,15,20,12,5.0,7.9,20,1,79.2
I1913,U192,comfort_oriented,P057,home_03,synthetic,valid,4,4,4,3,4,4,5,5,4,5,library,deep_study,mostly_solo,2_4h,evening,1,1,0,1,1,1,1,1,1,1,0,home,light_reading,solo,1_2h,evening,weekend,4.1,cloudy,indoor,often,3,4,4,4,5,4,5,4,5,4,12,16,16,12,20,25,25,16,2.3,2.1,12,1,82.0
I1914,U192,comfort_oriented,P003,library_03,synthetic,valid,4,4,4,3,4,4,5,5,4,5,library,deep_study,mostly_solo,2_4h,evening,1,1,0,1,1,1,1,1,1,1,0,library,online_class,solo,1_2h,afternoon,weekday,3.9,clear,indoor,rarely,5,3,4,5,3,3,4,4,4,4,20,12,16,15,16,20,15,12,3.3,1.9,12,0.5,65.9
I1915,U192,comfort_oriented,P002,library_02,synthetic,valid,4,4,4,3,4,4,5,5,4,5,library,deep_study,mostly_solo,2_4h,evening,1,1,0,1,1,1,1,1,1,1,0,library,light_reading,solo,1_2h,afternoon,weekday,6.7,clear,indoor,often,5,5,4,4,2,3,4,4,4,4,20,20,16,12,16,20,10,12,2.3,3.4,12,0.5,87.3
I1916,U192,comfort_oriented,P044,cafe_08,synthetic,valid,4,4,4,3,4,4,5,5,4,5,library,deep_study,mostly_solo,2_4h,evening,1,1,0,1,1,1,1,1,1,1,0,cafe,deep_study,solo,over_4h,morning,weekend,9.9,clear,indoor,rarely,3,4,3,4,2,4,3,3,4,2,12,16,12,12,12,20,10,16,5.0,5.0,15,0,60.2
I1917,U192,comfort_oriented,P036,study_room_18,synthetic,valid,4,4,4,3,4,4,5,5,4,5,library,deep_study,mostly_solo,2_4h,evening,1,1,0,1,1,1,1,1,1,1,0,study_room,online_class,solo,1_2h,evening,weekday,8.3,cloudy,indoor,rarely,5,4,4,4,4,4,5,4,4,4,20,16,16,12,20,20,20,16,3.3,4.1,12,1,63.8
I1918,U192,comfort_oriented,P035,study_room_17,synthetic,valid,4,4,4,3,4,4,5,5,4,5,library,deep_study,mostly_solo,2_4h,evening,1,1,0,1,1,1,1,1,1,1,0,study_room,coding,solo,over_4h,evening,weekday,6.0,cloudy,indoor,often,4,4,4,4,3,4,5,5,4,3,16,16,16,12,20,20,15,16,4.5,3.0,25,1,87.7
I1919,U192,comfort_oriented,P011,library_11,synthetic,valid,4,4,4,3,4,4,5,5,4,5,library,deep_study,mostly_solo,2_4h,evening,1,1,0,1,1,1,1,1,1,1,0,library,online_class,2,1_2h,evening,weekend,9.7,cloudy,indoor,often,5,4,4,4,2,4,4,3,4,3,20,16,16,12,16,20,10,16,3.3,4.9,9,1,78.7
I1920,U192,comfort_oriented,P017,library_17,synthetic,valid,4,4,4,3,4,4,5,5,4,5,library,deep_study,mostly_solo,2_4h,evening,1,1,0,1,1,1,1,1,1,1,0,library,team_project,3_4,2_4h,late_night,weekend,11.0,clear,indoor,sometimes,5,4,4,5,3,3,4,2,5,4,20,16,16,15,16,25,15,12,1.3,5.5,6,0.5,68.6
I1921,U193,convenience_oriented,P030,study_room_12,synthetic,valid,3,3,3,4,4,5,3,2,5,5,home,coding,mostly_solo,1_2h,late_night,0,0,1,0,1,1,0,1,1,1,1,study_room,online_class,solo,2_4h,early_morning,weekday,16.3,rainy,indoor,sometimes,5,4,3,4,3,3,4,4,4,4,15,12,9,16,16,12,6,15,3.3,10.2,12,0,64.1
I1922,U193,convenience_oriented,P077,computer_lab_03,synthetic,valid,3,3,3,4,4,5,3,2,5,5,home,coding,mostly_solo,1_2h,late_night,0,0,1,0,1,1,0,1,1,1,1,computer_lab,report_writing,solo,over_4h,evening,weekday,16.0,cloudy,indoor,rarely,4,3,3,3,2,3,4,4,4,4,12,9,9,12,16,12,4,15,4.3,10.0,20,0.5,57.0
I1923,U193,convenience_oriented,P103,dorm_lounge_07,synthetic,valid,3,3,3,4,4,5,3,2,5,5,home,coding,mostly_solo,1_2h,late_night,0,0,1,0,1,1,0,1,1,1,1,dorm_lounge,coding,solo,under_1h,morning,weekend,12.0,clear,indoor,sometimes,3,4,3,3,4,4,5,3,3,3,9,12,9,12,20,9,8,20,4.5,7.5,15,0,54.0
I1924,U193,convenience_oriented,P056,home_02,synthetic,valid,3,3,3,4,4,5,3,2,5,5,home,coding,mostly_solo,1_2h,late_night,0,0,1,0,1,1,0,1,1,1,1,home,deep_study,solo,1_2h,late_night,weekday,4.5,clear,indoor,sometimes,4,3,5,4,5,4,5,4,5,5,12,9,15,16,20,15,10,20,5.0,2.8,20,1,71.2
I1925,U193,convenience_oriented,P034,study_room_16,synthetic,valid,3,3,3,4,4,5,3,2,5,5,home,coding,mostly_solo,1_2h,late_night,0,0,1,0,1,1,0,1,1,1,1,study_room,light_reading,solo,2_4h,morning,weekend,8.2,cloudy,indoor,sometimes,4,4,4,4,4,3,4,4,5,3,12,12,12,16,16,15,8,15,2.3,5.1,12,0,78.6
I1926,U193,convenience_oriented,P003,library_03,synthetic,valid,3,3,3,4,4,5,3,2,5,5,home,coding,mostly_solo,1_2h,late_night,0,0,1,0,1,1,0,1,1,1,1,library,coding,solo,2_4h,afternoon,weekday,3.1,clear,indoor,first_time,5,3,4,5,3,3,4,4,4,4,15,9,12,20,16,12,6,15,4.5,1.9,20,0,61.5
I1927,U193,convenience_oriented,P002,library_02,synthetic,valid,3,3,3,4,4,5,3,2,5,5,home,coding,mostly_solo,1_2h,late_night,0,0,1,0,1,1,0,1,1,1,1,library,light_reading,solo,1_2h,late_night,weekday,3.5,clear,indoor,often,5,5,4,4,2,3,4,4,4,4,15,15,12,16,16,12,4,15,2.3,2.2,12,1,81.8
I1928,U193,convenience_oriented,P055,home_01,synthetic,valid,3,3,3,4,4,5,3,2,5,5,home,coding,mostly_solo,1_2h,late_night,0,0,1,0,1,1,0,1,1,1,1,home,online_class,solo,2_4h,late_night,weekday,12.6,clear,indoor,sometimes,4,3,5,4,4,5,5,5,4,5,12,9,15,16,20,12,8,25,3.3,7.9,15,1,57.4
I1929,U193,convenience_oriented,P003,library_03,synthetic,valid,3,3,3,4,4,5,3,2,5,5,home,coding,mostly_solo,1_2h,late_night,0,0,1,0,1,1,0,1,1,1,1,library,light_reading,solo,under_1h,early_morning,weekend,1.0,clear,indoor,rarely,5,3,4,5,3,3,4,5,4,4,15,9,12,20,16,12,6,15,2.3,0.6,15,0,62.5
I1930,U193,convenience_oriented,P040,cafe_04,synthetic,valid,3,3,3,4,4,5,3,2,5,5,home,coding,mostly_solo,1_2h,late_night,0,0,1,0,1,1,0,1,1,1,1,cafe,coding,solo,1_2h,evening,weekday,5.6,cloudy,indoor,rarely,3,4,2,3,3,4,3,4,4,3,9,12,6,12,12,12,6,20,4.5,3.5,20,0.5,65.2
I1931,U194,convenience_oriented,P070,classroom_08,synthetic,train,4,4,3,3,3,5,3,3,4,3,dorm_lounge,deep_study,mixed,2_4h,afternoon,1,0,0,0,0,1,1,0,1,1,0,classroom,deep_study,solo,2_4h,evening,weekday,10.0,clear,indoor,sometimes,3,4,3,2,3,2,3,3,2,3,12,16,9,6,9,6,9,8,3.0,6.3,9,0.5,57.7
I1932,U194,convenience_oriented,P046,cafe_10,synthetic,train,4,4,3,3,3,5,3,3,4,3,dorm_lounge,deep_study,mixed,2_4h,afternoon,1,0,0,0,0,1,1,0,1,1,0,cafe,team_project,3_4,1_2h,afternoon,weekday,14.6,cloudy,indoor,often,3,4,2,3,2,4,3,3,3,3,12,16,6,9,9,9,6,16,0.8,9.1,9,1,54.1
I1933,U194,convenience_oriented,P068,classroom_06,synthetic,train,4,4,3,3,3,5,3,3,4,3,dorm_lounge,deep_study,mixed,2_4h,afternoon,1,0,0,0,0,1,1,0,1,1,0,classroom,meeting,3_4,1_2h,morning,weekday,10.6,clear,indoor,often,3,4,3,3,2,3,3,4,2,4,12,16,9,9,9,6,6,12,0.6,6.6,12,0.5,49.5
I1934,U194,convenience_oriented,P109,outdoor_01,synthetic,train,4,4,3,3,3,5,3,3,4,3,dorm_lounge,deep_study,mixed,2_4h,afternoon,1,0,0,0,0,1,1,0,1,1,0,outdoor,deep_study,solo,1_2h,evening,weekday,11.6,clear,outdoor,sometimes,2,5,3,3,2,3,1,2,3,3,8,20,9,9,3,9,6,12,3.0,7.3,6,0.5,50.3
I1935,U194,convenience_oriented,P003,library_03,synthetic,train,4,4,3,3,3,5,3,3,4,3,dorm_lounge,deep_study,mixed,2_4h,afternoon,1,0,0,0,0,1,1,0,1,1,0,library,team_project,2,over_4h,afternoon,weekday,5.7,rainy,indoor,sometimes,5,3,4,5,3,3,4,3,4,4,20,12,12,15,12,12,9,12,0.8,3.6,9,1,67.9
I1936,U194,convenience_oriented,P041,cafe_05,synthetic,train,4,4,3,3,3,5,3,3,4,3,dorm_lounge,deep_study,mixed,2_4h,afternoon,1,0,0,0,0,1,1,0,1,1,0,cafe,team_project,5_plus,1_2h,afternoon,weekday,14.2,clear,indoor,rarely,2,4,2,3,2,4,4,4,4,3,8,16,6,9,12,12,6,16,0.8,8.9,12,1,61.1
I1937,U194,convenience_oriented,P035,study_room_17,synthetic,train,4,4,3,3,3,5,3,3,4,3,dorm_lounge,deep_study,mixed,2_4h,afternoon,1,0,0,0,0,1,1,0,1,1,0,study_room,report_writing,solo,over_4h,evening,weekday,4.1,clear,indoor,first_time,4,4,4,4,3,4,5,5,4,3,16,16,12,12,15,12,9,16,2.6,2.6,15,0.5,54.8
I1938,U194,convenience_oriented,P024,study_room_06,synthetic,train,4,4,3,3,3,5,3,3,4,3,dorm_lounge,deep_study,mixed,2_4h,afternoon,1,0,0,0,0,1,1,0,1,1,0,study_room,team_project,3_4,1_2h,afternoon,weekday,1.0,hot,indoor,sometimes,4,4,3,4,3,4,4,4,4,3,16,16,9,12,12,12,9,16,0.8,0.6,12,1,61.3
I1939,U194,convenience_oriented,P112,outdoor_04,synthetic,train,4,4,3,3,3,5,3,3,4,3,dorm_lounge,deep_study,mixed,2_4h,afternoon,1,0,0,0,0,1,1,0,1,1,0,outdoor,team_project,2,1_2h,afternoon,weekend,10.7,clear,outdoor,often,3,4,3,3,2,3,1,3,3,2,12,16,9,9,3,9,6,12,0.8,6.7,9,1,55.6
I1940,U194,convenience_oriented,P041,cafe_05,synthetic,train,4,4,3,3,3,5,3,3,4,3,dorm_lounge,deep_study,mixed,2_4h,afternoon,1,0,0,0,0,1,1,0,1,1,0,cafe,report_writing,solo,over_4h,afternoon,weekday,9.1,cold,indoor,sometimes,2,4,2,3,2,4,4,4,4,3,8,16,6,9,12,12,6,16,2.6,5.7,12,1,49.7
I1941,U195,quiet_deepwork,P109,outdoor_01,synthetic,train,4,3,5,4,3,3,4,4,4,5,library,deep_study,mostly_solo,over_4h,evening,1,1,1,1,0,0,1,0,0,1,1,outdoor,online_class,2,1_2h,late_night,weekday,17.4,clear,outdoor,first_time,2,5,3,3,2,3,1,1,3,3,8,15,15,12,3,12,8,12,3.3,6.5,3,0.5,46.9
I1942,U195,quiet_deepwork,P066,classroom_04,synthetic,train,4,3,5,4,3,3,4,4,4,5,library,deep_study,mostly_solo,over_4h,evening,1,1,1,1,0,0,1,0,0,1,1,classroom,report_writing,solo,2_4h,evening,weekday,13.0,cloudy,indoor,first_time,3,4,4,3,3,3,4,4,3,4,12,12,20,12,12,12,12,12,4.3,4.9,20,1,75.6
I1943,U195,quiet_deepwork,P062,home_08,synthetic,train,4,3,5,4,3,3,4,4,4,5,library,deep_study,mostly_solo,over_4h,evening,1,1,1,1,0,0,1,0,0,1,1,home,report_writing,solo,2_4h,evening,weekday,6.5,clear,indoor,sometimes,4,3,4,4,4,5,5,5,4,5,16,9,20,16,15,16,16,20,4.3,2.4,25,1,79.4
I1944,U195,quiet_deepwork,P005,library_05,synthetic,train,4,3,5,4,3,3,4,4,4,5,library,deep_study,mostly_solo,over_4h,evening,1,1,1,1,0,0,1,0,0,1,1,library,light_reading,solo,2_4h,afternoon,weekday,3.9,rainy,indoor,often,5,4,4,5,3,4,4,5,4,4,20,12,20,20,12,16,12,16,2.3,1.4,15,0.5,75.7
I1945,U195,quiet_deepwork,P093,coworking_space_09,synthetic,train,4,3,5,4,3,3,4,4,4,5,library,deep_study,mostly_solo,over_4h,evening,1,1,1,1,0,0,1,0,0,1,1,coworking_space,deep_study,solo,2_4h,evening,weekend,2.9,clear,indoor,often,3,4,2,3,4,4,4,3,4,3,12,12,10,12,12,16,16,16,5.0,1.1,15,1,68.3
I1946,U195,quiet_deepwork,P022,study_room_04,synthetic,train,4,3,5,4,3,3,4,4,4,5,library,deep_study,mostly_solo,over_4h,evening,1,1,1,1,0,0,1,0,0,1,1,study_room,report_writing,solo,over_4h,morning,weekday,11.3,cold,indoor,first_time,4,5,3,4,5,3,4,5,4,4,16,15,15,16,12,16,20,12,4.3,4.2,25,0,71.2
I1947,U195,quiet_deepwork,P012,library_12,synthetic,train,4,3,5,4,3,3,4,4,4,5,library,deep_study,mostly_solo,over_4h,evening,1,1,1,1,0,0,1,0,0,1,1,library,deep_study,solo,2_4h,morning,weekday,7.0,cloudy,indoor,often,5,4,4,4,3,3,3,4,5,4,20,12,20,16,9,20,12,12,5.0,2.6,20,0,77.8
I1948,U195,quiet_deepwork,P070,classroom_08,synthetic,train,4,3,5,4,3,3,4,4,4,5,library,deep_study,mostly_solo,over_4h,evening,1,1,1,1,0,0,1,0,0,1,1,classroom,coding,2,2_4h,morning,weekday,9.6,clear,indoor,sometimes,3,4,3,2,3,2,3,3,2,3,12,12,15,8,9,8,12,8,4.5,3.6,15,0,65.8
I1949,U195,quiet_deepwork,P023,study_room_05,synthetic,train,4,3,5,4,3,3,4,4,4,5,library,deep_study,mostly_solo,over_4h,evening,1,1,1,1,0,0,1,0,0,1,1,study_room,online_class,2,1_2h,evening,weekday,18.4,clear,indoor,sometimes,5,4,3,4,4,4,3,5,4,4,20,12,15,16,9,16,16,16,3.3,6.9,15,1,67.0
I1950,U195,quiet_deepwork,P010,library_10,synthetic,train,4,3,5,4,3,3,4,4,4,5,library,deep_study,mostly_solo,over_4h,evening,1,1,1,1,0,0,1,0,0,1,1,library,online_class,solo,1_2h,late_night,weekday,2.2,clear,indoor,sometimes,5,5,4,4,3,4,4,3,4,5,20,15,20,16,12,16,12,16,3.3,0.8,9,0.5,74.1
I1951,U196,convenience_oriented,P101,dorm_lounge_05,synthetic,train,3,4,2,3,5,5,3,4,4,3,dorm_lounge,online_class,mixed,2_4h,morning,0,0,0,0,1,1,0,1,1,1,0,dorm_lounge,report_writing,solo,2_4h,morning,weekday,11.5,hot,indoor,first_time,3,4,2,2,3,4,4,3,4,3,9,16,4,6,20,12,12,16,2.6,7.2,9,1,50.4
I1952,U196,convenience_oriented,P021,study_room_03,synthetic,train,3,4,2,3,5,5,3,4,4,3,dorm_lounge,online_class,mixed,2_4h,morning,0,0,0,0,1,1,0,1,1,1,0,study_room,light_reading,solo,under_1h,evening,weekend,13.9,cloudy,indoor,often,5,4,4,4,3,4,4,4,4,2,15,16,8,12,20,12,12,16,1.4,8.7,12,0,62.3
I1953,U196,convenience_oriented,P022,study_room_04,synthetic,train,3,4,2,3,5,5,3,4,4,3,dorm_lounge,online_class,mixed,2_4h,morning,0,0,0,0,1,1,0,1,1,1,0,study_room,report_writing,solo,1_2h,evening,weekend,14.4,clear,indoor,often,4,5,3,4,5,3,4,5,4,4,12,20,6,12,20,12,20,12,2.6,9.0,15,0,61.0
I1954,U196,convenience_oriented,P015,library_15,synthetic,train,3,4,2,3,5,5,3,4,4,3,dorm_lounge,online_class,mixed,2_4h,morning,0,0,0,0,1,1,0,1,1,1,0,library,online_class,solo,under_1h,morning,weekday,18.1,cloudy,indoor,often,4,4,4,5,2,4,3,3,4,4,12,16,8,15,15,12,8,16,2.0,11.3,9,1,61.1
I1955,U196,convenience_oriented,P112,outdoor_04,synthetic,train,3,4,2,3,5,5,3,4,4,3,dorm_lounge,online_class,mixed,2_4h,morning,0,0,0,0,1,1,0,1,1,1,0,outdoor,deep_study,solo,2_4h,evening,weekday,10.9,clear,outdoor,sometimes,3,4,3,3,2,3,1,2,3,2,9,16,6,9,5,9,8,12,3.0,6.8,6,0,44.8
I1956,U196,convenience_oriented,P065,classroom_03,synthetic,train,3,4,2,3,5,5,3,4,4,3,dorm_lounge,online_class,mixed,2_4h,morning,0,0,0,0,1,1,0,1,1,1,0,classroom,meeting,5_plus,1_2h,evening,weekday,5.8,cloudy,indoor,sometimes,4,4,3,3,3,3,4,4,3,3,12,16,6,9,20,9,12,12,0.6,3.6,12,0,62.9
I1957,U196,convenience_oriented,P085,coworking_space_01,synthetic,train,3,4,2,3,5,5,3,4,4,3,dorm_lounge,online_class,mixed,2_4h,morning,0,0,0,0,1,1,0,1,1,1,0,coworking_space,team_project,2,1_2h,morning,weekend,9.0,rainy,indoor,rarely,3,5,2,3,4,3,4,5,4,3,9,20,4,9,20,12,16,12,0.8,5.6,15,1,56.7
I1958,U196,convenience_oriented,P016,library_16,synthetic,train,3,4,2,3,5,5,3,4,4,3,dorm_lounge,online_class,mixed,2_4h,morning,0,0,0,0,1,1,0,1,1,1,0,library,online_class,solo,under_1h,evening,weekend,9.1,cloudy,indoor,sometimes,5,4,3,5,3,4,3,3,4,4,15,16,6,15,15,12,12,16,2.0,5.7,9,0,65.5
I1959,U196,convenience_oriented,P084,computer_lab_10,synthetic,train,3,4,2,3,5,5,3,4,4,3,dorm_lounge,online_class,mixed,2_4h,morning,0,0,0,0,1,1,0,1,1,1,0,computer_lab,deep_study,solo,2_4h,early_morning,weekday,7.5,rainy,indoor,often,4,4,3,4,3,3,4,4,3,2,12,16,6,12,20,9,12,12,3.0,4.7,12,0.5,70.3
I1960,U196,convenience_oriented,P061,home_07,synthetic,train,3,4,2,3,5,5,3,4,4,3,dorm_lounge,online_class,mixed,2_4h,morning,0,0,0,0,1,1,0,1,1,1,0,home,team_project,3_4,over_4h,afternoon,weekday,14.5,clear,indoor,rarely,4,4,4,4,4,4,4,3,4,5,12,16,8,12,20,12,16,16,0.8,9.1,9,0.5,53.9
I1961,U197,balanced,P046,cafe_10,synthetic,train,4,4,4,4,5,4,5,3,5,4,computer_lab,online_class,mostly_solo,2_4h,late_night,1,1,1,1,1,1,1,1,1,1,1,cafe,online_class,solo,1_2h,afternoon,weekend,14.6,clear,indoor,often,3,4,2,3,2,4,3,3,3,3,12,16,8,12,15,15,6,20,2.6,7.3,9,0,51.3
I1962,U197,balanced,P021,study_room_03,synthetic,train,4,4,4,4,5,4,5,3,5,4,computer_lab,online_class,mostly_solo,2_4h,late_night,1,1,1,1,1,1,1,1,1,1,1,study_room,team_project,5_plus,over_4h,morning,weekday,17.0,rainy,indoor,sometimes,5,4,4,4,3,4,4,5,4,2,20,16,16,16,20,20,9,20,1.0,8.5,15,0,74.8
I1963,U197,balanced,P027,study_room_09,synthetic,train,4,4,4,4,5,4,5,3,5,4,computer_lab,online_class,mostly_solo,2_4h,late_night,1,1,1,1,1,1,1,1,1,1,1,study_room,deep_study,solo,2_4h,early_morning,weekday,9.5,rainy,indoor,rarely,5,3,3,4,4,3,3,5,3,3,20,12,12,16,15,15,12,15,4.0,4.8,20,0,80.4
I1964,U197,balanced,P053,cafe_17,synthetic,train,4,4,4,4,5,4,5,3,5,4,computer_lab,online_class,mostly_solo,2_4h,late_night,1,1,1,1,1,1,1,1,1,1,1,cafe,light_reading,2,2_4h,late_night,weekday,14.5,clear,indoor,often,3,4,2,2,2,3,3,5,3,3,12,16,8,8,15,15,6,15,1.8,7.2,15,1,49.2
I1965,U197,balanced,P012,library_12,synthetic,train,4,4,4,4,5,4,5,3,5,4,computer_lab,online_class,mostly_solo,2_4h,late_night,1,1,1,1,1,1,1,1,1,1,1,library,team_project,5_plus,1_2h,evening,weekend,11.3,clear,indoor,rarely,5,4,4,4,3,3,3,2,5,4,20,16,16,16,15,25,9,15,1.0,5.6,6,0.5,73.8
I1966,U197,balanced,P052,cafe_16,synthetic,train,4,4,4,4,5,4,5,3,5,4,computer_lab,online_class,mostly_solo,2_4h,late_night,1,1,1,1,1,1,1,1,1,1,1,cafe,deep_study,solo,2_4h,evening,weekday,11.9,cloudy,indoor,often,3,5,3,2,2,3,3,2,4,3,12,20,12,8,15,20,6,15,4.0,6.0,8,0.5,51.2
I1967,U197,balanced,P038,cafe_02,synthetic,train,4,4,4,4,5,4,5,3,5,4,computer_lab,online_class,mostly_solo,2_4h,late_night,1,1,1,1,1,1,1,1,1,1,1,cafe,coding,solo,over_4h,evening,weekday,22.0,cloudy,indoor,rarely,2,4,3,2,2,4,3,4,3,3,8,16,12,8,15,15,6,20,3.6,11.0,16,0.5,64.1
I1968,U197,balanced,P017,library_17,synthetic,train,4,4,4,4,5,4,5,3,5,4,computer_lab,online_class,mostly_solo,2_4h,late_night,1,1,1,1,1,1,1,1,1,1,1,library,online_class,solo,1_2h,late_night,weekday,7.3,rainy,indoor,first_time,5,4,4,5,3,3,4,4,5,4,20,16,16,20,20,25,9,15,2.6,3.7,12,1,69.4
I1969,U197,balanced,P033,study_room_15,synthetic,train,4,4,4,4,5,4,5,3,5,4,computer_lab,online_class,mostly_solo,2_4h,late_night,1,1,1,1,1,1,1,1,1,1,1,study_room,deep_study,solo,2_4h,late_night,weekday,1.0,cloudy,indoor,rarely,5,3,4,3,4,4,4,5,5,4,20,12,16,12,20,25,12,20,4.0,0.5,20,1,74.1
I1970,U197,balanced,P004,library_04,synthetic,train,4,4,4,4,5,4,5,3,5,4,computer_lab,online_class,mostly_solo,2_4h,late_night,1,1,1,1,1,1,1,1,1,1,1,library,report_writing,solo,1_2h,evening,weekday,5.7,cloudy,indoor,often,5,3,3,4,2,4,4,5,3,4,20,12,12,16,20,15,6,20,3.4,2.8,20,0.5,82.1
I1971,U198,social_collaborative,P049,cafe_13,synthetic,valid,3,3,3,3,3,3,4,3,5,3,outdoor,coding,mostly_group,1_2h,afternoon,0,0,0,1,0,0,0,0,0,1,0,cafe,online_class,3_4,1_2h,afternoon,weekday,8.7,hot,indoor,sometimes,3,4,2,3,3,3,2,3,4,2,9,12,6,9,6,16,9,15,2.0,3.3,9,1,50.4
I1972,U198,social_collaborative,P038,cafe_02,synthetic,valid,3,3,3,3,3,3,4,3,5,3,outdoor,coding,mostly_group,1_2h,afternoon,0,0,0,1,0,0,0,0,0,1,0,cafe,team_project,2,1_2h,morning,weekday,22.1,cloudy,indoor,sometimes,2,4,3,2,2,4,3,4,3,3,6,12,9,6,9,12,6,20,0.8,8.3,12,0.5,45.6
I1973,U198,social_collaborative,P008,library_08,synthetic,valid,3,3,3,3,3,3,4,3,5,3,outdoor,coding,mostly_group,1_2h,afternoon,0,0,0,1,0,0,0,0,0,1,0,library,deep_study,solo,over_4h,evening,weekday,14.0,rainy,indoor,sometimes,5,5,4,4,2,3,4,5,4,4,15,15,12,12,12,16,6,15,3.0,5.3,15,0.5,67.0
I1974,U198,social_collaborative,P031,study_room_13,synthetic,valid,3,3,3,3,3,3,4,3,5,3,outdoor,coding,mostly_group,1_2h,afternoon,0,0,0,1,0,0,0,0,0,1,0,study_room,coding,solo,2_4h,early_morning,weekend,1.0,clear,indoor,often,5,4,4,4,4,4,4,5,5,4,15,12,12,12,12,20,12,20,2.7,0.4,15,0,73.5
I1975,U198,social_collaborative,P002,library_02,synthetic,valid,3,3,3,3,3,3,4,3,5,3,outdoor,coding,mostly_group,1_2h,afternoon,0,0,0,1,0,0,0,0,0,1,0,library,deep_study,solo,2_4h,evening,weekday,11.6,clear,indoor,sometimes,5,5,4,4,2,3,4,5,4,4,15,15,12,12,12,16,6,15,3.0,4.3,15,0.5,67.0
I1976,U198,social_collaborative,P035,study_room_17,synthetic,valid,3,3,3,3,3,3,4,3,5,3,outdoor,coding,mostly_group,1_2h,afternoon,0,0,0,1,0,0,0,0,0,1,0,study_room,online_class,solo,1_2h,afternoon,weekday,1.9,cloudy,indoor,rarely,4,4,4,4,3,4,5,4,4,3,12,12,12,12,15,16,9,20,2.0,0.7,12,1,68.4
I1977,U198,social_collaborative,P056,home_02,synthetic,valid,3,3,3,3,3,3,4,3,5,3,outdoor,coding,mostly_group,1_2h,afternoon,0,0,0,1,0,0,0,0,0,1,0,home,light_reading,3_4,1_2h,early_morning,weekend,13.3,cold,indoor,sometimes,4,3,5,4,5,4,5,5,5,5,12,9,15,12,15,20,15,20,1.4,5.0,15,0,78.5
I1978,U198,social_collaborative,P091,coworking_space_07,synthetic,valid,3,3,3,3,3,3,4,3,5,3,outdoor,coding,mostly_group,1_2h,afternoon,0,0,0,1,0,0,0,0,0,1,0,coworking_space,light_reading,solo,1_2h,afternoon,weekday,19.2,clear,indoor,often,4,4,4,3,4,5,4,4,3,4,12,12,12,9,12,12,12,25,1.4,7.2,12,1,60.3
I1979,U198,social_collaborative,P033,study_room_15,synthetic,valid,3,3,3,3,3,3,4,3,5,3,outdoor,coding,mostly_group,1_2h,afternoon,0,0,0,1,0,0,0,0,0,1,0,study_room,team_project,3_4,1_2h,evening,weekday,1.0,clear,indoor,sometimes,5,3,4,3,4,4,4,4,5,4,15,9,12,9,12,20,12,20,0.8,0.4,12,0.5,78.1
I1980,U198,social_collaborative,P092,coworking_space_08,synthetic,valid,3,3,3,3,3,3,4,3,5,3,outdoor,coding,mostly_group,1_2h,afternoon,0,0,0,1,0,0,0,0,0,1,0,coworking_space,team_project,2,2_4h,evening,weekend,7.3,clear,indoor,sometimes,2,4,3,4,3,4,4,5,4,3,6,12,9,12,12,16,9,20,0.8,2.7,15,0.5,64.3
I1981,U199,balanced,P004,library_04,synthetic,train,4,4,4,3,5,4,4,4,5,4,study_room,team_project,mostly_solo,1_2h,late_night,1,1,0,1,1,1,1,1,1,1,0,library,online_class,solo,1_2h,evening,weekday,3.4,clear,indoor,often,5,3,3,4,2,4,4,3,3,4,20,12,12,12,20,12,8,20,2.6,1.7,9,0.5,60.4
I1982,U199,balanced,P073,classroom_11,synthetic,train,4,4,4,3,5,4,4,4,5,4,study_room,team_project,mostly_solo,1_2h,late_night,1,1,0,1,1,1,1,1,1,1,0,classroom,deep_study,solo,over_4h,late_night,weekday,15.9,rainy,indoor,often,4,5,3,3,4,3,3,3,3,4,16,20,12,9,15,12,16,15,4.0,8.0,12,1,71.1
I1983,U199,balanced,P012,library_12,synthetic,train,4,4,4,3,5,4,4,4,5,4,study_room,team_project,mostly_solo,1_2h,late_night,1,1,0,1,1,1,1,1,1,1,0,library,deep_study,solo,1_2h,late_night,weekday,8.5,clear,indoor,rarely,5,4,4,4,3,3,3,4,5,4,20,16,16,12,15,20,12,15,4.0,4.2,16,1,69.1
I1984,U199,balanced,P084,computer_lab_10,synthetic,train,4,4,4,3,5,4,4,4,5,4,study_room,team_project,mostly_solo,1_2h,late_night,1,1,0,1,1,1,1,1,1,1,0,computer_lab,online_class,solo,under_1h,evening,weekday,8.6,rainy,indoor,sometimes,4,4,3,4,3,3,4,4,3,2,16,16,12,12,20,12,12,15,2.6,4.3,12,0.5,65.1
I1985,U199,balanced,P072,classroom_10,synthetic,train,4,4,4,3,5,4,4,4,5,4,study_room,team_project,mostly_solo,1_2h,late_night,1,1,0,1,1,1,1,1,1,1,0,classroom,online_class,2,2_4h,late_night,weekday,16.4,hot,indoor,rarely,3,3,4,3,3,3,4,3,3,3,12,12,16,9,20,12,12,15,2.6,8.2,9,1,65.0
I1986,U199,balanced,P048,cafe_12,synthetic,train,4,4,4,3,5,4,4,4,5,4,study_room,team_project,mostly_solo,1_2h,late_night,1,1,0,1,1,1,1,1,1,1,0,cafe,online_class,solo,under_1h,late_night,weekend,5.3,rainy,indoor,often,2,5,2,3,1,4,3,2,3,3,8,20,8,9,15,12,4,20,2.6,2.6,6,1,62.7
I1987,U199,balanced,P110,outdoor_02,synthetic,train,4,4,4,3,5,4,4,4,5,4,study_room,team_project,mostly_solo,1_2h,late_night,1,1,0,1,1,1,1,1,1,1,0,outdoor,report_writing,2,1_2h,evening,weekend,10.0,cloudy,outdoor,often,3,4,3,3,2,3,2,2,2,3,12,16,12,9,10,8,8,15,3.4,5.0,8,0.5,53.0
I1988,U199,balanced,P079,computer_lab_05,synthetic,train,4,4,4,3,5,4,4,4,5,4,study_room,team_project,mostly_solo,1_2h,late_night,1,1,0,1,1,1,1,1,1,1,0,computer_lab,team_project,3_4,1_2h,evening,weekday,4.6,clear,indoor,rarely,4,4,3,3,3,4,5,4,4,3,16,16,12,9,25,16,12,20,1.0,2.3,12,0.5,75.2
I1989,U199,balanced,P018,library_18,synthetic,train,4,4,4,3,5,4,4,4,5,4,study_room,team_project,mostly_solo,1_2h,late_night,1,1,0,1,1,1,1,1,1,1,0,library,report_writing,solo,2_4h,late_night,weekday,8.4,rainy,indoor,often,5,4,3,4,3,3,4,4,4,3,20,16,12,12,20,16,12,15,3.4,4.2,16,1,73.7
I1990,U199,balanced,P084,computer_lab_10,synthetic,train,4,4,4,3,5,4,4,4,5,4,study_room,team_project,mostly_solo,1_2h,late_night,1,1,0,1,1,1,1,1,1,1,0,computer_lab,coding,solo,2_4h,evening,weekday,12.5,clear,indoor,sometimes,4,4,3,4,3,3,4,5,3,2,16,16,12,12,20,12,12,15,3.6,6.3,20,0.5,76.8
I1991,U200,comfort_oriented,P048,cafe_12,synthetic,train,4,4,4,5,4,4,5,5,5,4,home,team_project,mostly_solo,2_4h,evening,1,1,1,1,1,1,1,1,1,1,1,cafe,deep_study,solo,2_4h,evening,weekday,5.8,clear,indoor,sometimes,2,5,2,3,1,4,3,2,3,3,8,20,8,15,12,15,5,20,4.0,2.9,8,1,61.6
I1992,U200,comfort_oriented,P054,cafe_18,synthetic,train,4,4,4,5,4,4,5,5,5,4,home,team_project,mostly_solo,2_4h,evening,1,1,1,1,1,1,1,1,1,1,1,cafe,team_project,2,1_2h,evening,weekday,15.3,cloudy,indoor,rarely,3,5,2,3,2,3,3,4,4,3,12,20,8,15,12,20,10,15,1.0,7.7,12,1,58.2
I1993,U200,comfort_oriented,P006,library_06,synthetic,train,4,4,4,5,4,4,5,5,5,4,home,team_project,mostly_solo,2_4h,evening,1,1,1,1,1,1,1,1,1,1,1,library,coding,solo,1_2h,afternoon,weekday,11.0,clear,indoor,sometimes,4,4,4,5,2,3,4,4,5,4,16,16,16,25,16,25,10,15,3.6,5.5,16,0.5,80.2
I1994,U200,comfort_oriented,P059,home_05,synthetic,train,4,4,4,5,4,4,5,5,5,4,home,team_project,mostly_solo,2_4h,evening,1,1,1,1,1,1,1,1,1,1,1,home,light_reading,solo,2_4h,evening,weekday,14.3,clear,indoor,often,4,5,5,4,5,4,4,4,5,5,16,20,20,20,16,25,25,20,1.8,7.2,12,1,72.9
I1995,U200,comfort_oriented,P036,study_room_18,synthetic,train,4,4,4,5,4,4,5,5,5,4,home,team_project,mostly_solo,2_4h,evening,1,1,1,1,1,1,1,1,1,1,1,study_room,deep_study,solo,over_4h,evening,weekday,18.5,clear,indoor,sometimes,5,4,4,4,4,4,5,4,4,4,20,16,16,20,20,20,20,20,4.0,9.2,16,1,76.9
I1996,U200,comfort_oriented,P096,coworking_space_12,synthetic,train,4,4,4,5,4,4,5,5,5,4,home,team_project,mostly_solo,2_4h,evening,1,1,1,1,1,1,1,1,1,1,1,coworking_space,report_writing,solo,1_2h,evening,weekend,8.7,clear,indoor,sometimes,3,3,4,3,3,5,5,4,4,3,12,12,16,15,20,20,15,25,3.4,4.3,16,1,71.3
I1997,U200,comfort_oriented,P099,dorm_lounge_03,synthetic,train,4,4,4,5,4,4,5,5,5,4,home,team_project,mostly_solo,2_4h,evening,1,1,1,1,1,1,1,1,1,1,1,dorm_lounge,light_reading,solo,2_4h,morning,weekend,6.2,cloudy,indoor,often,4,4,3,3,3,3,4,4,3,3,16,16,12,15,16,15,15,15,1.8,3.1,12,0,69.0
I1998,U200,comfort_oriented,P041,cafe_05,synthetic,train,4,4,4,5,4,4,5,5,5,4,home,team_project,mostly_solo,2_4h,evening,1,1,1,1,1,1,1,1,1,1,1,cafe,light_reading,solo,2_4h,evening,weekday,8.6,cloudy,indoor,often,2,4,2,3,2,4,4,4,4,3,8,16,8,15,16,20,10,20,1.8,4.3,12,1,68.2
I1999,U200,comfort_oriented,P028,study_room_10,synthetic,train,4,4,4,5,4,4,5,5,5,4,home,team_project,mostly_solo,2_4h,evening,1,1,1,1,1,1,1,1,1,1,1,study_room,light_reading,solo,1_2h,afternoon,weekday,15.9,cloudy,indoor,rarely,4,4,3,3,4,4,5,4,4,3,16,16,12,15,20,20,20,20,1.8,7.9,12,0.5,63.6
I2000,U200,comfort_oriented,P016,library_16,synthetic,train,4,4,4,5,4,4,5,5,5,4,home,team_project,mostly_solo,2_4h,evening,1,1,1,1,1,1,1,1,1,1,1,library,coding,solo,over_4h,afternoon,weekday,12.6,cloudy,indoor,first_time,5,4,3,5,3,4,3,4,4,4,20,16,12,25,12,20,15,20,3.6,6.3,16,0.5,69.7
I2001,U201,social_collaborative,P063,classroom_01,synthetic,train,3,3,3,3,3,3,5,3,5,2,outdoor,light_reading,mostly_group,1_2h,morning,0,0,0,1,0,0,0,0,0,1,0,classroom,deep_study,solo,over_4h,evening,weekday,18.7,cloudy,indoor,sometimes,3,4,3,3,2,3,3,4,3,3,9,12,9,9,9,15,6,15,2.0,7.0,8,0,52.1
I2002,U201,social_collaborative,P085,coworking_space_01,synthetic,train,3,3,3,3,3,3,5,3,5,2,outdoor,light_reading,mostly_group,1_2h,morning,0,0,0,1,0,0,0,0,0,1,0,coworking_space,online_class,solo,2_4h,late_night,weekday,9.3,clear,indoor,sometimes,3,5,2,3,4,3,4,4,4,3,9,15,6,9,12,20,12,15,1.3,3.5,12,0,63.5
I2003,U201,social_collaborative,P014,library_14,synthetic,train,3,3,3,3,3,3,5,3,5,2,outdoor,light_reading,mostly_group,1_2h,morning,0,0,0,1,0,0,0,0,0,1,0,library,report_writing,3_4,under_1h,morning,weekday,11.4,hot,indoor,sometimes,5,4,5,4,3,4,4,5,4,4,15,12,15,12,12,20,9,20,1.7,4.3,10,1,63.6
I2004,U201,social_collaborative,P101,dorm_lounge_05,synthetic,train,3,3,3,3,3,3,5,3,5,2,outdoor,light_reading,mostly_group,1_2h,morning,0,0,0,1,0,0,0,0,0,1,0,dorm_lounge,meeting,3_4,1_2h,afternoon,weekday,4.3,clear,indoor,first_time,3,4,2,2,3,4,4,4,4,3,9,12,6,6,12,20,9,20,0.4,1.6,12,0.5,60.5
I2005,U201,social_collaborative,P020,study_room_02,synthetic,train,3,3,3,3,3,3,5,3,5,2,outdoor,light_reading,mostly_group,1_2h,morning,0,0,0,1,0,0,0,0,0,1,0,study_room,team_project,3_4,2_4h,morning,weekday,5.2,clear,indoor,often,4,4,4,5,3,4,4,5,4,4,12,12,12,15,12,20,9,20,0.5,1.9,15,1,78.6
I2006,U201,social_collaborative,P002,library_02,synthetic,train,3,3,3,3,3,3,5,3,5,2,outdoor,light_reading,mostly_group,1_2h,morning,0,0,0,1,0,0,0,0,0,1,0,library,coding,solo,2_4h,morning,weekend,4.1,clear,indoor,sometimes,5,5,4,4,2,3,4,3,4,4,15,15,12,12,12,20,6,15,1.8,1.5,6,1,73.3
I2007,U201,social_collaborative,P023,study_room_05,synthetic,train,3,3,3,3,3,3,5,3,5,2,outdoor,light_reading,mostly_group,1_2h,morning,0,0,0,1,0,0,0,0,0,1,0,study_room,meeting,5_plus,2_4h,afternoon,weekday,15.9,cloudy,indoor,sometimes,5,4,3,4,4,4,3,4,4,4,15,12,9,12,9,20,12,20,0.4,6.0,12,0.5,60.4
I2008,U201,social_collaborative,P054,cafe_18,synthetic,train,3,3,3,3,3,3,5,3,5,2,outdoor,light_reading,mostly_group,1_2h,morning,0,0,0,1,0,0,0,0,0,1,0,cafe,team_project,5_plus,1_2h,morning,weekday,9.4,rainy,indoor,rarely,3,5,2,3,2,3,3,5,4,3,9,15,6,9,9,20,6,15,0.5,3.5,15,1,62.7
I2009,U201,social_collaborative,P032,study_room_14,synthetic,train,3,3,3,3,3,3,5,3,5,2,outdoor,light_reading,mostly_group,1_2h,morning,0,0,0,1,0,0,0,0,0,1,0,study_room,deep_study,solo,1_2h,evening,weekend,17.3,clear,indoor,often,4,4,4,4,4,3,4,5,4,4,12,12,12,12,12,20,12,15,2.0,6.5,10,0,54.1
I2010,U201,social_collaborative,P040,cafe_04,synthetic,train,3,3,3,3,3,3,5,3,5,2,outdoor,light_reading,mostly_group,1_2h,morning,0,0,0,1,0,0,0,0,0,1,0,cafe,team_project,2,1_2h,morning,weekday,7.8,clear,indoor,sometimes,3,4,2,3,3,4,3,4,4,3,9,12,6,9,9,20,9,20,0.5,2.9,12,1,61.9
I2011,U202,social_collaborative,P028,study_room_10,synthetic,test,4,4,2,3,3,3,3,3,5,3,coworking_space,coding,mostly_group,under_1h,morning,1,0,0,0,0,0,1,0,0,1,0,study_room,meeting,2,1_2h,morning,weekday,11.9,hot,indoor,rarely,4,4,3,3,4,4,5,4,4,3,16,16,6,9,15,12,12,20,0.6,4.5,12,1,74.9
I2012,U202,social_collaborative,P084,computer_lab_10,synthetic,test,4,4,2,3,3,3,3,3,5,3,coworking_space,coding,mostly_group,under_1h,morning,1,0,0,0,0,0,1,0,0,1,0,computer_lab,meeting,2,1_2h,morning,weekday,14.1,hot,indoor,sometimes,4,4,3,4,3,3,4,3,3,2,16,16,6,12,12,9,9,15,0.6,5.3,9,1,57.2
I2013,U202,social_collaborative,P013,library_13,synthetic,test,4,4,2,3,3,3,3,3,5,3,coworking_space,coding,mostly_group,under_1h,morning,1,0,0,0,0,0,1,0,0,1,0,library,team_project,2,1_2h,afternoon,weekday,3.7,cloudy,indoor,often,5,4,4,4,3,3,5,2,4,4,20,16,8,12,15,12,9,15,0.8,1.4,6,0.5,62.6
I2014,U202,social_collaborative,P034,study_room_16,synthetic,test,4,4,2,3,3,3,3,3,5,3,coworking_space,coding,mostly_group,under_1h,morning,1,0,0,0,0,0,1,0,0,1,0,study_room,team_project,5_plus,1_2h,evening,weekday,10.2,hot,indoor,often,4,4,4,4,4,3,4,5,5,3,16,16,8,12,12,15,12,15,0.8,3.8,15,0,71.0
I2015,U202,social_collaborative,P105,dorm_lounge_09,synthetic,test,4,4,2,3,3,3,3,3,5,3,coworking_space,coding,mostly_group,under_1h,morning,1,0,0,0,0,0,1,0,0,1,0,dorm_lounge,team_project,5_plus,2_4h,morning,weekday,14.8,cold,indoor,often,3,3,3,2,3,3,4,5,4,3,12,12,6,6,12,12,9,15,0.8,5.6,15,1,61.5
I2016,U202,social_collaborative,P099,dorm_lounge_03,synthetic,test,4,4,2,3,3,3,3,3,5,3,coworking_space,coding,mostly_group,under_1h,morning,1,0,0,0,0,0,1,0,0,1,0,dorm_lounge,coding,2,2_4h,morning,weekday,9.0,hot,indoor,first_time,4,4,3,3,3,3,4,3,3,3,16,16,6,9,12,9,9,15,2.7,3.4,9,1,54.7
I2017,U202,social_collaborative,P118,outdoor_10,synthetic,test,4,4,2,3,3,3,3,3,5,3,coworking_space,coding,mostly_group,under_1h,morning,1,0,0,0,0,0,1,0,0,1,0,outdoor,team_project,3_4,1_2h,afternoon,weekend,11.2,clear,outdoor,often,3,5,3,3,3,3,2,3,3,3,12,20,6,9,6,9,9,15,0.8,4.2,9,0.5,63.2
I2018,U202,social_collaborative,P089,coworking_space_05,synthetic,test,4,4,2,3,3,3,3,3,5,3,coworking_space,coding,mostly_group,under_1h,morning,1,0,0,0,0,0,1,0,0,1,0,coworking_space,meeting,2,1_2h,evening,weekend,22.0,clear,indoor,often,3,5,4,3,4,4,5,4,4,3,12,20,8,9,15,12,12,20,0.6,8.2,12,0,56.4
I2019,U202,social_collaborative,P065,classroom_03,synthetic,test,4,4,2,3,3,3,3,3,5,3,coworking_space,coding,mostly_group,under_1h,morning,1,0,0,0,0,0,1,0,0,1,0,classroom,coding,solo,over_4h,morning,weekend,8.9,clear,indoor,rarely,4,4,3,3,3,3,4,4,3,3,16,16,6,9,12,9,9,15,2.7,3.3,12,1,65.9
I2020,U202,social_collaborative,P025,study_room_07,synthetic,test,4,4,2,3,3,3,3,3,5,3,coworking_space,coding,mostly_group,under_1h,morning,1,0,0,0,0,0,1,0,0,1,0,study_room,online_class,solo,2_4h,afternoon,weekday,6.6,clear,indoor,rarely,4,4,3,4,4,4,4,4,4,3,16,16,6,12,12,12,12,20,2.0,2.5,12,0.5,73.1
I2021,U203,social_collaborative,P023,study_room_05,synthetic,valid,3,5,3,3,4,4,3,3,4,3,dorm_lounge,meeting,mostly_group,over_4h,morning,0,0,0,0,1,1,0,1,1,1,0,study_room,team_project,5_plus,1_2h,afternoon,weekday,19.3,hot,indoor,often,5,4,3,4,4,4,3,4,4,4,15,20,9,12,12,12,12,16,0.8,9.7,12,0.5,59.0
I2022,U203,social_collaborative,P114,outdoor_06,synthetic,valid,3,5,3,3,4,4,3,3,4,3,dorm_lounge,meeting,mostly_group,over_4h,morning,0,0,0,0,1,1,0,1,1,1,0,outdoor,deep_study,2,2_4h,afternoon,weekday,12.2,clear,outdoor,sometimes,3,4,3,3,2,2,1,2,3,3,9,20,9,9,4,9,6,8,3.0,6.1,6,0.5,35.6
I2023,U203,social_collaborative,P067,classroom_05,synthetic,valid,3,5,3,3,4,4,3,3,4,3,dorm_lounge,meeting,mostly_group,over_4h,morning,0,0,0,0,1,1,0,1,1,1,0,classroom,coding,3_4,2_4h,evening,weekend,7.2,cloudy,indoor,sometimes,3,4,3,3,3,2,3,3,3,3,9,20,9,9,12,9,9,8,2.7,3.6,9,0,48.0
I2024,U203,social_collaborative,P094,coworking_space_10,synthetic,valid,3,5,3,3,4,4,3,3,4,3,dorm_lounge,meeting,mostly_group,over_4h,morning,0,0,0,0,1,1,0,1,1,1,0,coworking_space,team_project,3_4,1_2h,evening,weekday,4.7,rainy,indoor,first_time,3,5,3,4,3,4,3,4,4,4,9,25,9,12,12,12,9,16,0.8,2.3,12,0,58.1
I2025,U203,social_collaborative,P055,home_01,synthetic,valid,3,5,3,3,4,4,3,3,4,3,dorm_lounge,meeting,mostly_group,over_4h,morning,0,0,0,0,1,1,0,1,1,1,0,home,team_project,3_4,under_1h,afternoon,weekday,11.5,clear,indoor,rarely,4,3,5,4,4,5,5,3,4,5,12,15,15,12,20,12,12,20,0.8,5.7,9,0.5,61.4
I2026,U203,social_collaborative,P094,coworking_space_10,synthetic,valid,3,5,3,3,4,4,3,3,4,3,dorm_lounge,meeting,mostly_group,over_4h,morning,0,0,0,0,1,1,0,1,1,1,0,coworking_space,meeting,3_4,under_1h,late_night,weekend,12.8,clear,indoor,sometimes,3,5,3,4,3,4,3,5,4,4,9,25,9,12,12,12,9,16,0.6,6.4,15,0,72.1
I2027,U203,social_collaborative,P029,study_room_11,synthetic,valid,3,5,3,3,4,4,3,3,4,3,dorm_lounge,meeting,mostly_group,over_4h,morning,0,0,0,0,1,1,0,1,1,1,0,study_room,team_project,3_4,1_2h,early_morning,weekday,10.1,rainy,indoor,often,4,4,3,4,2,4,4,5,4,3,12,20,9,12,16,12,6,16,0.8,5.1,15,0.5,64.0
I2028,U203,social_collaborative,P088,coworking_space_04,synthetic,valid,3,5,3,3,4,4,3,3,4,3,dorm_lounge,meeting,mostly_group,over_4h,morning,0,0,0,0,1,1,0,1,1,1,0,coworking_space,report_writing,solo,2_4h,afternoon,weekday,17.7,rainy,indoor,rarely,3,4,3,3,4,4,4,4,5,4,9,20,9,9,16,15,12,16,2.6,8.9,12,0.5,65.6
I2029,U203,social_collaborative,P101,dorm_lounge_05,synthetic,valid,3,5,3,3,4,4,3,3,4,3,dorm_lounge,meeting,mostly_group,over_4h,morning,0,0,0,0,1,1,0,1,1,1,0,dorm_lounge,online_class,solo,under_1h,morning,weekend,2.3,clear,indoor,sometimes,3,4,2,2,3,4,4,4,4,3,9,20,6,6,16,12,9,16,2.0,1.2,12,1,66.2
I2030,U203,social_collaborative,P024,study_room_06,synthetic,valid,3,5,3,3,4,4,3,3,4,3,dorm_lounge,meeting,mostly_group,over_4h,morning,0,0,0,0,1,1,0,1,1,1,0,study_room,meeting,5_plus,1_2h,afternoon,weekday,1.4,rainy,indoor,rarely,4,4,3,4,3,4,4,4,4,3,12,20,9,12,16,12,9,16,0.6,0.7,12,0.5,70.2
I2031,U204,quiet_deepwork,P003,library_03,synthetic,train,5,5,5,5,4,4,4,4,5,5,library,online_class,mostly_solo,1_2h,afternoon,1,1,1,1,1,1,1,1,1,1,1,library,deep_study,2,2_4h,afternoon,weekend,5.7,hot,indoor,sometimes,5,3,4,5,3,3,4,4,4,4,25,15,20,25,16,16,12,15,5.0,2.8,20,1,69.5
I2032,U204,quiet_deepwork,P020,study_room_02,synthetic,train,5,5,5,5,4,4,4,4,5,5,library,online_class,mostly_solo,1_2h,afternoon,1,1,1,1,1,1,1,1,1,1,1,study_room,light_reading,3_4,2_4h,afternoon,weekday,8.4,rainy,indoor,often,4,4,4,5,3,4,4,4,4,4,20,20,20,25,16,16,12,20,2.3,4.2,12,1,76.6
I2033,U204,quiet_deepwork,P064,classroom_02,synthetic,train,5,5,5,5,4,4,4,4,5,5,library,online_class,mostly_solo,1_2h,afternoon,1,1,1,1,1,1,1,1,1,1,1,classroom,coding,solo,2_4h,morning,weekday,8.4,cloudy,indoor,first_time,4,4,3,3,3,3,3,5,3,3,20,20,15,15,12,12,12,15,4.5,4.2,25,0.5,75.8
I2034,U204,quiet_deepwork,P092,coworking_space_08,synthetic,train,5,5,5,5,4,4,4,4,5,5,library,online_class,mostly_solo,1_2h,afternoon,1,1,1,1,1,1,1,1,1,1,1,coworking_space,light_reading,2,2_4h,afternoon,weekday,9.4,cold,indoor,sometimes,2,4,3,4,3,4,4,3,4,3,10,20,15,20,16,16,12,20,2.3,4.7,9,1,74.1
I2035,U204,quiet_deepwork,P059,home_05,synthetic,train,5,5,5,5,4,4,4,4,5,5,library,online_class,mostly_solo,1_2h,afternoon,1,1,1,1,1,1,1,1,1,1,1,home,deep_study,solo,1_2h,evening,weekday,11.0,cloudy,indoor,rarely,4,5,5,4,5,4,4,4,5,5,20,25,25,20,16,20,20,20,5.0,5.5,20,0.5,91.6
I2036,U204,quiet_deepwork,P012,library_12,synthetic,train,5,5,5,5,4,4,4,4,5,5,library,online_class,mostly_solo,1_2h,afternoon,1,1,1,1,1,1,1,1,1,1,1,library,report_writing,solo,over_4h,evening,weekday,6.8,clear,indoor,sometimes,5,4,4,4,3,3,3,5,5,4,25,20,20,20,12,20,12,15,4.3,3.4,25,0.5,87.5
I2037,U204,quiet_deepwork,P004,library_04,synthetic,train,5,5,5,5,4,4,4,4,5,5,library,online_class,mostly_solo,1_2h,afternoon,1,1,1,1,1,1,1,1,1,1,1,library,online_class,2,2_4h,afternoon,weekday,1.0,rainy,indoor,often,5,3,3,4,2,4,4,4,3,4,25,15,15,20,16,12,8,20,3.3,0.5,12,1,75.2
I2038,U204,quiet_deepwork,P016,library_16,synthetic,train,5,5,5,5,4,4,4,4,5,5,library,online_class,mostly_solo,1_2h,afternoon,1,1,1,1,1,1,1,1,1,1,1,library,online_class,solo,1_2h,afternoon,weekday,13.5,cloudy,indoor,often,5,4,3,5,3,4,3,4,4,4,25,20,15,25,12,16,12,20,3.3,6.8,12,1,83.0
I2039,U204,quiet_deepwork,P029,study_room_11,synthetic,train,5,5,5,5,4,4,4,4,5,5,library,online_class,mostly_solo,1_2h,afternoon,1,1,1,1,1,1,1,1,1,1,1,study_room,coding,solo,2_4h,afternoon,weekday,12.3,clear,indoor,often,4,4,3,4,2,4,4,5,4,3,20,20,15,20,16,16,8,20,4.5,6.1,25,1,68.7
I2040,U204,quiet_deepwork,P005,library_05,synthetic,train,5,5,5,5,4,4,4,4,5,5,library,online_class,mostly_solo,1_2h,afternoon,1,1,1,1,1,1,1,1,1,1,1,library,coding,solo,2_4h,morning,weekend,1.0,clear,indoor,often,5,4,4,5,3,4,4,5,4,4,25,20,20,25,16,16,12,20,4.5,0.5,25,0.5,94.2
I2041,U205,balanced,P004,library_04,synthetic,valid,4,3,4,3,4,4,3,3,4,4,computer_lab,deep_study,mostly_solo,2_4h,afternoon,1,1,0,0,1,1,1,1,1,1,0,library,meeting,3_4,1_2h,afternoon,weekend,1.0,rainy,indoor,first_time,5,3,3,4,2,4,4,2,3,4,20,9,12,12,16,9,6,16,0.8,0.5,6,1,75.9
I2042,U205,balanced,P027,study_room_09,synthetic,valid,4,3,4,3,4,4,3,3,4,4,computer_lab,deep_study,mostly_solo,2_4h,afternoon,1,1,0,0,1,1,1,1,1,1,0,study_room,report_writing,solo,1_2h,evening,weekday,9.6,clear,indoor,sometimes,5,3,3,4,4,3,3,5,3,3,20,9,12,12,12,9,12,12,3.4,4.8,20,0.5,77.4
I2043,U205,balanced,P056,home_02,synthetic,valid,4,3,4,3,4,4,3,3,4,4,computer_lab,deep_study,mostly_solo,2_4h,afternoon,1,1,0,0,1,1,1,1,1,1,0,home,report_writing,solo,2_4h,afternoon,weekday,12.0,cloudy,indoor,sometimes,4,3,5,4,5,4,5,4,5,5,16,9,20,12,20,15,15,16,3.4,6.0,16,1,64.3
I2044,U205,balanced,P083,computer_lab_09,synthetic,valid,4,3,4,3,4,4,3,3,4,4,computer_lab,deep_study,mostly_solo,2_4h,afternoon,1,1,0,0,1,1,1,1,1,1,0,computer_lab,report_writing,solo,over_4h,afternoon,weekend,1.1,hot,indoor,rarely,4,4,3,3,4,3,5,4,4,3,16,12,12,9,20,12,12,12,3.4,0.6,16,1,56.8
I2045,U205,balanced,P013,library_13,synthetic,valid,4,3,4,3,4,4,3,3,4,4,computer_lab,deep_study,mostly_solo,2_4h,afternoon,1,1,0,0,1,1,1,1,1,1,0,library,coding,solo,1_2h,afternoon,weekend,10.0,clear,indoor,sometimes,5,4,4,4,3,3,5,4,4,4,20,12,16,12,20,12,9,12,3.6,5.0,16,1,66.4
I2046,U205,balanced,P011,library_11,synthetic,valid,4,3,4,3,4,4,3,3,4,4,computer_lab,deep_study,mostly_solo,2_4h,afternoon,1,1,0,0,1,1,1,1,1,1,0,library,report_writing,solo,2_4h,evening,weekend,10.8,cold,indoor,sometimes,5,4,4,4,2,4,4,5,4,3,20,12,16,12,16,12,6,16,3.4,5.4,20,0.5,64.1
I2047,U205,balanced,P081,computer_lab_07,synthetic,valid,4,3,4,3,4,4,3,3,4,4,computer_lab,deep_study,mostly_solo,2_4h,afternoon,1,1,0,0,1,1,1,1,1,1,0,computer_lab,online_class,solo,1_2h,afternoon,weekday,1.3,hot,indoor,often,4,4,2,3,3,3,4,4,4,3,16,12,8,9,16,12,9,12,2.6,0.7,12,1,57.4
I2048,U205,balanced,P109,outdoor_01,synthetic,valid,4,3,4,3,4,4,3,3,4,4,computer_lab,deep_study,mostly_solo,2_4h,afternoon,1,1,0,0,1,1,1,1,1,1,0,outdoor,light_reading,solo,1_2h,evening,weekday,21.6,clear,outdoor,sometimes,2,5,3,3,2,3,1,3,3,3,8,15,12,9,4,9,6,12,1.8,10.8,9,0.5,52.8
I2049,U205,balanced,P093,coworking_space_09,synthetic,valid,4,3,4,3,4,4,3,3,4,4,computer_lab,deep_study,mostly_solo,2_4h,afternoon,1,1,0,0,1,1,1,1,1,1,0,coworking_space,team_project,3_4,2_4h,evening,weekday,18.6,cold,indoor,rarely,3,4,2,3,4,4,4,4,4,3,12,12,8,9,16,12,12,16,1.0,9.3,12,0.5,64.6
I2050,U205,balanced,P061,home_07,synthetic,valid,4,3,4,3,4,4,3,3,4,4,computer_lab,deep_study,mostly_solo,2_4h,afternoon,1,1,0,0,1,1,1,1,1,1,0,home,team_project,3_4,1_2h,evening,weekday,11.9,cloudy,indoor,often,4,4,4,4,4,4,4,3,4,5,16,12,16,12,16,12,12,16,1.0,5.9,9,0.5,71.7
I2051,U206,convenience_oriented,P025,study_room_07,synthetic,train,3,4,4,3,5,5,5,2,4,4,study_room,coding,mostly_solo,2_4h,afternoon,0,1,0,1,1,1,0,1,1,1,0,study_room,online_class,solo,1_2h,morning,weekday,4.1,rainy,indoor,sometimes,4,4,3,4,4,4,4,4,4,3,12,16,12,12,20,20,8,16,2.6,2.5,12,0.5,78.3
I2052,U206,convenience_oriented,P015,library_15,synthetic,train,3,4,4,3,5,5,5,2,4,4,study_room,coding,mostly_solo,2_4h,afternoon,0,1,0,1,1,1,0,1,1,1,0,library,online_class,solo,2_4h,evening,weekday,14.5,rainy,indoor,often,4,4,4,5,2,4,3,4,4,4,12,16,16,15,15,20,4,16,2.6,9.1,12,0.5,66.9
I2053,U206,convenience_oriented,P048,cafe_12,synthetic,train,3,4,4,3,5,5,5,2,4,4,study_room,coding,mostly_solo,2_4h,afternoon,0,1,0,1,1,1,0,1,1,1,0,cafe,online_class,solo,2_4h,late_night,weekday,10.8,cloudy,indoor,often,2,5,2,3,1,4,3,3,3,3,6,20,8,9,15,15,2,16,2.6,6.7,9,0,50.8
I2054,U206,convenience_oriented,P100,dorm_lounge_04,synthetic,train,3,4,4,3,5,5,5,2,4,4,study_room,coding,mostly_solo,2_4h,afternoon,0,1,0,1,1,1,0,1,1,1,0,dorm_lounge,online_class,solo,under_1h,afternoon,weekday,5.4,clear,indoor,rarely,3,4,2,3,3,4,3,2,4,4,9,16,8,9,15,20,6,16,2.6,3.4,6,1,47.8
I2055,U206,convenience_oriented,P079,computer_lab_05,synthetic,train,3,4,4,3,5,5,5,2,4,4,study_room,coding,mostly_solo,2_4h,afternoon,0,1,0,1,1,1,0,1,1,1,0,computer_lab,light_reading,2,1_2h,afternoon,weekday,3.6,hot,indoor,rarely,4,4,3,3,3,4,5,2,4,3,12,16,12,9,25,20,6,16,1.8,2.3,6,1,63.7
I2056,U206,convenience_oriented,P055,home_01,synthetic,train,3,4,4,3,5,5,5,2,4,4,study_room,coding,mostly_solo,2_4h,afternoon,0,1,0,1,1,1,0,1,1,1,0,home,report_writing,solo,1_2h,afternoon,weekday,9.3,rainy,indoor,sometimes,4,3,5,4,4,5,5,4,4,5,12,12,20,12,25,20,8,20,3.4,5.8,16,1,78.3
I2057,U206,convenience_oriented,P047,cafe_11,synthetic,train,3,4,4,3,5,5,5,2,4,4,study_room,coding,mostly_solo,2_4h,afternoon,0,1,0,1,1,1,0,1,1,1,0,cafe,coding,solo,1_2h,afternoon,weekday,10.5,clear,indoor,sometimes,3,4,3,3,2,4,3,4,4,3,9,16,12,9,15,20,4,16,3.6,6.6,16,1,66.4
I2058,U206,convenience_oriented,P059,home_05,synthetic,train,3,4,4,3,5,5,5,2,4,4,study_room,coding,mostly_solo,2_4h,afternoon,0,1,0,1,1,1,0,1,1,1,0,home,coding,solo,1_2h,early_morning,weekend,14.2,cloudy,indoor,often,4,5,5,4,5,4,4,5,5,5,12,20,20,12,20,25,10,16,3.6,8.9,20,0,74.4
I2059,U206,convenience_oriented,P027,study_room_09,synthetic,train,3,4,4,3,5,5,5,2,4,4,study_room,coding,mostly_solo,2_4h,afternoon,0,1,0,1,1,1,0,1,1,1,0,study_room,coding,solo,1_2h,afternoon,weekday,12.9,clear,indoor,often,5,3,3,4,4,3,3,4,3,3,15,12,12,12,15,15,8,12,3.6,8.0,16,1,70.2
I2060,U206,convenience_oriented,P067,classroom_05,synthetic,train,3,4,4,3,5,5,5,2,4,4,study_room,coding,mostly_solo,2_4h,afternoon,0,1,0,1,1,1,0,1,1,1,0,classroom,deep_study,solo,over_4h,early_morning,weekday,8.6,cloudy,indoor,rarely,3,4,3,3,3,2,3,3,3,3,9,16,12,9,15,15,6,8,4.0,5.4,12,0,55.1
I2061,U207,comfort_oriented,P054,cafe_18,synthetic,train,3,4,4,3,4,5,5,5,5,3,study_room,light_reading,mixed,over_4h,early_morning,0,1,0,1,1,1,0,1,1,1,0,cafe,report_writing,solo,1_2h,evening,weekday,9.2,cloudy,indoor,sometimes,3,5,2,3,2,3,3,4,4,3,9,20,8,9,12,20,10,15,2.6,5.7,12,0,47.1
I2062,U207,comfort_oriented,P029,study_room_11,synthetic,train,3,4,4,3,4,5,5,5,5,3,study_room,light_reading,mixed,over_4h,early_morning,0,1,0,1,1,1,0,1,1,1,0,study_room,report_writing,solo,1_2h,early_morning,weekend,4.9,clear,indoor,sometimes,4,4,3,4,2,4,4,5,4,3,12,16,12,12,16,20,10,20,2.6,3.0,15,1,69.0
I2063,U207,comfort_oriented,P077,computer_lab_03,synthetic,train,3,4,4,3,4,5,5,5,5,3,study_room,light_reading,mixed,over_4h,early_morning,0,1,0,1,1,1,0,1,1,1,0,computer_lab,report_writing,2,2_4h,late_night,weekday,12.8,cloudy,indoor,first_time,4,3,3,3,2,3,4,4,4,4,12,12,12,9,16,20,10,15,2.6,8.0,12,0,44.8
I2064,U207,comfort_oriented,P031,study_room_13,synthetic,train,3,4,4,3,4,5,5,5,5,3,study_room,light_reading,mixed,over_4h,early_morning,0,1,0,1,1,1,0,1,1,1,0,study_room,online_class,solo,2_4h,morning,weekday,1.0,cloudy,indoor,often,5,4,4,4,4,4,4,4,5,4,15,16,16,12,16,25,20,20,2.0,0.6,12,0.5,77.2
I2065,U207,comfort_oriented,P064,classroom_02,synthetic,train,3,4,4,3,4,5,5,5,5,3,study_room,light_reading,mixed,over_4h,early_morning,0,1,0,1,1,1,0,1,1,1,0,classroom,report_writing,solo,2_4h,evening,weekday,5.1,clear,indoor,sometimes,4,4,3,3,3,3,3,4,3,3,12,16,12,9,12,15,15,15,2.6,3.2,12,0,67.4
I2066,U207,comfort_oriented,P001,library_01,synthetic,train,3,4,4,3,4,5,5,5,5,3,study_room,light_reading,mixed,over_4h,early_morning,0,1,0,1,1,1,0,1,1,1,0,library,deep_study,solo,over_4h,morning,weekend,8.5,clear,indoor,often,5,4,4,5,2,3,4,5,4,4,15,16,16,15,16,20,10,15,3.0,5.3,15,0.5,67.4
I2067,U207,comfort_oriented,P074,classroom_12,synthetic,train,3,4,4,3,4,5,5,5,5,3,study_room,light_reading,mixed,over_4h,early_morning,0,1,0,1,1,1,0,1,1,1,0,classroom,light_reading,solo,2_4h,morning,weekday,12.6,clear,indoor,sometimes,3,4,3,3,2,3,3,3,3,3,9,16,12,9,12,15,10,15,1.4,7.9,9,0.5,51.5
I2068,U207,comfort_oriented,P090,coworking_space_06,synthetic,train,3,4,4,3,4,5,5,5,5,3,study_room,light_reading,mixed,over_4h,early_morning,0,1,0,1,1,1,0,1,1,1,0,coworking_space,light_reading,solo,under_1h,early_morning,weekend,5.2,clear,indoor,rarely,3,4,3,4,4,4,4,4,4,3,9,16,12,12,16,20,20,20,1.4,3.3,12,1,61.6
I2069,U207,comfort_oriented,P061,home_07,synthetic,train,3,4,4,3,4,5,5,5,5,3,study_room,light_reading,mixed,over_4h,early_morning,0,1,0,1,1,1,0,1,1,1,0,home,light_reading,solo,under_1h,evening,weekday,16.0,rainy,indoor,often,4,4,4,4,4,4,4,5,4,5,12,16,16,12,16,20,20,20,1.4,10.0,15,0,73.4
I2070,U207,comfort_oriented,P077,computer_lab_03,synthetic,train,3,4,4,3,4,5,5,5,5,3,study_room,light_reading,mixed,over_4h,early_morning,0,1,0,1,1,1,0,1,1,1,0,computer_lab,team_project,2,over_4h,afternoon,weekend,20.2,clear,indoor,rarely,4,3,3,3,2,3,4,3,4,4,12,12,12,9,16,20,10,15,0.8,12.6,9,0,52.8
I2071,U208,quiet_deepwork,P063,classroom_01,synthetic,valid,5,5,4,5,4,3,3,4,4,5,coworking_space,coding,mostly_solo,1_2h,early_morning,1,1,1,0,1,0,1,1,0,1,1,classroom,deep_study,solo,under_1h,early_morning,weekday,8.2,clear,indoor,rarely,3,4,3,3,2,3,3,5,3,3,15,20,12,15,12,9,8,12,5.0,3.1,25,1,68.8
I2072,U208,quiet_deepwork,P070,classroom_08,synthetic,valid,5,5,4,5,4,3,3,4,4,5,coworking_space,coding,mostly_solo,1_2h,early_morning,1,1,1,0,1,0,1,1,0,1,1,classroom,deep_study,5_plus,1_2h,morning,weekend,11.3,clear,indoor,often,3,4,3,2,3,2,3,4,2,3,15,20,12,10,12,6,12,8,5.0,4.2,20,0.5,56.6
I2073,U208,quiet_deepwork,P066,classroom_04,synthetic,valid,5,5,4,5,4,3,3,4,4,5,coworking_space,coding,mostly_solo,1_2h,early_morning,1,1,1,0,1,0,1,1,0,1,1,classroom,deep_study,solo,2_4h,evening,weekday,4.2,clear,indoor,rarely,3,4,4,3,3,3,4,3,3,4,15,20,16,15,16,9,12,12,5.0,1.6,15,0,64.2
I2074,U208,quiet_deepwork,P050,cafe_14,synthetic,valid,5,5,4,5,4,3,3,4,4,5,coworking_space,coding,mostly_solo,1_2h,early_morning,1,1,1,0,1,0,1,1,0,1,1,cafe,meeting,3_4,2_4h,late_night,weekend,12.1,clear,indoor,rarely,3,5,2,3,2,4,3,5,4,3,15,25,8,15,12,12,8,16,1.0,4.5,15,0,61.8
I2075,U208,quiet_deepwork,P080,computer_lab_06,synthetic,valid,5,5,4,5,4,3,3,4,4,5,coworking_space,coding,mostly_solo,1_2h,early_morning,1,1,1,0,1,0,1,1,0,1,1,computer_lab,coding,solo,2_4h,early_morning,weekend,8.8,hot,indoor,sometimes,4,4,4,3,3,4,4,5,4,3,20,20,16,15,16,12,12,16,4.5,3.3,25,1,79.2
I2076,U208,quiet_deepwork,P046,cafe_10,synthetic,valid,5,5,4,5,4,3,3,4,4,5,coworking_space,coding,mostly_solo,1_2h,early_morning,1,1,1,0,1,0,1,1,0,1,1,cafe,coding,solo,2_4h,afternoon,weekend,12.1,rainy,indoor,sometimes,3,4,2,3,2,4,3,3,3,3,15,20,8,15,12,9,8,16,4.5,4.5,15,0,64.5
I2077,U208,quiet_deepwork,P036,study_room_18,synthetic,valid,5,5,4,5,4,3,3,4,4,5,coworking_space,coding,mostly_solo,1_2h,early_morning,1,1,1,0,1,0,1,1,0,1,1,study_room,team_project,5_plus,2_4h,early_morning,weekend,11.9,hot,indoor,rarely,5,4,4,4,4,4,5,5,4,4,25,20,16,20,20,12,16,16,1.3,4.5,15,1,75.6
I2078,U208,quiet_deepwork,P016,library_16,synthetic,valid,5,5,4,5,4,3,3,4,4,5,coworking_space,coding,mostly_solo,1_2h,early_morning,1,1,1,0,1,0,1,1,0,1,1,library,deep_study,solo,2_4h,afternoon,weekend,6.1,clear,indoor,sometimes,5,4,3,5,3,4,3,4,4,4,25,20,12,25,12,12,12,16,5.0,2.3,20,0,69.0
I2079,U208,quiet_deepwork,P034,study_room_16,synthetic,valid,5,5,4,5,4,3,3,4,4,5,coworking_space,coding,mostly_solo,1_2h,early_morning,1,1,1,0,1,0,1,1,0,1,1,study_room,deep_study,solo,2_4h,morning,weekend,4.9,clear,indoor,sometimes,4,4,4,4,4,3,4,4,5,3,20,20,16,20,16,15,16,12,5.0,1.8,20,0.5,79.6
I2080,U208,quiet_deepwork,P071,classroom_09,synthetic,valid,5,5,4,5,4,3,3,4,4,5,coworking_space,coding,mostly_solo,1_2h,early_morning,1,1,1,0,1,0,1,1,0,1,1,classroom,deep_study,solo,2_4h,afternoon,weekday,9.3,clear,indoor,often,3,3,3,3,3,3,3,4,3,4,15,15,12,15,12,9,12,12,5.0,3.5,20,0,67.1
I2081,U209,comfort_oriented,P100,dorm_lounge_04,synthetic,train,3,3,4,3,4,4,5,5,5,4,cafe,deep_study,mostly_solo,under_1h,morning,0,1,0,1,1,1,0,1,1,1,0,dorm_lounge,coding,solo,1_2h,morning,weekend,10.9,clear,indoor,often,3,4,2,3,3,4,3,3,4,4,9,12,8,9,12,20,15,20,3.6,5.4,12,1,63.3
I2082,U209,comfort_oriented,P048,cafe_12,synthetic,train,3,3,4,3,4,4,5,5,5,4,cafe,deep_study,mostly_solo,under_1h,morning,0,1,0,1,1,1,0,1,1,1,0,cafe,deep_study,solo,1_2h,morning,weekday,7.3,rainy,indoor,first_time,2,5,2,3,1,4,3,3,3,3,6,15,8,9,12,15,5,20,4.0,3.7,12,1,51.5
I2083,U209,comfort_oriented,P084,computer_lab_10,synthetic,train,3,3,4,3,4,4,5,5,5,4,cafe,deep_study,mostly_solo,under_1h,morning,0,1,0,1,1,1,0,1,1,1,0,computer_lab,online_class,solo,1_2h,afternoon,weekend,12.0,cloudy,indoor,sometimes,4,4,3,4,3,3,4,4,3,2,12,12,12,12,16,15,15,15,2.6,6.0,12,0.5,56.9
I2084,U209,comfort_oriented,P005,library_05,synthetic,train,3,3,4,3,4,4,5,5,5,4,cafe,deep_study,mostly_solo,under_1h,morning,0,1,0,1,1,1,0,1,1,1,0,library,report_writing,3_4,2_4h,evening,weekday,5.4,rainy,indoor,sometimes,5,4,4,5,3,4,4,5,4,4,15,12,16,15,16,20,15,20,3.4,2.7,20,0,68.1
I2085,U209,comfort_oriented,P057,home_03,synthetic,train,3,3,4,3,4,4,5,5,5,4,cafe,deep_study,mostly_solo,under_1h,morning,0,1,0,1,1,1,0,1,1,1,0,home,coding,solo,1_2h,morning,weekday,1.2,cloudy,indoor,sometimes,3,4,4,4,5,4,5,4,5,4,9,12,16,12,20,25,25,20,3.6,0.6,16,1,82.6
I2086,U209,comfort_oriented,P101,dorm_lounge_05,synthetic,train,3,3,4,3,4,4,5,5,5,4,cafe,deep_study,mostly_solo,under_1h,morning,0,1,0,1,1,1,0,1,1,1,0,dorm_lounge,deep_study,solo,2_4h,evening,weekday,10.1,clear,indoor,often,3,4,2,2,3,4,4,2,4,3,9,12,8,6,16,20,15,20,4.0,5.1,8,0,62.5
I2087,U209,comfort_oriented,P100,dorm_lounge_04,synthetic,train,3,3,4,3,4,4,5,5,5,4,cafe,deep_study,mostly_solo,under_1h,morning,0,1,0,1,1,1,0,1,1,1,0,dorm_lounge,report_writing,solo,2_4h,late_night,weekend,16.7,cloudy,indoor,sometimes,3,4,2,3,3,4,3,3,4,4,9,12,8,9,12,20,15,20,3.4,8.3,12,0,64.2
I2088,U209,comfort_oriented,P110,outdoor_02,synthetic,train,3,3,4,3,4,4,5,5,5,4,cafe,deep_study,mostly_solo,under_1h,morning,0,1,0,1,1,1,0,1,1,1,0,outdoor,light_reading,2,1_2h,evening,weekday,11.4,cloudy,outdoor,rarely,3,4,3,3,2,3,2,4,2,3,9,12,12,9,8,10,10,15,1.8,5.7,12,0,41.3
I2089,U209,comfort_oriented,P090,coworking_space_06,synthetic,train,3,3,4,3,4,4,5,5,5,4,cafe,deep_study,mostly_solo,under_1h,morning,0,1,0,1,1,1,0,1,1,1,0,coworking_space,coding,5_plus,1_2h,morning,weekday,12.0,clear,indoor,sometimes,3,4,3,4,4,4,4,4,4,3,9,12,12,12,16,20,20,20,3.6,6.0,16,1,58.0
I2090,U209,comfort_oriented,P057,home_03,synthetic,train,3,3,4,3,4,4,5,5,5,4,cafe,deep_study,mostly_solo,under_1h,morning,0,1,0,1,1,1,0,1,1,1,0,home,light_reading,solo,1_2h,afternoon,weekday,4.0,cloudy,indoor,first_time,3,4,4,4,5,4,5,4,5,4,9,12,16,12,20,25,25,20,1.8,2.0,12,0.5,73.2
I2091,U210,quiet_deepwork,P027,study_room_09,synthetic,train,4,3,4,5,4,4,5,4,5,5,classroom,coding,mostly_solo,2_4h,late_night,1,1,1,1,1,1,1,1,1,1,1,study_room,online_class,solo,under_1h,evening,weekday,2.1,clear,indoor,rarely,5,3,3,4,4,3,3,4,3,3,20,9,12,20,12,15,16,15,3.3,1.1,12,0.5,63.7
I2092,U210,quiet_deepwork,P046,cafe_10,synthetic,train,4,3,4,5,4,4,5,4,5,5,classroom,coding,mostly_solo,2_4h,late_night,1,1,1,1,1,1,1,1,1,1,1,cafe,team_project,2,1_2h,evening,weekday,8.6,cloudy,indoor,first_time,3,4,2,3,2,4,3,4,3,3,12,12,8,15,12,15,8,20,1.3,4.3,12,0.5,55.1
I2093,U210,quiet_deepwork,P025,study_room_07,synthetic,train,4,3,4,5,4,4,5,4,5,5,classroom,coding,mostly_solo,2_4h,late_night,1,1,1,1,1,1,1,1,1,1,1,study_room,coding,solo,2_4h,early_morning,weekday,3.2,clear,indoor,sometimes,4,4,3,4,4,4,4,5,4,3,16,12,12,20,16,20,16,20,4.5,1.6,25,0,78.6
I2094,U210,quiet_deepwork,P002,library_02,synthetic,train,4,3,4,5,4,4,5,4,5,5,classroom,coding,mostly_solo,2_4h,late_night,1,1,1,1,1,1,1,1,1,1,1,library,online_class,3_4,1_2h,evening,weekday,4.9,clear,indoor,sometimes,5,5,4,4,2,3,4,3,4,4,20,15,16,20,16,20,8,15,3.3,2.4,9,0.5,66.6
I2095,U210,quiet_deepwork,P033,study_room_15,synthetic,train,4,3,4,5,4,4,5,4,5,5,classroom,coding,mostly_solo,2_4h,late_night,1,1,1,1,1,1,1,1,1,1,1,study_room,coding,solo,2_4h,early_morning,weekday,6.7,cloudy,indoor,sometimes,5,3,4,3,4,4,4,5,5,4,20,9,16,15,16,25,16,20,4.5,3.3,25,0,78.9
I2096,U210,quiet_deepwork,P033,study_room_15,synthetic,train,4,3,4,5,4,4,5,4,5,5,classroom,coding,mostly_solo,2_4h,late_night,1,1,1,1,1,1,1,1,1,1,1,study_room,report_writing,2,2_4h,afternoon,weekday,3.3,rainy,indoor,rarely,5,3,4,3,4,4,4,5,5,4,20,9,16,15,16,25,16,20,4.3,1.6,25,0,78.1
I2097,U210,quiet_deepwork,P014,library_14,synthetic,train,4,3,4,5,4,4,5,4,5,5,classroom,coding,mostly_solo,2_4h,late_night,1,1,1,1,1,1,1,1,1,1,1,library,coding,solo,2_4h,late_night,weekday,7.2,cold,indoor,rarely,5,4,5,4,3,4,4,4,4,4,20,12,20,20,16,20,12,20,4.5,3.6,20,1,80.5
I2098,U210,quiet_deepwork,P013,library_13,synthetic,train,4,3,4,5,4,4,5,4,5,5,classroom,coding,mostly_solo,2_4h,late_night,1,1,1,1,1,1,1,1,1,1,1,library,deep_study,solo,2_4h,early_morning,weekday,2.0,clear,indoor,sometimes,5,4,4,4,3,3,5,5,4,4,20,12,16,20,20,20,12,15,5.0,1.0,25,0,78.5
I2099,U210,quiet_deepwork,P060,home_06,synthetic,train,4,3,4,5,4,4,5,4,5,5,classroom,coding,mostly_solo,2_4h,late_night,1,1,1,1,1,1,1,1,1,1,1,home,deep_study,solo,2_4h,late_night,weekday,14.1,clear,indoor,first_time,4,3,5,5,4,5,5,4,4,5,16,9,20,25,20,20,16,25,5.0,7.0,20,1,72.9
I2100,U210,quiet_deepwork,P002,library_02,synthetic,train,4,3,4,5,4,4,5,4,5,5,classroom,coding,mostly_solo,2_4h,late_night,1,1,1,1,1,1,1,1,1,1,1,library,report_writing,solo,over_4h,late_night,weekday,8.3,clear,indoor,often,5,5,4,4,2,3,4,5,4,4,20,15,16,20,16,20,8,15,4.3,4.2,25,1,97.8
I2101,U211,social_collaborative,P049,cafe_13,synthetic,test,3,5,3,3,4,4,3,3,3,3,study_room,team_project,mostly_group,1_2h,afternoon,0,0,0,0,1,1,0,1,1,0,0,cafe,coding,solo,2_4h,afternoon,weekend,6.8,clear,indoor,sometimes,3,4,2,3,3,3,2,3,4,2,9,20,6,9,8,12,9,9,2.7,3.4,9,1,49.8
I2102,U211,social_collaborative,P042,cafe_06,synthetic,test,3,5,3,3,4,4,3,3,3,3,study_room,team_project,mostly_group,1_2h,afternoon,0,0,0,0,1,1,0,1,1,0,0,cafe,meeting,5_plus,2_4h,evening,weekday,13.1,clear,indoor,sometimes,3,4,2,3,2,4,3,4,4,3,9,20,6,9,12,12,6,12,0.6,6.5,12,0.5,56.4
I2103,U211,social_collaborative,P024,study_room_06,synthetic,test,3,5,3,3,4,4,3,3,3,3,study_room,team_project,mostly_group,1_2h,afternoon,0,0,0,0,1,1,0,1,1,0,0,study_room,coding,3_4,2_4h,late_night,weekday,2.9,hot,indoor,sometimes,4,4,3,4,3,4,4,4,4,3,12,20,9,12,16,12,9,12,2.7,1.5,12,0,55.0
I2104,U211,social_collaborative,P047,cafe_11,synthetic,test,3,5,3,3,4,4,3,3,3,3,study_room,team_project,mostly_group,1_2h,afternoon,0,0,0,0,1,1,0,1,1,0,0,cafe,team_project,3_4,2_4h,afternoon,weekday,9.7,clear,indoor,rarely,3,4,3,3,2,4,3,5,4,3,9,20,9,9,12,12,6,12,0.8,4.8,15,1,66.7
I2105,U211,social_collaborative,P049,cafe_13,synthetic,test,3,5,3,3,4,4,3,3,3,3,study_room,team_project,mostly_group,1_2h,afternoon,0,0,0,0,1,1,0,1,1,0,0,cafe,team_project,5_plus,1_2h,evening,weekday,10.4,cloudy,indoor,first_time,3,4,2,3,3,3,2,3,4,2,9,20,6,9,8,12,9,9,0.8,5.2,9,0.5,55.2
I2106,U211,social_collaborative,P083,computer_lab_09,synthetic,test,3,5,3,3,4,4,3,3,3,3,study_room,team_project,mostly_group,1_2h,afternoon,0,0,0,0,1,1,0,1,1,0,0,computer_lab,meeting,3_4,1_2h,late_night,weekend,1.2,rainy,indoor,often,4,4,3,3,4,3,5,3,4,3,12,20,9,9,20,12,12,9,0.6,0.6,9,0,64.3
I2107,U211,social_collaborative,P010,library_10,synthetic,test,3,5,3,3,4,4,3,3,3,3,study_room,team_project,mostly_group,1_2h,afternoon,0,0,0,0,1,1,0,1,1,0,0,library,team_project,2,1_2h,evening,weekday,7.9,hot,indoor,often,5,5,4,4,3,4,4,3,4,5,15,25,12,12,16,12,9,12,0.8,3.9,9,0.5,64.8
I2108,U211,social_collaborative,P049,cafe_13,synthetic,test,3,5,3,3,4,4,3,3,3,3,study_room,team_project,mostly_group,1_2h,afternoon,0,0,0,0,1,1,0,1,1,0,0,cafe,meeting,3_4,over_4h,afternoon,weekday,9.1,clear,indoor,sometimes,3,4,2,3,3,3,2,4,4,2,9,20,6,9,8,12,9,9,0.6,4.5,12,1,52.8
I2109,U211,social_collaborative,P085,coworking_space_01,synthetic,test,3,5,3,3,4,4,3,3,3,3,study_room,team_project,mostly_group,1_2h,afternoon,0,0,0,0,1,1,0,1,1,0,0,coworking_space,team_project,3_4,2_4h,evening,weekday,4.2,rainy,indoor,sometimes,3,5,2,3,4,3,4,4,4,3,9,25,6,9,16,12,12,9,0.8,2.1,12,0.5,60.5
I2110,U211,social_collaborative,P103,dorm_lounge_07,synthetic,test,3,5,3,3,4,4,3,3,3,3,study_room,team_project,mostly_group,1_2h,afternoon,0,0,0,0,1,1,0,1,1,0,0,dorm_lounge,online_class,2,2_4h,afternoon,weekday,11.9,rainy,indoor,sometimes,3,4,3,3,4,4,5,3,3,3,9,20,9,9,20,9,12,12,2.0,6.0,9,1,61.1
I2111,U212,comfort_oriented,P106,dorm_lounge_10,synthetic,train,3,4,4,4,5,4,5,4,5,4,dorm_lounge,team_project,mostly_solo,2_4h,early_morning,0,1,1,1,1,1,0,1,1,1,1,dorm_lounge,light_reading,solo,1_2h,late_night,weekend,7.8,rainy,indoor,sometimes,3,3,2,3,3,4,3,4,3,3,9,12,8,12,15,15,12,20,1.8,3.9,12,0,70.4
I2112,U212,comfort_oriented,P031,study_room_13,synthetic,train,3,4,4,4,5,4,5,4,5,4,dorm_lounge,team_project,mostly_solo,2_4h,early_morning,0,1,1,1,1,1,0,1,1,1,1,study_room,coding,2,under_1h,morning,weekend,6.3,clear,indoor,first_time,5,4,4,4,4,4,4,4,5,4,15,16,16,16,20,25,16,20,3.6,3.2,16,0.5,73.5
I2113,U212,comfort_oriented,P056,home_02,synthetic,train,3,4,4,4,5,4,5,4,5,4,dorm_lounge,team_project,mostly_solo,2_4h,early_morning,0,1,1,1,1,1,0,1,1,1,1,home,coding,solo,2_4h,early_morning,weekend,7.5,clear,indoor,sometimes,4,3,5,4,5,4,5,4,5,5,12,12,20,16,25,25,20,20,3.6,3.7,16,1,84.9
I2114,U212,comfort_oriented,P020,study_room_02,synthetic,train,3,4,4,4,5,4,5,4,5,4,dorm_lounge,team_project,mostly_solo,2_4h,early_morning,0,1,1,1,1,1,0,1,1,1,1,study_room,report_writing,solo,1_2h,evening,weekday,6.7,cold,indoor,rarely,4,4,4,5,3,4,4,5,4,4,12,16,16,20,20,20,12,20,3.4,3.3,20,0,71.1
I2115,U212,comfort_oriented,P031,study_room_13,synthetic,train,3,4,4,4,5,4,5,4,5,4,dorm_lounge,team_project,mostly_solo,2_4h,early_morning,0,1,1,1,1,1,0,1,1,1,1,study_room,report_writing,solo,1_2h,afternoon,weekend,1.9,cloudy,indoor,often,5,4,4,4,4,4,4,4,5,4,15,16,16,16,20,25,16,20,3.4,0.9,16,0,90.2
I2116,U212,comfort_oriented,P004,library_04,synthetic,train,3,4,4,4,5,4,5,4,5,4,dorm_lounge,team_project,mostly_solo,2_4h,early_morning,0,1,1,1,1,1,0,1,1,1,1,library,report_writing,solo,over_4h,evening,weekday,7.3,clear,indoor,sometimes,5,3,3,4,2,4,4,5,3,4,15,12,12,16,20,15,8,20,3.4,3.6,20,0,72.8
I2117,U212,comfort_oriented,P005,library_05,synthetic,train,3,4,4,4,5,4,5,4,5,4,dorm_lounge,team_project,mostly_solo,2_4h,early_morning,0,1,1,1,1,1,0,1,1,1,1,library,online_class,solo,1_2h,afternoon,weekday,4.5,hot,indoor,rarely,5,4,4,5,3,4,4,4,4,4,15,16,16,20,20,20,12,20,2.6,2.3,12,0,65.0
I2118,U212,comfort_oriented,P085,coworking_space_01,synthetic,train,3,4,4,4,5,4,5,4,5,4,dorm_lounge,team_project,mostly_solo,2_4h,early_morning,0,1,1,1,1,1,0,1,1,1,1,coworking_space,light_reading,solo,2_4h,afternoon,weekday,9.8,cloudy,indoor,first_time,3,5,2,3,4,3,4,4,4,3,9,20,8,12,20,20,16,15,1.8,4.9,12,0,55.2
I2119,U212,comfort_oriented,P084,computer_lab_10,synthetic,train,3,4,4,4,5,4,5,4,5,4,dorm_lounge,team_project,mostly_solo,2_4h,early_morning,0,1,1,1,1,1,0,1,1,1,1,computer_lab,deep_study,solo,1_2h,morning,weekday,2.9,clear,indoor,rarely,4,4,3,4,3,3,4,3,3,2,12,16,12,16,20,15,12,15,4.0,1.5,12,0.5,72.5
I2120,U212,comfort_oriented,P044,cafe_08,synthetic,train,3,4,4,4,5,4,5,4,5,4,dorm_lounge,team_project,mostly_solo,2_4h,early_morning,0,1,1,1,1,1,0,1,1,1,1,cafe,light_reading,solo,1_2h,afternoon,weekend,12.2,clear,indoor,often,3,4,3,4,2,4,3,4,4,2,9,16,12,16,15,20,8,20,1.8,6.1,12,0,65.6
I2121,U213,convenience_oriented,P064,classroom_02,synthetic,train,3,4,4,3,4,5,3,4,4,3,cafe,online_class,mixed,1_2h,morning,0,1,0,0,1,1,0,1,1,1,0,classroom,coding,solo,2_4h,morning,weekday,5.5,cloudy,indoor,sometimes,4,4,3,3,3,3,3,3,3,3,12,16,12,9,12,9,12,12,2.7,3.5,9,1,64.3
I2122,U213,convenience_oriented,P043,cafe_07,synthetic,train,3,4,4,3,4,5,3,4,4,3,cafe,online_class,mixed,1_2h,morning,0,1,0,0,1,1,0,1,1,1,0,cafe,report_writing,solo,2_4h,evening,weekday,6.6,cloudy,indoor,sometimes,2,5,3,3,2,4,3,4,3,3,6,20,12,9,12,9,8,16,2.6,4.1,12,0,64.9
I2123,U213,convenience_oriented,P065,classroom_03,synthetic,train,3,4,4,3,4,5,3,4,4,3,cafe,online_class,mixed,1_2h,morning,0,1,0,0,1,1,0,1,1,1,0,classroom,team_project,3_4,1_2h,afternoon,weekday,8.5,clear,indoor,first_time,4,4,3,3,3,3,4,4,3,3,12,16,12,9,16,9,12,12,0.8,5.3,12,0.5,63.1
I2124,U213,convenience_oriented,P097,dorm_lounge_01,synthetic,train,3,4,4,3,4,5,3,4,4,3,cafe,online_class,mixed,1_2h,morning,0,1,0,0,1,1,0,1,1,1,0,dorm_lounge,coding,solo,2_4h,morning,weekend,14.2,rainy,indoor,sometimes,3,3,3,2,3,4,5,4,4,2,9,12,12,6,20,12,12,16,2.7,8.9,12,1,62.2
I2125,U213,convenience_oriented,P065,classroom_03,synthetic,train,3,4,4,3,4,5,3,4,4,3,cafe,online_class,mixed,1_2h,morning,0,1,0,0,1,1,0,1,1,1,0,classroom,coding,solo,1_2h,morning,weekday,7.9,clear,indoor,sometimes,4,4,3,3,3,3,4,4,3,3,12,16,12,9,16,9,12,12,2.7,5.0,12,1,51.9
I2126,U213,convenience_oriented,P027,study_room_09,synthetic,train,3,4,4,3,4,5,3,4,4,3,cafe,online_class,mixed,1_2h,morning,0,1,0,0,1,1,0,1,1,1,0,study_room,coding,2,2_4h,afternoon,weekend,10.0,rainy,indoor,sometimes,5,3,3,4,4,3,3,5,3,3,15,12,12,12,12,9,16,12,2.7,6.3,15,0.5,48.8
I2127,U213,convenience_oriented,P047,cafe_11,synthetic,train,3,4,4,3,4,5,3,4,4,3,cafe,online_class,mixed,1_2h,morning,0,1,0,0,1,1,0,1,1,1,0,cafe,report_writing,solo,over_4h,morning,weekend,8.9,cloudy,indoor,rarely,3,4,3,3,2,4,3,4,4,3,9,16,12,9,12,12,8,16,2.6,5.6,12,1,48.2
I2128,U213,convenience_oriented,P042,cafe_06,synthetic,train,3,4,4,3,4,5,3,4,4,3,cafe,online_class,mixed,1_2h,morning,0,1,0,0,1,1,0,1,1,1,0,cafe,deep_study,solo,over_4h,morning,weekday,8.8,rainy,indoor,sometimes,3,4,2,3,2,4,3,3,4,3,9,16,8,9,12,12,8,16,3.0,5.5,9,1,61.5
I2129,U213,convenience_oriented,P001,library_01,synthetic,train,3,4,4,3,4,5,3,4,4,3,cafe,online_class,mixed,1_2h,morning,0,1,0,0,1,1,0,1,1,1,0,library,team_project,5_plus,over_4h,late_night,weekday,4.9,cold,indoor,first_time,5,4,4,5,2,3,4,3,4,4,15,16,16,15,16,12,8,12,0.8,3.1,9,0,63.8
I2130,U213,convenience_oriented,P075,computer_lab_01,synthetic,train,3,4,4,3,4,5,3,4,4,3,cafe,online_class,mixed,1_2h,morning,0,1,0,0,1,1,0,1,1,1,0,computer_lab,team_project,5_plus,2_4h,evening,weekday,9.6,clear,indoor,sometimes,3,3,3,4,3,4,5,4,3,3,9,12,12,12,20,9,12,16,0.8,6.0,12,0,64.6
I2131,U214,comfort_oriented,P022,study_room_04,synthetic,test,5,4,3,3,4,3,4,5,5,4,study_room,online_class,mostly_solo,1_2h,afternoon,1,0,0,1,1,0,1,1,0,1,0,study_room,online_class,3_4,1_2h,afternoon,weekend,18.4,rainy,indoor,first_time,4,5,3,4,5,3,4,5,4,4,20,20,9,12,16,16,25,15,2.6,6.9,15,1,70.7
I2132,U214,comfort_oriented,P086,coworking_space_02,synthetic,test,5,4,3,3,4,3,4,5,5,4,study_room,online_class,mostly_solo,1_2h,afternoon,1,0,0,1,1,0,1,1,0,1,0,coworking_space,report_writing,solo,2_4h,afternoon,weekday,11.9,clear,indoor,sometimes,3,4,4,4,5,3,4,4,4,4,15,16,12,12,16,16,25,15,3.4,4.5,16,1,75.0
I2133,U214,comfort_oriented,P003,library_03,synthetic,test,5,4,3,3,4,3,4,5,5,4,study_room,online_class,mostly_solo,1_2h,afternoon,1,0,0,1,1,0,1,1,0,1,0,library,light_reading,2,2_4h,early_morning,weekday,1.0,clear,indoor,sometimes,5,3,4,5,3,3,4,4,4,4,25,12,12,15,16,16,15,15,1.8,0.4,12,0,76.0
I2134,U214,comfort_oriented,P088,coworking_space_04,synthetic,test,5,4,3,3,4,3,4,5,5,4,study_room,online_class,mostly_solo,1_2h,afternoon,1,0,0,1,1,0,1,1,0,1,0,coworking_space,light_reading,solo,under_1h,afternoon,weekend,17.6,clear,indoor,rarely,3,4,3,3,4,4,4,4,5,4,15,16,9,9,16,20,20,20,1.8,6.6,12,1,62.9
I2135,U214,comfort_oriented,P094,coworking_space_10,synthetic,test,5,4,3,3,4,3,4,5,5,4,study_room,online_class,mostly_solo,1_2h,afternoon,1,0,0,1,1,0,1,1,0,1,0,coworking_space,light_reading,solo,2_4h,morning,weekend,9.1,rainy,indoor,sometimes,3,5,3,4,3,4,3,3,4,4,15,20,9,12,12,16,15,20,1.8,3.4,9,0.5,71.6
I2136,U214,comfort_oriented,P097,dorm_lounge_01,synthetic,test,5,4,3,3,4,3,4,5,5,4,study_room,online_class,mostly_solo,1_2h,afternoon,1,0,0,1,1,0,1,1,0,1,0,dorm_lounge,team_project,3_4,1_2h,afternoon,weekend,12.4,cloudy,indoor,sometimes,3,3,3,2,3,4,5,5,4,2,15,12,9,6,20,16,15,20,1.0,4.6,15,1,80.2
I2137,U214,comfort_oriented,P106,dorm_lounge_10,synthetic,test,5,4,3,3,4,3,4,5,5,4,study_room,online_class,mostly_solo,1_2h,afternoon,1,0,0,1,1,0,1,1,0,1,0,dorm_lounge,report_writing,solo,1_2h,afternoon,weekend,10.0,hot,indoor,sometimes,3,3,2,3,3,4,3,4,3,3,15,12,6,9,12,12,15,20,3.4,3.8,16,1,57.9
I2138,U214,comfort_oriented,P053,cafe_17,synthetic,test,5,4,3,3,4,3,4,5,5,4,study_room,online_class,mostly_solo,1_2h,afternoon,1,0,0,1,1,0,1,1,0,1,0,cafe,coding,solo,over_4h,afternoon,weekday,7.9,cloudy,indoor,often,3,4,2,2,2,3,3,3,3,3,15,16,6,6,12,12,10,15,3.6,3.0,12,1,70.3
I2139,U214,comfort_oriented,P004,library_04,synthetic,test,5,4,3,3,4,3,4,5,5,4,study_room,online_class,mostly_solo,1_2h,afternoon,1,0,0,1,1,0,1,1,0,1,0,library,deep_study,solo,2_4h,evening,weekend,7.4,clear,indoor,sometimes,5,3,3,4,2,4,4,5,3,4,25,12,9,12,16,12,10,20,4.0,2.8,20,0.5,81.4
I2140,U214,comfort_oriented,P071,classroom_09,synthetic,test,5,4,3,3,4,3,4,5,5,4,study_room,online_class,mostly_solo,1_2h,afternoon,1,0,0,1,1,0,1,1,0,1,0,classroom,light_reading,solo,2_4h,evening,weekday,17.9,cloudy,indoor,often,3,3,3,3,3,3,3,4,3,4,15,12,9,9,12,12,15,15,1.8,6.7,12,0.5,59.6
I2141,U215,quiet_deepwork,P100,dorm_lounge_04,synthetic,test,5,4,4,4,4,3,4,3,4,5,study_room,coding,mostly_solo,1_2h,evening,1,1,1,1,1,0,1,1,0,1,1,dorm_lounge,report_writing,solo,over_4h,morning,weekend,8.8,cold,indoor,often,3,4,2,3,3,4,3,3,4,4,15,16,8,12,12,16,9,16,4.3,3.3,15,0,68.4
I2142,U215,quiet_deepwork,P077,computer_lab_03,synthetic,test,5,4,4,4,4,3,4,3,4,5,study_room,coding,mostly_solo,1_2h,evening,1,1,1,1,1,0,1,1,0,1,1,computer_lab,coding,solo,2_4h,morning,weekday,19.0,clear,indoor,sometimes,4,3,3,3,2,3,4,4,4,4,20,12,12,12,16,16,6,12,4.5,7.1,20,0,66.0
I2143,U215,quiet_deepwork,P092,coworking_space_08,synthetic,test,5,4,4,4,4,3,4,3,4,5,study_room,coding,mostly_solo,1_2h,evening,1,1,1,1,1,0,1,1,0,1,1,coworking_space,report_writing,solo,1_2h,early_morning,weekday,10.7,rainy,indoor,sometimes,2,4,3,4,3,4,4,4,4,3,10,16,12,16,16,16,9,16,4.3,4.0,20,0,67.1
I2144,U215,quiet_deepwork,P028,study_room_10,synthetic,test,5,4,4,4,4,3,4,3,4,5,study_room,coding,mostly_solo,1_2h,evening,1,1,1,1,1,0,1,1,0,1,1,study_room,deep_study,solo,2_4h,afternoon,weekday,13.8,clear,indoor,rarely,4,4,3,3,4,4,5,5,4,3,20,16,12,12,20,16,12,16,5.0,5.2,25,0.5,66.8
I2145,U215,quiet_deepwork,P011,library_11,synthetic,test,5,4,4,4,4,3,4,3,4,5,study_room,coding,mostly_solo,1_2h,evening,1,1,1,1,1,0,1,1,0,1,1,library,coding,solo,under_1h,afternoon,weekday,15.4,clear,indoor,sometimes,5,4,4,4,2,4,4,4,4,3,25,16,16,16,16,16,6,16,4.5,5.8,20,0.5,74.0
I2146,U215,quiet_deepwork,P026,study_room_08,synthetic,test,5,4,4,4,4,3,4,3,4,5,study_room,coding,mostly_solo,1_2h,evening,1,1,1,1,1,0,1,1,0,1,1,study_room,coding,solo,2_4h,evening,weekday,19.3,clear,indoor,rarely,4,5,4,4,5,4,4,4,4,3,20,20,16,16,16,16,15,16,4.5,7.2,20,1,79.6
I2147,U215,quiet_deepwork,P074,classroom_12,synthetic,test,5,4,4,4,4,3,4,3,4,5,study_room,coding,mostly_solo,1_2h,evening,1,1,1,1,1,0,1,1,0,1,1,classroom,meeting,5_plus,2_4h,early_morning,weekend,14.2,hot,indoor,sometimes,3,4,3,3,2,3,3,3,3,3,15,16,12,12,12,12,6,12,1.0,5.3,9,0,55.9
I2148,U215,quiet_deepwork,P026,study_room_08,synthetic,test,5,4,4,4,4,3,4,3,4,5,study_room,coding,mostly_solo,1_2h,evening,1,1,1,1,1,0,1,1,0,1,1,study_room,coding,solo,2_4h,early_morning,weekend,14.4,rainy,indoor,first_time,4,5,4,4,5,4,4,5,4,3,20,20,16,16,16,16,15,16,4.5,5.4,25,0,75.5
I2149,U215,quiet_deepwork,P010,library_10,synthetic,test,5,4,4,4,4,3,4,3,4,5,study_room,coding,mostly_solo,1_2h,evening,1,1,1,1,1,0,1,1,0,1,1,library,deep_study,2,2_4h,evening,weekday,5.4,rainy,indoor,sometimes,5,5,4,4,3,4,4,5,4,5,25,20,16,16,16,16,9,16,5.0,2.0,25,1,76.0
I2150,U215,quiet_deepwork,P011,library_11,synthetic,test,5,4,4,4,4,3,4,3,4,5,study_room,coding,mostly_solo,1_2h,evening,1,1,1,1,1,0,1,1,0,1,1,library,coding,solo,1_2h,evening,weekend,12.0,clear,indoor,sometimes,5,4,4,4,2,4,4,4,4,3,25,16,16,16,16,16,6,16,4.5,4.5,20,1,80.1
I2151,U216,balanced,P100,dorm_lounge_04,synthetic,train,3,4,3,4,4,4,4,3,4,4,classroom,light_reading,mostly_solo,2_4h,morning,0,0,1,1,1,1,0,1,1,1,1,dorm_lounge,team_project,5_plus,2_4h,morning,weekend,8.8,rainy,indoor,sometimes,3,4,2,3,3,4,3,3,4,4,9,16,6,12,12,16,9,16,1.0,4.4,9,1,58.8
I2152,U216,balanced,P088,coworking_space_04,synthetic,train,3,4,3,4,4,4,4,3,4,4,classroom,light_reading,mostly_solo,2_4h,morning,0,0,1,1,1,1,0,1,1,1,1,coworking_space,coding,solo,over_4h,afternoon,weekday,16.8,hot,indoor,often,3,4,3,3,4,4,4,4,5,4,9,16,9,12,16,20,12,16,3.6,8.4,16,0.5,57.6
I2153,U216,balanced,P023,study_room_05,synthetic,train,3,4,3,4,4,4,4,3,4,4,classroom,light_reading,mostly_solo,2_4h,morning,0,0,1,1,1,1,0,1,1,1,1,study_room,online_class,2,1_2h,evening,weekday,13.7,rainy,indoor,first_time,5,4,3,4,4,4,3,5,4,4,15,16,9,16,12,16,12,16,2.6,6.8,15,0,60.3
I2154,U216,balanced,P030,study_room_12,synthetic,train,3,4,3,4,4,4,4,3,4,4,classroom,light_reading,mostly_solo,2_4h,morning,0,0,1,1,1,1,0,1,1,1,1,study_room,report_writing,solo,under_1h,afternoon,weekday,9.8,clear,indoor,sometimes,5,4,3,4,3,3,4,4,4,4,15,16,9,16,16,16,9,12,3.4,4.9,16,0.5,72.7
I2155,U216,balanced,P022,study_room_04,synthetic,train,3,4,3,4,4,4,4,3,4,4,classroom,light_reading,mostly_solo,2_4h,morning,0,0,1,1,1,1,0,1,1,1,1,study_room,deep_study,2,over_4h,morning,weekday,9.0,clear,indoor,first_time,4,5,3,4,5,3,4,4,4,4,12,20,9,16,16,16,15,12,4.0,4.5,16,1,64.0
I2156,U216,balanced,P046,cafe_10,synthetic,train,3,4,3,4,4,4,4,3,4,4,classroom,light_reading,mostly_solo,2_4h,morning,0,0,1,1,1,1,0,1,1,1,1,cafe,coding,solo,2_4h,afternoon,weekday,9.1,rainy,indoor,sometimes,3,4,2,3,2,4,3,3,3,3,9,16,6,12,12,12,6,16,3.6,4.5,12,0.5,53.0
I2157,U216,balanced,P040,cafe_04,synthetic,train,3,4,3,4,4,4,4,3,4,4,classroom,light_reading,mostly_solo,2_4h,morning,0,0,1,1,1,1,0,1,1,1,1,cafe,report_writing,solo,2_4h,evening,weekend,9.9,cloudy,indoor,first_time,3,4,2,3,3,4,3,4,4,3,9,16,6,12,12,16,9,16,3.4,5.0,16,0,61.8
I2158,U216,balanced,P017,library_17,synthetic,train,3,4,3,4,4,4,4,3,4,4,classroom,light_reading,mostly_solo,2_4h,morning,0,0,1,1,1,1,0,1,1,1,1,library,deep_study,solo,under_1h,evening,weekday,6.2,clear,indoor,often,5,4,4,5,3,3,4,5,5,4,15,16,12,20,16,20,9,12,4.0,3.1,20,0,74.6
I2159,U216,balanced,P059,home_05,synthetic,train,3,4,3,4,4,4,4,3,4,4,classroom,light_reading,mostly_solo,2_4h,morning,0,0,1,1,1,1,0,1,1,1,1,home,coding,2,1_2h,evening,weekday,13.0,rainy,indoor,often,4,5,5,4,5,4,4,4,5,5,12,20,15,16,16,20,15,16,3.6,6.5,16,0,59.9
I2160,U216,balanced,P082,computer_lab_08,synthetic,train,3,4,3,4,4,4,4,3,4,4,classroom,light_reading,mostly_solo,2_4h,morning,0,0,1,1,1,1,0,1,1,1,1,computer_lab,report_writing,solo,under_1h,morning,weekend,2.0,clear,indoor,sometimes,3,4,4,4,3,3,5,4,3,3,9,16,12,16,20,12,9,12,3.4,1.0,16,1,68.7
I2161,U217,comfort_oriented,P106,dorm_lounge_10,synthetic,train,4,5,3,4,5,4,5,4,5,4,library,coding,mostly_solo,1_2h,afternoon,1,0,1,1,1,1,1,1,1,1,1,dorm_lounge,coding,2,1_2h,evening,weekend,8.8,cloudy,indoor,often,3,3,2,3,3,4,3,3,3,3,12,15,6,12,15,15,12,20,3.6,4.4,12,0.5,60.9
I2162,U217,comfort_oriented,P031,study_room_13,synthetic,train,4,5,3,4,5,4,5,4,5,4,library,coding,mostly_solo,1_2h,afternoon,1,0,1,1,1,1,1,1,1,1,1,study_room,online_class,solo,over_4h,late_night,weekday,1.2,cold,indoor,sometimes,5,4,4,4,4,4,4,4,5,4,20,20,12,16,20,25,16,20,2.6,0.6,12,0,79.3
I2163,U217,comfort_oriented,P024,study_room_06,synthetic,train,4,5,3,4,5,4,5,4,5,4,library,coding,mostly_solo,1_2h,afternoon,1,0,1,1,1,1,1,1,1,1,1,study_room,report_writing,solo,2_4h,early_morning,weekday,4.2,clear,indoor,often,4,4,3,4,3,4,4,5,4,3,16,20,9,16,20,20,12,20,3.4,2.1,20,0,67.9
I2164,U217,comfort_oriented,P003,library_03,synthetic,train,4,5,3,4,5,4,5,4,5,4,library,coding,mostly_solo,1_2h,afternoon,1,0,1,1,1,1,1,1,1,1,1,library,light_reading,solo,1_2h,evening,weekend,3.2,cloudy,indoor,often,5,3,4,5,3,3,4,5,4,4,20,15,12,20,20,20,12,15,1.8,1.6,15,0.5,92.2
I2165,U217,comfort_oriented,P061,home_07,synthetic,train,4,5,3,4,5,4,5,4,5,4,library,coding,mostly_solo,1_2h,afternoon,1,0,1,1,1,1,1,1,1,1,1,home,light_reading,solo,under_1h,morning,weekend,14.7,clear,indoor,first_time,4,4,4,4,4,4,4,4,4,5,16,20,12,16,20,20,16,20,1.8,7.4,12,0.5,71.2
I2166,U217,comfort_oriented,P012,library_12,synthetic,train,4,5,3,4,5,4,5,4,5,4,library,coding,mostly_solo,1_2h,afternoon,1,0,1,1,1,1,1,1,1,1,1,library,light_reading,solo,2_4h,morning,weekend,1.0,hot,indoor,sometimes,5,4,4,4,3,3,3,5,5,4,20,20,12,16,15,25,12,15,1.8,0.5,15,0.5,76.5
I2167,U217,comfort_oriented,P062,home_08,synthetic,train,4,5,3,4,5,4,5,4,5,4,library,coding,mostly_solo,1_2h,afternoon,1,0,1,1,1,1,1,1,1,1,1,home,coding,solo,under_1h,evening,weekday,7.2,cloudy,indoor,often,4,3,4,4,4,5,5,5,4,5,16,15,12,16,25,20,16,25,3.6,3.6,20,0.5,77.0
I2168,U217,comfort_oriented,P116,outdoor_08,synthetic,train,4,5,3,4,5,4,5,4,5,4,library,coding,mostly_solo,1_2h,afternoon,1,0,1,1,1,1,1,1,1,1,1,outdoor,online_class,solo,2_4h,morning,weekend,9.3,cloudy,outdoor,often,3,5,3,3,2,2,1,1,3,3,12,25,9,12,5,15,8,10,2.6,4.6,3,0.5,54.9
I2169,U217,comfort_oriented,P045,cafe_09,synthetic,train,4,5,3,4,5,4,5,4,5,4,library,coding,mostly_solo,1_2h,afternoon,1,0,1,1,1,1,1,1,1,1,1,cafe,report_writing,3_4,over_4h,morning,weekend,5.4,cloudy,indoor,often,2,3,2,2,3,3,3,3,3,3,8,15,6,8,15,15,12,15,3.4,2.7,12,0.5,56.2
I2170,U217,comfort_oriented,P002,library_02,synthetic,train,4,5,3,4,5,4,5,4,5,4,library,coding,mostly_solo,1_2h,afternoon,1,0,1,1,1,1,1,1,1,1,1,library,deep_study,solo,2_4h,evening,weekday,14.0,rainy,indoor,first_time,5,5,4,4,2,3,4,4,4,4,20,25,12,16,20,20,8,15,4.0,7.0,16,0.5,80.4
I2171,U218,quiet_deepwork,P015,library_15,synthetic,test,5,4,5,5,4,4,4,3,5,5,library,deep_study,mostly_solo,1_2h,morning,1,1,1,1,1,1,1,1,1,1,1,library,online_class,solo,2_4h,evening,weekday,12.1,clear,indoor,rarely,4,4,4,5,2,4,3,4,4,4,20,16,20,25,12,16,6,20,3.3,6.0,12,0,71.3
I2172,U218,quiet_deepwork,P023,study_room_05,synthetic,test,5,4,5,5,4,4,4,3,5,5,library,deep_study,mostly_solo,1_2h,morning,1,1,1,1,1,1,1,1,1,1,1,study_room,deep_study,solo,2_4h,early_morning,weekend,15.8,rainy,indoor,first_time,5,4,3,4,4,4,3,4,4,4,25,16,15,20,12,16,12,20,5.0,7.9,20,0.5,68.2
I2173,U218,quiet_deepwork,P081,computer_lab_07,synthetic,test,5,4,5,5,4,4,4,3,5,5,library,deep_study,mostly_solo,1_2h,morning,1,1,1,1,1,1,1,1,1,1,1,computer_lab,coding,solo,2_4h,morning,weekend,12.9,cold,indoor,rarely,4,4,2,3,3,3,4,5,4,3,20,16,10,15,16,16,9,15,4.5,6.5,25,1,66.1
I2174,U218,quiet_deepwork,P002,library_02,synthetic,test,5,4,5,5,4,4,4,3,5,5,library,deep_study,mostly_solo,1_2h,morning,1,1,1,1,1,1,1,1,1,1,1,library,report_writing,solo,2_4h,morning,weekend,18.3,cloudy,indoor,first_time,5,5,4,4,2,3,4,5,4,4,25,20,20,20,16,16,6,15,4.3,9.1,25,1,72.8
I2175,U218,quiet_deepwork,P007,library_07,synthetic,test,5,4,5,5,4,4,4,3,5,5,library,deep_study,mostly_solo,1_2h,morning,1,1,1,1,1,1,1,1,1,1,1,library,coding,solo,2_4h,afternoon,weekend,11.7,clear,indoor,first_time,5,4,3,4,3,3,4,4,4,4,25,16,15,20,16,16,9,15,4.5,5.9,20,0.5,89.9
I2176,U218,quiet_deepwork,P001,library_01,synthetic,test,5,4,5,5,4,4,4,3,5,5,library,deep_study,mostly_solo,1_2h,morning,1,1,1,1,1,1,1,1,1,1,1,library,online_class,solo,1_2h,morning,weekend,7.4,cloudy,indoor,sometimes,5,4,4,5,2,3,4,3,4,4,25,16,20,25,16,16,6,15,3.3,3.7,9,1,79.0
I2177,U218,quiet_deepwork,P034,study_room_16,synthetic,test,5,4,5,5,4,4,4,3,5,5,library,deep_study,mostly_solo,1_2h,morning,1,1,1,1,1,1,1,1,1,1,1,study_room,online_class,2,2_4h,morning,weekend,7.2,clear,indoor,first_time,4,4,4,4,4,3,4,4,5,3,20,16,20,20,16,20,12,15,3.3,3.6,12,1,66.0
I2178,U218,quiet_deepwork,P075,computer_lab_01,synthetic,test,5,4,5,5,4,4,4,3,5,5,library,deep_study,mostly_solo,1_2h,morning,1,1,1,1,1,1,1,1,1,1,1,computer_lab,coding,solo,2_4h,morning,weekday,8.3,clear,indoor,often,3,3,3,4,3,4,5,5,3,3,15,12,15,20,20,12,9,20,4.5,4.2,25,1,68.6
I2179,U218,quiet_deepwork,P027,study_room_09,synthetic,test,5,4,5,5,4,4,4,3,5,5,library,deep_study,mostly_solo,1_2h,morning,1,1,1,1,1,1,1,1,1,1,1,study_room,report_writing,solo,1_2h,evening,weekend,9.7,cloudy,indoor,often,5,3,3,4,4,3,3,4,3,3,25,12,15,20,12,12,12,15,4.3,4.9,20,0,86.5
I2180,U218,quiet_deepwork,P051,cafe_15,synthetic,test,5,4,5,5,4,4,4,3,5,5,library,deep_study,mostly_solo,1_2h,morning,1,1,1,1,1,1,1,1,1,1,1,cafe,online_class,3_4,1_2h,afternoon,weekend,14.5,cloudy,indoor,often,3,4,2,3,3,4,3,3,4,3,15,16,10,15,12,16,9,20,3.3,7.3,9,0.5,68.2
I2181,U219,comfort_oriented,P036,study_room_18,synthetic,train,4,4,4,3,4,3,5,5,5,4,classroom,meeting,mostly_solo,2_4h,early_morning,1,1,0,1,1,0,1,1,0,1,0,study_room,deep_study,solo,2_4h,early_morning,weekday,14.0,hot,indoor,often,5,4,4,4,4,4,5,5,4,4,20,16,16,12,20,20,20,20,4.0,5.2,20,1,86.2
I2182,U219,comfort_oriented,P031,study_room_13,synthetic,train,4,4,4,3,4,3,5,5,5,4,classroom,meeting,mostly_solo,2_4h,early_morning,1,1,0,1,1,0,1,1,0,1,0,study_room,report_writing,solo,2_4h,afternoon,weekday,1.0,rainy,indoor,first_time,5,4,4,4,4,4,4,4,5,4,20,16,16,12,16,25,20,20,3.4,0.4,16,0,86.6
I2183,U219,comfort_oriented,P019,study_room_01,synthetic,train,4,4,4,3,4,3,5,5,5,4,classroom,meeting,mostly_solo,2_4h,early_morning,1,1,0,1,1,0,1,1,0,1,0,study_room,report_writing,solo,2_4h,early_morning,weekend,13.4,rainy,indoor,sometimes,4,3,4,4,3,4,4,5,4,4,16,12,16,12,16,20,15,20,3.4,5.0,20,1,70.8
I2184,U219,comfort_oriented,P042,cafe_06,synthetic,train,4,4,4,3,4,3,5,5,5,4,classroom,meeting,mostly_solo,2_4h,early_morning,1,1,0,1,1,0,1,1,0,1,0,cafe,light_reading,solo,1_2h,evening,weekday,11.4,cloudy,indoor,often,3,4,2,3,2,4,3,3,4,3,12,16,8,9,12,20,10,20,1.8,4.3,9,0,76.0
I2185,U219,comfort_oriented,P024,study_room_06,synthetic,train,4,4,4,3,4,3,5,5,5,4,classroom,meeting,mostly_solo,2_4h,early_morning,1,1,0,1,1,0,1,1,0,1,0,study_room,report_writing,solo,2_4h,evening,weekend,5.8,clear,indoor,rarely,4,4,3,4,3,4,4,4,4,3,16,16,12,12,16,20,15,20,3.4,2.2,16,0,79.7
I2186,U219,comfort_oriented,P108,dorm_lounge_12,synthetic,train,4,4,4,3,4,3,5,5,5,4,classroom,meeting,mostly_solo,2_4h,early_morning,1,1,0,1,1,0,1,1,0,1,0,dorm_lounge,online_class,2,2_4h,early_morning,weekday,11.4,clear,indoor,sometimes,2,4,3,3,3,3,3,4,3,3,8,16,12,9,12,15,15,15,2.6,4.3,12,1,63.7
I2187,U219,comfort_oriented,P036,study_room_18,synthetic,train,4,4,4,3,4,3,5,5,5,4,classroom,meeting,mostly_solo,2_4h,early_morning,1,1,0,1,1,0,1,1,0,1,0,study_room,online_class,solo,under_1h,evening,weekend,5.7,clear,indoor,often,5,4,4,4,4,4,5,4,4,4,20,16,16,12,20,20,20,20,2.6,2.1,12,0,82.8
I2188,U219,comfort_oriented,P060,home_06,synthetic,train,4,4,4,3,4,3,5,5,5,4,classroom,meeting,mostly_solo,2_4h,early_morning,1,1,0,1,1,0,1,1,0,1,0,home,light_reading,solo,1_2h,afternoon,weekday,12.3,rainy,indoor,sometimes,4,3,5,5,4,5,5,5,4,5,16,12,20,15,20,20,20,25,1.8,4.6,15,0,81.8
I2189,U219,comfort_oriented,P018,library_18,synthetic,train,4,4,4,3,4,3,5,5,5,4,classroom,meeting,mostly_solo,2_4h,early_morning,1,1,0,1,1,0,1,1,0,1,0,library,light_reading,solo,under_1h,early_morning,weekend,10.8,hot,indoor,often,5,4,3,4,3,3,4,4,4,3,20,16,12,12,16,20,15,15,1.8,4.0,12,1,63.9
I2190,U219,comfort_oriented,P093,coworking_space_09,synthetic,train,4,4,4,3,4,3,5,5,5,4,classroom,meeting,mostly_solo,2_4h,early_morning,1,1,0,1,1,0,1,1,0,1,0,coworking_space,online_class,solo,2_4h,afternoon,weekday,11.7,clear,indoor,sometimes,3,4,2,3,4,4,4,4,4,3,12,16,8,9,16,20,20,20,2.6,4.4,12,0,60.7
I2191,U220,social_collaborative,P114,outdoor_06,synthetic,test,3,3,3,3,5,3,3,2,4,3,dorm_lounge,meeting,mostly_group,1_2h,evening,0,0,0,0,1,0,0,1,0,1,0,outdoor,meeting,3_4,1_2h,afternoon,weekend,10.2,clear,outdoor,first_time,3,4,3,3,2,2,1,2,3,3,9,12,9,9,5,9,4,8,0.6,3.8,6,0.5,54.3
I2192,U220,social_collaborative,P082,computer_lab_08,synthetic,test,3,3,3,3,5,3,3,2,4,3,dorm_lounge,meeting,mostly_group,1_2h,evening,0,0,0,0,1,0,0,1,0,1,0,computer_lab,online_class,solo,1_2h,afternoon,weekday,1.0,cloudy,indoor,sometimes,3,4,4,4,3,3,5,4,3,3,9,12,12,12,25,9,6,12,2.0,0.4,12,0.5,77.4
I2193,U220,social_collaborative,P080,computer_lab_06,synthetic,test,3,3,3,3,5,3,3,2,4,3,dorm_lounge,meeting,mostly_group,1_2h,evening,0,0,0,0,1,0,0,1,0,1,0,computer_lab,team_project,3_4,1_2h,afternoon,weekday,10.6,cold,indoor,sometimes,4,4,4,3,3,4,4,5,4,3,12,12,12,9,20,12,6,16,0.8,4.0,15,0.5,58.0
I2194,U220,social_collaborative,P077,computer_lab_03,synthetic,test,3,3,3,3,5,3,3,2,4,3,dorm_lounge,meeting,mostly_group,1_2h,evening,0,0,0,0,1,0,0,1,0,1,0,computer_lab,light_reading,solo,1_2h,evening,weekday,15.1,cloudy,indoor,first_time,4,3,3,3,2,3,4,3,4,4,12,9,9,9,20,12,4,12,1.4,5.7,9,1,45.9
I2195,U220,social_collaborative,P032,study_room_14,synthetic,test,3,3,3,3,5,3,3,2,4,3,dorm_lounge,meeting,mostly_group,1_2h,evening,0,0,0,0,1,0,0,1,0,1,0,study_room,meeting,3_4,2_4h,evening,weekend,16.8,clear,indoor,often,4,4,4,4,4,3,4,4,4,4,12,12,12,12,20,12,8,12,0.6,6.3,12,1,72.5
I2196,U220,social_collaborative,P031,study_room_13,synthetic,test,3,3,3,3,5,3,3,2,4,3,dorm_lounge,meeting,mostly_group,1_2h,evening,0,0,0,0,1,0,0,1,0,1,0,study_room,meeting,2,2_4h,afternoon,weekday,2.8,clear,indoor,sometimes,5,4,4,4,4,4,4,5,5,4,15,12,12,12,20,15,8,16,0.6,1.0,15,0.5,75.5
I2197,U220,social_collaborative,P092,coworking_space_08,synthetic,test,3,3,3,3,5,3,3,2,4,3,dorm_lounge,meeting,mostly_group,1_2h,evening,0,0,0,0,1,0,0,1,0,1,0,coworking_space,meeting,3_4,under_1h,morning,weekend,1.0,cloudy,indoor,rarely,2,4,3,4,3,4,4,5,4,3,6,12,9,12,20,12,6,16,0.6,0.4,15,0,65.8
I2198,U220,social_collaborative,P042,cafe_06,synthetic,test,3,3,3,3,5,3,3,2,4,3,dorm_lounge,meeting,mostly_group,1_2h,evening,0,0,0,0,1,0,0,1,0,1,0,cafe,meeting,3_4,2_4h,morning,weekday,11.0,hot,indoor,often,3,4,2,3,2,4,3,4,4,3,9,12,6,9,15,12,4,16,0.6,4.1,12,0,58.7
I2199,U220,social_collaborative,P086,coworking_space_02,synthetic,test,3,3,3,3,5,3,3,2,4,3,dorm_lounge,meeting,mostly_group,1_2h,evening,0,0,0,0,1,0,0,1,0,1,0,coworking_space,meeting,5_plus,1_2h,afternoon,weekend,16.8,clear,indoor,first_time,3,4,4,4,5,3,4,5,4,4,9,12,12,12,20,12,10,12,0.6,6.3,15,0.5,56.2
I2200,U220,social_collaborative,P099,dorm_lounge_03,synthetic,test,3,3,3,3,5,3,3,2,4,3,dorm_lounge,meeting,mostly_group,1_2h,evening,0,0,0,0,1,0,0,1,0,1,0,dorm_lounge,deep_study,solo,2_4h,late_night,weekend,10.7,rainy,indoor,rarely,4,4,3,3,3,3,4,3,3,3,12,12,9,9,20,9,6,12,3.0,4.0,9,0.5,60.3
I2201,U221,social_collaborative,P089,coworking_space_05,synthetic,train,3,4,2,2,4,4,3,3,5,2,study_room,team_project,mostly_group,1_2h,morning,0,0,0,0,1,1,0,1,1,1,0,coworking_space,meeting,2,1_2h,evening,weekend,19.9,cloudy,indoor,often,3,5,4,3,4,4,5,5,4,3,9,20,8,6,20,12,12,20,0.4,10.0,15,0,62.9
I2202,U221,social_collaborative,P069,classroom_07,synthetic,train,3,4,2,2,4,4,3,3,5,2,study_room,team_project,mostly_group,1_2h,morning,0,0,0,0,1,1,0,1,1,1,0,classroom,team_project,3_4,over_4h,afternoon,weekday,14.5,clear,indoor,often,3,4,3,3,3,3,3,3,3,4,9,16,6,6,12,9,9,15,0.5,7.2,9,0.5,52.9
I2203,U221,social_collaborative,P039,cafe_03,synthetic,train,3,4,2,2,4,4,3,3,5,2,study_room,team_project,mostly_group,1_2h,morning,0,0,0,0,1,1,0,1,1,1,0,cafe,team_project,5_plus,1_2h,morning,weekday,13.3,cloudy,indoor,often,3,4,2,3,2,4,3,4,4,4,9,16,4,6,12,12,6,20,0.5,6.6,12,1,56.8
I2204,U221,social_collaborative,P033,study_room_15,synthetic,train,3,4,2,2,4,4,3,3,5,2,study_room,team_project,mostly_group,1_2h,morning,0,0,0,0,1,1,0,1,1,1,0,study_room,deep_study,solo,over_4h,afternoon,weekday,1.0,clear,indoor,sometimes,5,3,4,3,4,4,4,4,5,4,15,12,8,6,16,15,12,20,2.0,0.5,8,0.5,63.2
I2205,U221,social_collaborative,P029,study_room_11,synthetic,train,3,4,2,2,4,4,3,3,5,2,study_room,team_project,mostly_group,1_2h,morning,0,0,0,0,1,1,0,1,1,1,0,study_room,team_project,5_plus,1_2h,evening,weekday,13.8,clear,indoor,often,4,4,3,4,2,4,4,4,4,3,12,16,6,8,16,12,6,20,0.5,6.9,12,0,44.3
I2206,U221,social_collaborative,P026,study_room_08,synthetic,train,3,4,2,2,4,4,3,3,5,2,study_room,team_project,mostly_group,1_2h,morning,0,0,0,0,1,1,0,1,1,1,0,study_room,online_class,solo,1_2h,morning,weekend,13.7,clear,indoor,sometimes,4,5,4,4,5,4,4,4,4,3,12,20,8,8,16,12,15,20,1.3,6.9,12,1,56.1
I2207,U221,social_collaborative,P020,study_room_02,synthetic,train,3,4,2,2,4,4,3,3,5,2,study_room,team_project,mostly_group,1_2h,morning,0,0,0,0,1,1,0,1,1,1,0,study_room,meeting,5_plus,under_1h,morning,weekend,6.3,cloudy,indoor,first_time,4,4,4,5,3,4,4,4,4,4,12,16,8,10,16,12,9,20,0.4,3.2,12,1,64.8
I2208,U221,social_collaborative,P021,study_room_03,synthetic,train,3,4,2,2,4,4,3,3,5,2,study_room,team_project,mostly_group,1_2h,morning,0,0,0,0,1,1,0,1,1,1,0,study_room,team_project,3_4,under_1h,early_morning,weekday,15.7,rainy,indoor,sometimes,5,4,4,4,3,4,4,4,4,2,15,16,8,8,16,12,9,20,0.5,7.9,12,0.5,74.6
I2209,U221,social_collaborative,P023,study_room_05,synthetic,train,3,4,2,2,4,4,3,3,5,2,study_room,team_project,mostly_group,1_2h,morning,0,0,0,0,1,1,0,1,1,1,0,study_room,team_project,3_4,1_2h,morning,weekend,17.9,cloudy,indoor,sometimes,5,4,3,4,4,4,3,4,4,4,15,16,6,8,12,12,12,20,0.5,9.0,12,1,58.5
I2210,U221,social_collaborative,P115,outdoor_07,synthetic,train,3,4,2,2,4,4,3,3,5,2,study_room,team_project,mostly_group,1_2h,morning,0,0,0,0,1,1,0,1,1,1,0,outdoor,meeting,2,1_2h,afternoon,weekday,12.9,rainy,outdoor,first_time,3,4,3,3,1,3,1,2,2,3,9,16,6,6,4,6,3,15,0.4,6.5,6,0.5,23.0
I2211,U222,quiet_deepwork,P003,library_03,synthetic,train,5,4,4,4,4,3,5,3,4,5,home,coding,mostly_solo,1_2h,afternoon,1,1,1,1,1,0,1,1,0,1,1,library,coding,solo,2_4h,afternoon,weekday,1.0,cloudy,indoor,rarely,5,3,4,5,3,3,4,5,4,4,25,12,16,20,16,20,9,12,4.5,0.4,25,1,86.8
I2212,U222,quiet_deepwork,P021,study_room_03,synthetic,train,5,4,4,4,4,3,5,3,4,5,home,coding,mostly_solo,1_2h,afternoon,1,1,1,1,1,0,1,1,0,1,1,study_room,deep_study,solo,1_2h,afternoon,weekday,20.3,clear,indoor,sometimes,5,4,4,4,3,4,4,4,4,2,25,16,16,16,16,20,9,16,5.0,7.6,20,1,79.6
I2213,U222,quiet_deepwork,P082,computer_lab_08,synthetic,train,5,4,4,4,4,3,5,3,4,5,home,coding,mostly_solo,1_2h,afternoon,1,1,1,1,1,0,1,1,0,1,1,computer_lab,report_writing,solo,1_2h,afternoon,weekday,1.0,cloudy,indoor,rarely,3,4,4,4,3,3,5,4,3,3,15,16,16,16,20,15,9,12,4.3,0.4,20,1,76.3
I2214,U222,quiet_deepwork,P007,library_07,synthetic,train,5,4,4,4,4,3,5,3,4,5,home,coding,mostly_solo,1_2h,afternoon,1,1,1,1,1,0,1,1,0,1,1,library,coding,solo,2_4h,afternoon,weekday,15.2,clear,indoor,sometimes,5,4,3,4,3,3,4,5,4,4,25,16,12,16,16,20,9,12,4.5,5.7,25,1,68.8
I2215,U222,quiet_deepwork,P058,home_04,synthetic,train,5,4,4,4,4,3,5,3,4,5,home,coding,mostly_solo,1_2h,afternoon,1,1,1,1,1,0,1,1,0,1,1,home,coding,solo,2_4h,afternoon,weekday,19.9,cloudy,indoor,often,4,3,4,3,4,5,4,3,4,4,20,12,16,12,16,20,12,20,4.5,7.5,15,1,62.6
I2216,U222,quiet_deepwork,P102,dorm_lounge_06,synthetic,train,5,4,4,4,4,3,5,3,4,5,home,coding,mostly_solo,1_2h,afternoon,1,1,1,1,1,0,1,1,0,1,1,dorm_lounge,deep_study,solo,2_4h,afternoon,weekday,19.0,clear,indoor,often,3,3,3,3,3,3,4,3,4,4,15,12,12,12,16,20,9,12,5.0,7.1,15,1,63.6
I2217,U222,quiet_deepwork,P027,study_room_09,synthetic,train,5,4,4,4,4,3,5,3,4,5,home,coding,mostly_solo,1_2h,afternoon,1,1,1,1,1,0,1,1,0,1,1,study_room,team_project,3_4,under_1h,evening,weekday,5.8,cloudy,indoor,first_time,5,3,3,4,4,3,3,5,3,3,25,12,12,16,12,15,12,12,1.3,2.2,15,0.5,71.2
I2218,U222,quiet_deepwork,P036,study_room_18,synthetic,train,5,4,4,4,4,3,5,3,4,5,home,coding,mostly_solo,1_2h,afternoon,1,1,1,1,1,0,1,1,0,1,1,study_room,report_writing,solo,over_4h,morning,weekend,16.0,clear,indoor,first_time,5,4,4,4,4,4,5,4,4,4,25,16,16,16,20,20,12,16,4.3,6.0,20,0.5,76.1
I2219,U222,quiet_deepwork,P017,library_17,synthetic,train,5,4,4,4,4,3,5,3,4,5,home,coding,mostly_solo,1_2h,afternoon,1,1,1,1,1,0,1,1,0,1,1,library,deep_study,solo,2_4h,morning,weekday,12.2,cold,indoor,rarely,5,4,4,5,3,3,4,5,5,4,25,16,16,20,16,25,9,12,5.0,4.6,25,0.5,77.0
I2220,U222,quiet_deepwork,P024,study_room_06,synthetic,train,5,4,4,4,4,3,5,3,4,5,home,coding,mostly_solo,1_2h,afternoon,1,1,1,1,1,0,1,1,0,1,1,study_room,deep_study,solo,2_4h,afternoon,weekday,9.4,clear,indoor,sometimes,4,4,3,4,3,4,4,4,4,3,20,16,12,16,16,20,9,16,5.0,3.5,20,1,83.8
I2221,U223,social_collaborative,P092,coworking_space_08,synthetic,test,2,4,2,3,4,4,4,4,5,4,cafe,meeting,mostly_group,under_1h,afternoon,0,0,0,1,1,1,0,1,1,1,0,coworking_space,meeting,3_4,1_2h,afternoon,weekday,6.0,cloudy,indoor,rarely,2,4,3,4,3,4,4,4,4,3,4,16,6,12,16,16,12,20,0.8,3.0,12,1,70.8
I2222,U223,social_collaborative,P047,cafe_11,synthetic,test,2,4,2,3,4,4,4,4,5,4,cafe,meeting,mostly_group,under_1h,afternoon,0,0,0,1,1,1,0,1,1,1,0,cafe,team_project,2,under_1h,late_night,weekday,9.3,rainy,indoor,sometimes,3,4,3,3,2,4,3,5,4,3,6,16,6,9,12,16,8,20,1.0,4.7,15,0,53.1
I2223,U223,social_collaborative,P034,study_room_16,synthetic,test,2,4,2,3,4,4,4,4,5,4,cafe,meeting,mostly_group,under_1h,afternoon,0,0,0,1,1,1,0,1,1,1,0,study_room,team_project,3_4,1_2h,morning,weekend,6.2,cloudy,indoor,first_time,4,4,4,4,4,3,4,5,5,3,8,16,8,12,16,20,16,15,1.0,3.1,15,0.5,62.5
I2224,U223,social_collaborative,P049,cafe_13,synthetic,test,2,4,2,3,4,4,4,4,5,4,cafe,meeting,mostly_group,under_1h,afternoon,0,0,0,1,1,1,0,1,1,1,0,cafe,team_project,3_4,2_4h,evening,weekday,13.5,clear,indoor,often,3,4,2,3,3,3,2,5,4,2,6,16,4,9,8,16,12,15,1.0,6.7,15,0.5,60.2
I2225,U223,social_collaborative,P066,classroom_04,synthetic,test,2,4,2,3,4,4,4,4,5,4,cafe,meeting,mostly_group,under_1h,afternoon,0,0,0,1,1,1,0,1,1,1,0,classroom,coding,solo,2_4h,morning,weekday,9.7,clear,indoor,sometimes,3,4,4,3,3,3,4,4,3,4,6,16,8,9,16,12,12,15,3.6,4.9,16,0.5,66.0
I2226,U223,social_collaborative,P082,computer_lab_08,synthetic,test,2,4,2,3,4,4,4,4,5,4,cafe,meeting,mostly_group,under_1h,afternoon,0,0,0,1,1,1,0,1,1,1,0,computer_lab,light_reading,solo,1_2h,afternoon,weekday,4.1,clear,indoor,often,3,4,4,4,3,3,5,3,3,3,6,16,8,12,20,12,12,15,1.8,2.0,9,1,69.8
I2227,U223,social_collaborative,P008,library_08,synthetic,test,2,4,2,3,4,4,4,4,5,4,cafe,meeting,mostly_group,under_1h,afternoon,0,0,0,1,1,1,0,1,1,1,0,library,team_project,3_4,2_4h,evening,weekend,14.5,rainy,indoor,often,5,5,4,4,2,3,4,3,4,4,10,20,8,12,16,16,8,15,1.0,7.3,9,0.5,62.8
I2228,U223,social_collaborative,P036,study_room_18,synthetic,test,2,4,2,3,4,4,4,4,5,4,cafe,meeting,mostly_group,under_1h,afternoon,0,0,0,1,1,1,0,1,1,1,0,study_room,team_project,3_4,2_4h,afternoon,weekday,10.4,rainy,indoor,sometimes,5,4,4,4,4,4,5,5,4,4,10,16,8,12,20,16,16,20,1.0,5.2,15,1,67.4
I2229,U223,social_collaborative,P092,coworking_space_08,synthetic,test,2,4,2,3,4,4,4,4,5,4,cafe,meeting,mostly_group,under_1h,afternoon,0,0,0,1,1,1,0,1,1,1,0,coworking_space,team_project,2,2_4h,afternoon,weekday,6.9,clear,indoor,often,2,4,3,4,3,4,4,4,4,3,4,16,6,12,16,16,12,20,1.0,3.5,12,1,55.5
I2230,U223,social_collaborative,P073,classroom_11,synthetic,test,2,4,2,3,4,4,4,4,5,4,cafe,meeting,mostly_group,under_1h,afternoon,0,0,0,1,1,1,0,1,1,1,0,classroom,report_writing,solo,2_4h,evening,weekday,8.7,clear,indoor,sometimes,4,5,3,3,4,3,3,3,3,4,8,20,6,9,12,12,16,15,3.4,4.3,12,0.5,58.9
I2231,U224,balanced,P044,cafe_08,synthetic,train,4,3,4,3,4,4,5,4,4,5,classroom,coding,mostly_solo,2_4h,early_morning,1,1,0,1,1,1,1,1,1,1,0,cafe,coding,solo,over_4h,early_morning,weekday,17.1,cloudy,indoor,first_time,3,4,3,4,2,4,3,5,4,2,12,12,12,12,12,20,8,16,4.5,8.6,25,1,58.3
I2232,U224,balanced,P108,dorm_lounge_12,synthetic,train,4,3,4,3,4,4,5,4,4,5,classroom,coding,mostly_solo,2_4h,early_morning,1,1,0,1,1,1,1,1,1,1,0,dorm_lounge,online_class,solo,1_2h,afternoon,weekend,8.1,clear,indoor,rarely,2,4,3,3,3,3,3,3,3,3,8,12,12,9,12,15,12,12,3.3,4.0,9,0,52.1
I2233,U224,balanced,P058,home_04,synthetic,train,4,3,4,3,4,4,5,4,4,5,classroom,coding,mostly_solo,2_4h,early_morning,1,1,0,1,1,1,1,1,1,1,0,home,report_writing,solo,2_4h,morning,weekend,13.4,rainy,indoor,often,4,3,4,3,4,5,4,5,4,4,16,9,16,9,16,20,16,20,4.3,6.7,25,0.5,79.4
I2234,U224,balanced,P031,study_room_13,synthetic,train,4,3,4,3,4,4,5,4,4,5,classroom,coding,mostly_solo,2_4h,early_morning,1,1,0,1,1,1,1,1,1,1,0,study_room,coding,solo,1_2h,early_morning,weekend,1.0,clear,indoor,rarely,5,4,4,4,4,4,4,4,5,4,20,12,16,12,16,25,16,16,4.5,0.5,20,1,80.5
I2235,U224,balanced,P002,library_02,synthetic,train,4,3,4,3,4,4,5,4,4,5,classroom,coding,mostly_solo,2_4h,early_morning,1,1,0,1,1,1,1,1,1,1,0,library,deep_study,solo,2_4h,afternoon,weekday,11.9,cloudy,indoor,rarely,5,5,4,4,2,3,4,5,4,4,20,15,16,12,16,20,8,12,5.0,5.9,25,0,69.6
I2236,U224,balanced,P025,study_room_07,synthetic,train,4,3,4,3,4,4,5,4,4,5,classroom,coding,mostly_solo,2_4h,early_morning,1,1,0,1,1,1,1,1,1,1,0,study_room,report_writing,solo,2_4h,early_morning,weekday,3.5,cloudy,indoor,first_time,4,4,3,4,4,4,4,4,4,3,16,12,12,12,16,20,16,16,4.3,1.8,20,1,66.5
I2237,U224,balanced,P068,classroom_06,synthetic,train,4,3,4,3,4,4,5,4,4,5,classroom,coding,mostly_solo,2_4h,early_morning,1,1,0,1,1,1,1,1,1,1,0,classroom,deep_study,solo,over_4h,late_night,weekend,15.4,rainy,indoor,first_time,3,4,3,3,2,3,3,3,2,4,12,12,12,9,12,10,8,12,5.0,7.7,15,0,59.2
I2238,U224,balanced,P075,computer_lab_01,synthetic,train,4,3,4,3,4,4,5,4,4,5,classroom,coding,mostly_solo,2_4h,early_morning,1,1,0,1,1,1,1,1,1,1,0,computer_lab,deep_study,solo,1_2h,morning,weekday,7.3,rainy,indoor,often,3,3,3,4,3,4,5,4,3,3,12,9,12,12,20,15,12,16,5.0,3.6,20,0.5,71.9
I2239,U224,balanced,P055,home_01,synthetic,train,4,3,4,3,4,4,5,4,4,5,classroom,coding,mostly_solo,2_4h,early_morning,1,1,0,1,1,1,1,1,1,1,0,home,coding,solo,2_4h,afternoon,weekday,12.9,cloudy,indoor,rarely,4,3,5,4,4,5,5,5,4,5,16,9,20,12,20,20,16,20,4.5,6.5,25,0,79.8
I2240,U224,balanced,P027,study_room_09,synthetic,train,4,3,4,3,4,4,5,4,4,5,classroom,coding,mostly_solo,2_4h,early_morning,1,1,0,1,1,1,1,1,1,1,0,study_room,coding,solo,2_4h,evening,weekday,4.0,clear,indoor,sometimes,5,3,3,4,4,3,3,5,3,3,20,9,12,12,12,15,16,12,4.5,2.0,25,0,74.9
I2241,U225,social_collaborative,P030,study_room_12,synthetic,train,4,4,2,3,4,3,4,3,4,4,home,team_project,mostly_group,2_4h,afternoon,1,0,0,1,1,0,1,1,0,1,0,study_room,online_class,solo,1_2h,early_morning,weekday,13.0,clear,indoor,sometimes,5,4,3,4,3,3,4,4,4,4,20,16,6,12,16,16,9,12,2.6,4.9,12,0,59.5
I2242,U225,social_collaborative,P020,study_room_02,synthetic,train,4,4,2,3,4,3,4,3,4,4,home,team_project,mostly_group,2_4h,afternoon,1,0,0,1,1,0,1,1,0,1,0,study_room,team_project,5_plus,1_2h,morning,weekday,5.3,cloudy,indoor,often,4,4,4,5,3,4,4,5,4,4,16,16,8,15,16,16,9,16,1.0,2.0,15,0.5,80.1
I2243,U225,social_collaborative,P091,coworking_space_07,synthetic,train,4,4,2,3,4,3,4,3,4,4,home,team_project,mostly_group,2_4h,afternoon,1,0,0,1,1,0,1,1,0,1,0,coworking_space,team_project,2,under_1h,afternoon,weekend,15.9,clear,indoor,first_time,4,4,4,3,4,5,4,5,3,4,16,16,8,9,16,12,12,20,1.0,6.0,15,1,53.9
I2244,U225,social_collaborative,P084,computer_lab_10,synthetic,train,4,4,2,3,4,3,4,3,4,4,home,team_project,mostly_group,2_4h,afternoon,1,0,0,1,1,0,1,1,0,1,0,computer_lab,team_project,3_4,1_2h,afternoon,weekday,9.3,clear,indoor,sometimes,4,4,3,4,3,3,4,3,3,2,16,16,6,12,16,12,9,12,1.0,3.5,9,1,66.7
I2245,U225,social_collaborative,P083,computer_lab_09,synthetic,train,4,4,2,3,4,3,4,3,4,4,home,team_project,mostly_group,2_4h,afternoon,1,0,0,1,1,0,1,1,0,1,0,computer_lab,report_writing,solo,2_4h,morning,weekend,1.3,cold,indoor,sometimes,4,4,3,3,4,3,5,3,4,3,16,16,6,9,20,16,12,12,3.4,0.5,12,0.5,64.3
I2246,U225,social_collaborative,P031,study_room_13,synthetic,train,4,4,2,3,4,3,4,3,4,4,home,team_project,mostly_group,2_4h,afternoon,1,0,0,1,1,0,1,1,0,1,0,study_room,report_writing,solo,2_4h,late_night,weekend,6.0,clear,indoor,first_time,5,4,4,4,4,4,4,5,5,4,20,16,8,12,16,20,12,16,3.4,2.3,20,0,76.5
I2247,U225,social_collaborative,P024,study_room_06,synthetic,train,4,4,2,3,4,3,4,3,4,4,home,team_project,mostly_group,2_4h,afternoon,1,0,0,1,1,0,1,1,0,1,0,study_room,team_project,2,over_4h,late_night,weekday,7.6,cloudy,indoor,sometimes,4,4,3,4,3,4,4,5,4,3,16,16,6,12,16,16,9,16,1.0,2.9,15,0,68.9
I2248,U225,social_collaborative,P043,cafe_07,synthetic,train,4,4,2,3,4,3,4,3,4,4,home,team_project,mostly_group,2_4h,afternoon,1,0,0,1,1,0,1,1,0,1,0,cafe,report_writing,solo,over_4h,late_night,weekday,1.9,hot,indoor,rarely,2,5,3,3,2,4,3,4,3,3,8,20,6,9,12,12,6,16,3.4,0.7,16,0,61.1
I2249,U225,social_collaborative,P072,classroom_10,synthetic,train,4,4,2,3,4,3,4,3,4,4,home,team_project,mostly_group,2_4h,afternoon,1,0,0,1,1,0,1,1,0,1,0,classroom,light_reading,2,1_2h,afternoon,weekday,8.6,hot,indoor,rarely,3,3,4,3,3,3,4,4,3,3,12,12,8,9,16,12,9,12,1.8,3.2,12,1,48.4
I2250,U225,social_collaborative,P019,study_room_01,synthetic,train,4,4,2,3,4,3,4,3,4,4,home,team_project,mostly_group,2_4h,afternoon,1,0,0,1,1,0,1,1,0,1,0,study_room,team_project,3_4,under_1h,afternoon,weekday,8.6,rainy,indoor,first_time,4,3,4,4,3,4,4,4,4,4,16,12,8,12,16,16,9,16,1.0,3.2,12,1,67.9
I2251,U226,quiet_deepwork,P014,library_14,synthetic,train,4,4,4,4,4,3,5,4,4,5,home,light_reading,mostly_solo,1_2h,morning,1,1,1,1,1,0,1,1,0,1,1,library,report_writing,solo,1_2h,morning,weekday,6.7,rainy,indoor,sometimes,5,4,5,4,3,4,4,4,4,4,20,16,20,16,16,20,12,16,4.3,2.5,20,1,78.1
I2252,U226,quiet_deepwork,P009,library_09,synthetic,train,4,4,4,4,4,3,5,4,4,5,home,light_reading,mostly_solo,1_2h,morning,1,1,1,1,1,0,1,1,0,1,1,library,report_writing,solo,over_4h,morning,weekday,8.2,rainy,indoor,often,4,4,3,4,2,4,4,4,4,4,16,16,12,16,16,20,8,16,4.3,3.1,20,1,76.4
I2253,U226,quiet_deepwork,P015,library_15,synthetic,train,4,4,4,4,4,3,5,4,4,5,home,light_reading,mostly_solo,1_2h,morning,1,1,1,1,1,0,1,1,0,1,1,library,light_reading,solo,over_4h,morning,weekend,4.7,cloudy,indoor,often,4,4,4,5,2,4,3,5,4,4,16,16,16,20,12,20,8,16,2.3,1.8,15,1,75.9
I2254,U226,quiet_deepwork,P057,home_03,synthetic,train,4,4,4,4,4,3,5,4,4,5,home,light_reading,mostly_solo,1_2h,morning,1,1,1,1,1,0,1,1,0,1,1,home,deep_study,solo,2_4h,afternoon,weekday,4.4,clear,indoor,first_time,3,4,4,4,5,4,5,3,5,4,12,16,16,16,20,25,20,16,5.0,1.7,15,0.5,76.9
I2255,U226,quiet_deepwork,P030,study_room_12,synthetic,train,4,4,4,4,4,3,5,4,4,5,home,light_reading,mostly_solo,1_2h,morning,1,1,1,1,1,0,1,1,0,1,1,study_room,deep_study,2,1_2h,morning,weekday,9.8,hot,indoor,often,5,4,3,4,3,3,4,4,4,4,20,16,12,16,16,20,12,12,5.0,3.7,20,1,62.1
I2256,U226,quiet_deepwork,P025,study_room_07,synthetic,train,4,4,4,4,4,3,5,4,4,5,home,light_reading,mostly_solo,1_2h,morning,1,1,1,1,1,0,1,1,0,1,1,study_room,coding,solo,2_4h,evening,weekday,7.9,cloudy,indoor,sometimes,4,4,3,4,4,4,4,5,4,3,16,16,12,16,16,20,16,16,4.5,3.0,25,0,77.4
I2257,U226,quiet_deepwork,P102,dorm_lounge_06,synthetic,train,4,4,4,4,4,3,5,4,4,5,home,light_reading,mostly_solo,1_2h,morning,1,1,1,1,1,0,1,1,0,1,1,dorm_lounge,coding,3_4,2_4h,afternoon,weekday,20.6,rainy,indoor,rarely,3,3,3,3,3,3,4,4,4,4,12,12,12,12,16,20,12,12,4.5,7.7,20,0.5,57.2
I2258,U226,quiet_deepwork,P072,classroom_10,synthetic,train,4,4,4,4,4,3,5,4,4,5,home,light_reading,mostly_solo,1_2h,morning,1,1,1,1,1,0,1,1,0,1,1,classroom,online_class,2,under_1h,afternoon,weekday,11.1,clear,indoor,sometimes,3,3,4,3,3,3,4,4,3,3,12,12,16,12,16,15,12,12,3.3,4.2,12,0.5,71.8
I2259,U226,quiet_deepwork,P069,classroom_07,synthetic,train,4,4,4,4,4,3,5,4,4,5,home,light_reading,mostly_solo,1_2h,morning,1,1,1,1,1,0,1,1,0,1,1,classroom,report_writing,solo,2_4h,afternoon,weekday,17.0,clear,indoor,rarely,3,4,3,3,3,3,3,3,3,4,12,16,12,12,12,15,12,12,4.3,6.4,15,0.5,59.5
I2260,U226,quiet_deepwork,P049,cafe_13,synthetic,train,4,4,4,4,4,3,5,4,4,5,home,light_reading,mostly_solo,1_2h,morning,1,1,1,1,1,0,1,1,0,1,1,cafe,deep_study,solo,2_4h,morning,weekday,17.7,cloudy,indoor,often,3,4,2,3,3,3,2,4,4,2,12,16,8,12,8,20,12,12,5.0,6.6,20,1,62.4
I2261,U227,convenience_oriented,P013,library_13,synthetic,valid,3,4,4,3,4,5,4,3,3,4,library,deep_study,mostly_solo,2_4h,afternoon,0,1,0,1,1,1,0,1,1,0,0,library,team_project,3_4,1_2h,morning,weekday,1.0,hot,indoor,often,5,4,4,4,3,3,5,3,4,4,15,16,16,12,20,16,9,9,1.0,0.6,9,0.5,82.7
I2262,U227,convenience_oriented,P021,study_room_03,synthetic,valid,3,4,4,3,4,5,4,3,3,4,library,deep_study,mostly_solo,2_4h,afternoon,0,1,0,1,1,1,0,1,1,0,0,study_room,light_reading,solo,over_4h,afternoon,weekend,17.0,rainy,indoor,often,5,4,4,4,3,4,4,3,4,2,15,16,16,12,16,16,9,12,1.8,10.7,9,1,66.1
I2263,U227,convenience_oriented,P067,classroom_05,synthetic,valid,3,4,4,3,4,5,4,3,3,4,library,deep_study,mostly_solo,2_4h,afternoon,0,1,0,1,1,1,0,1,1,0,0,classroom,light_reading,solo,2_4h,morning,weekend,4.9,clear,indoor,often,3,4,3,3,3,2,3,3,3,3,9,16,12,9,12,12,9,6,1.8,3.1,9,0.5,60.6
I2264,U227,convenience_oriented,P011,library_11,synthetic,valid,3,4,4,3,4,5,4,3,3,4,library,deep_study,mostly_solo,2_4h,afternoon,0,1,0,1,1,1,0,1,1,0,0,library,light_reading,solo,2_4h,morning,weekday,11.1,clear,indoor,often,5,4,4,4,2,4,4,5,4,3,15,16,16,12,16,16,6,12,1.8,7.0,15,0.5,64.5
I2265,U227,convenience_oriented,P020,study_room_02,synthetic,valid,3,4,4,3,4,5,4,3,3,4,library,deep_study,mostly_solo,2_4h,afternoon,0,1,0,1,1,1,0,1,1,0,0,study_room,light_reading,2,1_2h,early_morning,weekday,7.1,cloudy,indoor,sometimes,4,4,4,5,3,4,4,4,4,4,12,16,16,15,16,16,9,12,1.8,4.4,12,0,66.5
I2266,U227,convenience_oriented,P061,home_07,synthetic,valid,3,4,4,3,4,5,4,3,3,4,library,deep_study,mostly_solo,2_4h,afternoon,0,1,0,1,1,1,0,1,1,0,0,home,online_class,3_4,1_2h,morning,weekday,11.3,cloudy,indoor,often,4,4,4,4,4,4,4,4,4,5,12,16,16,12,16,16,12,12,2.6,7.1,12,0.5,66.1
I2267,U227,convenience_oriented,P067,classroom_05,synthetic,valid,3,4,4,3,4,5,4,3,3,4,library,deep_study,mostly_solo,2_4h,afternoon,0,1,0,1,1,1,0,1,1,0,0,classroom,deep_study,2,2_4h,evening,weekday,4.5,cloudy,indoor,often,3,4,3,3,3,2,3,4,3,3,9,16,12,9,12,12,9,6,4.0,2.8,16,0.5,58.9
I2268,U227,convenience_oriented,P033,study_room_15,synthetic,valid,3,4,4,3,4,5,4,3,3,4,library,deep_study,mostly_solo,2_4h,afternoon,0,1,0,1,1,1,0,1,1,0,0,study_room,report_writing,solo,2_4h,evening,weekend,1.0,cloudy,indoor,rarely,5,3,4,3,4,4,4,4,5,4,15,12,16,9,16,20,12,12,3.4,0.6,16,0.5,68.7
I2269,U227,convenience_oriented,P103,dorm_lounge_07,synthetic,valid,3,4,4,3,4,5,4,3,3,4,library,deep_study,mostly_solo,2_4h,afternoon,0,1,0,1,1,1,0,1,1,0,0,dorm_lounge,light_reading,solo,2_4h,afternoon,weekday,19.2,cloudy,indoor,often,3,4,3,3,4,4,5,3,3,3,9,16,12,9,20,12,12,12,1.8,12.0,9,1,49.4
I2270,U227,convenience_oriented,P011,library_11,synthetic,valid,3,4,4,3,4,5,4,3,3,4,library,deep_study,mostly_solo,2_4h,afternoon,0,1,0,1,1,1,0,1,1,0,0,library,deep_study,solo,1_2h,evening,weekday,14.9,clear,indoor,often,5,4,4,4,2,4,4,5,4,3,15,16,16,12,16,16,6,12,4.0,9.3,20,0.5,62.3
I2271,U228,quiet_deepwork,P001,library_01,synthetic,train,5,3,5,5,3,3,4,2,3,4,dorm_lounge,coding,mostly_solo,1_2h,morning,1,1,1,1,0,0,1,0,0,0,1,library,deep_study,solo,over_4h,evening,weekday,11.9,clear,indoor,first_time,5,4,4,5,2,3,4,4,4,4,25,12,20,25,12,16,4,9,4.0,4.5,16,0,69.0
I2272,U228,quiet_deepwork,P014,library_14,synthetic,train,5,3,5,5,3,3,4,2,3,4,dorm_lounge,coding,mostly_solo,1_2h,morning,1,1,1,1,0,0,1,0,0,0,1,library,light_reading,solo,under_1h,afternoon,weekend,7.2,rainy,indoor,sometimes,5,4,5,4,3,4,4,5,4,4,25,12,25,20,12,16,6,12,1.8,2.7,15,0.5,80.4
I2273,U228,quiet_deepwork,P044,cafe_08,synthetic,train,5,3,5,5,3,3,4,2,3,4,dorm_lounge,coding,mostly_solo,1_2h,morning,1,1,1,1,0,0,1,0,0,0,1,cafe,coding,solo,2_4h,evening,weekend,12.8,cold,indoor,often,3,4,3,4,2,4,3,4,4,2,15,12,15,20,9,16,4,12,3.6,4.8,16,0,48.7
I2274,U228,quiet_deepwork,P055,home_01,synthetic,train,5,3,5,5,3,3,4,2,3,4,dorm_lounge,coding,mostly_solo,1_2h,morning,1,1,1,1,0,0,1,0,0,0,1,home,coding,solo,2_4h,late_night,weekday,7.6,cloudy,indoor,often,4,3,5,4,4,5,5,4,4,5,20,9,25,20,15,16,8,15,3.6,2.8,16,0,77.1
I2275,U228,quiet_deepwork,P092,coworking_space_08,synthetic,train,5,3,5,5,3,3,4,2,3,4,dorm_lounge,coding,mostly_solo,1_2h,morning,1,1,1,1,0,0,1,0,0,0,1,coworking_space,report_writing,solo,2_4h,afternoon,weekday,9.5,clear,indoor,often,2,4,3,4,3,4,4,4,4,3,10,12,15,20,12,16,6,12,3.4,3.6,16,0.5,75.2
I2276,U228,quiet_deepwork,P030,study_room_12,synthetic,train,5,3,5,5,3,3,4,2,3,4,dorm_lounge,coding,mostly_solo,1_2h,morning,1,1,1,1,0,0,1,0,0,0,1,study_room,light_reading,solo,1_2h,morning,weekend,13.9,cloudy,indoor,first_time,5,4,3,4,3,3,4,3,4,4,25,12,15,20,12,16,6,9,1.8,5.2,9,1,63.9
I2277,U228,quiet_deepwork,P109,outdoor_01,synthetic,train,5,3,5,5,3,3,4,2,3,4,dorm_lounge,coding,mostly_solo,1_2h,morning,1,1,1,1,0,0,1,0,0,0,1,outdoor,deep_study,5_plus,2_4h,morning,weekend,16.2,cloudy,outdoor,sometimes,2,5,3,3,2,3,1,1,3,3,10,15,15,15,3,12,4,9,4.0,6.1,4,1,51.7
I2278,U228,quiet_deepwork,P042,cafe_06,synthetic,train,5,3,5,5,3,3,4,2,3,4,dorm_lounge,coding,mostly_solo,1_2h,morning,1,1,1,1,0,0,1,0,0,0,1,cafe,team_project,3_4,1_2h,morning,weekend,12.6,cold,indoor,rarely,3,4,2,3,2,4,3,4,4,3,15,12,10,15,9,16,4,12,1.0,4.7,12,1,69.3
I2279,U228,quiet_deepwork,P032,study_room_14,synthetic,train,5,3,5,5,3,3,4,2,3,4,dorm_lounge,coding,mostly_solo,1_2h,morning,1,1,1,1,0,0,1,0,0,0,1,study_room,coding,solo,2_4h,evening,weekday,7.8,hot,indoor,first_time,4,4,4,4,4,3,4,4,4,4,20,12,20,20,12,16,8,9,3.6,2.9,16,0,65.3
I2280,U228,quiet_deepwork,P025,study_room_07,synthetic,train,5,3,5,5,3,3,4,2,3,4,dorm_lounge,coding,mostly_solo,1_2h,morning,1,1,1,1,0,0,1,0,0,0,1,study_room,coding,solo,2_4h,evening,weekend,2.1,cloudy,indoor,rarely,4,4,3,4,4,4,4,4,4,3,20,12,15,20,12,16,8,12,3.6,0.8,16,0,68.1
I2281,U229,balanced,P095,coworking_space_11,synthetic,train,5,4,4,3,3,4,4,4,5,4,library,report_writing,mostly_solo,2_4h,morning,1,1,0,1,0,1,1,0,1,1,0,coworking_space,coding,2,under_1h,afternoon,weekday,11.1,cloudy,indoor,sometimes,4,4,3,3,4,4,5,4,4,4,20,16,12,9,15,16,16,20,3.6,5.5,16,0.5,64.5
I2282,U229,balanced,P010,library_10,synthetic,train,5,4,4,3,3,4,4,4,5,4,library,report_writing,mostly_solo,2_4h,morning,1,1,0,1,0,1,1,0,1,1,0,library,coding,solo,2_4h,morning,weekday,8.8,cold,indoor,first_time,5,5,4,4,3,4,4,4,4,5,25,20,16,12,12,16,12,20,3.6,4.4,16,1,75.0
I2283,U229,balanced,P004,library_04,synthetic,train,5,4,4,3,3,4,4,4,5,4,library,report_writing,mostly_solo,2_4h,morning,1,1,0,1,0,1,1,0,1,1,0,library,coding,3_4,2_4h,late_night,weekday,1.9,cloudy,indoor,rarely,5,3,3,4,2,4,4,4,3,4,25,12,12,12,12,12,8,20,3.6,1.0,16,0,61.2
I2284,U229,balanced,P062,home_08,synthetic,train,5,4,4,3,3,4,4,4,5,4,library,report_writing,mostly_solo,2_4h,morning,1,1,0,1,0,1,1,0,1,1,0,home,online_class,solo,1_2h,morning,weekend,6.5,clear,indoor,sometimes,4,3,4,4,4,5,5,5,4,5,20,12,16,12,15,16,16,25,2.6,3.3,15,1,83.8
I2285,U229,balanced,P035,study_room_17,synthetic,train,5,4,4,3,3,4,4,4,5,4,library,report_writing,mostly_solo,2_4h,morning,1,1,0,1,0,1,1,0,1,1,0,study_room,light_reading,solo,2_4h,afternoon,weekday,6.4,clear,indoor,often,4,4,4,4,3,4,5,4,4,3,20,16,16,12,15,16,12,20,1.8,3.2,12,0.5,74.6
I2286,U229,balanced,P057,home_03,synthetic,train,5,4,4,3,3,4,4,4,5,4,library,report_writing,mostly_solo,2_4h,morning,1,1,0,1,0,1,1,0,1,1,0,home,online_class,solo,under_1h,evening,weekday,5.2,cloudy,indoor,sometimes,3,4,4,4,5,4,5,5,5,4,15,16,16,12,15,20,20,20,2.6,2.6,15,0,77.8
I2287,U229,balanced,P016,library_16,synthetic,train,5,4,4,3,3,4,4,4,5,4,library,report_writing,mostly_solo,2_4h,morning,1,1,0,1,0,1,1,0,1,1,0,library,online_class,solo,over_4h,morning,weekday,10.7,rainy,indoor,rarely,5,4,3,5,3,4,3,4,4,4,25,16,12,15,9,16,12,20,2.6,5.4,12,1,61.3
I2288,U229,balanced,P026,study_room_08,synthetic,train,5,4,4,3,3,4,4,4,5,4,library,report_writing,mostly_solo,2_4h,morning,1,1,0,1,0,1,1,0,1,1,0,study_room,report_writing,solo,over_4h,afternoon,weekend,18.2,cloudy,indoor,sometimes,4,5,4,4,5,4,4,4,4,3,20,20,16,12,12,16,20,20,3.4,9.1,16,0.5,71.5
I2289,U229,balanced,P035,study_room_17,synthetic,train,5,4,4,3,3,4,4,4,5,4,library,report_writing,mostly_solo,2_4h,morning,1,1,0,1,0,1,1,0,1,1,0,study_room,coding,solo,2_4h,afternoon,weekday,7.4,cloudy,indoor,sometimes,4,4,4,4,3,4,5,5,4,3,20,16,16,12,15,16,12,20,3.6,3.7,20,0.5,68.3
I2290,U229,balanced,P028,study_room_10,synthetic,train,5,4,4,3,3,4,4,4,5,4,library,report_writing,mostly_solo,2_4h,morning,1,1,0,1,0,1,1,0,1,1,0,study_room,team_project,3_4,1_2h,late_night,weekend,17.7,hot,indoor,rarely,4,4,3,3,4,4,5,5,4,3,20,16,12,9,15,16,16,20,1.0,8.8,15,0,54.3
I2291,U230,comfort_oriented,P014,library_14,synthetic,train,4,4,4,3,4,3,5,5,5,3,dorm_lounge,light_reading,mixed,1_2h,evening,1,1,0,1,1,0,1,1,0,1,0,library,deep_study,solo,2_4h,evening,weekday,5.0,clear,indoor,rarely,5,4,5,4,3,4,4,5,4,4,20,16,20,12,16,20,15,20,3.0,1.9,15,1,72.9
I2292,U230,comfort_oriented,P050,cafe_14,synthetic,train,4,4,4,3,4,3,5,5,5,3,dorm_lounge,light_reading,mixed,1_2h,evening,1,1,0,1,1,0,1,1,0,1,0,cafe,deep_study,solo,1_2h,afternoon,weekend,15.1,rainy,indoor,first_time,3,5,2,3,2,4,3,3,4,3,12,20,8,9,12,20,10,20,3.0,5.6,9,0.5,65.2
I2293,U230,comfort_oriented,P064,classroom_02,synthetic,train,4,4,4,3,4,3,5,5,5,3,dorm_lounge,light_reading,mixed,1_2h,evening,1,1,0,1,1,0,1,1,0,1,0,classroom,deep_study,solo,1_2h,morning,weekend,8.9,clear,indoor,first_time,4,4,3,3,3,3,3,4,3,3,16,16,12,9,12,15,15,15,3.0,3.3,12,0,66.2
I2294,U230,comfort_oriented,P118,outdoor_10,synthetic,train,4,4,4,3,4,3,5,5,5,3,dorm_lounge,light_reading,mixed,1_2h,evening,1,1,0,1,1,0,1,1,0,1,0,outdoor,report_writing,solo,2_4h,afternoon,weekday,9.7,cloudy,outdoor,often,3,5,3,3,3,3,2,2,3,3,12,20,12,9,8,15,15,15,2.6,3.6,6,0.5,58.6
I2295,U230,comfort_oriented,P078,computer_lab_04,synthetic,train,4,4,4,3,4,3,5,5,5,3,dorm_lounge,light_reading,mixed,1_2h,evening,1,1,0,1,1,0,1,1,0,1,0,computer_lab,light_reading,solo,1_2h,evening,weekday,8.7,clear,indoor,first_time,4,4,4,4,3,3,5,2,4,3,16,16,16,12,20,20,15,15,1.4,3.3,6,1,72.1
I2296,U230,comfort_oriented,P049,cafe_13,synthetic,train,4,4,4,3,4,3,5,5,5,3,dorm_lounge,light_reading,mixed,1_2h,evening,1,1,0,1,1,0,1,1,0,1,0,cafe,coding,solo,2_4h,evening,weekday,13.5,cloudy,indoor,often,3,4,2,3,3,3,2,3,4,2,12,16,8,9,8,20,15,15,2.7,5.0,9,1,65.8
I2297,U230,comfort_oriented,P074,classroom_12,synthetic,train,4,4,4,3,4,3,5,5,5,3,dorm_lounge,light_reading,mixed,1_2h,evening,1,1,0,1,1,0,1,1,0,1,0,classroom,report_writing,solo,over_4h,evening,weekday,11.6,cold,indoor,sometimes,3,4,3,3,2,3,3,4,3,3,12,16,12,9,12,15,10,15,2.6,4.3,12,1,62.7
I2298,U230,comfort_oriented,P018,library_18,synthetic,train,4,4,4,3,4,3,5,5,5,3,dorm_lounge,light_reading,mixed,1_2h,evening,1,1,0,1,1,0,1,1,0,1,0,library,coding,2,2_4h,afternoon,weekday,15.8,clear,indoor,rarely,5,4,3,4,3,3,4,4,4,3,20,16,12,12,16,20,15,15,2.7,5.9,12,0.5,68.0
I2299,U230,comfort_oriented,P044,cafe_08,synthetic,train,4,4,4,3,4,3,5,5,5,3,dorm_lounge,light_reading,mixed,1_2h,evening,1,1,0,1,1,0,1,1,0,1,0,cafe,light_reading,solo,1_2h,afternoon,weekday,16.5,rainy,indoor,sometimes,3,4,3,4,2,4,3,4,4,2,12,16,12,12,12,20,10,20,1.4,6.2,12,0.5,61.7
I2300,U230,comfort_oriented,P049,cafe_13,synthetic,train,4,4,4,3,4,3,5,5,5,3,dorm_lounge,light_reading,mixed,1_2h,evening,1,1,0,1,1,0,1,1,0,1,0,cafe,online_class,solo,over_4h,late_night,weekend,11.7,clear,indoor,sometimes,3,4,2,3,3,3,2,2,4,2,12,16,8,9,8,20,15,15,2.0,4.4,6,0.5,56.1
I2301,U231,social_collaborative,P010,library_10,synthetic,train,3,4,3,2,4,3,4,2,4,4,study_room,team_project,mostly_group,2_4h,afternoon,0,0,0,1,1,0,0,1,0,1,0,library,meeting,3_4,2_4h,afternoon,weekday,4.3,hot,indoor,sometimes,5,5,4,4,3,4,4,3,4,5,15,20,12,8,16,16,6,16,0.8,1.6,9,1,76.7
I2302,U231,social_collaborative,P104,dorm_lounge_08,synthetic,train,3,4,3,2,4,3,4,2,4,4,study_room,team_project,mostly_group,2_4h,afternoon,0,0,0,1,1,0,0,1,0,1,0,dorm_lounge,online_class,solo,1_2h,afternoon,weekday,15.7,cold,indoor,sometimes,3,4,3,3,4,4,4,3,4,3,9,16,9,6,16,16,8,16,2.6,5.9,9,1,62.5
I2303,U231,social_collaborative,P036,study_room_18,synthetic,train,3,4,3,2,4,3,4,2,4,4,study_room,team_project,mostly_group,2_4h,afternoon,0,0,0,1,1,0,0,1,0,1,0,study_room,report_writing,solo,2_4h,afternoon,weekday,12.1,clear,indoor,sometimes,5,4,4,4,4,4,5,3,4,4,15,16,12,8,20,16,8,16,3.4,4.5,12,1,74.8
I2304,U231,social_collaborative,P038,cafe_02,synthetic,train,3,4,3,2,4,3,4,2,4,4,study_room,team_project,mostly_group,2_4h,afternoon,0,0,0,1,1,0,0,1,0,1,0,cafe,light_reading,solo,1_2h,afternoon,weekday,20.7,clear,indoor,sometimes,2,4,3,2,2,4,3,5,3,3,6,16,9,4,12,12,4,16,1.8,7.8,15,1,39.6
I2305,U231,social_collaborative,P095,coworking_space_11,synthetic,train,3,4,3,2,4,3,4,2,4,4,study_room,team_project,mostly_group,2_4h,afternoon,0,0,0,1,1,0,0,1,0,1,0,coworking_space,report_writing,solo,2_4h,morning,weekday,13.5,clear,indoor,sometimes,4,4,3,3,4,4,5,4,4,4,12,16,9,6,20,16,8,16,3.4,5.1,16,0.5,68.1
I2306,U231,social_collaborative,P004,library_04,synthetic,train,3,4,3,2,4,3,4,2,4,4,study_room,team_project,mostly_group,2_4h,afternoon,0,0,0,1,1,0,0,1,0,1,0,library,meeting,3_4,2_4h,late_night,weekday,1.0,hot,indoor,rarely,5,3,3,4,2,4,4,3,3,4,15,12,9,8,16,12,4,16,0.8,0.4,9,0,63.3
I2307,U231,social_collaborative,P063,classroom_01,synthetic,train,3,4,3,2,4,3,4,2,4,4,study_room,team_project,mostly_group,2_4h,afternoon,0,0,0,1,1,0,0,1,0,1,0,classroom,team_project,2,over_4h,evening,weekend,13.6,rainy,indoor,often,3,4,3,3,2,3,3,4,3,3,9,16,9,6,12,12,4,12,1.0,5.1,12,0.5,46.8
I2308,U231,social_collaborative,P031,study_room_13,synthetic,train,3,4,3,2,4,3,4,2,4,4,study_room,team_project,mostly_group,2_4h,afternoon,0,0,0,1,1,0,0,1,0,1,0,study_room,light_reading,solo,1_2h,evening,weekend,1.0,cold,indoor,sometimes,5,4,4,4,4,4,4,4,5,4,15,16,12,8,16,20,8,16,1.8,0.4,12,0.5,61.0
I2309,U231,social_collaborative,P009,library_09,synthetic,train,3,4,3,2,4,3,4,2,4,4,study_room,team_project,mostly_group,2_4h,afternoon,0,0,0,1,1,0,0,1,0,1,0,library,meeting,2,1_2h,afternoon,weekend,7.5,clear,indoor,sometimes,4,4,3,4,2,4,4,3,4,4,12,16,9,8,16,16,4,16,0.8,2.8,9,1,63.3
I2310,U231,social_collaborative,P011,library_11,synthetic,train,3,4,3,2,4,3,4,2,4,4,study_room,team_project,mostly_group,2_4h,afternoon,0,0,0,1,1,0,0,1,0,1,0,library,light_reading,solo,2_4h,afternoon,weekend,11.3,clear,indoor,sometimes,5,4,4,4,2,4,4,4,4,3,15,16,12,8,16,16,4,16,1.8,4.2,12,1,57.6
I2311,U232,convenience_oriented,P039,cafe_03,synthetic,train,4,4,4,4,5,5,4,3,3,4,library,online_class,mostly_solo,1_2h,afternoon,1,1,1,1,1,1,1,1,1,0,1,cafe,light_reading,solo,2_4h,morning,weekday,16.6,cloudy,indoor,rarely,3,4,2,3,2,4,3,5,4,4,12,16,8,12,15,16,6,12,1.8,10.4,15,0.5,44.6
I2312,U232,convenience_oriented,P019,study_room_01,synthetic,train,4,4,4,4,5,5,4,3,3,4,library,online_class,mostly_solo,1_2h,afternoon,1,1,1,1,1,1,1,1,1,0,1,study_room,deep_study,solo,under_1h,afternoon,weekday,11.7,cloudy,indoor,sometimes,4,3,4,4,3,4,4,5,4,4,16,12,16,16,20,16,9,12,4.0,7.3,20,1,63.7
I2313,U232,convenience_oriented,P087,coworking_space_03,synthetic,train,4,4,4,4,5,5,4,3,3,4,library,online_class,mostly_solo,1_2h,afternoon,1,1,1,1,1,1,1,1,1,0,1,coworking_space,report_writing,solo,over_4h,afternoon,weekend,11.1,clear,indoor,sometimes,4,4,3,2,5,4,4,4,4,4,16,16,12,8,20,16,15,12,3.4,6.9,16,1,70.5
I2314,U232,convenience_oriented,P058,home_04,synthetic,train,4,4,4,4,5,5,4,3,3,4,library,online_class,mostly_solo,1_2h,afternoon,1,1,1,1,1,1,1,1,1,0,1,home,coding,solo,over_4h,afternoon,weekday,18.0,clear,indoor,sometimes,4,3,4,3,4,5,4,5,4,4,16,12,16,12,20,16,12,15,3.6,11.3,20,1,76.3
I2315,U232,convenience_oriented,P032,study_room_14,synthetic,train,4,4,4,4,5,5,4,3,3,4,library,online_class,mostly_solo,1_2h,afternoon,1,1,1,1,1,1,1,1,1,0,1,study_room,deep_study,solo,over_4h,late_night,weekday,15.3,clear,indoor,rarely,4,4,4,4,4,3,4,5,4,4,16,16,16,16,20,16,12,9,4.0,9.6,20,0,63.3
I2316,U232,convenience_oriented,P061,home_07,synthetic,train,4,4,4,4,5,5,4,3,3,4,library,online_class,mostly_solo,1_2h,afternoon,1,1,1,1,1,1,1,1,1,0,1,home,coding,2,2_4h,morning,weekend,11.4,cold,indoor,sometimes,4,4,4,4,4,4,4,4,4,5,16,16,16,16,20,16,12,12,3.6,7.1,16,0.5,67.1
I2317,U232,convenience_oriented,P017,library_17,synthetic,train,4,4,4,4,5,5,4,3,3,4,library,online_class,mostly_solo,1_2h,afternoon,1,1,1,1,1,1,1,1,1,0,1,library,online_class,solo,1_2h,evening,weekday,11.9,clear,indoor,rarely,5,4,4,5,3,3,4,3,5,4,20,16,16,20,20,20,9,9,2.6,7.5,9,0.5,59.7
I2318,U232,convenience_oriented,P102,dorm_lounge_06,synthetic,train,4,4,4,4,5,5,4,3,3,4,library,online_class,mostly_solo,1_2h,afternoon,1,1,1,1,1,1,1,1,1,0,1,dorm_lounge,team_project,2,1_2h,afternoon,weekday,16.3,clear,indoor,often,3,3,3,3,3,3,4,4,4,4,12,12,12,12,20,16,9,9,1.0,10.2,12,1,59.7
I2319,U232,convenience_oriented,P071,classroom_09,synthetic,train,4,4,4,4,5,5,4,3,3,4,library,online_class,mostly_solo,1_2h,afternoon,1,1,1,1,1,1,1,1,1,0,1,classroom,report_writing,solo,2_4h,afternoon,weekday,8.9,clear,indoor,sometimes,3,3,3,3,3,3,3,3,3,4,12,12,12,12,15,12,9,9,3.4,5.6,12,1,61.6
I2320,U232,convenience_oriented,P073,classroom_11,synthetic,train,4,4,4,4,5,5,4,3,3,4,library,online_class,mostly_solo,1_2h,afternoon,1,1,1,1,1,1,1,1,1,0,1,classroom,meeting,5_plus,2_4h,evening,weekend,7.9,cloudy,indoor,often,4,5,3,3,4,3,3,3,3,4,16,20,12,12,15,12,12,9,0.8,4.9,9,0.5,77.0
I2321,U233,quiet_deepwork,P024,study_room_06,synthetic,train,5,4,5,4,5,4,4,3,4,5,study_room,report_writing,mostly_solo,1_2h,afternoon,1,1,1,1,1,1,1,1,1,1,1,study_room,report_writing,solo,under_1h,afternoon,weekend,4.6,cloudy,indoor,sometimes,4,4,3,4,3,4,4,5,4,3,20,16,15,16,20,16,9,16,4.3,2.3,25,1,84.3
I2322,U233,quiet_deepwork,P006,library_06,synthetic,train,5,4,5,4,5,4,4,3,4,5,study_room,report_writing,mostly_solo,1_2h,afternoon,1,1,1,1,1,1,1,1,1,1,1,library,report_writing,3_4,2_4h,afternoon,weekday,8.5,clear,indoor,rarely,4,4,4,5,2,3,4,4,5,4,20,16,20,20,20,20,6,12,4.3,4.2,20,1,82.2
I2323,U233,quiet_deepwork,P076,computer_lab_02,synthetic,train,5,4,5,4,5,4,4,3,4,5,study_room,report_writing,mostly_solo,1_2h,afternoon,1,1,1,1,1,1,1,1,1,1,1,computer_lab,online_class,solo,2_4h,early_morning,weekend,13.0,cloudy,indoor,often,3,5,3,4,4,3,4,4,3,4,15,20,15,16,20,12,12,12,3.3,6.5,12,0,63.0
I2324,U233,quiet_deepwork,P023,study_room_05,synthetic,train,5,4,5,4,5,4,4,3,4,5,study_room,report_writing,mostly_solo,1_2h,afternoon,1,1,1,1,1,1,1,1,1,1,1,study_room,deep_study,solo,2_4h,afternoon,weekend,19.7,rainy,indoor,sometimes,5,4,3,4,4,4,3,5,4,4,25,16,15,16,15,16,12,16,5.0,9.9,25,1,71.5
I2325,U233,quiet_deepwork,P115,outdoor_07,synthetic,train,5,4,5,4,5,4,4,3,4,5,study_room,report_writing,mostly_solo,1_2h,afternoon,1,1,1,1,1,1,1,1,1,1,1,outdoor,online_class,solo,1_2h,morning,weekday,11.7,rainy,outdoor,sometimes,3,4,3,3,1,3,1,2,2,3,15,16,15,12,5,8,3,12,3.3,5.9,6,0.5,56.2
I2326,U233,quiet_deepwork,P011,library_11,synthetic,train,5,4,5,4,5,4,4,3,4,5,study_room,report_writing,mostly_solo,1_2h,afternoon,1,1,1,1,1,1,1,1,1,1,1,library,deep_study,solo,over_4h,late_night,weekday,18.0,cloudy,indoor,sometimes,5,4,4,4,2,4,4,5,4,3,25,16,20,16,20,16,6,16,5.0,9.0,25,0,69.0
I2327,U233,quiet_deepwork,P012,library_12,synthetic,train,5,4,5,4,5,4,4,3,4,5,study_room,report_writing,mostly_solo,1_2h,afternoon,1,1,1,1,1,1,1,1,1,1,1,library,report_writing,solo,2_4h,evening,weekday,11.6,clear,indoor,often,5,4,4,4,3,3,3,5,5,4,25,16,20,16,15,20,9,12,4.3,5.8,25,0.5,86.3
I2328,U233,quiet_deepwork,P085,coworking_space_01,synthetic,train,5,4,5,4,5,4,4,3,4,5,study_room,report_writing,mostly_solo,1_2h,afternoon,1,1,1,1,1,1,1,1,1,1,1,coworking_space,coding,2,1_2h,evening,weekend,6.1,cold,indoor,rarely,3,5,2,3,4,3,4,3,4,3,15,20,10,12,20,16,12,12,4.5,3.0,15,0.5,50.6
I2329,U233,quiet_deepwork,P092,coworking_space_08,synthetic,train,5,4,5,4,5,4,4,3,4,5,study_room,report_writing,mostly_solo,1_2h,afternoon,1,1,1,1,1,1,1,1,1,1,1,coworking_space,coding,solo,2_4h,afternoon,weekday,4.7,clear,indoor,rarely,2,4,3,4,3,4,4,4,4,3,10,16,15,16,20,16,9,16,4.5,2.3,20,1,64.3
I2330,U233,quiet_deepwork,P061,home_07,synthetic,train,5,4,5,4,5,4,4,3,4,5,study_room,report_writing,mostly_solo,1_2h,afternoon,1,1,1,1,1,1,1,1,1,1,1,home,online_class,solo,1_2h,morning,weekday,13.2,clear,indoor,often,4,4,4,4,4,4,4,5,4,5,20,16,20,16,20,16,12,16,3.3,6.6,15,0.5,80.0
I2331,U234,comfort_oriented,P012,library_12,synthetic,train,4,4,4,3,4,4,4,4,5,4,study_room,report_writing,mostly_solo,1_2h,late_night,1,1,0,1,1,1,1,1,1,1,0,library,light_reading,solo,2_4h,afternoon,weekday,5.4,hot,indoor,rarely,5,4,4,4,3,3,3,4,5,4,20,16,16,12,12,20,12,15,1.8,2.7,12,0,67.1
I2332,U234,comfort_oriented,P067,classroom_05,synthetic,train,4,4,4,3,4,4,4,4,5,4,study_room,report_writing,mostly_solo,1_2h,late_night,1,1,0,1,1,1,1,1,1,1,0,classroom,light_reading,solo,1_2h,morning,weekday,12.4,clear,indoor,rarely,3,4,3,3,3,2,3,2,3,3,12,16,12,9,12,12,12,10,1.8,6.2,6,0,47.3
I2333,U234,comfort_oriented,P031,study_room_13,synthetic,train,4,4,4,3,4,4,4,4,5,4,study_room,report_writing,mostly_solo,1_2h,late_night,1,1,0,1,1,1,1,1,1,1,0,study_room,online_class,solo,1_2h,late_night,weekday,1.0,rainy,indoor,sometimes,5,4,4,4,4,4,4,3,5,4,20,16,16,12,16,20,16,20,2.6,0.5,9,1,76.7
I2334,U234,comfort_oriented,P013,library_13,synthetic,train,4,4,4,3,4,4,4,4,5,4,study_room,report_writing,mostly_solo,1_2h,late_night,1,1,0,1,1,1,1,1,1,1,0,library,report_writing,solo,1_2h,morning,weekend,4.9,cloudy,indoor,first_time,5,4,4,4,3,3,5,5,4,4,20,16,16,12,20,16,12,15,3.4,2.5,20,0,77.8
I2335,U234,comfort_oriented,P030,study_room_12,synthetic,train,4,4,4,3,4,4,4,4,5,4,study_room,report_writing,mostly_solo,1_2h,late_night,1,1,0,1,1,1,1,1,1,1,0,study_room,report_writing,solo,over_4h,evening,weekend,14.0,cold,indoor,sometimes,5,4,3,4,3,3,4,4,4,4,20,16,12,12,16,16,12,15,3.4,7.0,16,0.5,68.1
I2336,U234,comfort_oriented,P059,home_05,synthetic,train,4,4,4,3,4,4,4,4,5,4,study_room,report_writing,mostly_solo,1_2h,late_night,1,1,0,1,1,1,1,1,1,1,0,home,coding,solo,1_2h,late_night,weekday,13.5,clear,indoor,sometimes,4,5,5,4,5,4,4,4,5,5,16,20,20,12,16,20,20,20,3.6,6.7,16,1,73.0
I2337,U234,comfort_oriented,P074,classroom_12,synthetic,train,4,4,4,3,4,4,4,4,5,4,study_room,report_writing,mostly_solo,1_2h,late_night,1,1,0,1,1,1,1,1,1,1,0,classroom,team_project,5_plus,2_4h,late_night,weekend,12.5,clear,indoor,sometimes,3,4,3,3,2,3,3,4,3,3,12,16,12,9,12,12,8,15,1.0,6.2,12,1,63.2
I2338,U234,comfort_oriented,P062,home_08,synthetic,train,4,4,4,3,4,4,4,4,5,4,study_room,report_writing,mostly_solo,1_2h,late_night,1,1,0,1,1,1,1,1,1,1,0,home,coding,2,2_4h,morning,weekday,6.6,hot,indoor,rarely,4,3,4,4,4,5,5,4,4,5,16,12,16,12,20,16,16,25,3.6,3.3,16,0,75.7
I2339,U234,comfort_oriented,P030,study_room_12,synthetic,train,4,4,4,3,4,4,4,4,5,4,study_room,report_writing,mostly_solo,1_2h,late_night,1,1,0,1,1,1,1,1,1,1,0,study_room,online_class,solo,under_1h,late_night,weekday,17.4,rainy,indoor,rarely,5,4,3,4,3,3,4,3,4,4,20,16,12,12,16,16,12,15,2.6,8.7,9,1,58.4
I2340,U234,comfort_oriented,P092,coworking_space_08,synthetic,train,4,4,4,3,4,4,4,4,5,4,study_room,report_writing,mostly_solo,1_2h,late_night,1,1,0,1,1,1,1,1,1,1,0,coworking_space,deep_study,3_4,1_2h,late_night,weekday,8.5,rainy,indoor,sometimes,2,4,3,4,3,4,4,3,4,3,8,16,12,12,16,16,12,20,4.0,4.2,12,1,60.0
I2341,U235,social_collaborative,P052,cafe_16,synthetic,test,4,4,3,3,4,3,3,4,4,3,cafe,light_reading,mostly_group,over_4h,evening,1,0,0,0,1,0,1,1,0,1,0,cafe,light_reading,solo,under_1h,evening,weekend,20.1,rainy,indoor,first_time,3,5,3,2,2,3,3,4,4,3,12,20,9,6,12,12,8,12,1.4,7.5,12,1,48.0
I2342,U235,social_collaborative,P006,library_06,synthetic,test,4,4,3,3,4,3,3,4,4,3,cafe,light_reading,mostly_group,over_4h,evening,1,0,0,0,1,0,1,1,0,1,0,library,report_writing,solo,1_2h,morning,weekend,8.8,clear,indoor,sometimes,4,4,4,5,2,3,4,4,5,4,16,16,12,15,16,15,8,12,2.6,3.3,12,0,63.0
I2343,U235,social_collaborative,P080,computer_lab_06,synthetic,test,4,4,3,3,4,3,3,4,4,3,cafe,light_reading,mostly_group,over_4h,evening,1,0,0,0,1,0,1,1,0,1,0,computer_lab,team_project,3_4,1_2h,evening,weekday,10.6,cloudy,indoor,rarely,4,4,4,3,3,4,4,4,4,3,16,16,12,9,16,12,12,16,0.8,4.0,12,1,68.1
I2344,U235,social_collaborative,P050,cafe_14,synthetic,test,4,4,3,3,4,3,3,4,4,3,cafe,light_reading,mostly_group,over_4h,evening,1,0,0,0,1,0,1,1,0,1,0,cafe,meeting,3_4,2_4h,late_night,weekday,12.4,cold,indoor,often,3,5,2,3,2,4,3,4,4,3,12,20,6,9,12,12,8,16,0.6,4.6,12,0.5,63.8
I2345,U235,social_collaborative,P094,coworking_space_10,synthetic,test,4,4,3,3,4,3,3,4,4,3,cafe,light_reading,mostly_group,over_4h,evening,1,0,0,0,1,0,1,1,0,1,0,coworking_space,coding,2,over_4h,late_night,weekday,7.6,clear,indoor,rarely,3,5,3,4,3,4,3,4,4,4,12,20,9,12,12,12,12,16,2.7,2.9,12,0.5,61.0
I2346,U235,social_collaborative,P033,study_room_15,synthetic,test,4,4,3,3,4,3,3,4,4,3,cafe,light_reading,mostly_group,over_4h,evening,1,0,0,0,1,0,1,1,0,1,0,study_room,team_project,3_4,1_2h,evening,weekday,1.4,clear,indoor,sometimes,5,3,4,3,4,4,4,5,5,4,20,12,12,9,16,15,16,16,0.8,0.5,15,1,71.0
I2347,U235,social_collaborative,P049,cafe_13,synthetic,test,4,4,3,3,4,3,3,4,4,3,cafe,light_reading,mostly_group,over_4h,evening,1,0,0,0,1,0,1,1,0,1,0,cafe,coding,2,2_4h,evening,weekday,13.4,clear,indoor,rarely,3,4,2,3,3,3,2,3,4,2,12,16,6,9,8,12,12,12,2.7,5.0,9,1,40.3
I2348,U235,social_collaborative,P069,classroom_07,synthetic,test,4,4,3,3,4,3,3,4,4,3,cafe,light_reading,mostly_group,over_4h,evening,1,0,0,0,1,0,1,1,0,1,0,classroom,team_project,5_plus,1_2h,evening,weekday,19.7,cloudy,indoor,first_time,3,4,3,3,3,3,3,4,3,4,12,16,9,9,12,9,12,12,0.8,7.4,12,1,59.7
I2349,U235,social_collaborative,P067,classroom_05,synthetic,test,4,4,3,3,4,3,3,4,4,3,cafe,light_reading,mostly_group,over_4h,evening,1,0,0,0,1,0,1,1,0,1,0,classroom,online_class,solo,under_1h,evening,weekend,5.5,clear,indoor,sometimes,3,4,3,3,3,2,3,4,3,3,12,16,9,9,12,9,12,8,2.0,2.0,12,1,62.9
I2350,U235,social_collaborative,P068,classroom_06,synthetic,test,4,4,3,3,4,3,3,4,4,3,cafe,light_reading,mostly_group,over_4h,evening,1,0,0,0,1,0,1,1,0,1,0,classroom,team_project,3_4,1_2h,evening,weekday,11.4,cloudy,indoor,first_time,3,4,3,3,2,3,3,4,2,4,12,16,9,9,12,6,8,12,0.8,4.3,12,1,55.8
I2351,U236,comfort_oriented,P080,computer_lab_06,synthetic,train,5,4,4,4,4,4,4,4,4,4,study_room,online_class,mostly_solo,1_2h,evening,1,1,1,1,1,1,1,1,1,1,1,computer_lab,team_project,2,under_1h,afternoon,weekday,4.5,cloudy,indoor,rarely,4,4,4,3,3,4,4,4,4,3,20,16,16,12,16,16,12,16,1.0,2.2,12,0.5,74.9
I2352,U236,comfort_oriented,P085,coworking_space_01,synthetic,train,5,4,4,4,4,4,4,4,4,4,study_room,online_class,mostly_solo,1_2h,evening,1,1,1,1,1,1,1,1,1,1,1,coworking_space,report_writing,solo,1_2h,late_night,weekday,3.3,cloudy,indoor,often,3,5,2,3,4,3,4,4,4,3,15,20,8,12,16,16,16,12,3.4,1.7,16,0.5,68.0
I2353,U236,comfort_oriented,P009,library_09,synthetic,train,5,4,4,4,4,4,4,4,4,4,study_room,online_class,mostly_solo,1_2h,evening,1,1,1,1,1,1,1,1,1,1,1,library,coding,solo,2_4h,afternoon,weekday,7.3,hot,indoor,first_time,4,4,3,4,2,4,4,5,4,4,20,16,12,16,16,16,8,16,3.6,3.6,20,0.5,76.5
I2354,U236,comfort_oriented,P030,study_room_12,synthetic,train,5,4,4,4,4,4,4,4,4,4,study_room,online_class,mostly_solo,1_2h,evening,1,1,1,1,1,1,1,1,1,1,1,study_room,report_writing,solo,over_4h,evening,weekday,6.8,hot,indoor,often,5,4,3,4,3,3,4,4,4,4,25,16,12,16,16,16,12,12,3.4,3.4,16,1,84.0
I2355,U236,comfort_oriented,P043,cafe_07,synthetic,train,5,4,4,4,4,4,4,4,4,4,study_room,online_class,mostly_solo,1_2h,evening,1,1,1,1,1,1,1,1,1,1,1,cafe,team_project,3_4,over_4h,morning,weekday,5.0,cloudy,indoor,sometimes,2,5,3,3,2,4,3,4,3,3,10,20,12,12,12,12,8,16,1.0,2.5,12,0,64.8
I2356,U236,comfort_oriented,P024,study_room_06,synthetic,train,5,4,4,4,4,4,4,4,4,4,study_room,online_class,mostly_solo,1_2h,evening,1,1,1,1,1,1,1,1,1,1,1,study_room,team_project,5_plus,1_2h,evening,weekday,5.0,clear,indoor,sometimes,4,4,3,4,3,4,4,4,4,3,20,16,12,16,16,16,12,16,1.0,2.5,12,1,78.9
I2357,U236,comfort_oriented,P103,dorm_lounge_07,synthetic,train,5,4,4,4,4,4,4,4,4,4,study_room,online_class,mostly_solo,1_2h,evening,1,1,1,1,1,1,1,1,1,1,1,dorm_lounge,online_class,2,1_2h,afternoon,weekday,21.1,hot,indoor,first_time,3,4,3,3,4,4,5,3,3,3,15,16,12,12,20,12,16,16,2.6,10.5,9,0.5,52.6
I2358,U236,comfort_oriented,P085,coworking_space_01,synthetic,train,5,4,4,4,4,4,4,4,4,4,study_room,online_class,mostly_solo,1_2h,evening,1,1,1,1,1,1,1,1,1,1,1,coworking_space,report_writing,2,1_2h,afternoon,weekend,6.8,rainy,indoor,first_time,3,5,2,3,4,3,4,4,4,3,15,20,8,12,16,16,16,12,3.4,3.4,16,0.5,69.9
I2359,U236,comfort_oriented,P086,coworking_space_02,synthetic,train,5,4,4,4,4,4,4,4,4,4,study_room,online_class,mostly_solo,1_2h,evening,1,1,1,1,1,1,1,1,1,1,1,coworking_space,team_project,3_4,2_4h,evening,weekday,15.0,hot,indoor,often,3,4,4,4,5,3,4,4,4,4,15,16,16,16,16,16,20,12,1.0,7.5,12,1,74.2
I2360,U236,comfort_oriented,P089,coworking_space_05,synthetic,train,5,4,4,4,4,4,4,4,4,4,study_room,online_class,mostly_solo,1_2h,evening,1,1,1,1,1,1,1,1,1,1,1,coworking_space,team_project,5_plus,1_2h,evening,weekday,16.0,clear,indoor,often,3,5,4,3,4,4,5,4,4,3,15,20,16,12,20,16,16,16,1.0,8.0,12,1,66.1
I2361,U237,quiet_deepwork,P057,home_03,synthetic,test,4,4,5,4,4,4,4,4,4,5,study_room,deep_study,mostly_solo,over_4h,evening,1,1,1,1,1,1,1,1,1,1,1,home,report_writing,solo,1_2h,evening,weekday,10.0,cloudy,indoor,sometimes,3,4,4,4,5,4,5,4,5,4,12,16,20,16,20,20,20,16,4.3,5.0,20,1,73.6
I2362,U237,quiet_deepwork,P014,library_14,synthetic,test,4,4,5,4,4,4,4,4,4,5,study_room,deep_study,mostly_solo,over_4h,evening,1,1,1,1,1,1,1,1,1,1,1,library,deep_study,2,under_1h,morning,weekday,9.4,cloudy,indoor,often,5,4,5,4,3,4,4,4,4,4,20,16,25,16,16,16,12,16,5.0,4.7,20,0,73.2
I2363,U237,quiet_deepwork,P056,home_02,synthetic,test,4,4,5,4,4,4,4,4,4,5,study_room,deep_study,mostly_solo,over_4h,evening,1,1,1,1,1,1,1,1,1,1,1,home,deep_study,solo,2_4h,evening,weekend,6.9,clear,indoor,rarely,4,3,5,4,5,4,5,4,5,5,16,12,25,16,20,20,20,16,5.0,3.4,20,1,87.4
I2364,U237,quiet_deepwork,P083,computer_lab_09,synthetic,test,4,4,5,4,4,4,4,4,4,5,study_room,deep_study,mostly_solo,over_4h,evening,1,1,1,1,1,1,1,1,1,1,1,computer_lab,report_writing,solo,1_2h,afternoon,weekday,4.2,clear,indoor,rarely,4,4,3,3,4,3,5,4,4,3,16,16,15,12,20,16,16,12,4.3,2.1,20,0.5,62.3
I2365,U237,quiet_deepwork,P006,library_06,synthetic,test,4,4,5,4,4,4,4,4,4,5,study_room,deep_study,mostly_solo,over_4h,evening,1,1,1,1,1,1,1,1,1,1,1,library,deep_study,solo,2_4h,afternoon,weekday,13.6,cloudy,indoor,first_time,4,4,4,5,2,3,4,5,5,4,16,16,20,20,16,20,8,12,5.0,6.8,25,0.5,67.7
I2366,U237,quiet_deepwork,P080,computer_lab_06,synthetic,test,4,4,5,4,4,4,4,4,4,5,study_room,deep_study,mostly_solo,over_4h,evening,1,1,1,1,1,1,1,1,1,1,1,computer_lab,coding,solo,2_4h,evening,weekend,3.4,rainy,indoor,first_time,4,4,4,3,3,4,4,5,4,3,16,16,20,12,16,16,12,16,4.5,1.7,25,1,76.1
I2367,U237,quiet_deepwork,P066,classroom_04,synthetic,test,4,4,5,4,4,4,4,4,4,5,study_room,deep_study,mostly_solo,over_4h,evening,1,1,1,1,1,1,1,1,1,1,1,classroom,team_project,3_4,2_4h,evening,weekend,10.5,clear,indoor,rarely,3,4,4,3,3,3,4,4,3,4,12,16,20,12,16,12,12,12,1.3,5.2,12,1,82.8
I2368,U237,quiet_deepwork,P079,computer_lab_05,synthetic,test,4,4,5,4,4,4,4,4,4,5,study_room,deep_study,mostly_solo,over_4h,evening,1,1,1,1,1,1,1,1,1,1,1,computer_lab,deep_study,solo,2_4h,early_morning,weekday,7.4,rainy,indoor,sometimes,4,4,3,3,3,4,5,4,4,3,16,16,15,12,20,16,12,16,5.0,3.7,20,0,80.1
I2369,U237,quiet_deepwork,P083,computer_lab_09,synthetic,test,4,4,5,4,4,4,4,4,4,5,study_room,deep_study,mostly_solo,over_4h,evening,1,1,1,1,1,1,1,1,1,1,1,computer_lab,report_writing,2,1_2h,evening,weekend,1.0,clear,indoor,sometimes,4,4,3,3,4,3,5,3,4,3,16,16,15,12,20,16,16,12,4.3,0.5,15,1,53.7
I2370,U237,quiet_deepwork,P063,classroom_01,synthetic,test,4,4,5,4,4,4,4,4,4,5,study_room,deep_study,mostly_solo,over_4h,evening,1,1,1,1,1,1,1,1,1,1,1,classroom,coding,solo,2_4h,evening,weekday,7.5,hot,indoor,sometimes,3,4,3,3,2,3,3,4,3,3,12,16,15,12,12,12,8,12,4.5,3.7,20,1,70.8
I2371,U238,balanced,P013,library_13,synthetic,train,5,4,4,3,3,5,4,4,4,3,library,deep_study,mixed,2_4h,late_night,1,1,0,1,0,1,1,0,1,1,0,library,light_reading,solo,2_4h,late_night,weekend,2.0,cloudy,indoor,rarely,5,4,4,4,3,3,5,4,4,4,25,16,16,12,15,16,12,12,1.4,1.2,12,1,70.7
I2372,U238,balanced,P030,study_room_12,synthetic,train,5,4,4,3,3,5,4,4,4,3,library,deep_study,mixed,2_4h,late_night,1,1,0,1,0,1,1,0,1,1,0,study_room,coding,2,2_4h,late_night,weekday,9.9,cloudy,indoor,sometimes,5,4,3,4,3,3,4,4,4,4,25,16,12,12,12,16,12,12,2.7,6.2,12,1,69.9
I2373,U238,balanced,P007,library_07,synthetic,train,5,4,4,3,3,5,4,4,4,3,library,deep_study,mixed,2_4h,late_night,1,1,0,1,0,1,1,0,1,1,0,library,light_reading,solo,2_4h,morning,weekday,14.7,cloudy,indoor,sometimes,5,4,3,4,3,3,4,5,4,4,25,16,12,12,12,16,12,12,1.4,9.2,15,0,73.1
I2374,U238,balanced,P056,home_02,synthetic,train,5,4,4,3,3,5,4,4,4,3,library,deep_study,mixed,2_4h,late_night,1,1,0,1,0,1,1,0,1,1,0,home,deep_study,solo,1_2h,afternoon,weekend,7.3,clear,indoor,often,4,3,5,4,5,4,5,4,5,5,20,12,20,12,15,20,20,16,3.0,4.6,12,0,81.2
I2375,U238,balanced,P022,study_room_04,synthetic,train,5,4,4,3,3,5,4,4,4,3,library,deep_study,mixed,2_4h,late_night,1,1,0,1,0,1,1,0,1,1,0,study_room,deep_study,solo,2_4h,evening,weekday,8.3,clear,indoor,sometimes,4,5,3,4,5,3,4,4,4,4,20,20,12,12,12,16,20,12,3.0,5.2,12,0.5,66.5
I2376,U238,balanced,P116,outdoor_08,synthetic,train,5,4,4,3,3,5,4,4,4,3,library,deep_study,mixed,2_4h,late_night,1,1,0,1,0,1,1,0,1,1,0,outdoor,deep_study,solo,2_4h,late_night,weekday,12.9,clear,outdoor,rarely,3,5,3,3,2,2,1,2,3,3,15,20,12,9,3,12,8,8,3.0,8.1,6,1,33.6
I2377,U238,balanced,P004,library_04,synthetic,train,5,4,4,3,3,5,4,4,4,3,library,deep_study,mixed,2_4h,late_night,1,1,0,1,0,1,1,0,1,1,0,library,coding,2,over_4h,morning,weekend,4.0,clear,indoor,often,5,3,3,4,2,4,4,4,3,4,25,12,12,12,12,12,8,16,2.7,2.5,12,0,62.7
I2378,U238,balanced,P011,library_11,synthetic,train,5,4,4,3,3,5,4,4,4,3,library,deep_study,mixed,2_4h,late_night,1,1,0,1,0,1,1,0,1,1,0,library,light_reading,solo,under_1h,late_night,weekday,9.2,clear,indoor,sometimes,5,4,4,4,2,4,4,4,4,3,25,16,16,12,12,16,8,16,1.4,5.8,12,1,69.2
I2379,U238,balanced,P039,cafe_03,synthetic,train,5,4,4,3,3,5,4,4,4,3,library,deep_study,mixed,2_4h,late_night,1,1,0,1,0,1,1,0,1,1,0,cafe,report_writing,solo,2_4h,morning,weekday,19.8,clear,indoor,sometimes,3,4,2,3,2,4,3,4,4,4,15,16,8,9,9,16,8,16,2.6,12.4,12,0,68.0
I2380,U238,balanced,P066,classroom_04,synthetic,train,5,4,4,3,3,5,4,4,4,3,library,deep_study,mixed,2_4h,late_night,1,1,0,1,0,1,1,0,1,1,0,classroom,online_class,solo,1_2h,afternoon,weekday,12.6,clear,indoor,rarely,3,4,4,3,3,3,4,4,3,4,15,16,16,9,12,12,12,12,2.0,7.9,12,0,54.1
I2381,U239,quiet_deepwork,P019,study_room_01,synthetic,test,5,5,4,5,4,4,4,4,4,5,study_room,online_class,mostly_solo,2_4h,evening,1,1,1,1,1,1,1,1,1,1,1,study_room,deep_study,solo,1_2h,morning,weekday,16.7,clear,indoor,first_time,4,3,4,4,3,4,4,5,4,4,20,15,16,20,16,16,12,16,5.0,8.3,25,0,83.9
I2382,U239,quiet_deepwork,P013,library_13,synthetic,test,5,5,4,5,4,4,4,4,4,5,study_room,online_class,mostly_solo,2_4h,evening,1,1,1,1,1,1,1,1,1,1,1,library,report_writing,solo,2_4h,morning,weekday,1.5,cloudy,indoor,rarely,5,4,4,4,3,3,5,5,4,4,25,20,16,20,20,16,12,12,4.3,0.7,25,0,77.9
I2383,U239,quiet_deepwork,P019,study_room_01,synthetic,test,5,5,4,5,4,4,4,4,4,5,study_room,online_class,mostly_solo,2_4h,evening,1,1,1,1,1,1,1,1,1,1,1,study_room,team_project,5_plus,2_4h,early_morning,weekday,14.4,clear,indoor,sometimes,4,3,4,4,3,4,4,5,4,4,20,15,16,20,16,16,12,16,1.3,7.2,15,0,78.8
I2384,U239,quiet_deepwork,P090,coworking_space_06,synthetic,test,5,5,4,5,4,4,4,4,4,5,study_room,online_class,mostly_solo,2_4h,evening,1,1,1,1,1,1,1,1,1,1,1,coworking_space,light_reading,3_4,1_2h,evening,weekend,14.4,cloudy,indoor,sometimes,3,4,3,4,4,4,4,3,4,3,15,20,12,20,16,16,16,16,2.3,7.2,9,1,62.9
I2385,U239,quiet_deepwork,P027,study_room_09,synthetic,test,5,5,4,5,4,4,4,4,4,5,study_room,online_class,mostly_solo,2_4h,evening,1,1,1,1,1,1,1,1,1,1,1,study_room,deep_study,solo,1_2h,afternoon,weekend,7.7,cold,indoor,sometimes,5,3,3,4,4,3,3,5,3,3,25,15,12,20,12,12,16,12,5.0,3.9,25,0.5,65.3
I2386,U239,quiet_deepwork,P022,study_room_04,synthetic,test,5,5,4,5,4,4,4,4,4,5,study_room,online_class,mostly_solo,2_4h,evening,1,1,1,1,1,1,1,1,1,1,1,study_room,deep_study,solo,2_4h,morning,weekday,8.6,clear,indoor,sometimes,4,5,3,4,5,3,4,5,4,4,20,25,12,20,16,16,20,12,5.0,4.3,25,0,79.4
I2387,U239,quiet_deepwork,P016,library_16,synthetic,test,5,5,4,5,4,4,4,4,4,5,study_room,online_class,mostly_solo,2_4h,evening,1,1,1,1,1,1,1,1,1,1,1,library,report_writing,solo,2_4h,evening,weekend,9.3,hot,indoor,rarely,5,4,3,5,3,4,3,5,4,4,25,20,12,25,12,16,12,16,4.3,4.6,25,1,91.9
I2388,U239,quiet_deepwork,P057,home_03,synthetic,test,5,5,4,5,4,4,4,4,4,5,study_room,online_class,mostly_solo,2_4h,evening,1,1,1,1,1,1,1,1,1,1,1,home,deep_study,solo,1_2h,morning,weekday,10.7,cloudy,indoor,sometimes,3,4,4,4,5,4,5,4,5,4,15,20,16,20,20,20,20,16,5.0,5.3,20,0,77.8
I2389,U239,quiet_deepwork,P036,study_room_18,synthetic,test,5,5,4,5,4,4,4,4,4,5,study_room,online_class,mostly_solo,2_4h,evening,1,1,1,1,1,1,1,1,1,1,1,study_room,report_writing,solo,2_4h,afternoon,weekday,7.8,rainy,indoor,sometimes,5,4,4,4,4,4,5,5,4,4,25,20,16,20,20,16,16,16,4.3,3.9,25,0.5,94.6
I2390,U239,quiet_deepwork,P059,home_05,synthetic,test,5,5,4,5,4,4,4,4,4,5,study_room,online_class,mostly_solo,2_4h,evening,1,1,1,1,1,1,1,1,1,1,1,home,online_class,solo,2_4h,afternoon,weekday,16.2,rainy,indoor,sometimes,4,5,5,4,5,4,4,5,5,5,20,25,20,20,16,20,20,16,3.3,8.1,15,0.5,82.7
I2391,U240,balanced,P059,home_05,synthetic,train,4,4,3,3,5,5,4,4,3,5,home,online_class,mostly_solo,1_2h,morning,1,0,0,1,1,1,1,1,1,0,0,home,coding,solo,1_2h,morning,weekday,15.4,hot,indoor,first_time,4,5,5,4,5,4,4,4,5,5,16,20,15,12,20,20,20,12,4.5,9.7,20,1,68.2
I2392,U240,balanced,P011,library_11,synthetic,train,4,4,3,3,5,5,4,4,3,5,home,online_class,mostly_solo,1_2h,morning,1,0,0,1,1,1,1,1,1,0,0,library,online_class,solo,1_2h,evening,weekend,9.4,clear,indoor,sometimes,5,4,4,4,2,4,4,3,4,3,20,16,12,12,20,16,8,12,3.3,5.9,9,0,77.9
I2393,U240,balanced,P067,classroom_05,synthetic,train,4,4,3,3,5,5,4,4,3,5,home,online_class,mostly_solo,1_2h,morning,1,0,0,1,1,1,1,1,1,0,0,classroom,deep_study,solo,1_2h,afternoon,weekday,8.8,cloudy,indoor,sometimes,3,4,3,3,3,2,3,3,3,3,12,16,9,9,15,12,12,6,5.0,5.5,15,0.5,62.7
I2394,U240,balanced,P010,library_10,synthetic,train,4,4,3,3,5,5,4,4,3,5,home,online_class,mostly_solo,1_2h,morning,1,0,0,1,1,1,1,1,1,0,0,library,deep_study,solo,1_2h,afternoon,weekday,8.1,rainy,indoor,first_time,5,5,4,4,3,4,4,5,4,5,20,20,12,12,20,16,12,12,5.0,5.0,25,0.5,71.1
I2395,U240,balanced,P026,study_room_08,synthetic,train,4,4,3,3,5,5,4,4,3,5,home,online_class,mostly_solo,1_2h,morning,1,0,0,1,1,1,1,1,1,0,0,study_room,online_class,solo,2_4h,late_night,weekend,23.3,cloudy,indoor,often,4,5,4,4,5,4,4,4,4,3,16,20,12,12,20,16,20,12,3.3,14.5,12,0,73.2
I2396,U240,balanced,P102,dorm_lounge_06,synthetic,train,4,4,3,3,5,5,4,4,3,5,home,online_class,mostly_solo,1_2h,morning,1,0,0,1,1,1,1,1,1,0,0,dorm_lounge,team_project,3_4,over_4h,afternoon,weekday,10.7,rainy,indoor,sometimes,3,3,3,3,3,3,4,4,4,4,12,12,9,9,20,16,12,9,1.3,6.7,12,0.5,72.0
I2397,U240,balanced,P095,coworking_space_11,synthetic,train,4,4,3,3,5,5,4,4,3,5,home,online_class,mostly_solo,1_2h,morning,1,0,0,1,1,1,1,1,1,0,0,coworking_space,online_class,2,under_1h,afternoon,weekday,11.6,clear,indoor,often,4,4,3,3,4,4,5,4,4,4,16,16,9,9,25,16,16,12,3.3,7.3,12,0.5,63.5
I2398,U240,balanced,P037,cafe_01,synthetic,train,4,4,3,3,5,5,4,4,3,5,home,online_class,mostly_solo,1_2h,morning,1,0,0,1,1,1,1,1,1,0,0,cafe,coding,solo,over_4h,late_night,weekday,13.7,rainy,indoor,often,3,4,2,2,2,4,3,4,4,4,12,16,6,6,15,16,8,12,4.5,8.5,20,0,58.9
I2399,U240,balanced,P062,home_08,synthetic,train,4,4,3,3,5,5,4,4,3,5,home,online_class,mostly_solo,1_2h,morning,1,0,0,1,1,1,1,1,1,0,0,home,coding,solo,1_2h,morning,weekend,10.7,cold,indoor,often,4,3,4,4,4,5,5,4,4,5,16,12,12,12,25,16,16,15,4.5,6.7,20,1,75.5
I2400,U240,balanced,P075,computer_lab_01,synthetic,train,4,4,3,3,5,5,4,4,3,5,home,online_class,mostly_solo,1_2h,morning,1,0,0,1,1,1,1,1,1,0,0,computer_lab,deep_study,solo,1_2h,early_morning,weekday,3.3,hot,indoor,often,3,3,3,4,3,4,5,3,3,3,12,12,9,12,25,12,12,12,5.0,2.1,15,0.5,67.4
I2401,U241,quiet_deepwork,P078,computer_lab_04,synthetic,test,5,4,4,5,4,3,3,3,4,4,computer_lab,coding,mostly_solo,1_2h,late_night,1,1,1,0,1,0,1,1,0,1,1,computer_lab,light_reading,solo,2_4h,early_morning,weekend,7.1,clear,indoor,sometimes,4,4,4,4,3,3,5,3,4,3,20,16,16,20,20,12,9,12,1.8,2.7,9,0,66.8
I2402,U241,quiet_deepwork,P012,library_12,synthetic,test,5,4,4,5,4,3,3,3,4,4,computer_lab,coding,mostly_solo,1_2h,late_night,1,1,1,0,1,0,1,1,0,1,1,library,coding,solo,over_4h,late_night,weekend,5.2,clear,indoor,rarely,5,4,4,4,3,3,3,4,5,4,25,16,16,20,12,15,9,12,3.6,1.9,16,1,74.4
I2403,U241,quiet_deepwork,P057,home_03,synthetic,test,5,4,4,5,4,3,3,3,4,4,computer_lab,coding,mostly_solo,1_2h,late_night,1,1,1,0,1,0,1,1,0,1,1,home,coding,2,1_2h,evening,weekend,5.6,cold,indoor,first_time,3,4,4,4,5,4,5,5,5,4,15,16,16,20,20,15,15,16,3.6,2.1,20,0.5,89.0
I2404,U241,quiet_deepwork,P096,coworking_space_12,synthetic,test,5,4,4,5,4,3,3,3,4,4,computer_lab,coding,mostly_solo,1_2h,late_night,1,1,1,0,1,0,1,1,0,1,1,coworking_space,light_reading,solo,1_2h,late_night,weekday,11.9,hot,indoor,sometimes,3,3,4,3,3,5,5,4,4,3,15,12,16,15,20,12,9,20,1.8,4.5,12,1,52.6
I2405,U241,quiet_deepwork,P011,library_11,synthetic,test,5,4,4,5,4,3,3,3,4,4,computer_lab,coding,mostly_solo,1_2h,late_night,1,1,1,0,1,0,1,1,0,1,1,library,deep_study,solo,2_4h,late_night,weekend,5.4,cold,indoor,rarely,5,4,4,4,2,4,4,5,4,3,25,16,16,20,16,12,6,16,4.0,2.0,20,1,75.2
I2406,U241,quiet_deepwork,P015,library_15,synthetic,test,5,4,4,5,4,3,3,3,4,4,computer_lab,coding,mostly_solo,1_2h,late_night,1,1,1,0,1,0,1,1,0,1,1,library,light_reading,solo,1_2h,morning,weekend,13.2,rainy,indoor,often,4,4,4,5,2,4,3,4,4,4,20,16,16,25,12,12,6,16,1.8,5.0,12,0,73.5
I2407,U241,quiet_deepwork,P028,study_room_10,synthetic,test,5,4,4,5,4,3,3,3,4,4,computer_lab,coding,mostly_solo,1_2h,late_night,1,1,1,0,1,0,1,1,0,1,1,study_room,light_reading,solo,1_2h,late_night,weekend,15.5,clear,indoor,first_time,4,4,3,3,4,4,5,4,4,3,20,16,12,15,20,12,12,16,1.8,5.8,12,1,69.9
I2408,U241,quiet_deepwork,P042,cafe_06,synthetic,test,5,4,4,5,4,3,3,3,4,4,computer_lab,coding,mostly_solo,1_2h,late_night,1,1,1,0,1,0,1,1,0,1,1,cafe,report_writing,solo,1_2h,evening,weekday,10.8,cloudy,indoor,sometimes,3,4,2,3,2,4,3,3,4,3,15,16,8,15,12,12,6,16,3.4,4.0,12,0.5,63.3
I2409,U241,quiet_deepwork,P052,cafe_16,synthetic,test,5,4,4,5,4,3,3,3,4,4,computer_lab,coding,mostly_solo,1_2h,late_night,1,1,1,0,1,0,1,1,0,1,1,cafe,report_writing,solo,2_4h,afternoon,weekend,11.3,cloudy,indoor,sometimes,3,5,3,2,2,3,3,5,4,3,15,20,12,10,12,12,6,12,3.4,4.2,20,0,64.6
I2410,U241,quiet_deepwork,P015,library_15,synthetic,test,5,4,4,5,4,3,3,3,4,4,computer_lab,coding,mostly_solo,1_2h,late_night,1,1,1,0,1,0,1,1,0,1,1,library,deep_study,solo,2_4h,afternoon,weekday,14.4,clear,indoor,first_time,4,4,4,5,2,4,3,5,4,4,20,16,16,25,12,12,6,16,4.0,5.4,20,0,68.3
I2411,U242,balanced,P032,study_room_14,synthetic,train,5,5,4,3,3,3,4,4,5,3,computer_lab,team_project,mixed,1_2h,afternoon,1,1,0,1,0,0,1,0,0,1,0,study_room,coding,solo,2_4h,afternoon,weekday,16.3,clear,indoor,sometimes,4,4,4,4,4,3,4,4,4,4,20,20,16,12,12,16,16,15,2.7,6.1,12,1,68.0
I2412,U242,balanced,P027,study_room_09,synthetic,train,5,5,4,3,3,3,4,4,5,3,computer_lab,team_project,mixed,1_2h,afternoon,1,1,0,1,0,0,1,0,0,1,0,study_room,team_project,3_4,2_4h,morning,weekday,1.0,clear,indoor,sometimes,5,3,3,4,4,3,3,4,3,3,25,15,12,12,9,12,16,15,0.8,0.4,12,0.5,75.4
I2413,U242,balanced,P013,library_13,synthetic,train,5,5,4,3,3,3,4,4,5,3,computer_lab,team_project,mixed,1_2h,afternoon,1,1,0,1,0,0,1,0,0,1,0,library,online_class,solo,1_2h,morning,weekend,4.9,rainy,indoor,first_time,5,4,4,4,3,3,5,4,4,4,25,20,16,12,15,16,12,15,2.0,1.8,12,0.5,78.3
I2414,U242,balanced,P056,home_02,synthetic,train,5,5,4,3,3,3,4,4,5,3,computer_lab,team_project,mixed,1_2h,afternoon,1,1,0,1,0,0,1,0,0,1,0,home,light_reading,solo,1_2h,afternoon,weekend,3.8,clear,indoor,sometimes,4,3,5,4,5,4,5,5,5,5,20,15,20,12,15,20,20,20,1.4,1.4,15,1,81.6
I2415,U242,balanced,P118,outdoor_10,synthetic,train,5,5,4,3,3,3,4,4,5,3,computer_lab,team_project,mixed,1_2h,afternoon,1,1,0,1,0,0,1,0,0,1,0,outdoor,team_project,3_4,over_4h,afternoon,weekday,5.6,cloudy,outdoor,sometimes,3,5,3,3,3,3,2,3,3,3,15,25,12,9,6,12,12,15,0.8,2.1,9,1,73.4
I2416,U242,balanced,P007,library_07,synthetic,train,5,5,4,3,3,3,4,4,5,3,computer_lab,team_project,mixed,1_2h,afternoon,1,1,0,1,0,0,1,0,0,1,0,library,coding,2,1_2h,afternoon,weekday,14.4,clear,indoor,first_time,5,4,3,4,3,3,4,4,4,4,25,20,12,12,12,16,12,15,2.7,5.4,12,1,65.0
I2417,U242,balanced,P043,cafe_07,synthetic,train,5,5,4,3,3,3,4,4,5,3,computer_lab,team_project,mixed,1_2h,afternoon,1,1,0,1,0,0,1,0,0,1,0,cafe,light_reading,solo,2_4h,evening,weekend,2.5,cold,indoor,first_time,2,5,3,3,2,4,3,4,3,3,10,25,12,9,9,12,8,20,1.4,0.9,12,0.5,49.7
I2418,U242,balanced,P085,coworking_space_01,synthetic,train,5,5,4,3,3,3,4,4,5,3,computer_lab,team_project,mixed,1_2h,afternoon,1,1,0,1,0,0,1,0,0,1,0,coworking_space,deep_study,solo,2_4h,afternoon,weekend,9.1,clear,indoor,often,3,5,2,3,4,3,4,3,4,3,15,25,8,9,12,16,16,15,3.0,3.4,9,1,65.9
I2419,U242,balanced,P102,dorm_lounge_06,synthetic,train,5,5,4,3,3,3,4,4,5,3,computer_lab,team_project,mixed,1_2h,afternoon,1,1,0,1,0,0,1,0,0,1,0,dorm_lounge,report_writing,solo,1_2h,afternoon,weekday,16.3,cold,indoor,sometimes,3,3,3,3,3,3,4,3,4,4,15,15,12,9,12,16,12,15,2.6,6.1,9,1,60.4
I2420,U242,balanced,P033,study_room_15,synthetic,train,5,5,4,3,3,3,4,4,5,3,computer_lab,team_project,mixed,1_2h,afternoon,1,1,0,1,0,0,1,0,0,1,0,study_room,report_writing,solo,2_4h,morning,weekday,1.0,clear,indoor,often,5,3,4,3,4,4,4,5,5,4,25,15,16,9,12,20,16,20,2.6,0.4,15,0.5,86.1
I2421,U243,convenience_oriented,P045,cafe_09,synthetic,test,5,3,4,3,5,5,4,4,3,3,library,online_class,mixed,1_2h,evening,1,1,0,1,1,1,1,1,1,0,0,cafe,coding,solo,2_4h,evening,weekend,11.9,cold,indoor,rarely,2,3,2,2,3,3,3,3,3,3,10,9,8,6,15,12,12,9,2.7,7.5,9,1,43.6
I2422,U243,convenience_oriented,P008,library_08,synthetic,test,5,3,4,3,5,5,4,4,3,3,library,online_class,mixed,1_2h,evening,1,1,0,1,1,1,1,1,1,0,0,library,light_reading,solo,1_2h,afternoon,weekend,12.5,clear,indoor,sometimes,5,5,4,4,2,3,4,5,4,4,25,15,16,12,20,16,8,9,1.4,7.8,15,0.5,59.5
I2423,U243,convenience_oriented,P106,dorm_lounge_10,synthetic,test,5,3,4,3,5,5,4,4,3,3,library,online_class,mixed,1_2h,evening,1,1,0,1,1,1,1,1,1,0,0,dorm_lounge,deep_study,solo,under_1h,evening,weekday,7.4,rainy,indoor,rarely,3,3,2,3,3,4,3,3,3,3,15,9,8,9,15,12,12,12,3.0,4.6,9,1,58.4
I2424,U243,convenience_oriented,P004,library_04,synthetic,test,5,3,4,3,5,5,4,4,3,3,library,online_class,mixed,1_2h,evening,1,1,0,1,1,1,1,1,1,0,0,library,report_writing,solo,2_4h,late_night,weekday,5.7,clear,indoor,often,5,3,3,4,2,4,4,4,3,4,25,9,12,12,20,12,8,12,2.6,3.6,12,0.5,69.1
I2425,U243,convenience_oriented,P093,coworking_space_09,synthetic,test,5,3,4,3,5,5,4,4,3,3,library,online_class,mixed,1_2h,evening,1,1,0,1,1,1,1,1,1,0,0,coworking_space,coding,2,2_4h,early_morning,weekday,9.9,cloudy,indoor,rarely,3,4,2,3,4,4,4,4,4,3,15,12,8,9,20,16,16,12,2.7,6.2,12,0,59.4
I2426,U243,convenience_oriented,P007,library_07,synthetic,test,5,3,4,3,5,5,4,4,3,3,library,online_class,mixed,1_2h,evening,1,1,0,1,1,1,1,1,1,0,0,library,coding,solo,2_4h,afternoon,weekday,10.9,clear,indoor,often,5,4,3,4,3,3,4,4,4,4,25,12,12,12,20,16,12,9,2.7,6.8,12,0.5,65.2
I2427,U243,convenience_oriented,P011,library_11,synthetic,test,5,3,4,3,5,5,4,4,3,3,library,online_class,mixed,1_2h,evening,1,1,0,1,1,1,1,1,1,0,0,library,light_reading,2,2_4h,afternoon,weekday,9.6,cloudy,indoor,rarely,5,4,4,4,2,4,4,5,4,3,25,12,16,12,20,16,8,12,1.4,6.0,15,0.5,61.7
I2428,U243,convenience_oriented,P099,dorm_lounge_03,synthetic,test,5,3,4,3,5,5,4,4,3,3,library,online_class,mixed,1_2h,evening,1,1,0,1,1,1,1,1,1,0,0,dorm_lounge,online_class,2,2_4h,evening,weekend,12.0,rainy,indoor,sometimes,4,4,3,3,3,3,4,3,3,3,20,12,12,9,20,12,12,9,2.0,7.5,9,1,64.2
I2429,U243,convenience_oriented,P064,classroom_02,synthetic,test,5,3,4,3,5,5,4,4,3,3,library,online_class,mixed,1_2h,evening,1,1,0,1,1,1,1,1,1,0,0,classroom,report_writing,2,over_4h,late_night,weekend,5.1,clear,indoor,often,4,4,3,3,3,3,3,4,3,3,20,12,12,9,15,12,12,9,2.6,3.2,12,0.5,57.5
I2430,U243,convenience_oriented,P025,study_room_07,synthetic,test,5,3,4,3,5,5,4,4,3,3,library,online_class,mixed,1_2h,evening,1,1,0,1,1,1,1,1,1,0,0,study_room,report_writing,solo,1_2h,evening,weekday,6.7,clear,indoor,first_time,4,4,3,4,4,4,4,5,4,3,20,12,12,12,20,16,16,12,2.6,4.2,15,1,64.7
I2431,U244,convenience_oriented,P026,study_room_08,synthetic,train,3,3,3,3,4,4,4,3,4,4,home,deep_study,mostly_solo,under_1h,morning,0,0,0,1,1,1,0,1,1,1,0,study_room,meeting,3_4,1_2h,evening,weekday,21.6,clear,indoor,rarely,4,5,4,4,5,4,4,4,4,3,12,15,12,12,16,16,15,16,0.8,10.8,12,0,62.8
I2432,U244,convenience_oriented,P018,library_18,synthetic,train,3,3,3,3,4,4,4,3,4,4,home,deep_study,mostly_solo,under_1h,morning,0,0,0,1,1,1,0,1,1,1,0,library,coding,solo,1_2h,afternoon,weekday,7.3,cloudy,indoor,sometimes,5,4,3,4,3,3,4,4,4,3,15,12,9,12,16,16,9,12,3.6,3.6,16,0.5,76.7
I2433,U244,convenience_oriented,P031,study_room_13,synthetic,train,3,3,3,3,4,4,4,3,4,4,home,deep_study,mostly_solo,under_1h,morning,0,0,0,1,1,1,0,1,1,1,0,study_room,online_class,solo,under_1h,afternoon,weekday,2.9,hot,indoor,often,5,4,4,4,4,4,4,4,5,4,15,12,12,12,16,20,12,16,2.6,1.4,12,0.5,69.2
I2434,U244,convenience_oriented,P034,study_room_16,synthetic,train,3,3,3,3,4,4,4,3,4,4,home,deep_study,mostly_solo,under_1h,morning,0,0,0,1,1,1,0,1,1,1,0,study_room,coding,solo,over_4h,evening,weekday,9.5,rainy,indoor,rarely,4,4,4,4,4,3,4,4,5,3,12,12,12,12,16,20,12,12,3.6,4.7,16,0,69.7
I2435,U244,convenience_oriented,P051,cafe_15,synthetic,train,3,3,3,3,4,4,4,3,4,4,home,deep_study,mostly_solo,under_1h,morning,0,0,0,1,1,1,0,1,1,1,0,cafe,report_writing,solo,1_2h,morning,weekday,9.8,clear,indoor,sometimes,3,4,2,3,3,4,3,4,4,3,9,12,6,9,12,16,9,16,3.4,4.9,16,1,56.9
I2436,U244,convenience_oriented,P062,home_08,synthetic,train,3,3,3,3,4,4,4,3,4,4,home,deep_study,mostly_solo,under_1h,morning,0,0,0,1,1,1,0,1,1,1,0,home,deep_study,solo,1_2h,evening,weekday,8.5,clear,indoor,often,4,3,4,4,4,5,5,4,4,5,12,9,12,12,20,16,12,20,4.0,4.3,16,0,68.5
I2437,U244,convenience_oriented,P044,cafe_08,synthetic,train,3,3,3,3,4,4,4,3,4,4,home,deep_study,mostly_solo,under_1h,morning,0,0,0,1,1,1,0,1,1,1,0,cafe,deep_study,solo,under_1h,morning,weekday,16.7,clear,indoor,rarely,3,4,3,4,2,4,3,2,4,2,9,12,9,12,12,16,6,16,4.0,8.4,8,1,51.3
I2438,U244,convenience_oriented,P062,home_08,synthetic,train,3,3,3,3,4,4,4,3,4,4,home,deep_study,mostly_solo,under_1h,morning,0,0,0,1,1,1,0,1,1,1,0,home,coding,solo,1_2h,late_night,weekday,13.9,cloudy,indoor,first_time,4,3,4,4,4,5,5,5,4,5,12,9,12,12,20,16,12,20,3.6,6.9,20,0,62.1
I2439,U244,convenience_oriented,P009,library_09,synthetic,train,3,3,3,3,4,4,4,3,4,4,home,deep_study,mostly_solo,under_1h,morning,0,0,0,1,1,1,0,1,1,1,0,library,deep_study,solo,2_4h,morning,weekday,8.7,clear,indoor,sometimes,4,4,3,4,2,4,4,4,4,4,12,12,9,12,16,16,6,16,4.0,4.3,16,1,65.6
I2440,U244,convenience_oriented,P096,coworking_space_12,synthetic,train,3,3,3,3,4,4,4,3,4,4,home,deep_study,mostly_solo,under_1h,morning,0,0,0,1,1,1,0,1,1,1,0,coworking_space,coding,2,2_4h,late_night,weekday,17.9,clear,indoor,first_time,3,3,4,3,3,5,5,4,4,3,9,9,12,9,20,16,9,20,3.6,9.0,16,0,60.1
I2441,U245,convenience_oriented,P117,outdoor_09,synthetic,train,3,2,3,3,5,4,4,3,4,4,home,report_writing,mostly_solo,under_1h,evening,0,0,0,1,1,1,0,1,1,1,0,outdoor,light_reading,solo,under_1h,evening,weekend,12.3,cold,outdoor,often,2,5,3,3,2,3,1,4,3,3,6,10,9,9,5,12,6,12,1.8,6.1,12,1,51.9
I2442,U245,convenience_oriented,P024,study_room_06,synthetic,train,3,2,3,3,5,4,4,3,4,4,home,report_writing,mostly_solo,under_1h,evening,0,0,0,1,1,1,0,1,1,1,0,study_room,online_class,solo,under_1h,morning,weekday,6.9,clear,indoor,often,4,4,3,4,3,4,4,4,4,3,12,8,9,12,20,16,9,16,2.6,3.5,12,0,71.5
I2443,U245,convenience_oriented,P007,library_07,synthetic,train,3,2,3,3,5,4,4,3,4,4,home,report_writing,mostly_solo,under_1h,evening,0,0,0,1,1,1,0,1,1,1,0,library,light_reading,solo,1_2h,morning,weekday,11.4,cloudy,indoor,rarely,5,4,3,4,3,3,4,5,4,4,15,8,9,12,20,16,9,12,1.8,5.7,15,0,59.8
I2444,U245,convenience_oriented,P003,library_03,synthetic,train,3,2,3,3,5,4,4,3,4,4,home,report_writing,mostly_solo,under_1h,evening,0,0,0,1,1,1,0,1,1,1,0,library,team_project,5_plus,over_4h,evening,weekend,1.0,hot,indoor,sometimes,5,3,4,5,3,3,4,2,4,4,15,6,12,15,20,16,9,12,1.0,0.5,6,1,67.8
I2445,U245,convenience_oriented,P036,study_room_18,synthetic,train,3,2,3,3,5,4,4,3,4,4,home,report_writing,mostly_solo,under_1h,evening,0,0,0,1,1,1,0,1,1,1,0,study_room,team_project,2,2_4h,late_night,weekday,15.3,cloudy,indoor,first_time,5,4,4,4,4,4,5,4,4,4,15,8,12,12,25,16,12,16,1.0,7.7,12,0.5,70.5
I2446,U245,convenience_oriented,P061,home_07,synthetic,train,3,2,3,3,5,4,4,3,4,4,home,report_writing,mostly_solo,under_1h,evening,0,0,0,1,1,1,0,1,1,1,0,home,coding,3_4,2_4h,evening,weekday,16.1,hot,indoor,often,4,4,4,4,4,4,4,4,4,5,12,8,12,12,20,16,12,16,3.6,8.1,16,1,61.0
I2447,U245,convenience_oriented,P095,coworking_space_11,synthetic,train,3,2,3,3,5,4,4,3,4,4,home,report_writing,mostly_solo,under_1h,evening,0,0,0,1,1,1,0,1,1,1,0,coworking_space,deep_study,solo,1_2h,afternoon,weekend,10.1,rainy,indoor,rarely,4,4,3,3,4,4,5,3,4,4,12,8,9,9,25,16,12,16,4.0,5.0,12,0.5,59.6
I2448,U245,convenience_oriented,P061,home_07,synthetic,train,3,2,3,3,5,4,4,3,4,4,home,report_writing,mostly_solo,under_1h,evening,0,0,0,1,1,1,0,1,1,1,0,home,coding,solo,2_4h,evening,weekday,17.9,cloudy,indoor,rarely,4,4,4,4,4,4,4,5,4,5,12,8,12,12,20,16,12,16,3.6,9.0,20,1,57.1
I2449,U245,convenience_oriented,P066,classroom_04,synthetic,train,3,2,3,3,5,4,4,3,4,4,home,report_writing,mostly_solo,under_1h,evening,0,0,0,1,1,1,0,1,1,1,0,classroom,coding,solo,2_4h,morning,weekday,15.7,clear,indoor,sometimes,3,4,4,3,3,3,4,3,3,4,9,8,12,9,20,12,9,12,3.6,7.8,12,0,52.1
I2450,U245,convenience_oriented,P102,dorm_lounge_06,synthetic,train,3,2,3,3,5,4,4,3,4,4,home,report_writing,mostly_solo,under_1h,evening,0,0,0,1,1,1,0,1,1,1,0,dorm_lounge,coding,solo,1_2h,morning,weekday,23.1,cloudy,indoor,often,3,3,3,3,3,3,4,3,4,4,9,6,9,9,20,16,9,12,3.6,11.5,12,0,54.3
I2451,U246,convenience_oriented,P016,library_16,synthetic,train,3,4,3,2,3,5,4,3,3,4,home,meeting,mostly_solo,2_4h,afternoon,0,0,0,1,0,1,0,0,1,0,0,library,deep_study,solo,2_4h,afternoon,weekday,9.7,clear,indoor,sometimes,5,4,3,5,3,4,3,5,4,4,15,16,9,10,9,16,9,12,4.0,6.0,20,1,57.8
I2452,U246,convenience_oriented,P056,home_02,synthetic,train,3,4,3,2,3,5,4,3,3,4,home,meeting,mostly_solo,2_4h,afternoon,0,0,0,1,0,1,0,0,1,0,0,home,online_class,solo,1_2h,evening,weekend,5.9,clear,indoor,first_time,4,3,5,4,5,4,5,4,5,5,12,12,15,8,15,20,15,12,2.6,3.7,12,0.5,61.5
I2453,U246,convenience_oriented,P004,library_04,synthetic,train,3,4,3,2,3,5,4,3,3,4,home,meeting,mostly_solo,2_4h,afternoon,0,0,0,1,0,1,0,0,1,0,0,library,light_reading,solo,under_1h,evening,weekend,1.0,hot,indoor,first_time,5,3,3,4,2,4,4,4,3,4,15,12,9,8,12,12,6,12,1.8,0.6,12,0.5,51.8
I2454,U246,convenience_oriented,P030,study_room_12,synthetic,train,3,4,3,2,3,5,4,3,3,4,home,meeting,mostly_solo,2_4h,afternoon,0,0,0,1,0,1,0,0,1,0,0,study_room,report_writing,solo,under_1h,early_morning,weekday,13.1,cloudy,indoor,sometimes,5,4,3,4,3,3,4,5,4,4,15,16,9,8,12,16,9,9,3.4,8.2,20,0,64.1
I2455,U246,convenience_oriented,P022,study_room_04,synthetic,train,3,4,3,2,3,5,4,3,3,4,home,meeting,mostly_solo,2_4h,afternoon,0,0,0,1,0,1,0,0,1,0,0,study_room,online_class,solo,2_4h,morning,weekend,11.5,cloudy,indoor,sometimes,4,5,3,4,5,3,4,4,4,4,12,20,9,8,12,16,15,9,2.6,7.2,12,0.5,63.0
I2456,U246,convenience_oriented,P018,library_18,synthetic,train,3,4,3,2,3,5,4,3,3,4,home,meeting,mostly_solo,2_4h,afternoon,0,0,0,1,0,1,0,0,1,0,0,library,online_class,solo,1_2h,afternoon,weekday,11.2,rainy,indoor,often,5,4,3,4,3,3,4,3,4,3,15,16,9,8,12,16,9,9,2.6,7.0,9,1,45.0
I2457,U246,convenience_oriented,P058,home_04,synthetic,train,3,4,3,2,3,5,4,3,3,4,home,meeting,mostly_solo,2_4h,afternoon,0,0,0,1,0,1,0,0,1,0,0,home,coding,solo,over_4h,afternoon,weekday,19.0,clear,indoor,first_time,4,3,4,3,4,5,4,4,4,4,12,12,12,6,12,16,12,15,3.6,11.9,16,1,49.9
I2458,U246,convenience_oriented,P066,classroom_04,synthetic,train,3,4,3,2,3,5,4,3,3,4,home,meeting,mostly_solo,2_4h,afternoon,0,0,0,1,0,1,0,0,1,0,0,classroom,light_reading,solo,under_1h,evening,weekday,12.5,rainy,indoor,sometimes,3,4,4,3,3,3,4,3,3,4,9,16,12,6,12,12,9,9,1.8,7.8,9,0.5,42.8
I2459,U246,convenience_oriented,P034,study_room_16,synthetic,train,3,4,3,2,3,5,4,3,3,4,home,meeting,mostly_solo,2_4h,afternoon,0,0,0,1,0,1,0,0,1,0,0,study_room,online_class,2,1_2h,morning,weekday,11.4,clear,indoor,first_time,4,4,4,4,4,3,4,5,5,3,12,16,12,8,12,20,12,9,2.6,7.1,15,0.5,48.5
I2460,U246,convenience_oriented,P082,computer_lab_08,synthetic,train,3,4,3,2,3,5,4,3,3,4,home,meeting,mostly_solo,2_4h,afternoon,0,0,0,1,0,1,0,0,1,0,0,computer_lab,light_reading,solo,2_4h,morning,weekend,4.1,cloudy,indoor,first_time,3,4,4,4,3,3,5,3,3,3,9,16,12,8,15,12,9,9,1.8,2.6,9,0.5,52.2
I2461,U247,comfort_oriented,P016,library_16,synthetic,valid,3,4,3,4,4,4,4,5,4,4,study_room,report_writing,mostly_solo,2_4h,morning,0,0,1,1,1,1,0,1,1,1,1,library,coding,solo,over_4h,afternoon,weekday,11.4,cloudy,indoor,sometimes,5,4,3,5,3,4,3,4,4,4,15,16,9,20,12,16,15,16,3.6,5.7,16,0.5,55.6
I2462,U247,comfort_oriented,P074,classroom_12,synthetic,valid,3,4,3,4,4,4,4,5,4,4,study_room,report_writing,mostly_solo,2_4h,morning,0,0,1,1,1,1,0,1,1,1,1,classroom,deep_study,solo,over_4h,morning,weekday,15.0,clear,indoor,rarely,3,4,3,3,2,3,3,3,3,3,9,16,9,12,12,12,10,12,4.0,7.5,12,1,45.8
I2463,U247,comfort_oriented,P024,study_room_06,synthetic,valid,3,4,3,4,4,4,4,5,4,4,study_room,report_writing,mostly_solo,2_4h,morning,0,0,1,1,1,1,0,1,1,1,1,study_room,online_class,solo,over_4h,morning,weekday,5.2,clear,indoor,sometimes,4,4,3,4,3,4,4,5,4,3,12,16,9,16,16,16,15,16,2.6,2.6,15,1,71.7
I2464,U247,comfort_oriented,P107,dorm_lounge_11,synthetic,valid,3,4,3,4,4,4,4,5,4,4,study_room,report_writing,mostly_solo,2_4h,morning,0,0,1,1,1,1,0,1,1,1,1,dorm_lounge,team_project,3_4,1_2h,afternoon,weekend,25.7,clear,indoor,often,3,4,3,3,3,4,3,4,3,3,9,16,9,12,12,12,15,16,1.0,12.8,12,0.5,68.7
I2465,U247,comfort_oriented,P092,coworking_space_08,synthetic,valid,3,4,3,4,4,4,4,5,4,4,study_room,report_writing,mostly_solo,2_4h,morning,0,0,1,1,1,1,0,1,1,1,1,coworking_space,coding,solo,1_2h,early_morning,weekday,6.5,cloudy,indoor,often,2,4,3,4,3,4,4,4,4,3,6,16,9,16,16,16,15,16,3.6,3.3,16,0.5,67.5
I2466,U247,comfort_oriented,P059,home_05,synthetic,valid,3,4,3,4,4,4,4,5,4,4,study_room,report_writing,mostly_solo,2_4h,morning,0,0,1,1,1,1,0,1,1,1,1,home,coding,solo,2_4h,morning,weekday,13.4,clear,indoor,rarely,4,5,5,4,5,4,4,4,5,5,12,20,15,16,16,20,25,16,3.6,6.7,16,1,80.0
I2467,U247,comfort_oriented,P008,library_08,synthetic,valid,3,4,3,4,4,4,4,5,4,4,study_room,report_writing,mostly_solo,2_4h,morning,0,0,1,1,1,1,0,1,1,1,1,library,deep_study,solo,2_4h,morning,weekend,11.5,hot,indoor,sometimes,5,5,4,4,2,3,4,5,4,4,15,20,12,16,16,16,10,12,4.0,5.8,20,1,70.2
I2468,U247,comfort_oriented,P003,library_03,synthetic,valid,3,4,3,4,4,4,4,5,4,4,study_room,report_writing,mostly_solo,2_4h,morning,0,0,1,1,1,1,0,1,1,1,1,library,online_class,solo,2_4h,afternoon,weekend,4.5,rainy,indoor,often,5,3,4,5,3,3,4,4,4,4,15,12,12,20,16,16,15,12,2.6,2.3,12,0.5,73.2
I2469,U247,comfort_oriented,P066,classroom_04,synthetic,valid,3,4,3,4,4,4,4,5,4,4,study_room,report_writing,mostly_solo,2_4h,morning,0,0,1,1,1,1,0,1,1,1,1,classroom,deep_study,solo,over_4h,evening,weekend,11.8,rainy,indoor,first_time,3,4,4,3,3,3,4,3,3,4,9,16,12,12,16,12,15,12,4.0,5.9,12,0,53.8
I2470,U247,comfort_oriented,P055,home_01,synthetic,valid,3,4,3,4,4,4,4,5,4,4,study_room,report_writing,mostly_solo,2_4h,morning,0,0,1,1,1,1,0,1,1,1,1,home,online_class,2,2_4h,evening,weekday,12.4,clear,indoor,sometimes,4,3,5,4,4,5,5,4,4,5,12,12,15,16,20,16,20,20,2.6,6.2,12,0,69.8
I2471,U248,comfort_oriented,P005,library_05,synthetic,train,3,4,4,4,5,3,5,5,4,4,study_room,online_class,mostly_solo,1_2h,afternoon,0,1,1,1,1,0,0,1,0,1,1,library,deep_study,solo,1_2h,afternoon,weekday,7.6,clear,indoor,sometimes,5,4,4,5,3,4,4,5,4,4,15,16,16,20,20,20,15,16,4.0,2.9,20,1,81.5
I2472,U248,comfort_oriented,P047,cafe_11,synthetic,train,3,4,4,4,5,3,5,5,4,4,study_room,online_class,mostly_solo,1_2h,afternoon,0,1,1,1,1,0,0,1,0,1,1,cafe,coding,solo,2_4h,afternoon,weekend,12.4,hot,indoor,sometimes,3,4,3,3,2,4,3,4,4,3,9,16,12,12,15,20,10,16,3.6,4.7,16,1,54.1
I2473,U248,comfort_oriented,P034,study_room_16,synthetic,train,3,4,4,4,5,3,5,5,4,4,study_room,online_class,mostly_solo,1_2h,afternoon,0,1,1,1,1,0,0,1,0,1,1,study_room,report_writing,solo,2_4h,late_night,weekend,8.2,rainy,indoor,sometimes,4,4,4,4,4,3,4,4,5,3,12,16,16,16,20,25,20,12,3.4,3.1,16,0,74.4
I2474,U248,comfort_oriented,P069,classroom_07,synthetic,train,3,4,4,4,5,3,5,5,4,4,study_room,online_class,mostly_solo,1_2h,afternoon,0,1,1,1,1,0,0,1,0,1,1,classroom,report_writing,solo,1_2h,afternoon,weekday,19.9,cold,indoor,often,3,4,3,3,3,3,3,3,3,4,9,16,12,12,15,15,15,12,3.4,7.5,12,1,64.6
I2475,U248,comfort_oriented,P032,study_room_14,synthetic,train,3,4,4,4,5,3,5,5,4,4,study_room,online_class,mostly_solo,1_2h,afternoon,0,1,1,1,1,0,0,1,0,1,1,study_room,light_reading,2,1_2h,morning,weekday,19.8,cloudy,indoor,sometimes,4,4,4,4,4,3,4,4,4,4,12,16,16,16,20,20,20,12,1.8,7.4,12,0.5,62.7
I2476,U248,comfort_oriented,P032,study_room_14,synthetic,train,3,4,4,4,5,3,5,5,4,4,study_room,online_class,mostly_solo,1_2h,afternoon,0,1,1,1,1,0,0,1,0,1,1,study_room,report_writing,solo,over_4h,afternoon,weekday,20.6,clear,indoor,often,4,4,4,4,4,3,4,5,4,4,12,16,16,16,20,20,20,12,3.4,7.7,20,1,73.5
I2477,U248,comfort_oriented,P007,library_07,synthetic,train,3,4,4,4,5,3,5,5,4,4,study_room,online_class,mostly_solo,1_2h,afternoon,0,1,1,1,1,0,0,1,0,1,1,library,coding,2,over_4h,late_night,weekday,11.4,clear,indoor,sometimes,5,4,3,4,3,3,4,4,4,4,15,16,12,16,20,20,15,12,3.6,4.3,16,0,69.4
I2478,U248,comfort_oriented,P062,home_08,synthetic,train,3,4,4,4,5,3,5,5,4,4,study_room,online_class,mostly_solo,1_2h,afternoon,0,1,1,1,1,0,0,1,0,1,1,home,online_class,2,1_2h,late_night,weekend,11.4,rainy,indoor,first_time,4,3,4,4,4,5,5,4,4,5,12,12,16,16,25,20,20,20,2.6,4.3,12,0,66.0
I2479,U248,comfort_oriented,P070,classroom_08,synthetic,train,3,4,4,4,5,3,5,5,4,4,study_room,online_class,mostly_solo,1_2h,afternoon,0,1,1,1,1,0,0,1,0,1,1,classroom,coding,2,2_4h,afternoon,weekday,11.5,cold,indoor,rarely,3,4,3,2,3,2,3,4,2,3,9,16,12,8,15,10,15,8,3.6,4.3,16,1,47.8
I2480,U248,comfort_oriented,P102,dorm_lounge_06,synthetic,train,3,4,4,4,5,3,5,5,4,4,study_room,online_class,mostly_solo,1_2h,afternoon,0,1,1,1,1,0,0,1,0,1,1,dorm_lounge,report_writing,solo,2_4h,late_night,weekday,17.6,hot,indoor,sometimes,3,3,3,3,3,3,4,2,4,4,9,12,12,12,20,20,15,12,3.4,6.6,8,0,59.3
I2481,U249,quiet_deepwork,P010,library_10,synthetic,train,4,3,5,3,4,3,4,4,3,5,computer_lab,coding,mostly_solo,over_4h,afternoon,1,1,0,1,1,0,1,1,0,0,0,library,report_writing,solo,over_4h,morning,weekday,5.7,cloudy,indoor,often,5,5,4,4,3,4,4,5,4,5,20,15,20,12,16,16,12,12,4.3,2.1,25,0.5,74.6
I2482,U249,quiet_deepwork,P027,study_room_09,synthetic,train,4,3,5,3,4,3,4,4,3,5,computer_lab,coding,mostly_solo,over_4h,afternoon,1,1,0,1,1,0,1,1,0,0,0,study_room,light_reading,solo,2_4h,late_night,weekday,2.1,clear,indoor,sometimes,5,3,3,4,4,3,3,4,3,3,20,9,15,12,12,12,16,9,2.3,0.8,12,0,73.7
I2483,U249,quiet_deepwork,P021,study_room_03,synthetic,train,4,3,5,3,4,3,4,4,3,5,computer_lab,coding,mostly_solo,over_4h,afternoon,1,1,0,1,1,0,1,1,0,0,0,study_room,coding,2,under_1h,morning,weekday,19.1,clear,indoor,rarely,5,4,4,4,3,4,4,3,4,2,20,12,20,12,16,16,12,12,4.5,7.2,15,0.5,56.4
I2484,U249,quiet_deepwork,P014,library_14,synthetic,train,4,3,5,3,4,3,4,4,3,5,computer_lab,coding,mostly_solo,over_4h,afternoon,1,1,0,1,1,0,1,1,0,0,0,library,report_writing,solo,1_2h,evening,weekday,7.6,hot,indoor,sometimes,5,4,5,4,3,4,4,5,4,4,20,12,25,12,16,16,12,12,4.3,2.9,25,0.5,76.8
I2485,U249,quiet_deepwork,P092,coworking_space_08,synthetic,train,4,3,5,3,4,3,4,4,3,5,computer_lab,coding,mostly_solo,over_4h,afternoon,1,1,0,1,1,0,1,1,0,0,0,coworking_space,coding,solo,over_4h,evening,weekday,4.4,clear,indoor,often,2,4,3,4,3,4,4,4,4,3,8,12,15,12,16,16,12,12,4.5,1.7,20,0.5,75.7
I2486,U249,quiet_deepwork,P100,dorm_lounge_04,synthetic,train,4,3,5,3,4,3,4,4,3,5,computer_lab,coding,mostly_solo,over_4h,afternoon,1,1,0,1,1,0,1,1,0,0,0,dorm_lounge,light_reading,solo,2_4h,afternoon,weekday,13.1,clear,indoor,rarely,3,4,2,3,3,4,3,4,4,4,12,12,10,9,12,16,12,12,2.3,4.9,12,1,52.1
I2487,U249,quiet_deepwork,P066,classroom_04,synthetic,train,4,3,5,3,4,3,4,4,3,5,computer_lab,coding,mostly_solo,over_4h,afternoon,1,1,0,1,1,0,1,1,0,0,0,classroom,deep_study,solo,2_4h,morning,weekday,11.1,cloudy,indoor,sometimes,3,4,4,3,3,3,4,4,3,4,12,12,20,9,16,12,12,9,5.0,4.2,20,0.5,64.1
I2488,U249,quiet_deepwork,P057,home_03,synthetic,train,4,3,5,3,4,3,4,4,3,5,computer_lab,coding,mostly_solo,over_4h,afternoon,1,1,0,1,1,0,1,1,0,0,0,home,coding,solo,over_4h,afternoon,weekday,6.0,hot,indoor,sometimes,3,4,4,4,5,4,5,4,5,4,12,12,20,12,20,20,20,12,4.5,2.3,20,1,74.9
I2489,U249,quiet_deepwork,P076,computer_lab_02,synthetic,train,4,3,5,3,4,3,4,4,3,5,computer_lab,coding,mostly_solo,over_4h,afternoon,1,1,0,1,1,0,1,1,0,0,0,computer_lab,report_writing,3_4,2_4h,morning,weekday,14.8,rainy,indoor,sometimes,3,5,3,4,4,3,4,3,3,4,12,15,15,12,16,12,16,9,4.3,5.5,15,0.5,65.4
I2490,U249,quiet_deepwork,P001,library_01,synthetic,train,4,3,5,3,4,3,4,4,3,5,computer_lab,coding,mostly_solo,over_4h,afternoon,1,1,0,1,1,0,1,1,0,0,0,library,report_writing,solo,under_1h,evening,weekday,5.6,cloudy,indoor,often,5,4,4,5,2,3,4,5,4,4,20,12,20,15,16,16,8,9,4.3,2.1,25,0.5,81.4
I2491,U250,convenience_oriented,P001,library_01,synthetic,train,4,3,3,3,5,5,4,4,3,4,computer_lab,report_writing,mostly_solo,2_4h,morning,1,0,0,1,1,1,1,1,1,0,0,library,report_writing,solo,2_4h,late_night,weekday,8.5,cold,indoor,sometimes,5,4,4,5,2,3,4,4,4,4,20,12,12,15,20,16,8,9,3.4,5.3,16,0,56.0
I2492,U250,convenience_oriented,P081,computer_lab_07,synthetic,train,4,3,3,3,5,5,4,4,3,4,computer_lab,report_writing,mostly_solo,2_4h,morning,1,0,0,1,1,1,1,1,1,0,0,computer_lab,coding,solo,under_1h,evening,weekday,7.5,clear,indoor,often,4,4,2,3,3,3,4,5,4,3,16,12,6,9,20,16,12,9,3.6,4.7,20,0,71.8
I2493,U250,convenience_oriented,P066,classroom_04,synthetic,train,4,3,3,3,5,5,4,4,3,4,computer_lab,report_writing,mostly_solo,2_4h,morning,1,0,0,1,1,1,1,1,1,0,0,classroom,coding,solo,over_4h,early_morning,weekday,8.1,cloudy,indoor,often,3,4,4,3,3,3,4,4,3,4,12,12,12,9,20,12,12,9,3.6,5.0,16,0.5,69.0
I2494,U250,convenience_oriented,P023,study_room_05,synthetic,train,4,3,3,3,5,5,4,4,3,4,computer_lab,report_writing,mostly_solo,2_4h,morning,1,0,0,1,1,1,1,1,1,0,0,study_room,light_reading,solo,under_1h,afternoon,weekday,19.5,clear,indoor,sometimes,5,4,3,4,4,4,3,4,4,4,20,12,9,12,15,16,16,12,1.8,12.2,12,0.5,61.0
I2495,U250,convenience_oriented,P004,library_04,synthetic,train,4,3,3,3,5,5,4,4,3,4,computer_lab,report_writing,mostly_solo,2_4h,morning,1,0,0,1,1,1,1,1,1,0,0,library,online_class,2,1_2h,late_night,weekday,6.2,rainy,indoor,sometimes,5,3,3,4,2,4,4,3,3,4,20,9,9,12,20,12,8,12,2.6,3.9,9,0,62.0
I2496,U250,convenience_oriented,P097,dorm_lounge_01,synthetic,train,4,3,3,3,5,5,4,4,3,4,computer_lab,report_writing,mostly_solo,2_4h,morning,1,0,0,1,1,1,1,1,1,0,0,dorm_lounge,team_project,5_plus,under_1h,morning,weekend,11.4,cloudy,indoor,sometimes,3,3,3,2,3,4,5,3,4,2,12,9,9,6,25,16,12,12,1.0,7.1,9,1,63.2
I2497,U250,convenience_oriented,P047,cafe_11,synthetic,train,4,3,3,3,5,5,4,4,3,4,computer_lab,report_writing,mostly_solo,2_4h,morning,1,0,0,1,1,1,1,1,1,0,0,cafe,deep_study,2,over_4h,evening,weekday,12.7,clear,indoor,sometimes,3,4,3,3,2,4,3,2,4,3,12,12,9,9,15,16,8,12,4.0,8.0,8,0,51.9
I2498,U250,convenience_oriented,P014,library_14,synthetic,train,4,3,3,3,5,5,4,4,3,4,computer_lab,report_writing,mostly_solo,2_4h,morning,1,0,0,1,1,1,1,1,1,0,0,library,online_class,solo,1_2h,afternoon,weekday,5.6,hot,indoor,first_time,5,4,5,4,3,4,4,3,4,4,20,12,15,12,20,16,12,12,2.6,3.5,9,0.5,66.9
I2499,U250,convenience_oriented,P108,dorm_lounge_12,synthetic,train,4,3,3,3,5,5,4,4,3,4,computer_lab,report_writing,mostly_solo,2_4h,morning,1,0,0,1,1,1,1,1,1,0,0,dorm_lounge,online_class,3_4,under_1h,afternoon,weekday,10.1,clear,indoor,sometimes,2,4,3,3,3,3,3,3,3,3,8,12,9,9,15,12,12,9,2.6,6.3,9,0.5,47.8
I2500,U250,convenience_oriented,P018,library_18,synthetic,train,4,3,3,3,5,5,4,4,3,4,computer_lab,report_writing,mostly_solo,2_4h,morning,1,0,0,1,1,1,1,1,1,0,0,library,report_writing,solo,under_1h,morning,weekday,9.3,clear,indoor,often,5,4,3,4,3,3,4,4,4,3,20,12,9,12,20,16,12,9,3.4,5.8,16,1,69.4
I2501,U251,quiet_deepwork,P028,study_room_10,synthetic,test,5,5,5,5,4,3,5,4,4,5,study_room,coding,mostly_solo,under_1h,afternoon,1,1,1,1,1,0,1,1,0,1,1,study_room,deep_study,solo,1_2h,evening,weekend,21.6,clear,indoor,rarely,4,4,3,3,4,4,5,4,4,3,20,20,15,15,20,20,16,16,5.0,8.1,20,0.5,70.6
I2502,U251,quiet_deepwork,P080,computer_lab_06,synthetic,test,5,5,5,5,4,3,5,4,4,5,study_room,coding,mostly_solo,under_1h,afternoon,1,1,1,1,1,0,1,1,0,1,1,computer_lab,deep_study,solo,1_2h,evening,weekday,5.4,hot,indoor,often,4,4,4,3,3,4,4,4,4,3,20,20,20,15,16,20,12,16,5.0,2.0,20,0.5,80.6
I2503,U251,quiet_deepwork,P024,study_room_06,synthetic,test,5,5,5,5,4,3,5,4,4,5,study_room,coding,mostly_solo,under_1h,afternoon,1,1,1,1,1,0,1,1,0,1,1,study_room,deep_study,2,over_4h,afternoon,weekend,8.1,clear,indoor,rarely,4,4,3,4,3,4,4,5,4,3,20,20,15,20,16,20,12,16,5.0,3.0,25,1,65.6
I2504,U251,quiet_deepwork,P022,study_room_04,synthetic,test,5,5,5,5,4,3,5,4,4,5,study_room,coding,mostly_solo,under_1h,afternoon,1,1,1,1,1,0,1,1,0,1,1,study_room,coding,solo,2_4h,early_morning,weekday,9.2,clear,indoor,sometimes,4,5,3,4,5,3,4,4,4,4,20,25,15,20,16,20,20,12,4.5,3.4,20,0,78.5
I2505,U251,quiet_deepwork,P067,classroom_05,synthetic,test,5,5,5,5,4,3,5,4,4,5,study_room,coding,mostly_solo,under_1h,afternoon,1,1,1,1,1,0,1,1,0,1,1,classroom,light_reading,solo,2_4h,evening,weekday,9.8,cloudy,indoor,first_time,3,4,3,3,3,2,3,3,3,3,15,20,15,15,12,15,12,8,2.3,3.7,9,0.5,66.9
I2506,U251,quiet_deepwork,P014,library_14,synthetic,test,5,5,5,5,4,3,5,4,4,5,study_room,coding,mostly_solo,under_1h,afternoon,1,1,1,1,1,0,1,1,0,1,1,library,deep_study,solo,1_2h,afternoon,weekday,8.0,clear,indoor,often,5,4,5,4,3,4,4,5,4,4,25,20,25,20,16,20,12,16,5.0,3.0,25,1,89.2
I2507,U251,quiet_deepwork,P010,library_10,synthetic,test,5,5,5,5,4,3,5,4,4,5,study_room,coding,mostly_solo,under_1h,afternoon,1,1,1,1,1,0,1,1,0,1,1,library,coding,2,1_2h,morning,weekday,10.4,rainy,indoor,sometimes,5,5,4,4,3,4,4,4,4,5,25,25,20,20,16,20,12,16,4.5,3.9,20,0.5,88.9
I2508,U251,quiet_deepwork,P020,study_room_02,synthetic,test,5,5,5,5,4,3,5,4,4,5,study_room,coding,mostly_solo,under_1h,afternoon,1,1,1,1,1,0,1,1,0,1,1,study_room,deep_study,solo,2_4h,evening,weekday,9.3,hot,indoor,often,4,4,4,5,3,4,4,5,4,4,20,20,20,25,16,20,12,16,5.0,3.5,25,0.5,100.0
I2509,U251,quiet_deepwork,P011,library_11,synthetic,test,5,5,5,5,4,3,5,4,4,5,study_room,coding,mostly_solo,under_1h,afternoon,1,1,1,1,1,0,1,1,0,1,1,library,deep_study,3_4,2_4h,evening,weekend,10.4,cloudy,indoor,sometimes,5,4,4,4,2,4,4,5,4,3,25,20,20,20,16,20,8,16,5.0,3.9,25,0.5,70.0
I2510,U251,quiet_deepwork,P081,computer_lab_07,synthetic,test,5,5,5,5,4,3,5,4,4,5,study_room,coding,mostly_solo,under_1h,afternoon,1,1,1,1,1,0,1,1,0,1,1,computer_lab,light_reading,solo,1_2h,morning,weekday,3.6,clear,indoor,sometimes,4,4,2,3,3,3,4,2,4,3,20,20,10,15,16,20,12,12,2.3,1.4,6,0.5,73.6
I2511,U252,quiet_deepwork,P014,library_14,synthetic,train,4,4,4,4,4,3,4,4,4,4,classroom,deep_study,mostly_solo,over_4h,early_morning,1,1,1,1,1,0,1,1,0,1,1,library,deep_study,solo,over_4h,morning,weekday,3.6,cold,indoor,sometimes,5,4,5,4,3,4,4,5,4,4,20,16,20,16,16,16,12,16,4.0,1.3,20,0.5,78.0
I2512,U252,quiet_deepwork,P007,library_07,synthetic,train,4,4,4,4,4,3,4,4,4,4,classroom,deep_study,mostly_solo,over_4h,early_morning,1,1,1,1,1,0,1,1,0,1,1,library,coding,solo,2_4h,morning,weekday,13.4,cloudy,indoor,sometimes,5,4,3,4,3,3,4,4,4,4,20,16,12,16,16,16,12,12,3.6,5.0,16,0.5,68.7
I2513,U252,quiet_deepwork,P015,library_15,synthetic,train,4,4,4,4,4,3,4,4,4,4,classroom,deep_study,mostly_solo,over_4h,early_morning,1,1,1,1,1,0,1,1,0,1,1,library,deep_study,solo,2_4h,early_morning,weekend,14.0,clear,indoor,first_time,4,4,4,5,2,4,3,5,4,4,16,16,16,20,12,16,8,16,4.0,5.2,20,1,68.5
I2514,U252,quiet_deepwork,P013,library_13,synthetic,train,4,4,4,4,4,3,4,4,4,4,classroom,deep_study,mostly_solo,over_4h,early_morning,1,1,1,1,1,0,1,1,0,1,1,library,deep_study,solo,2_4h,morning,weekday,3.5,clear,indoor,sometimes,5,4,4,4,3,3,5,5,4,4,20,16,16,16,20,16,12,12,4.0,1.3,20,0.5,80.9
I2515,U252,quiet_deepwork,P001,library_01,synthetic,train,4,4,4,4,4,3,4,4,4,4,classroom,deep_study,mostly_solo,over_4h,early_morning,1,1,1,1,1,0,1,1,0,1,1,library,deep_study,solo,2_4h,morning,weekend,8.5,hot,indoor,sometimes,5,4,4,5,2,3,4,5,4,4,20,16,16,20,16,16,8,12,4.0,3.2,20,0.5,77.5
I2516,U252,quiet_deepwork,P022,study_room_04,synthetic,train,4,4,4,4,4,3,4,4,4,4,classroom,deep_study,mostly_solo,over_4h,early_morning,1,1,1,1,1,0,1,1,0,1,1,study_room,deep_study,2,2_4h,evening,weekday,6.3,cloudy,indoor,sometimes,4,5,3,4,5,3,4,5,4,4,16,20,12,16,16,16,20,12,4.0,2.3,20,0,83.3
I2517,U252,quiet_deepwork,P086,coworking_space_02,synthetic,train,4,4,4,4,4,3,4,4,4,4,classroom,deep_study,mostly_solo,over_4h,early_morning,1,1,1,1,1,0,1,1,0,1,1,coworking_space,coding,solo,1_2h,early_morning,weekend,16.2,clear,indoor,often,3,4,4,4,5,3,4,5,4,4,12,16,16,16,16,16,20,12,3.6,6.1,20,1,67.9
I2518,U252,quiet_deepwork,P024,study_room_06,synthetic,train,4,4,4,4,4,3,4,4,4,4,classroom,deep_study,mostly_solo,over_4h,early_morning,1,1,1,1,1,0,1,1,0,1,1,study_room,deep_study,solo,2_4h,evening,weekend,10.1,clear,indoor,rarely,4,4,3,4,3,4,4,5,4,3,16,16,12,16,16,16,12,16,4.0,3.8,20,0,70.3
I2519,U252,quiet_deepwork,P094,coworking_space_10,synthetic,train,4,4,4,4,4,3,4,4,4,4,classroom,deep_study,mostly_solo,over_4h,early_morning,1,1,1,1,1,0,1,1,0,1,1,coworking_space,coding,solo,over_4h,early_morning,weekday,10.1,rainy,indoor,often,3,5,3,4,3,4,3,4,4,4,12,20,12,16,12,16,12,16,3.6,3.8,16,1,65.6
I2520,U252,quiet_deepwork,P075,computer_lab_01,synthetic,train,4,4,4,4,4,3,4,4,4,4,classroom,deep_study,mostly_solo,over_4h,early_morning,1,1,1,1,1,0,1,1,0,1,1,computer_lab,report_writing,solo,2_4h,afternoon,weekday,13.3,clear,indoor,sometimes,3,3,3,4,3,4,5,4,3,3,12,12,12,16,20,12,12,16,3.4,5.0,16,0,72.7
I2521,U253,convenience_oriented,P014,library_14,synthetic,train,4,5,3,3,4,4,4,4,3,3,home,online_class,mixed,1_2h,afternoon,1,0,0,1,1,1,1,1,1,0,0,library,light_reading,solo,2_4h,late_night,weekday,2.3,clear,indoor,often,5,4,5,4,3,4,4,5,4,4,20,20,15,12,16,16,12,12,1.4,1.2,15,0,62.5
I2522,U253,convenience_oriented,P074,classroom_12,synthetic,train,4,5,3,3,4,4,4,4,3,3,home,online_class,mixed,1_2h,afternoon,1,0,0,1,1,1,1,1,1,0,0,classroom,coding,2,over_4h,late_night,weekday,8.7,rainy,indoor,sometimes,3,4,3,3,2,3,3,4,3,3,12,20,9,9,12,12,8,9,2.7,4.4,12,0,53.9
I2523,U253,convenience_oriented,P007,library_07,synthetic,train,4,5,3,3,4,4,4,4,3,3,home,online_class,mixed,1_2h,afternoon,1,0,0,1,1,1,1,1,1,0,0,library,coding,2,2_4h,afternoon,weekday,11.1,rainy,indoor,rarely,5,4,3,4,3,3,4,4,4,4,20,20,9,12,16,16,12,9,2.7,5.5,12,1,58.3
I2524,U253,convenience_oriented,P016,library_16,synthetic,train,4,5,3,3,4,4,4,4,3,3,home,online_class,mixed,1_2h,afternoon,1,0,0,1,1,1,1,1,1,0,0,library,light_reading,3_4,1_2h,morning,weekday,8.5,clear,indoor,sometimes,5,4,3,5,3,4,3,4,4,4,20,20,9,15,12,16,12,12,1.4,4.3,12,0.5,61.9
I2525,U253,convenience_oriented,P021,study_room_03,synthetic,train,4,5,3,3,4,4,4,4,3,3,home,online_class,mixed,1_2h,afternoon,1,0,0,1,1,1,1,1,1,0,0,study_room,light_reading,solo,under_1h,afternoon,weekend,22.2,cloudy,indoor,rarely,5,4,4,4,3,4,4,3,4,2,20,20,12,12,16,16,12,12,1.4,11.1,9,1,49.8
I2526,U253,convenience_oriented,P106,dorm_lounge_10,synthetic,train,4,5,3,3,4,4,4,4,3,3,home,online_class,mixed,1_2h,afternoon,1,0,0,1,1,1,1,1,1,0,0,dorm_lounge,coding,solo,over_4h,afternoon,weekday,8.3,cold,indoor,rarely,3,3,2,3,3,4,3,3,3,3,12,15,6,9,12,12,12,12,2.7,4.2,9,1,45.8
I2527,U253,convenience_oriented,P084,computer_lab_10,synthetic,train,4,5,3,3,4,4,4,4,3,3,home,online_class,mixed,1_2h,afternoon,1,0,0,1,1,1,1,1,1,0,0,computer_lab,report_writing,solo,1_2h,morning,weekday,10.4,rainy,indoor,first_time,4,4,3,4,3,3,4,4,3,2,16,20,9,12,16,12,12,9,2.6,5.2,12,0.5,70.8
I2528,U253,convenience_oriented,P034,study_room_16,synthetic,train,4,5,3,3,4,4,4,4,3,3,home,online_class,mixed,1_2h,afternoon,1,0,0,1,1,1,1,1,1,0,0,study_room,light_reading,2,1_2h,evening,weekend,8.4,rainy,indoor,often,4,4,4,4,4,3,4,4,5,3,16,20,12,12,16,20,16,9,1.4,4.2,12,0.5,71.8
I2529,U253,convenience_oriented,P046,cafe_10,synthetic,train,4,5,3,3,4,4,4,4,3,3,home,online_class,mixed,1_2h,afternoon,1,0,0,1,1,1,1,1,1,0,0,cafe,online_class,3_4,1_2h,afternoon,weekday,11.8,clear,indoor,sometimes,3,4,2,3,2,4,3,3,3,3,12,20,6,9,12,12,8,12,2.0,5.9,9,1,58.0
I2530,U253,convenience_oriented,P078,computer_lab_04,synthetic,train,4,5,3,3,4,4,4,4,3,3,home,online_class,mixed,1_2h,afternoon,1,0,0,1,1,1,1,1,1,0,0,computer_lab,online_class,solo,2_4h,late_night,weekday,5.0,clear,indoor,sometimes,4,4,4,4,3,3,5,4,4,3,16,20,12,12,20,16,12,9,2.0,2.5,12,0,70.1
I2531,U254,quiet_deepwork,P050,cafe_14,synthetic,train,4,4,5,5,4,3,3,4,4,4,library,report_writing,mostly_solo,2_4h,late_night,1,1,1,0,1,0,1,1,0,1,1,cafe,report_writing,2,2_4h,afternoon,weekday,14.6,rainy,indoor,sometimes,3,5,2,3,2,4,3,3,4,3,12,20,10,15,12,12,8,16,3.4,5.5,12,0,53.5
I2532,U254,quiet_deepwork,P059,home_05,synthetic,train,4,4,5,5,4,3,3,4,4,4,library,report_writing,mostly_solo,2_4h,late_night,1,1,1,0,1,0,1,1,0,1,1,home,coding,solo,1_2h,afternoon,weekday,17.8,cloudy,indoor,often,4,5,5,4,5,4,4,4,5,5,16,20,25,20,16,15,20,16,3.6,6.7,16,0,76.0
I2533,U254,quiet_deepwork,P057,home_03,synthetic,train,4,4,5,5,4,3,3,4,4,4,library,report_writing,mostly_solo,2_4h,late_night,1,1,1,0,1,0,1,1,0,1,1,home,meeting,2,over_4h,afternoon,weekend,7.2,cloudy,indoor,sometimes,3,4,4,4,5,4,5,3,5,4,12,16,20,20,20,15,20,16,0.8,2.7,9,0,68.3
I2534,U254,quiet_deepwork,P002,library_02,synthetic,train,4,4,5,5,4,3,3,4,4,4,library,report_writing,mostly_solo,2_4h,late_night,1,1,1,0,1,0,1,1,0,1,1,library,report_writing,solo,over_4h,afternoon,weekday,6.8,clear,indoor,first_time,5,5,4,4,2,3,4,5,4,4,20,20,20,20,16,12,8,12,3.4,2.6,20,0,71.1
I2535,U254,quiet_deepwork,P036,study_room_18,synthetic,train,4,4,5,5,4,3,3,4,4,4,library,report_writing,mostly_solo,2_4h,late_night,1,1,1,0,1,0,1,1,0,1,1,study_room,report_writing,2,over_4h,evening,weekday,9.7,hot,indoor,often,5,4,4,4,4,4,5,5,4,4,20,16,20,20,20,12,16,16,3.4,3.6,20,0.5,89.1
I2536,U254,quiet_deepwork,P050,cafe_14,synthetic,train,4,4,5,5,4,3,3,4,4,4,library,report_writing,mostly_solo,2_4h,late_night,1,1,1,0,1,0,1,1,0,1,1,cafe,deep_study,solo,under_1h,late_night,weekend,17.8,clear,indoor,first_time,3,5,2,3,2,4,3,3,4,3,12,20,10,15,12,12,8,16,4.0,6.7,12,1,47.9
I2537,U254,quiet_deepwork,P070,classroom_08,synthetic,train,4,4,5,5,4,3,3,4,4,4,library,report_writing,mostly_solo,2_4h,late_night,1,1,1,0,1,0,1,1,0,1,1,classroom,deep_study,3_4,over_4h,afternoon,weekday,12.3,cold,indoor,sometimes,3,4,3,2,3,2,3,3,2,3,12,16,15,10,12,6,12,8,4.0,4.6,12,0,62.3
I2538,U254,quiet_deepwork,P055,home_01,synthetic,train,4,4,5,5,4,3,3,4,4,4,library,report_writing,mostly_solo,2_4h,late_night,1,1,1,0,1,0,1,1,0,1,1,home,deep_study,solo,2_4h,late_night,weekend,14.2,cold,indoor,rarely,4,3,5,4,4,5,5,4,4,5,16,12,25,20,20,12,16,20,4.0,5.3,16,1,69.2
I2539,U254,quiet_deepwork,P013,library_13,synthetic,train,4,4,5,5,4,3,3,4,4,4,library,report_writing,mostly_solo,2_4h,late_night,1,1,1,0,1,0,1,1,0,1,1,library,light_reading,3_4,1_2h,early_morning,weekday,1.0,cloudy,indoor,often,5,4,4,4,3,3,5,4,4,4,20,16,20,20,20,12,12,12,1.8,0.4,12,0,75.8
I2540,U254,quiet_deepwork,P060,home_06,synthetic,train,4,4,5,5,4,3,3,4,4,4,library,report_writing,mostly_solo,2_4h,late_night,1,1,1,0,1,0,1,1,0,1,1,home,online_class,solo,over_4h,afternoon,weekday,15.6,clear,indoor,often,4,3,5,5,4,5,5,5,4,5,16,12,25,25,20,12,16,20,2.6,5.8,15,0,75.4
I2541,U255,social_collaborative,P008,library_08,synthetic,valid,3,3,3,3,4,3,2,3,4,3,study_room,meeting,mostly_group,2_4h,afternoon,0,0,0,0,1,0,0,1,0,1,0,library,deep_study,solo,1_2h,afternoon,weekday,11.8,clear,indoor,first_time,5,5,4,4,2,3,4,4,4,4,15,15,12,12,16,8,6,12,3.0,4.4,12,1,59.9
I2542,U255,social_collaborative,P087,coworking_space_03,synthetic,valid,3,3,3,3,4,3,2,3,4,3,study_room,meeting,mostly_group,2_4h,afternoon,0,0,0,0,1,0,0,1,0,1,0,coworking_space,team_project,3_4,2_4h,morning,weekday,18.1,clear,indoor,sometimes,4,4,3,2,5,4,4,4,4,4,12,12,9,6,16,8,15,16,0.8,6.8,12,0.5,64.8
I2543,U255,social_collaborative,P058,home_04,synthetic,valid,3,3,3,3,4,3,2,3,4,3,study_room,meeting,mostly_group,2_4h,afternoon,0,0,0,0,1,0,0,1,0,1,0,home,online_class,solo,2_4h,afternoon,weekday,17.4,clear,indoor,rarely,4,3,4,3,4,5,4,4,4,4,12,9,12,9,16,8,12,20,2.0,6.5,12,1,64.0
I2544,U255,social_collaborative,P032,study_room_14,synthetic,valid,3,3,3,3,4,3,2,3,4,3,study_room,meeting,mostly_group,2_4h,afternoon,0,0,0,0,1,0,0,1,0,1,0,study_room,team_project,2,1_2h,morning,weekend,23.6,clear,indoor,rarely,4,4,4,4,4,3,4,4,4,4,12,12,12,12,16,8,12,12,0.8,8.8,12,0.5,45.7
I2545,U255,social_collaborative,P078,computer_lab_04,synthetic,valid,3,3,3,3,4,3,2,3,4,3,study_room,meeting,mostly_group,2_4h,afternoon,0,0,0,0,1,0,0,1,0,1,0,computer_lab,deep_study,solo,1_2h,evening,weekday,10.6,cold,indoor,often,4,4,4,4,3,3,5,4,4,3,12,12,12,12,20,8,9,12,3.0,4.0,12,0.5,59.6
I2546,U255,social_collaborative,P066,classroom_04,synthetic,valid,3,3,3,3,4,3,2,3,4,3,study_room,meeting,mostly_group,2_4h,afternoon,0,0,0,0,1,0,0,1,0,1,0,classroom,light_reading,solo,under_1h,evening,weekday,13.4,clear,indoor,sometimes,3,4,4,3,3,3,4,2,3,4,9,12,12,9,16,6,9,12,1.4,5.0,6,0.5,50.6
I2547,U255,social_collaborative,P113,outdoor_05,synthetic,valid,3,3,3,3,4,3,2,3,4,3,study_room,meeting,mostly_group,2_4h,afternoon,0,0,0,0,1,0,0,1,0,1,0,outdoor,online_class,3_4,under_1h,afternoon,weekday,12.9,clear,outdoor,sometimes,3,3,4,2,2,3,2,1,3,3,9,9,12,6,8,6,6,12,2.0,4.9,3,1,45.3
I2548,U255,social_collaborative,P014,library_14,synthetic,valid,3,3,3,3,4,3,2,3,4,3,study_room,meeting,mostly_group,2_4h,afternoon,0,0,0,0,1,0,0,1,0,1,0,library,deep_study,solo,over_4h,evening,weekday,3.2,clear,indoor,rarely,5,4,5,4,3,4,4,4,4,4,15,12,15,12,16,8,9,16,3.0,1.2,12,0.5,75.9
I2549,U255,social_collaborative,P089,coworking_space_05,synthetic,valid,3,3,3,3,4,3,2,3,4,3,study_room,meeting,mostly_group,2_4h,afternoon,0,0,0,0,1,0,0,1,0,1,0,coworking_space,team_project,2,2_4h,afternoon,weekday,15.2,clear,indoor,sometimes,3,5,4,3,4,4,5,5,4,3,9,15,12,9,20,8,12,16,0.8,5.7,15,1,61.2
I2550,U255,social_collaborative,P021,study_room_03,synthetic,valid,3,3,3,3,4,3,2,3,4,3,study_room,meeting,mostly_group,2_4h,afternoon,0,0,0,0,1,0,0,1,0,1,0,study_room,team_project,5_plus,2_4h,evening,weekday,19.9,rainy,indoor,rarely,5,4,4,4,3,4,4,4,4,2,15,12,12,12,16,8,9,16,0.8,7.5,12,0.5,56.9
I2551,U256,quiet_deepwork,P003,library_03,synthetic,train,4,4,5,4,5,3,5,4,5,3,study_room,coding,mixed,2_4h,afternoon,1,1,1,1,1,0,1,1,0,1,1,library,online_class,solo,under_1h,morning,weekend,1.0,clear,indoor,first_time,5,3,4,5,3,3,4,3,4,4,20,12,20,20,20,20,12,15,2.0,0.4,9,0.5,74.4
I2552,U256,quiet_deepwork,P062,home_08,synthetic,train,4,4,5,4,5,3,5,4,5,3,study_room,coding,mixed,2_4h,afternoon,1,1,1,1,1,0,1,1,0,1,1,home,report_writing,2,2_4h,afternoon,weekday,11.4,cloudy,indoor,often,4,3,4,4,4,5,5,4,4,5,16,12,20,16,25,20,16,25,2.6,4.3,12,1,80.5
I2553,U256,quiet_deepwork,P012,library_12,synthetic,train,4,4,5,4,5,3,5,4,5,3,study_room,coding,mixed,2_4h,afternoon,1,1,1,1,1,0,1,1,0,1,1,library,report_writing,solo,over_4h,afternoon,weekday,2.5,clear,indoor,often,5,4,4,4,3,3,3,5,5,4,20,16,20,16,15,25,12,15,2.6,0.9,15,1,87.5
I2554,U256,quiet_deepwork,P112,outdoor_04,synthetic,train,4,4,5,4,5,3,5,4,5,3,study_room,coding,mixed,2_4h,afternoon,1,1,1,1,1,0,1,1,0,1,1,outdoor,deep_study,solo,over_4h,evening,weekday,10.9,hot,outdoor,sometimes,3,4,3,3,2,3,1,3,3,2,12,16,15,12,5,15,8,15,3.0,4.1,9,0.5,43.4
I2555,U256,quiet_deepwork,P001,library_01,synthetic,train,4,4,5,4,5,3,5,4,5,3,study_room,coding,mixed,2_4h,afternoon,1,1,1,1,1,0,1,1,0,1,1,library,coding,solo,2_4h,evening,weekend,10.0,clear,indoor,rarely,5,4,4,5,2,3,4,5,4,4,20,16,20,20,20,20,8,15,2.7,3.8,15,0.5,79.7
I2556,U256,quiet_deepwork,P035,study_room_17,synthetic,train,4,4,5,4,5,3,5,4,5,3,study_room,coding,mixed,2_4h,afternoon,1,1,1,1,1,0,1,1,0,1,1,study_room,coding,solo,1_2h,morning,weekend,4.3,clear,indoor,first_time,4,4,4,4,3,4,5,4,4,3,16,16,20,16,25,20,12,20,2.7,1.6,12,0.5,82.2
I2557,U256,quiet_deepwork,P009,library_09,synthetic,train,4,4,5,4,5,3,5,4,5,3,study_room,coding,mixed,2_4h,afternoon,1,1,1,1,1,0,1,1,0,1,1,library,team_project,5_plus,under_1h,afternoon,weekend,9.0,cold,indoor,sometimes,4,4,3,4,2,4,4,2,4,4,16,16,15,16,20,20,8,20,0.8,3.4,6,1,67.1
I2558,U256,quiet_deepwork,P117,outdoor_09,synthetic,train,4,4,5,4,5,3,5,4,5,3,study_room,coding,mixed,2_4h,afternoon,1,1,1,1,1,0,1,1,0,1,1,outdoor,deep_study,solo,1_2h,late_night,weekday,13.3,cold,outdoor,sometimes,2,5,3,3,2,3,1,2,3,3,8,20,15,12,5,15,8,15,3.0,5.0,6,0,51.6
I2559,U256,quiet_deepwork,P036,study_room_18,synthetic,train,4,4,5,4,5,3,5,4,5,3,study_room,coding,mixed,2_4h,afternoon,1,1,1,1,1,0,1,1,0,1,1,study_room,light_reading,solo,under_1h,morning,weekend,15.5,clear,indoor,rarely,5,4,4,4,4,4,5,3,4,4,20,16,20,16,25,20,16,20,1.4,5.8,9,0.5,74.4
I2560,U256,quiet_deepwork,P059,home_05,synthetic,train,4,4,5,4,5,3,5,4,5,3,study_room,coding,mixed,2_4h,afternoon,1,1,1,1,1,0,1,1,0,1,1,home,light_reading,5_plus,2_4h,afternoon,weekday,12.1,clear,indoor,first_time,4,5,5,4,5,4,4,5,5,5,16,20,25,16,20,25,20,20,1.4,4.5,15,1,78.2
I2561,U257,quiet_deepwork,P081,computer_lab_07,synthetic,train,5,5,5,4,4,3,5,4,4,5,home,deep_study,mostly_solo,1_2h,afternoon,1,1,1,1,1,0,1,1,0,1,1,computer_lab,light_reading,3_4,2_4h,evening,weekend,7.0,rainy,indoor,first_time,4,4,2,3,3,3,4,3,4,3,20,20,10,12,16,20,12,12,2.3,2.6,9,0.5,56.4
I2562,U257,quiet_deepwork,P034,study_room_16,synthetic,train,5,5,5,4,4,3,5,4,4,5,home,deep_study,mostly_solo,1_2h,afternoon,1,1,1,1,1,0,1,1,0,1,1,study_room,report_writing,solo,over_4h,afternoon,weekend,10.3,hot,indoor,often,4,4,4,4,4,3,4,4,5,3,20,20,20,16,16,25,16,12,4.3,3.8,20,1,85.4
I2563,U257,quiet_deepwork,P019,study_room_01,synthetic,train,5,5,5,4,4,3,5,4,4,5,home,deep_study,mostly_solo,1_2h,afternoon,1,1,1,1,1,0,1,1,0,1,1,study_room,deep_study,3_4,2_4h,evening,weekday,13.3,cloudy,indoor,sometimes,4,3,4,4,3,4,4,5,4,4,20,15,20,16,16,20,12,16,5.0,5.0,25,0.5,73.5
I2564,U257,quiet_deepwork,P056,home_02,synthetic,train,5,5,5,4,4,3,5,4,4,5,home,deep_study,mostly_solo,1_2h,afternoon,1,1,1,1,1,0,1,1,0,1,1,home,coding,solo,1_2h,morning,weekday,12.0,hot,indoor,often,4,3,5,4,5,4,5,3,5,5,20,15,25,16,20,25,20,16,4.5,4.5,15,0.5,73.9
I2565,U257,quiet_deepwork,P055,home_01,synthetic,train,5,5,5,4,4,3,5,4,4,5,home,deep_study,mostly_solo,1_2h,afternoon,1,1,1,1,1,0,1,1,0,1,1,home,report_writing,solo,1_2h,evening,weekday,13.3,cloudy,indoor,sometimes,4,3,5,4,4,5,5,4,4,5,20,15,25,16,20,20,16,20,4.3,5.0,20,0.5,81.8
I2566,U257,quiet_deepwork,P022,study_room_04,synthetic,train,5,5,5,4,4,3,5,4,4,5,home,deep_study,mostly_solo,1_2h,afternoon,1,1,1,1,1,0,1,1,0,1,1,study_room,online_class,solo,1_2h,afternoon,weekday,16.5,rainy,indoor,often,4,5,3,4,5,3,4,4,4,4,20,25,15,16,16,20,20,12,3.3,6.2,12,1,79.0
I2567,U257,quiet_deepwork,P025,study_room_07,synthetic,train,5,5,5,4,4,3,5,4,4,5,home,deep_study,mostly_solo,1_2h,afternoon,1,1,1,1,1,0,1,1,0,1,1,study_room,deep_study,solo,2_4h,late_night,weekday,6.3,cold,indoor,often,4,4,3,4,4,4,4,5,4,3,20,20,15,16,16,20,16,16,5.0,2.4,25,0,72.8
I2568,U257,quiet_deepwork,P020,study_room_02,synthetic,train,5,5,5,4,4,3,5,4,4,5,home,deep_study,mostly_solo,1_2h,afternoon,1,1,1,1,1,0,1,1,0,1,1,study_room,online_class,solo,1_2h,evening,weekday,6.7,clear,indoor,sometimes,4,4,4,5,3,4,4,4,4,4,20,20,20,20,16,20,12,16,3.3,2.5,12,0.5,73.3
I2569,U257,quiet_deepwork,P062,home_08,synthetic,train,5,5,5,4,4,3,5,4,4,5,home,deep_study,mostly_solo,1_2h,afternoon,1,1,1,1,1,0,1,1,0,1,1,home,coding,solo,1_2h,evening,weekend,6.8,hot,indoor,first_time,4,3,4,4,4,5,5,5,4,5,20,15,20,16,20,20,16,20,4.5,2.5,25,0.5,78.3
I2570,U257,quiet_deepwork,P033,study_room_15,synthetic,train,5,5,5,4,4,3,5,4,4,5,home,deep_study,mostly_solo,1_2h,afternoon,1,1,1,1,1,0,1,1,0,1,1,study_room,team_project,2,1_2h,afternoon,weekday,5.3,cloudy,indoor,often,5,3,4,3,4,4,4,5,5,4,25,15,20,12,16,25,16,16,1.3,2.0,15,1,79.1
I2571,U258,convenience_oriented,P052,cafe_16,synthetic,train,3,3,4,2,4,5,4,3,3,4,cafe,deep_study,mostly_solo,over_4h,morning,0,1,0,1,1,1,0,1,1,0,0,cafe,light_reading,solo,under_1h,morning,weekend,13.7,hot,indoor,sometimes,3,5,3,2,2,3,3,4,4,3,9,15,12,4,12,16,6,9,1.8,8.6,12,1,39.6
I2572,U258,convenience_oriented,P083,computer_lab_09,synthetic,train,3,3,4,2,4,5,4,3,3,4,cafe,deep_study,mostly_solo,over_4h,morning,0,1,0,1,1,1,0,1,1,0,0,computer_lab,coding,solo,over_4h,afternoon,weekday,1.0,clear,indoor,rarely,4,4,3,3,4,3,5,4,4,3,12,12,12,6,20,16,12,9,3.6,0.6,16,0.5,68.0
I2573,U258,convenience_oriented,P015,library_15,synthetic,train,3,3,4,2,4,5,4,3,3,4,cafe,deep_study,mostly_solo,over_4h,morning,0,1,0,1,1,1,0,1,1,0,0,library,coding,solo,2_4h,afternoon,weekday,14.9,clear,indoor,rarely,4,4,4,5,2,4,3,5,4,4,12,12,16,10,12,16,6,12,3.6,9.3,20,0.5,62.7
I2574,U258,convenience_oriented,P111,outdoor_03,synthetic,train,3,3,4,2,4,5,4,3,3,4,cafe,deep_study,mostly_solo,over_4h,morning,0,1,0,1,1,1,0,1,1,0,0,outdoor,online_class,solo,under_1h,evening,weekday,11.0,cloudy,outdoor,often,3,5,3,4,2,2,1,2,2,3,9,15,12,8,4,8,6,6,2.6,6.9,6,0,45.2
I2575,U258,convenience_oriented,P046,cafe_10,synthetic,train,3,3,4,2,4,5,4,3,3,4,cafe,deep_study,mostly_solo,over_4h,morning,0,1,0,1,1,1,0,1,1,0,0,cafe,online_class,solo,1_2h,late_night,weekend,5.7,rainy,indoor,often,3,4,2,3,2,4,3,3,3,3,9,12,8,6,12,12,6,12,2.6,3.6,9,0,36.1
I2576,U258,convenience_oriented,P046,cafe_10,synthetic,train,3,3,4,2,4,5,4,3,3,4,cafe,deep_study,mostly_solo,over_4h,morning,0,1,0,1,1,1,0,1,1,0,0,cafe,coding,solo,2_4h,afternoon,weekday,5.7,clear,indoor,sometimes,3,4,2,3,2,4,3,3,3,3,9,12,8,6,12,12,6,12,3.6,3.6,12,0.5,52.0
I2577,U258,convenience_oriented,P076,computer_lab_02,synthetic,train,3,3,4,2,4,5,4,3,3,4,cafe,deep_study,mostly_solo,over_4h,morning,0,1,0,1,1,1,0,1,1,0,0,computer_lab,coding,solo,2_4h,morning,weekend,14.1,cloudy,indoor,rarely,3,5,3,4,4,3,4,5,3,4,9,15,12,8,16,12,12,9,3.6,8.8,20,1,46.0
I2578,U258,convenience_oriented,P090,coworking_space_06,synthetic,train,3,3,4,2,4,5,4,3,3,4,cafe,deep_study,mostly_solo,over_4h,morning,0,1,0,1,1,1,0,1,1,0,0,coworking_space,online_class,solo,under_1h,late_night,weekend,8.3,rainy,indoor,rarely,3,4,3,4,4,4,4,4,4,3,9,12,12,8,16,16,12,12,2.6,5.2,12,0,59.3
I2579,U258,convenience_oriented,P001,library_01,synthetic,train,3,3,4,2,4,5,4,3,3,4,cafe,deep_study,mostly_solo,over_4h,morning,0,1,0,1,1,1,0,1,1,0,0,library,team_project,5_plus,over_4h,late_night,weekday,10.3,hot,indoor,rarely,5,4,4,5,2,3,4,3,4,4,15,12,16,10,16,16,6,9,1.0,6.5,9,0,64.3
I2580,U258,convenience_oriented,P111,outdoor_03,synthetic,train,3,3,4,2,4,5,4,3,3,4,cafe,deep_study,mostly_solo,over_4h,morning,0,1,0,1,1,1,0,1,1,0,0,outdoor,deep_study,solo,over_4h,morning,weekend,14.5,rainy,outdoor,often,3,5,3,4,2,2,1,2,2,3,9,15,12,8,4,8,6,6,4.0,9.1,8,1,34.6
I2581,U259,comfort_oriented,P050,cafe_14,synthetic,train,4,5,4,5,4,3,4,5,5,4,outdoor,online_class,mostly_solo,over_4h,afternoon,1,1,1,1,1,0,1,1,0,1,1,cafe,light_reading,solo,2_4h,afternoon,weekend,13.4,cloudy,indoor,sometimes,3,5,2,3,2,4,3,4,4,3,12,25,8,15,12,16,10,20,1.8,5.0,12,1,70.3
I2582,U259,comfort_oriented,P055,home_01,synthetic,train,4,5,4,5,4,3,4,5,5,4,outdoor,online_class,mostly_solo,over_4h,afternoon,1,1,1,1,1,0,1,1,0,1,1,home,report_writing,solo,1_2h,afternoon,weekday,11.7,rainy,indoor,sometimes,4,3,5,4,4,5,5,5,4,5,16,15,20,20,20,16,20,25,3.4,4.4,20,1,85.5
I2583,U259,comfort_oriented,P035,study_room_17,synthetic,train,4,5,4,5,4,3,4,5,5,4,outdoor,online_class,mostly_solo,over_4h,afternoon,1,1,1,1,1,0,1,1,0,1,1,study_room,light_reading,solo,1_2h,evening,weekend,7.0,cold,indoor,sometimes,4,4,4,4,3,4,5,4,4,3,16,20,16,20,20,16,15,20,1.8,2.6,12,0.5,78.1
I2584,U259,comfort_oriented,P117,outdoor_09,synthetic,train,4,5,4,5,4,3,4,5,5,4,outdoor,online_class,mostly_solo,over_4h,afternoon,1,1,1,1,1,0,1,1,0,1,1,outdoor,online_class,solo,1_2h,morning,weekend,15.8,hot,outdoor,rarely,2,5,3,3,2,3,1,2,3,3,8,25,12,15,4,12,10,15,2.6,5.9,6,0.5,47.7
I2585,U259,comfort_oriented,P079,computer_lab_05,synthetic,train,4,5,4,5,4,3,4,5,5,4,outdoor,online_class,mostly_solo,over_4h,afternoon,1,1,1,1,1,0,1,1,0,1,1,computer_lab,coding,solo,over_4h,evening,weekday,8.8,rainy,indoor,sometimes,4,4,3,3,3,4,5,5,4,3,16,20,12,15,20,16,15,20,3.6,3.3,20,0.5,75.6
I2586,U259,comfort_oriented,P031,study_room_13,synthetic,train,4,5,4,5,4,3,4,5,5,4,outdoor,online_class,mostly_solo,over_4h,afternoon,1,1,1,1,1,0,1,1,0,1,1,study_room,online_class,solo,1_2h,morning,weekday,1.0,clear,indoor,sometimes,5,4,4,4,4,4,4,3,5,4,20,20,16,20,16,20,20,20,2.6,0.4,9,0.5,81.6
I2587,U259,comfort_oriented,P083,computer_lab_09,synthetic,train,4,5,4,5,4,3,4,5,5,4,outdoor,online_class,mostly_solo,over_4h,afternoon,1,1,1,1,1,0,1,1,0,1,1,computer_lab,report_writing,solo,2_4h,afternoon,weekday,1.0,clear,indoor,sometimes,4,4,3,3,4,3,5,3,4,3,16,20,12,15,20,16,20,15,3.4,0.4,12,1,83.5
I2588,U259,comfort_oriented,P034,study_room_16,synthetic,train,4,5,4,5,4,3,4,5,5,4,outdoor,online_class,mostly_solo,over_4h,afternoon,1,1,1,1,1,0,1,1,0,1,1,study_room,deep_study,solo,1_2h,afternoon,weekday,15.5,clear,indoor,often,4,4,4,4,4,3,4,5,5,3,16,20,16,20,16,20,20,15,4.0,5.8,20,1,76.9
I2589,U259,comfort_oriented,P044,cafe_08,synthetic,train,4,5,4,5,4,3,4,5,5,4,outdoor,online_class,mostly_solo,over_4h,afternoon,1,1,1,1,1,0,1,1,0,1,1,cafe,report_writing,solo,2_4h,afternoon,weekend,15.9,cloudy,indoor,sometimes,3,4,3,4,2,4,3,4,4,2,12,20,12,20,12,16,10,20,3.4,5.9,16,1,75.0
I2590,U259,comfort_oriented,P105,dorm_lounge_09,synthetic,train,4,5,4,5,4,3,4,5,5,4,outdoor,online_class,mostly_solo,over_4h,afternoon,1,1,1,1,1,0,1,1,0,1,1,dorm_lounge,report_writing,solo,over_4h,evening,weekday,9.3,cold,indoor,first_time,3,3,3,2,3,3,4,4,4,3,12,15,12,10,16,16,15,15,3.4,3.5,16,0.5,52.9
I2591,U260,convenience_oriented,P020,study_room_02,synthetic,train,3,3,3,2,4,5,3,4,4,4,dorm_lounge,online_class,mostly_solo,1_2h,morning,0,0,0,0,1,1,0,1,1,1,0,study_room,report_writing,solo,2_4h,afternoon,weekday,14.3,cloudy,indoor,sometimes,4,4,4,5,3,4,4,5,4,4,12,12,12,10,16,12,12,16,3.4,8.9,20,0.5,52.7
I2592,U260,convenience_oriented,P115,outdoor_07,synthetic,train,3,3,3,2,4,5,3,4,4,4,dorm_lounge,online_class,mostly_solo,1_2h,morning,0,0,0,0,1,1,0,1,1,1,0,outdoor,online_class,solo,1_2h,afternoon,weekend,11.6,clear,outdoor,often,3,4,3,3,1,3,1,1,2,3,9,12,9,6,4,6,4,12,2.6,7.2,3,0.5,38.9
I2593,U260,convenience_oriented,P019,study_room_01,synthetic,train,3,3,3,2,4,5,3,4,4,4,dorm_lounge,online_class,mostly_solo,1_2h,morning,0,0,0,0,1,1,0,1,1,1,0,study_room,online_class,solo,1_2h,evening,weekend,8.4,cold,indoor,often,4,3,4,4,3,4,4,3,4,4,12,9,12,8,16,12,12,16,2.6,5.3,9,0,55.0
I2594,U260,convenience_oriented,P026,study_room_08,synthetic,train,3,3,3,2,4,5,3,4,4,4,dorm_lounge,online_class,mostly_solo,1_2h,morning,0,0,0,0,1,1,0,1,1,1,0,study_room,team_project,3_4,1_2h,morning,weekday,21.9,clear,indoor,often,4,5,4,4,5,4,4,4,4,3,12,15,12,8,16,12,20,16,1.0,13.7,12,1,58.5
I2595,U260,convenience_oriented,P036,study_room_18,synthetic,train,3,3,3,2,4,5,3,4,4,4,dorm_lounge,online_class,mostly_solo,1_2h,morning,0,0,0,0,1,1,0,1,1,1,0,study_room,team_project,3_4,2_4h,morning,weekday,13.3,cold,indoor,rarely,5,4,4,4,4,4,5,5,4,4,15,12,12,8,20,12,16,16,1.0,8.3,15,1,77.1
I2596,U260,convenience_oriented,P077,computer_lab_03,synthetic,train,3,3,3,2,4,5,3,4,4,4,dorm_lounge,online_class,mostly_solo,1_2h,morning,0,0,0,0,1,1,0,1,1,1,0,computer_lab,coding,solo,2_4h,morning,weekday,20.3,clear,indoor,sometimes,4,3,3,3,2,3,4,5,4,4,12,9,9,6,16,12,8,12,3.6,12.7,20,1,48.6
I2597,U260,convenience_oriented,P107,dorm_lounge_11,synthetic,train,3,3,3,2,4,5,3,4,4,4,dorm_lounge,online_class,mostly_solo,1_2h,morning,0,0,0,0,1,1,0,1,1,1,0,dorm_lounge,coding,solo,2_4h,afternoon,weekday,24.4,hot,indoor,first_time,3,4,3,3,3,4,3,3,3,3,9,12,9,6,12,9,12,16,3.6,15.3,12,0.5,47.3
I2598,U260,convenience_oriented,P010,library_10,synthetic,train,3,3,3,2,4,5,3,4,4,4,dorm_lounge,online_class,mostly_solo,1_2h,morning,0,0,0,0,1,1,0,1,1,1,0,library,coding,solo,1_2h,evening,weekday,3.1,clear,indoor,sometimes,5,5,4,4,3,4,4,3,4,5,15,15,12,8,16,12,12,16,3.6,1.9,12,0,58.6
I2599,U260,convenience_oriented,P115,outdoor_07,synthetic,train,3,3,3,2,4,5,3,4,4,4,dorm_lounge,online_class,mostly_solo,1_2h,morning,0,0,0,0,1,1,0,1,1,1,0,outdoor,online_class,solo,under_1h,afternoon,weekday,18.9,clear,outdoor,often,3,4,3,3,1,3,1,2,2,3,9,12,9,6,4,6,4,12,2.6,11.8,6,0.5,47.2
I2600,U260,convenience_oriented,P035,study_room_17,synthetic,train,3,3,3,2,4,5,3,4,4,4,dorm_lounge,online_class,mostly_solo,1_2h,morning,0,0,0,0,1,1,0,1,1,1,0,study_room,report_writing,solo,over_4h,morning,weekday,3.4,clear,indoor,sometimes,4,4,4,4,3,4,5,5,4,3,12,12,12,8,20,12,12,16,3.4,2.1,20,1,50.2
I2601,U261,comfort_oriented,P070,classroom_08,synthetic,train,4,3,3,4,3,4,5,5,5,3,library,report_writing,mixed,over_4h,evening,1,0,1,1,0,1,1,0,1,1,1,classroom,report_writing,solo,over_4h,evening,weekday,10.6,hot,indoor,sometimes,3,4,3,2,3,2,3,3,2,3,12,12,9,8,9,10,15,10,2.6,5.3,9,1,54.1
I2602,U261,comfort_oriented,P100,dorm_lounge_04,synthetic,train,4,3,3,4,3,4,5,5,5,3,library,report_writing,mixed,over_4h,evening,1,0,1,1,0,1,1,0,1,1,1,dorm_lounge,team_project,3_4,2_4h,afternoon,weekday,9.3,rainy,indoor,often,3,4,2,3,3,4,3,4,4,4,12,12,6,12,9,20,15,20,0.8,4.7,12,0.5,70.8
I2603,U261,comfort_oriented,P089,coworking_space_05,synthetic,train,4,3,3,4,3,4,5,5,5,3,library,report_writing,mixed,over_4h,evening,1,0,1,1,0,1,1,0,1,1,1,coworking_space,coding,5_plus,2_4h,afternoon,weekend,12.4,cold,indoor,rarely,3,5,4,3,4,4,5,4,4,3,12,15,12,12,15,20,20,20,2.7,6.2,12,0.5,63.1
I2604,U261,comfort_oriented,P017,library_17,synthetic,train,4,3,3,4,3,4,5,5,5,3,library,report_writing,mixed,over_4h,evening,1,0,1,1,0,1,1,0,1,1,1,library,report_writing,solo,over_4h,afternoon,weekend,11.5,clear,indoor,sometimes,5,4,4,5,3,3,4,5,5,4,20,12,12,20,12,25,15,15,2.6,5.8,15,0.5,78.0
I2605,U261,comfort_oriented,P051,cafe_15,synthetic,train,4,3,3,4,3,4,5,5,5,3,library,report_writing,mixed,over_4h,evening,1,0,1,1,0,1,1,0,1,1,1,cafe,online_class,solo,1_2h,evening,weekend,17.8,cloudy,indoor,sometimes,3,4,2,3,3,4,3,3,4,3,12,12,6,12,9,20,15,20,2.0,8.9,9,1,56.2
I2606,U261,comfort_oriented,P098,dorm_lounge_02,synthetic,train,4,3,3,4,3,4,5,5,5,3,library,report_writing,mixed,over_4h,evening,1,0,1,1,0,1,1,0,1,1,1,dorm_lounge,coding,solo,2_4h,evening,weekend,14.8,cloudy,indoor,sometimes,3,4,3,2,3,4,4,3,4,3,12,12,9,8,12,20,15,20,2.7,7.4,9,1,63.2
I2607,U261,comfort_oriented,P027,study_room_09,synthetic,train,4,3,3,4,3,4,5,5,5,3,library,report_writing,mixed,over_4h,evening,1,0,1,1,0,1,1,0,1,1,1,study_room,coding,solo,over_4h,morning,weekday,7.5,cold,indoor,sometimes,5,3,3,4,4,3,3,4,3,3,20,9,9,16,9,15,20,15,2.7,3.8,12,0,54.6
I2608,U261,comfort_oriented,P089,coworking_space_05,synthetic,train,4,3,3,4,3,4,5,5,5,3,library,report_writing,mixed,over_4h,evening,1,0,1,1,0,1,1,0,1,1,1,coworking_space,online_class,solo,under_1h,late_night,weekday,16.1,clear,indoor,sometimes,3,5,4,3,4,4,5,4,4,3,12,15,12,12,15,20,20,20,2.0,8.0,12,0.5,69.5
I2609,U261,comfort_oriented,P009,library_09,synthetic,train,4,3,3,4,3,4,5,5,5,3,library,report_writing,mixed,over_4h,evening,1,0,1,1,0,1,1,0,1,1,1,library,light_reading,solo,under_1h,morning,weekday,8.8,cloudy,indoor,first_time,4,4,3,4,2,4,4,4,4,4,16,12,9,16,12,20,10,20,1.4,4.4,12,0,61.7
I2610,U261,comfort_oriented,P022,study_room_04,synthetic,train,4,3,3,4,3,4,5,5,5,3,library,report_writing,mixed,over_4h,evening,1,0,1,1,0,1,1,0,1,1,1,study_room,report_writing,solo,over_4h,early_morning,weekday,12.3,cloudy,indoor,sometimes,4,5,3,4,5,3,4,4,4,4,16,15,9,16,12,20,25,15,2.6,6.1,12,0,64.3
I2611,U262,balanced,P073,classroom_11,synthetic,train,4,4,4,3,4,3,5,4,4,3,library,deep_study,mixed,under_1h,afternoon,1,1,0,1,1,0,1,1,0,1,0,classroom,report_writing,solo,2_4h,afternoon,weekday,14.4,clear,indoor,rarely,4,5,3,3,4,3,3,2,3,4,16,20,12,9,12,15,16,12,2.6,5.4,6,1,60.5
I2612,U262,balanced,P008,library_08,synthetic,train,4,4,4,3,4,3,5,4,4,3,library,deep_study,mixed,under_1h,afternoon,1,1,0,1,1,0,1,1,0,1,0,library,coding,solo,2_4h,evening,weekday,17.4,clear,indoor,rarely,5,5,4,4,2,3,4,4,4,4,20,20,16,12,16,20,8,12,2.7,6.5,12,0.5,63.0
I2613,U262,balanced,P109,outdoor_01,synthetic,train,4,4,4,3,4,3,5,4,4,3,library,deep_study,mixed,under_1h,afternoon,1,1,0,1,1,0,1,1,0,1,0,outdoor,online_class,solo,1_2h,evening,weekend,11.6,clear,outdoor,sometimes,2,5,3,3,2,3,1,2,3,3,8,20,12,9,4,15,8,12,2.0,4.3,6,0.5,52.5
I2614,U262,balanced,P041,cafe_05,synthetic,train,4,4,4,3,4,3,5,4,4,3,library,deep_study,mixed,under_1h,afternoon,1,1,0,1,1,0,1,1,0,1,0,cafe,team_project,3_4,2_4h,morning,weekend,9.8,hot,indoor,sometimes,2,4,2,3,2,4,4,4,4,3,8,16,8,9,16,20,8,16,0.8,3.7,12,0.5,54.0
I2615,U262,balanced,P008,library_08,synthetic,train,4,4,4,3,4,3,5,4,4,3,library,deep_study,mixed,under_1h,afternoon,1,1,0,1,1,0,1,1,0,1,0,library,meeting,2,1_2h,afternoon,weekday,9.0,clear,indoor,sometimes,5,5,4,4,2,3,4,2,4,4,20,20,16,12,16,20,8,12,0.6,3.4,6,1,66.3
I2616,U262,balanced,P082,computer_lab_08,synthetic,train,4,4,4,3,4,3,5,4,4,3,library,deep_study,mixed,under_1h,afternoon,1,1,0,1,1,0,1,1,0,1,0,computer_lab,light_reading,solo,2_4h,afternoon,weekday,1.0,cloudy,indoor,often,3,4,4,4,3,3,5,3,3,3,12,16,16,12,20,15,12,12,1.4,0.4,9,1,67.9
I2617,U262,balanced,P053,cafe_17,synthetic,train,4,4,4,3,4,3,5,4,4,3,library,deep_study,mixed,under_1h,afternoon,1,1,0,1,1,0,1,1,0,1,0,cafe,deep_study,solo,over_4h,morning,weekday,17.5,rainy,indoor,often,3,4,2,2,2,3,3,3,3,3,12,16,8,6,12,15,8,12,3.0,6.6,9,0.5,57.0
I2618,U262,balanced,P090,coworking_space_06,synthetic,train,4,4,4,3,4,3,5,4,4,3,library,deep_study,mixed,under_1h,afternoon,1,1,0,1,1,0,1,1,0,1,0,coworking_space,report_writing,3_4,over_4h,morning,weekend,13.1,cloudy,indoor,sometimes,3,4,3,4,4,4,4,4,4,3,12,16,12,12,16,20,16,16,2.6,4.9,12,0.5,53.5
I2619,U262,balanced,P032,study_room_14,synthetic,train,4,4,4,3,4,3,5,4,4,3,library,deep_study,mixed,under_1h,afternoon,1,1,0,1,1,0,1,1,0,1,0,study_room,deep_study,solo,2_4h,evening,weekday,19.7,hot,indoor,rarely,4,4,4,4,4,3,4,5,4,4,16,16,16,12,16,20,16,12,3.0,7.4,15,0.5,64.0
I2620,U262,balanced,P063,classroom_01,synthetic,train,4,4,4,3,4,3,5,4,4,3,library,deep_study,mixed,under_1h,afternoon,1,1,0,1,1,0,1,1,0,1,0,classroom,meeting,5_plus,1_2h,morning,weekend,7.8,clear,indoor,sometimes,3,4,3,3,2,3,3,4,3,3,12,16,12,9,12,15,8,12,0.6,2.9,12,0.5,55.1
I2621,U263,comfort_oriented,P002,library_02,synthetic,train,4,5,3,5,4,4,5,5,5,4,home,coding,mostly_solo,under_1h,afternoon,1,0,1,1,1,1,1,1,1,1,1,library,online_class,solo,1_2h,morning,weekday,6.1,cold,indoor,sometimes,5,5,4,4,2,3,4,4,4,4,20,25,12,20,16,20,10,15,2.6,3.1,12,0.5,69.5
I2622,U263,comfort_oriented,P097,dorm_lounge_01,synthetic,train,4,5,3,5,4,4,5,5,5,4,home,coding,mostly_solo,under_1h,afternoon,1,0,1,1,1,1,1,1,1,1,1,dorm_lounge,coding,solo,2_4h,afternoon,weekend,6.4,clear,indoor,sometimes,3,3,3,2,3,4,5,3,4,2,12,15,9,10,20,20,15,20,3.6,3.2,12,1,61.6
I2623,U263,comfort_oriented,P067,classroom_05,synthetic,train,4,5,3,5,4,4,5,5,5,4,home,coding,mostly_solo,under_1h,afternoon,1,0,1,1,1,1,1,1,1,1,1,classroom,report_writing,2,1_2h,evening,weekday,13.1,cold,indoor,sometimes,3,4,3,3,3,2,3,4,3,3,12,20,9,15,12,15,15,10,3.4,6.6,16,0.5,61.1
I2624,U263,comfort_oriented,P094,coworking_space_10,synthetic,train,4,5,3,5,4,4,5,5,5,4,home,coding,mostly_solo,under_1h,afternoon,1,0,1,1,1,1,1,1,1,1,1,coworking_space,online_class,solo,under_1h,evening,weekday,5.5,cloudy,indoor,often,3,5,3,4,3,4,3,5,4,4,12,25,9,20,12,20,15,20,2.6,2.7,15,0.5,80.4
I2625,U263,comfort_oriented,P059,home_05,synthetic,train,4,5,3,5,4,4,5,5,5,4,home,coding,mostly_solo,under_1h,afternoon,1,0,1,1,1,1,1,1,1,1,1,home,deep_study,solo,over_4h,morning,weekday,17.8,rainy,indoor,sometimes,4,5,5,4,5,4,4,4,5,5,16,25,15,20,16,25,25,20,4.0,8.9,16,0.5,74.5
I2626,U263,comfort_oriented,P025,study_room_07,synthetic,train,4,5,3,5,4,4,5,5,5,4,home,coding,mostly_solo,under_1h,afternoon,1,0,1,1,1,1,1,1,1,1,1,study_room,coding,3_4,over_4h,afternoon,weekday,7.7,rainy,indoor,often,4,4,3,4,4,4,4,4,4,3,16,20,9,20,16,20,20,20,3.6,3.9,16,1,68.2
I2627,U263,comfort_oriented,P022,study_room_04,synthetic,train,4,5,3,5,4,4,5,5,5,4,home,coding,mostly_solo,under_1h,afternoon,1,0,1,1,1,1,1,1,1,1,1,study_room,online_class,3_4,1_2h,afternoon,weekday,8.2,clear,indoor,often,4,5,3,4,5,3,4,4,4,4,16,25,9,20,16,20,25,15,2.6,4.1,12,1,76.8
I2628,U263,comfort_oriented,P043,cafe_07,synthetic,train,4,5,3,5,4,4,5,5,5,4,home,coding,mostly_solo,under_1h,afternoon,1,0,1,1,1,1,1,1,1,1,1,cafe,coding,solo,2_4h,late_night,weekday,3.8,cloudy,indoor,sometimes,2,5,3,3,2,4,3,4,3,3,8,25,9,15,12,15,10,20,3.6,1.9,16,0,59.5
I2629,U263,comfort_oriented,P103,dorm_lounge_07,synthetic,train,4,5,3,5,4,4,5,5,5,4,home,coding,mostly_solo,under_1h,afternoon,1,0,1,1,1,1,1,1,1,1,1,dorm_lounge,report_writing,solo,2_4h,afternoon,weekday,14.1,clear,indoor,sometimes,3,4,3,3,4,4,5,3,3,3,12,20,9,15,20,15,20,20,3.4,7.1,12,1,80.0
I2630,U263,comfort_oriented,P107,dorm_lounge_11,synthetic,train,4,5,3,5,4,4,5,5,5,4,home,coding,mostly_solo,under_1h,afternoon,1,0,1,1,1,1,1,1,1,1,1,dorm_lounge,report_writing,solo,2_4h,afternoon,weekday,24.6,clear,indoor,sometimes,3,4,3,3,3,4,3,3,3,3,12,20,9,15,12,15,15,20,3.4,12.3,12,1,69.3
I2631,U264,social_collaborative,P045,cafe_09,synthetic,train,3,4,2,3,4,3,3,3,4,2,coworking_space,team_project,mostly_group,2_4h,evening,0,0,0,0,1,0,0,1,0,1,0,cafe,coding,solo,over_4h,afternoon,weekday,10.0,clear,indoor,sometimes,2,3,2,2,3,3,3,3,3,3,6,12,4,6,12,9,9,12,1.8,3.7,6,0.5,49.0
I2632,U264,social_collaborative,P033,study_room_15,synthetic,train,3,4,2,3,4,3,3,3,4,2,coworking_space,team_project,mostly_group,2_4h,evening,0,0,0,0,1,0,0,1,0,1,0,study_room,online_class,solo,2_4h,afternoon,weekday,1.0,clear,indoor,sometimes,5,3,4,3,4,4,4,5,5,4,15,12,8,9,16,15,12,16,1.3,0.4,15,0.5,65.2
I2633,U264,social_collaborative,P037,cafe_01,synthetic,train,3,4,2,3,4,3,3,3,4,2,coworking_space,team_project,mostly_group,2_4h,evening,0,0,0,0,1,0,0,1,0,1,0,cafe,report_writing,solo,2_4h,evening,weekday,13.9,clear,indoor,first_time,3,4,2,2,2,4,3,3,4,4,9,16,4,6,12,12,6,16,1.7,5.2,6,1,58.9
I2634,U264,social_collaborative,P038,cafe_02,synthetic,train,3,4,2,3,4,3,3,3,4,2,coworking_space,team_project,mostly_group,2_4h,evening,0,0,0,0,1,0,0,1,0,1,0,cafe,team_project,5_plus,over_4h,afternoon,weekend,21.3,clear,indoor,sometimes,2,4,3,2,2,4,3,3,3,3,6,16,6,6,12,9,6,16,0.5,8.0,9,0.5,47.7
I2635,U264,social_collaborative,P031,study_room_13,synthetic,train,3,4,2,3,4,3,3,3,4,2,coworking_space,team_project,mostly_group,2_4h,evening,0,0,0,0,1,0,0,1,0,1,0,study_room,team_project,2,1_2h,late_night,weekday,1.0,clear,indoor,sometimes,5,4,4,4,4,4,4,5,5,4,15,16,8,12,16,15,12,16,0.5,0.4,15,0.5,62.9
I2636,U264,social_collaborative,P096,coworking_space_12,synthetic,train,3,4,2,3,4,3,3,3,4,2,coworking_space,team_project,mostly_group,2_4h,evening,0,0,0,0,1,0,0,1,0,1,0,coworking_space,team_project,3_4,over_4h,evening,weekday,17.0,clear,indoor,often,3,3,4,3,3,5,5,4,4,3,9,12,8,9,20,12,9,20,0.5,6.4,12,1,64.0
I2637,U264,social_collaborative,P009,library_09,synthetic,train,3,4,2,3,4,3,3,3,4,2,coworking_space,team_project,mostly_group,2_4h,evening,0,0,0,0,1,0,0,1,0,1,0,library,team_project,5_plus,2_4h,evening,weekday,10.8,rainy,indoor,sometimes,4,4,3,4,2,4,4,3,4,4,12,16,6,12,16,12,6,16,0.5,4.0,9,1,65.0
I2638,U264,social_collaborative,P093,coworking_space_09,synthetic,train,3,4,2,3,4,3,3,3,4,2,coworking_space,team_project,mostly_group,2_4h,evening,0,0,0,0,1,0,0,1,0,1,0,coworking_space,team_project,5_plus,2_4h,morning,weekend,7.8,clear,indoor,often,3,4,2,3,4,4,4,4,4,3,9,16,4,9,16,12,12,16,0.5,2.9,12,0,70.5
I2639,U264,social_collaborative,P091,coworking_space_07,synthetic,train,3,4,2,3,4,3,3,3,4,2,coworking_space,team_project,mostly_group,2_4h,evening,0,0,0,0,1,0,0,1,0,1,0,coworking_space,team_project,5_plus,over_4h,evening,weekday,10.7,clear,indoor,sometimes,4,4,4,3,4,5,4,4,3,4,12,16,8,9,16,9,12,20,0.5,4.0,12,1,62.5
I2640,U264,social_collaborative,P079,computer_lab_05,synthetic,train,3,4,2,3,4,3,3,3,4,2,coworking_space,team_project,mostly_group,2_4h,evening,0,0,0,0,1,0,0,1,0,1,0,computer_lab,coding,solo,over_4h,afternoon,weekend,6.1,hot,indoor,sometimes,4,4,3,3,3,4,5,5,4,3,12,16,6,9,20,12,9,16,1.8,2.3,10,0.5,67.8
I2641,U265,quiet_deepwork,P072,classroom_10,synthetic,train,5,4,5,5,3,3,4,3,4,5,computer_lab,report_writing,mostly_solo,2_4h,late_night,1,1,1,1,0,0,1,0,0,1,1,classroom,coding,solo,2_4h,evening,weekend,14.5,rainy,indoor,often,3,3,4,3,3,3,4,4,3,3,15,12,20,15,12,12,9,12,4.5,5.4,20,0.5,62.8
I2642,U265,quiet_deepwork,P075,computer_lab_01,synthetic,train,5,4,5,5,3,3,4,3,4,5,computer_lab,report_writing,mostly_solo,2_4h,late_night,1,1,1,1,0,0,1,0,0,1,1,computer_lab,deep_study,solo,2_4h,evening,weekend,6.0,clear,indoor,first_time,3,3,3,4,3,4,5,4,3,3,15,12,15,20,15,12,9,16,5.0,2.3,20,0.5,75.1
I2643,U265,quiet_deepwork,P009,library_09,synthetic,train,5,4,5,5,3,3,4,3,4,5,computer_lab,report_writing,mostly_solo,2_4h,late_night,1,1,1,1,0,0,1,0,0,1,1,library,report_writing,solo,over_4h,afternoon,weekday,14.5,clear,indoor,sometimes,4,4,3,4,2,4,4,5,4,4,20,16,15,20,12,16,6,16,4.3,5.4,25,0,79.3
I2644,U265,quiet_deepwork,P022,study_room_04,synthetic,train,5,4,5,5,3,3,4,3,4,5,computer_lab,report_writing,mostly_solo,2_4h,late_night,1,1,1,1,0,0,1,0,0,1,1,study_room,report_writing,solo,1_2h,afternoon,weekday,8.9,cloudy,indoor,first_time,4,5,3,4,5,3,4,4,4,4,20,20,15,20,12,16,15,12,4.3,3.3,20,0,81.3
I2645,U265,quiet_deepwork,P068,classroom_06,synthetic,train,5,4,5,5,3,3,4,3,4,5,computer_lab,report_writing,mostly_solo,2_4h,late_night,1,1,1,1,0,0,1,0,0,1,1,classroom,light_reading,solo,1_2h,late_night,weekday,8.2,cold,indoor,rarely,3,4,3,3,2,3,3,3,2,4,15,16,15,15,9,8,6,12,2.3,3.1,9,1,58.5
I2646,U265,quiet_deepwork,P020,study_room_02,synthetic,train,5,4,5,5,3,3,4,3,4,5,computer_lab,report_writing,mostly_solo,2_4h,late_night,1,1,1,1,0,0,1,0,0,1,1,study_room,report_writing,solo,over_4h,afternoon,weekday,5.6,rainy,indoor,rarely,4,4,4,5,3,4,4,4,4,4,20,16,20,25,12,16,9,16,4.3,2.1,20,0,75.1
I2647,U265,quiet_deepwork,P056,home_02,synthetic,train,5,4,5,5,3,3,4,3,4,5,computer_lab,report_writing,mostly_solo,2_4h,late_night,1,1,1,1,0,0,1,0,0,1,1,home,report_writing,3_4,2_4h,late_night,weekend,11.0,clear,indoor,rarely,4,3,5,4,5,4,5,4,5,5,20,12,25,20,15,20,15,16,4.3,4.1,20,1,73.7
I2648,U265,quiet_deepwork,P005,library_05,synthetic,train,5,4,5,5,3,3,4,3,4,5,computer_lab,report_writing,mostly_solo,2_4h,late_night,1,1,1,1,0,0,1,0,0,1,1,library,deep_study,solo,over_4h,early_morning,weekday,3.5,rainy,indoor,first_time,5,4,4,5,3,4,4,5,4,4,25,16,20,25,12,16,9,16,5.0,1.3,25,0,79.9
I2649,U265,quiet_deepwork,P016,library_16,synthetic,train,5,4,5,5,3,3,4,3,4,5,computer_lab,report_writing,mostly_solo,2_4h,late_night,1,1,1,1,0,0,1,0,0,1,1,library,deep_study,solo,1_2h,late_night,weekday,14.2,clear,indoor,rarely,5,4,3,5,3,4,3,5,4,4,25,16,15,25,9,16,9,16,5.0,5.3,25,1,77.8
I2650,U265,quiet_deepwork,P067,classroom_05,synthetic,train,5,4,5,5,3,3,4,3,4,5,computer_lab,report_writing,mostly_solo,2_4h,late_night,1,1,1,1,0,0,1,0,0,1,1,classroom,coding,solo,1_2h,evening,weekday,11.2,rainy,indoor,sometimes,3,4,3,3,3,2,3,3,3,3,15,16,15,15,9,12,9,8,4.5,4.2,15,0.5,65.2
I2651,U266,comfort_oriented,P046,cafe_10,synthetic,train,4,4,4,3,3,4,4,4,4,4,home,deep_study,mostly_solo,2_4h,late_night,1,1,0,1,0,1,1,0,1,1,0,cafe,report_writing,solo,1_2h,morning,weekday,9.8,clear,indoor,rarely,3,4,2,3,2,4,3,4,3,3,12,16,8,9,9,12,8,16,3.4,4.9,16,0,59.1
I2652,U266,comfort_oriented,P006,library_06,synthetic,train,4,4,4,3,3,4,4,4,4,4,home,deep_study,mostly_solo,2_4h,late_night,1,1,0,1,0,1,1,0,1,1,0,library,coding,solo,over_4h,afternoon,weekend,9.7,cloudy,indoor,sometimes,4,4,4,5,2,3,4,5,5,4,16,16,16,15,12,20,8,12,3.6,4.8,20,0,67.7
I2653,U266,comfort_oriented,P056,home_02,synthetic,train,4,4,4,3,3,4,4,4,4,4,home,deep_study,mostly_solo,2_4h,late_night,1,1,0,1,0,1,1,0,1,1,0,home,report_writing,solo,over_4h,evening,weekday,10.2,clear,indoor,often,4,3,5,4,5,4,5,4,5,5,16,12,20,12,15,20,20,16,3.4,5.1,16,0.5,59.4
I2654,U266,comfort_oriented,P009,library_09,synthetic,train,4,4,4,3,3,4,4,4,4,4,home,deep_study,mostly_solo,2_4h,late_night,1,1,0,1,0,1,1,0,1,1,0,library,report_writing,solo,1_2h,afternoon,weekend,10.5,hot,indoor,sometimes,4,4,3,4,2,4,4,5,4,4,16,16,12,12,12,16,8,16,3.4,5.3,20,0,65.4
I2655,U266,comfort_oriented,P026,study_room_08,synthetic,train,4,4,4,3,3,4,4,4,4,4,home,deep_study,mostly_solo,2_4h,late_night,1,1,0,1,0,1,1,0,1,1,0,study_room,light_reading,solo,1_2h,morning,weekday,19.9,cold,indoor,rarely,4,5,4,4,5,4,4,4,4,3,16,20,16,12,12,16,20,16,1.8,10.0,12,0,70.9
I2656,U266,comfort_oriented,P102,dorm_lounge_06,synthetic,train,4,4,4,3,3,4,4,4,4,4,home,deep_study,mostly_solo,2_4h,late_night,1,1,0,1,0,1,1,0,1,1,0,dorm_lounge,light_reading,2,under_1h,afternoon,weekday,10.6,rainy,indoor,often,3,3,3,3,3,3,4,4,4,4,12,12,12,9,12,16,12,12,1.8,5.3,12,0,65.6
I2657,U266,comfort_oriented,P060,home_06,synthetic,train,4,4,4,3,3,4,4,4,4,4,home,deep_study,mostly_solo,2_4h,late_night,1,1,0,1,0,1,1,0,1,1,0,home,coding,solo,over_4h,afternoon,weekend,12.4,clear,indoor,sometimes,4,3,5,5,4,5,5,4,4,5,16,12,20,15,15,16,16,20,3.6,6.2,16,0,74.1
I2658,U266,comfort_oriented,P007,library_07,synthetic,train,4,4,4,3,3,4,4,4,4,4,home,deep_study,mostly_solo,2_4h,late_night,1,1,0,1,0,1,1,0,1,1,0,library,light_reading,solo,2_4h,morning,weekend,11.5,clear,indoor,sometimes,5,4,3,4,3,3,4,5,4,4,20,16,12,12,12,16,12,12,1.8,5.7,15,0,68.7
I2659,U266,comfort_oriented,P079,computer_lab_05,synthetic,train,4,4,4,3,3,4,4,4,4,4,home,deep_study,mostly_solo,2_4h,late_night,1,1,0,1,0,1,1,0,1,1,0,computer_lab,deep_study,solo,over_4h,afternoon,weekday,11.1,cloudy,indoor,first_time,4,4,3,3,3,4,5,4,4,3,16,16,12,9,15,16,12,16,4.0,5.6,16,0,70.6
I2660,U266,comfort_oriented,P095,coworking_space_11,synthetic,train,4,4,4,3,3,4,4,4,4,4,home,deep_study,mostly_solo,2_4h,late_night,1,1,0,1,0,1,1,0,1,1,0,coworking_space,coding,3_4,over_4h,late_night,weekend,14.4,rainy,indoor,often,4,4,3,3,4,4,5,4,4,4,16,16,12,9,15,16,16,16,3.6,7.2,16,1,55.1
I2661,U267,convenience_oriented,P055,home_01,synthetic,train,3,3,4,2,4,5,3,3,3,4,computer_lab,light_reading,mostly_solo,1_2h,morning,0,1,0,0,1,1,0,1,1,0,0,home,online_class,solo,1_2h,evening,weekend,13.3,clear,indoor,often,4,3,5,4,4,5,5,4,4,5,12,9,20,8,20,12,12,15,2.6,8.3,12,0,61.5
I2662,U267,convenience_oriented,P054,cafe_18,synthetic,train,3,3,4,2,4,5,3,3,3,4,computer_lab,light_reading,mostly_solo,1_2h,morning,0,1,0,0,1,1,0,1,1,0,0,cafe,deep_study,solo,under_1h,morning,weekday,13.7,cold,indoor,rarely,3,5,2,3,2,3,3,2,4,3,9,15,8,6,12,12,6,9,4.0,8.6,8,1,49.3
I2663,U267,convenience_oriented,P027,study_room_09,synthetic,train,3,3,4,2,4,5,3,3,3,4,computer_lab,light_reading,mostly_solo,1_2h,morning,0,1,0,0,1,1,0,1,1,0,0,study_room,coding,solo,over_4h,afternoon,weekend,8.4,cold,indoor,first_time,5,3,3,4,4,3,3,4,3,3,15,9,12,8,12,9,12,9,3.6,5.3,16,0.5,62.6
I2664,U267,convenience_oriented,P014,library_14,synthetic,train,3,3,4,2,4,5,3,3,3,4,computer_lab,light_reading,mostly_solo,1_2h,morning,0,1,0,0,1,1,0,1,1,0,0,library,light_reading,solo,1_2h,afternoon,weekday,6.0,cloudy,indoor,rarely,5,4,5,4,3,4,4,3,4,4,15,12,20,8,16,12,9,12,1.8,3.7,9,0.5,70.1
I2665,U267,convenience_oriented,P033,study_room_15,synthetic,train,3,3,4,2,4,5,3,3,3,4,computer_lab,light_reading,mostly_solo,1_2h,morning,0,1,0,0,1,1,0,1,1,0,0,study_room,online_class,solo,1_2h,morning,weekday,3.2,clear,indoor,sometimes,5,3,4,3,4,4,4,4,5,4,15,9,16,6,16,15,12,12,2.6,2.0,12,1,72.6
I2666,U267,convenience_oriented,P060,home_06,synthetic,train,3,3,4,2,4,5,3,3,3,4,computer_lab,light_reading,mostly_solo,1_2h,morning,0,1,0,0,1,1,0,1,1,0,0,home,coding,solo,2_4h,morning,weekday,16.5,cold,indoor,rarely,4,3,5,5,4,5,5,4,4,5,12,9,20,10,20,12,12,15,3.6,10.3,16,1,70.7
I2667,U267,convenience_oriented,P071,classroom_09,synthetic,train,3,3,4,2,4,5,3,3,3,4,computer_lab,light_reading,mostly_solo,1_2h,morning,0,1,0,0,1,1,0,1,1,0,0,classroom,online_class,solo,2_4h,early_morning,weekday,4.0,cloudy,indoor,sometimes,3,3,3,3,3,3,3,3,3,4,9,9,12,6,12,9,9,9,2.6,2.5,9,0.5,42.2
I2668,U267,convenience_oriented,P021,study_room_03,synthetic,train,3,3,4,2,4,5,3,3,3,4,computer_lab,light_reading,mostly_solo,1_2h,morning,0,1,0,0,1,1,0,1,1,0,0,study_room,team_project,3_4,2_4h,morning,weekday,24.9,clear,indoor,sometimes,5,4,4,4,3,4,4,4,4,2,15,12,16,8,16,12,9,12,1.0,15.6,12,1,46.9
I2669,U267,convenience_oriented,P024,study_room_06,synthetic,train,3,3,4,2,4,5,3,3,3,4,computer_lab,light_reading,mostly_solo,1_2h,morning,0,1,0,0,1,1,0,1,1,0,0,study_room,report_writing,solo,under_1h,morning,weekday,1.0,cold,indoor,sometimes,4,4,3,4,3,4,4,5,4,3,12,12,12,8,16,12,9,12,3.4,0.6,20,1,67.5
I2670,U267,convenience_oriented,P017,library_17,synthetic,train,3,3,4,2,4,5,3,3,3,4,computer_lab,light_reading,mostly_solo,1_2h,morning,0,1,0,0,1,1,0,1,1,0,0,library,team_project,3_4,2_4h,afternoon,weekday,15.8,rainy,indoor,rarely,5,4,4,5,3,3,4,3,5,4,15,12,16,10,16,15,9,9,1.0,9.9,9,0.5,52.0
I2671,U268,comfort_oriented,P076,computer_lab_02,synthetic,test,4,4,3,3,3,4,4,5,3,3,cafe,coding,mixed,2_4h,afternoon,1,0,0,1,0,1,1,0,1,0,0,computer_lab,report_writing,solo,under_1h,afternoon,weekday,10.6,cold,indoor,often,3,5,3,4,4,3,4,3,3,4,12,20,9,12,12,12,20,9,2.6,5.3,9,1,58.6
I2672,U268,comfort_oriented,P004,library_04,synthetic,test,4,4,3,3,3,4,4,5,3,3,cafe,coding,mixed,2_4h,afternoon,1,0,0,1,0,1,1,0,1,0,0,library,coding,solo,over_4h,afternoon,weekend,2.4,clear,indoor,sometimes,5,3,3,4,2,4,4,4,3,4,20,12,9,12,12,12,10,12,2.7,1.2,12,1,64.1
I2673,U268,comfort_oriented,P023,study_room_05,synthetic,test,4,4,3,3,3,4,4,5,3,3,cafe,coding,mixed,2_4h,afternoon,1,0,0,1,0,1,1,0,1,0,0,study_room,deep_study,solo,1_2h,morning,weekend,25.4,clear,indoor,first_time,5,4,3,4,4,4,3,5,4,4,20,16,9,12,9,16,20,12,3.0,12.7,15,0.5,66.7
I2674,U268,comfort_oriented,P020,study_room_02,synthetic,test,4,4,3,3,3,4,4,5,3,3,cafe,coding,mixed,2_4h,afternoon,1,0,0,1,0,1,1,0,1,0,0,study_room,report_writing,solo,2_4h,morning,weekend,2.7,cloudy,indoor,rarely,4,4,4,5,3,4,4,4,4,4,16,16,12,15,12,16,15,12,2.6,1.3,12,0.5,71.5
I2675,U268,comfort_oriented,P005,library_05,synthetic,test,4,4,3,3,3,4,4,5,3,3,cafe,coding,mixed,2_4h,afternoon,1,0,0,1,0,1,1,0,1,0,0,library,online_class,solo,1_2h,afternoon,weekday,5.2,clear,indoor,rarely,5,4,4,5,3,4,4,3,4,4,20,16,12,15,12,16,15,12,2.0,2.6,9,1,70.3
I2676,U268,comfort_oriented,P076,computer_lab_02,synthetic,test,4,4,3,3,3,4,4,5,3,3,cafe,coding,mixed,2_4h,afternoon,1,0,0,1,0,1,1,0,1,0,0,computer_lab,online_class,solo,1_2h,morning,weekday,16.0,clear,indoor,sometimes,3,5,3,4,4,3,4,5,3,4,12,20,9,12,12,12,20,9,2.0,8.0,15,0.5,59.5
I2677,U268,comfort_oriented,P042,cafe_06,synthetic,test,4,4,3,3,3,4,4,5,3,3,cafe,coding,mixed,2_4h,afternoon,1,0,0,1,0,1,1,0,1,0,0,cafe,coding,solo,2_4h,evening,weekend,18.7,clear,indoor,first_time,3,4,2,3,2,4,3,3,4,3,12,16,6,9,9,16,10,12,2.7,9.3,9,0.5,55.6
I2678,U268,comfort_oriented,P020,study_room_02,synthetic,test,4,4,3,3,3,4,4,5,3,3,cafe,coding,mixed,2_4h,afternoon,1,0,0,1,0,1,1,0,1,0,0,study_room,report_writing,solo,2_4h,morning,weekend,5.5,clear,indoor,sometimes,4,4,4,5,3,4,4,4,4,4,16,16,12,15,12,16,15,12,2.6,2.8,12,0.5,68.0
I2679,U268,comfort_oriented,P014,library_14,synthetic,test,4,4,3,3,3,4,4,5,3,3,cafe,coding,mixed,2_4h,afternoon,1,0,0,1,0,1,1,0,1,0,0,library,report_writing,3_4,1_2h,evening,weekday,9.7,hot,indoor,rarely,5,4,5,4,3,4,4,5,4,4,20,16,15,12,12,16,15,12,2.6,4.8,15,0.5,63.1
I2680,U268,comfort_oriented,P020,study_room_02,synthetic,test,4,4,3,3,3,4,4,5,3,3,cafe,coding,mixed,2_4h,afternoon,1,0,0,1,0,1,1,0,1,0,0,study_room,team_project,2,2_4h,evening,weekday,3.4,clear,indoor,rarely,4,4,4,5,3,4,4,4,4,4,16,16,12,15,12,16,15,12,0.8,1.7,12,0.5,69.6
I2681,U269,comfort_oriented,P041,cafe_05,synthetic,test,3,4,3,4,4,4,5,4,4,4,cafe,light_reading,mostly_solo,2_4h,morning,0,0,1,1,1,1,0,1,1,1,1,cafe,team_project,3_4,2_4h,morning,weekday,12.2,rainy,indoor,often,2,4,2,3,2,4,4,4,4,3,6,16,6,12,16,20,8,16,1.0,6.1,12,1,55.0
I2682,U269,comfort_oriented,P037,cafe_01,synthetic,test,3,4,3,4,4,4,5,4,4,4,cafe,light_reading,mostly_solo,2_4h,morning,0,0,1,1,1,1,0,1,1,1,1,cafe,light_reading,solo,1_2h,evening,weekday,12.3,cloudy,indoor,often,3,4,2,2,2,4,3,4,4,4,9,16,6,8,12,20,8,16,1.8,6.1,12,0,57.6
I2683,U269,comfort_oriented,P032,study_room_14,synthetic,test,3,4,3,4,4,4,5,4,4,4,cafe,light_reading,mostly_solo,2_4h,morning,0,0,1,1,1,1,0,1,1,1,1,study_room,team_project,2,2_4h,morning,weekday,16.4,cloudy,indoor,rarely,4,4,4,4,4,3,4,4,4,4,12,16,12,16,16,20,16,12,1.0,8.2,12,1,62.8
I2684,U269,comfort_oriented,P112,outdoor_04,synthetic,test,3,4,3,4,4,4,5,4,4,4,cafe,light_reading,mostly_solo,2_4h,morning,0,0,1,1,1,1,0,1,1,1,1,outdoor,light_reading,solo,over_4h,morning,weekend,12.2,hot,outdoor,sometimes,3,4,3,3,2,3,1,4,3,2,9,16,9,12,4,15,8,12,1.8,6.1,12,1,46.6
I2685,U269,comfort_oriented,P030,study_room_12,synthetic,test,3,4,3,4,4,4,5,4,4,4,cafe,light_reading,mostly_solo,2_4h,morning,0,0,1,1,1,1,0,1,1,1,1,study_room,team_project,2,1_2h,morning,weekday,18.2,rainy,indoor,sometimes,5,4,3,4,3,3,4,4,4,4,15,16,9,16,16,20,12,12,1.0,9.1,12,1,53.4
I2686,U269,comfort_oriented,P105,dorm_lounge_09,synthetic,test,3,4,3,4,4,4,5,4,4,4,cafe,light_reading,mostly_solo,2_4h,morning,0,0,1,1,1,1,0,1,1,1,1,dorm_lounge,online_class,solo,1_2h,late_night,weekday,16.1,rainy,indoor,sometimes,3,3,3,2,3,3,4,2,4,3,9,12,9,8,16,20,12,12,2.6,8.1,6,0,48.2
I2687,U269,comfort_oriented,P051,cafe_15,synthetic,test,3,4,3,4,4,4,5,4,4,4,cafe,light_reading,mostly_solo,2_4h,morning,0,0,1,1,1,1,0,1,1,1,1,cafe,coding,solo,2_4h,afternoon,weekend,12.2,clear,indoor,sometimes,3,4,2,3,3,4,3,4,4,3,9,16,6,12,12,20,12,16,3.6,6.1,16,0.5,56.7
I2688,U269,comfort_oriented,P082,computer_lab_08,synthetic,test,3,4,3,4,4,4,5,4,4,4,cafe,light_reading,mostly_solo,2_4h,morning,0,0,1,1,1,1,0,1,1,1,1,computer_lab,team_project,5_plus,1_2h,morning,weekend,1.0,rainy,indoor,often,3,4,4,4,3,3,5,4,3,3,9,16,12,16,20,15,12,12,1.0,0.5,12,1,68.2
I2689,U269,comfort_oriented,P037,cafe_01,synthetic,test,3,4,3,4,4,4,5,4,4,4,cafe,light_reading,mostly_solo,2_4h,morning,0,0,1,1,1,1,0,1,1,1,1,cafe,coding,solo,2_4h,morning,weekday,7.7,clear,indoor,sometimes,3,4,2,2,2,4,3,3,4,4,9,16,6,8,12,20,8,16,3.6,3.8,12,1,58.4
I2690,U269,comfort_oriented,P074,classroom_12,synthetic,test,3,4,3,4,4,4,5,4,4,4,cafe,light_reading,mostly_solo,2_4h,morning,0,0,1,1,1,1,0,1,1,1,1,classroom,online_class,3_4,1_2h,afternoon,weekday,14.3,cloudy,indoor,sometimes,3,4,3,3,2,3,3,4,3,3,9,16,9,12,12,15,8,12,2.6,7.2,12,0.5,54.9
I2691,U270,balanced,P028,study_room_10,synthetic,valid,4,4,4,3,4,4,4,3,4,3,classroom,online_class,mixed,under_1h,morning,1,1,0,1,1,1,1,1,1,1,0,study_room,coding,solo,2_4h,morning,weekday,11.5,cloudy,indoor,sometimes,4,4,3,3,4,4,5,4,4,3,16,16,12,9,20,16,12,16,2.7,5.7,12,1,59.2
I2692,U270,balanced,P009,library_09,synthetic,valid,4,4,4,3,4,4,4,3,4,3,classroom,online_class,mixed,under_1h,morning,1,1,0,1,1,1,1,1,1,1,0,library,deep_study,solo,over_4h,afternoon,weekday,1.8,clear,indoor,sometimes,4,4,3,4,2,4,4,5,4,4,16,16,12,12,16,16,6,16,3.0,0.9,15,0.5,71.5
I2693,U270,balanced,P045,cafe_09,synthetic,valid,4,4,4,3,4,4,4,3,4,3,classroom,online_class,mixed,under_1h,morning,1,1,0,1,1,1,1,1,1,1,0,cafe,deep_study,solo,over_4h,evening,weekday,5.1,rainy,indoor,sometimes,2,3,2,2,3,3,3,2,3,3,8,12,8,6,12,12,9,12,3.0,2.6,6,0,56.5
I2694,U270,balanced,P086,coworking_space_02,synthetic,valid,4,4,4,3,4,4,4,3,4,3,classroom,online_class,mixed,under_1h,morning,1,1,0,1,1,1,1,1,1,1,0,coworking_space,meeting,3_4,1_2h,morning,weekend,16.9,cloudy,indoor,sometimes,3,4,4,4,5,3,4,5,4,4,12,16,16,12,16,16,15,12,0.6,8.5,15,1,72.3
I2695,U270,balanced,P025,study_room_07,synthetic,valid,4,4,4,3,4,4,4,3,4,3,classroom,online_class,mixed,under_1h,morning,1,1,0,1,1,1,1,1,1,1,0,study_room,deep_study,2,2_4h,late_night,weekday,4.5,cloudy,indoor,sometimes,4,4,3,4,4,4,4,4,4,3,16,16,12,12,16,16,12,16,3.0,2.2,12,0,59.1
I2696,U270,balanced,P039,cafe_03,synthetic,valid,4,4,4,3,4,4,4,3,4,3,classroom,online_class,mixed,under_1h,morning,1,1,0,1,1,1,1,1,1,1,0,cafe,online_class,solo,1_2h,afternoon,weekend,6.1,clear,indoor,rarely,3,4,2,3,2,4,3,3,4,4,12,16,8,9,12,16,6,16,2.0,3.0,9,0.5,56.8
I2697,U270,balanced,P114,outdoor_06,synthetic,valid,4,4,4,3,4,4,4,3,4,3,classroom,online_class,mixed,under_1h,morning,1,1,0,1,1,1,1,1,1,1,0,outdoor,meeting,2,1_2h,morning,weekend,17.8,clear,outdoor,first_time,3,4,3,3,2,2,1,3,3,3,12,16,12,9,4,12,6,8,0.6,8.9,9,1,42.3
I2698,U270,balanced,P008,library_08,synthetic,valid,4,4,4,3,4,4,4,3,4,3,classroom,online_class,mixed,under_1h,morning,1,1,0,1,1,1,1,1,1,1,0,library,deep_study,solo,over_4h,morning,weekend,8.9,hot,indoor,sometimes,5,5,4,4,2,3,4,5,4,4,20,20,16,12,16,16,6,12,3.0,4.4,15,1,79.1
I2699,U270,balanced,P036,study_room_18,synthetic,valid,4,4,4,3,4,4,4,3,4,3,classroom,online_class,mixed,under_1h,morning,1,1,0,1,1,1,1,1,1,1,0,study_room,team_project,5_plus,2_4h,evening,weekday,12.2,rainy,indoor,sometimes,5,4,4,4,4,4,5,4,4,4,20,16,16,12,20,16,12,16,0.8,6.1,12,0,80.6
I2700,U270,balanced,P073,classroom_11,synthetic,valid,4,4,4,3,4,4,4,3,4,3,classroom,online_class,mixed,under_1h,morning,1,1,0,1,1,1,1,1,1,1,0,classroom,deep_study,solo,over_4h,early_morning,weekday,13.3,clear,indoor,first_time,4,5,3,3,4,3,3,4,3,4,16,20,12,9,12,12,12,12,3.0,6.6,12,0.5,65.2
I2701,U271,quiet_deepwork,P087,coworking_space_03,synthetic,train,4,4,4,4,4,3,3,3,4,5,study_room,meeting,mostly_solo,1_2h,morning,1,1,1,0,1,0,1,1,0,1,1,coworking_space,coding,2,over_4h,afternoon,weekend,17.4,rainy,indoor,often,4,4,3,2,5,4,4,4,4,4,16,16,12,8,16,12,15,16,4.5,6.5,20,0.5,49.1
I2702,U271,quiet_deepwork,P024,study_room_06,synthetic,train,4,4,4,4,4,3,3,3,4,5,study_room,meeting,mostly_solo,1_2h,morning,1,1,1,0,1,0,1,1,0,1,1,study_room,light_reading,solo,1_2h,late_night,weekday,4.5,cold,indoor,sometimes,4,4,3,4,3,4,4,3,4,3,16,16,12,16,16,12,9,16,2.3,1.7,9,0,67.9
I2703,U271,quiet_deepwork,P084,computer_lab_10,synthetic,train,4,4,4,4,4,3,3,3,4,5,study_room,meeting,mostly_solo,1_2h,morning,1,1,1,0,1,0,1,1,0,1,1,computer_lab,report_writing,solo,2_4h,evening,weekday,8.1,clear,indoor,often,4,4,3,4,3,3,4,4,3,2,16,16,12,16,16,9,9,12,4.3,3.0,20,0,71.3
I2704,U271,quiet_deepwork,P036,study_room_18,synthetic,train,4,4,4,4,4,3,3,3,4,5,study_room,meeting,mostly_solo,1_2h,morning,1,1,1,0,1,0,1,1,0,1,1,study_room,report_writing,solo,1_2h,late_night,weekday,8.3,clear,indoor,sometimes,5,4,4,4,4,4,5,4,4,4,20,16,16,16,20,12,12,16,4.3,3.1,20,0,66.3
I2705,U271,quiet_deepwork,P090,coworking_space_06,synthetic,train,4,4,4,4,4,3,3,3,4,5,study_room,meeting,mostly_solo,1_2h,morning,1,1,1,0,1,0,1,1,0,1,1,coworking_space,coding,solo,2_4h,afternoon,weekday,10.1,clear,indoor,sometimes,3,4,3,4,4,4,4,4,4,3,12,16,12,16,16,12,12,16,4.5,3.8,20,0.5,60.0
I2706,U271,quiet_deepwork,P048,cafe_12,synthetic,train,4,4,4,4,4,3,3,3,4,5,study_room,meeting,mostly_solo,1_2h,morning,1,1,1,0,1,0,1,1,0,1,1,cafe,coding,2,2_4h,morning,weekend,2.6,hot,indoor,often,2,5,2,3,1,4,3,4,3,3,8,20,8,12,12,9,3,16,4.5,1.0,20,1,51.2
I2707,U271,quiet_deepwork,P091,coworking_space_07,synthetic,train,4,4,4,4,4,3,3,3,4,5,study_room,meeting,mostly_solo,1_2h,morning,1,1,1,0,1,0,1,1,0,1,1,coworking_space,report_writing,solo,2_4h,afternoon,weekday,17.3,cloudy,indoor,sometimes,4,4,4,3,4,5,4,3,3,4,16,16,16,12,16,9,12,20,4.3,6.5,15,0.5,60.7
I2708,U271,quiet_deepwork,P086,coworking_space_02,synthetic,train,4,4,4,4,4,3,3,3,4,5,study_room,meeting,mostly_solo,1_2h,morning,1,1,1,0,1,0,1,1,0,1,1,coworking_space,coding,2,1_2h,afternoon,weekend,18.3,cloudy,indoor,rarely,3,4,4,4,5,3,4,4,4,4,12,16,16,16,16,12,15,12,4.5,6.9,20,0.5,63.5
I2709,U271,quiet_deepwork,P067,classroom_05,synthetic,train,4,4,4,4,4,3,3,3,4,5,study_room,meeting,mostly_solo,1_2h,morning,1,1,1,0,1,0,1,1,0,1,1,classroom,deep_study,solo,over_4h,afternoon,weekday,3.8,clear,indoor,often,3,4,3,3,3,2,3,2,3,3,12,16,12,12,12,9,9,8,5.0,1.4,10,0.5,45.2
I2710,U271,quiet_deepwork,P001,library_01,synthetic,train,4,4,4,4,4,3,3,3,4,5,study_room,meeting,mostly_solo,1_2h,morning,1,1,1,0,1,0,1,1,0,1,1,library,report_writing,solo,1_2h,afternoon,weekend,11.9,clear,indoor,often,5,4,4,5,2,3,4,5,4,4,20,16,16,20,16,12,6,12,4.3,4.5,25,0.5,68.7
I2711,U272,quiet_deepwork,P028,study_room_10,synthetic,valid,5,4,5,5,4,4,5,4,4,4,classroom,light_reading,mostly_solo,1_2h,evening,1,1,1,1,1,1,1,1,1,1,1,study_room,deep_study,solo,2_4h,afternoon,weekday,10.4,clear,indoor,first_time,4,4,3,3,4,4,5,5,4,3,20,16,15,15,20,20,16,16,4.0,5.2,20,0.5,74.9
I2712,U272,quiet_deepwork,P048,cafe_12,synthetic,valid,5,4,5,5,4,4,5,4,4,4,classroom,light_reading,mostly_solo,1_2h,evening,1,1,1,1,1,1,1,1,1,1,1,cafe,light_reading,solo,under_1h,evening,weekday,4.0,clear,indoor,often,2,5,2,3,1,4,3,4,3,3,10,20,10,15,12,15,4,16,1.8,2.0,12,1,70.4
I2713,U272,quiet_deepwork,P061,home_07,synthetic,valid,5,4,5,5,4,4,5,4,4,4,classroom,light_reading,mostly_solo,1_2h,evening,1,1,1,1,1,1,1,1,1,1,1,home,coding,solo,2_4h,evening,weekday,13.7,clear,indoor,rarely,4,4,4,4,4,4,4,5,4,5,20,16,20,20,16,20,16,16,3.6,6.9,20,1,77.3
I2714,U272,quiet_deepwork,P008,library_08,synthetic,valid,5,4,5,5,4,4,5,4,4,4,classroom,light_reading,mostly_solo,1_2h,evening,1,1,1,1,1,1,1,1,1,1,1,library,report_writing,3_4,1_2h,evening,weekend,5.8,clear,indoor,sometimes,5,5,4,4,2,3,4,5,4,4,25,20,20,20,16,20,8,12,3.4,2.9,20,1,84.8
I2715,U272,quiet_deepwork,P014,library_14,synthetic,valid,5,4,5,5,4,4,5,4,4,4,classroom,light_reading,mostly_solo,1_2h,evening,1,1,1,1,1,1,1,1,1,1,1,library,online_class,solo,1_2h,evening,weekday,1.0,clear,indoor,rarely,5,4,5,4,3,4,4,4,4,4,25,16,25,20,16,20,12,16,2.6,0.5,12,1,94.6
I2716,U272,quiet_deepwork,P009,library_09,synthetic,valid,5,4,5,5,4,4,5,4,4,4,classroom,light_reading,mostly_solo,1_2h,evening,1,1,1,1,1,1,1,1,1,1,1,library,deep_study,solo,over_4h,late_night,weekend,5.7,clear,indoor,sometimes,4,4,3,4,2,4,4,5,4,4,20,16,15,20,16,20,8,16,4.0,2.8,20,0.5,89.3
I2717,U272,quiet_deepwork,P048,cafe_12,synthetic,valid,5,4,5,5,4,4,5,4,4,4,classroom,light_reading,mostly_solo,1_2h,evening,1,1,1,1,1,1,1,1,1,1,1,cafe,coding,solo,1_2h,afternoon,weekday,3.7,clear,indoor,rarely,2,5,2,3,1,4,3,3,3,3,10,20,10,15,12,15,4,16,3.6,1.8,12,0.5,70.4
I2718,U272,quiet_deepwork,P106,dorm_lounge_10,synthetic,valid,5,4,5,5,4,4,5,4,4,4,classroom,light_reading,mostly_solo,1_2h,evening,1,1,1,1,1,1,1,1,1,1,1,dorm_lounge,light_reading,solo,1_2h,evening,weekday,5.8,rainy,indoor,first_time,3,3,2,3,3,4,3,4,3,3,15,12,10,15,12,15,12,16,1.8,2.9,12,1,63.0
I2719,U272,quiet_deepwork,P077,computer_lab_03,synthetic,valid,5,4,5,5,4,4,5,4,4,4,classroom,light_reading,mostly_solo,1_2h,evening,1,1,1,1,1,1,1,1,1,1,1,computer_lab,report_writing,2,over_4h,afternoon,weekday,17.5,clear,indoor,sometimes,4,3,3,3,2,3,4,3,4,4,20,12,15,15,16,20,8,12,3.4,8.8,12,0.5,56.1
I2720,U272,quiet_deepwork,P092,coworking_space_08,synthetic,valid,5,4,5,5,4,4,5,4,4,4,classroom,light_reading,mostly_solo,1_2h,evening,1,1,1,1,1,1,1,1,1,1,1,coworking_space,coding,solo,2_4h,evening,weekend,9.4,clear,indoor,rarely,2,4,3,4,3,4,4,4,4,3,10,16,15,20,16,20,12,16,3.6,4.7,16,1,71.5
I2721,U273,convenience_oriented,P055,home_01,synthetic,train,3,4,3,4,4,4,4,4,5,3,home,meeting,mixed,2_4h,morning,0,0,1,1,1,1,0,1,1,1,1,home,light_reading,solo,1_2h,morning,weekday,9.1,cold,indoor,often,4,3,5,4,4,5,5,4,4,5,12,12,15,16,20,16,16,25,1.4,4.5,12,1,74.8
I2722,U273,convenience_oriented,P052,cafe_16,synthetic,train,3,4,3,4,4,4,4,4,5,3,home,meeting,mixed,2_4h,morning,0,0,1,1,1,1,0,1,1,1,1,cafe,team_project,5_plus,1_2h,evening,weekday,12.4,cold,indoor,rarely,3,5,3,2,2,3,3,3,4,3,9,20,9,8,12,16,8,15,0.8,6.2,9,0,55.7
I2723,U273,convenience_oriented,P089,coworking_space_05,synthetic,train,3,4,3,4,4,4,4,4,5,3,home,meeting,mixed,2_4h,morning,0,0,1,1,1,1,0,1,1,1,1,coworking_space,deep_study,solo,over_4h,evening,weekend,21.9,rainy,indoor,sometimes,3,5,4,3,4,4,5,3,4,3,9,20,12,12,20,16,16,20,3.0,10.9,9,0,75.7
I2724,U273,convenience_oriented,P050,cafe_14,synthetic,train,3,4,3,4,4,4,4,4,5,3,home,meeting,mixed,2_4h,morning,0,0,1,1,1,1,0,1,1,1,1,cafe,online_class,3_4,1_2h,morning,weekday,13.2,hot,indoor,rarely,3,5,2,3,2,4,3,3,4,3,9,20,6,12,12,16,8,20,2.0,6.6,9,1,60.2
I2725,U273,convenience_oriented,P044,cafe_08,synthetic,train,3,4,3,4,4,4,4,4,5,3,home,meeting,mixed,2_4h,morning,0,0,1,1,1,1,0,1,1,1,1,cafe,meeting,3_4,under_1h,morning,weekday,17.7,cloudy,indoor,first_time,3,4,3,4,2,4,3,4,4,2,9,16,9,16,12,16,8,20,0.6,8.9,12,1,50.6
I2726,U273,convenience_oriented,P069,classroom_07,synthetic,train,3,4,3,4,4,4,4,4,5,3,home,meeting,mixed,2_4h,morning,0,0,1,1,1,1,0,1,1,1,1,classroom,report_writing,solo,2_4h,morning,weekday,16.4,cloudy,indoor,often,3,4,3,3,3,3,3,3,3,4,9,16,9,12,12,12,12,15,2.6,8.2,9,1,57.4
I2727,U273,convenience_oriented,P092,coworking_space_08,synthetic,train,3,4,3,4,4,4,4,4,5,3,home,meeting,mixed,2_4h,morning,0,0,1,1,1,1,0,1,1,1,1,coworking_space,online_class,2,1_2h,early_morning,weekday,1.4,clear,indoor,often,2,4,3,4,3,4,4,4,4,3,6,16,9,16,16,16,12,20,2.0,0.7,12,0.5,69.0
I2728,U273,convenience_oriented,P005,library_05,synthetic,train,3,4,3,4,4,4,4,4,5,3,home,meeting,mixed,2_4h,morning,0,0,1,1,1,1,0,1,1,1,1,library,online_class,solo,1_2h,afternoon,weekday,7.5,clear,indoor,sometimes,5,4,4,5,3,4,4,3,4,4,15,16,12,20,16,16,12,20,2.0,3.7,9,0.5,65.6
I2729,U273,convenience_oriented,P085,coworking_space_01,synthetic,train,3,4,3,4,4,4,4,4,5,3,home,meeting,mixed,2_4h,morning,0,0,1,1,1,1,0,1,1,1,1,coworking_space,team_project,2,2_4h,evening,weekend,1.5,clear,indoor,sometimes,3,5,2,3,4,3,4,5,4,3,9,20,6,12,16,16,16,15,0.8,0.7,15,0,53.5
I2730,U273,convenience_oriented,P010,library_10,synthetic,train,3,4,3,4,4,4,4,4,5,3,home,meeting,mixed,2_4h,morning,0,0,1,1,1,1,0,1,1,1,1,library,report_writing,solo,2_4h,morning,weekday,6.9,clear,indoor,rarely,5,5,4,4,3,4,4,4,4,5,15,20,12,16,16,16,12,20,2.6,3.5,12,1,78.8
I2731,U274,quiet_deepwork,P010,library_10,synthetic,train,5,4,4,4,4,3,4,3,3,5,home,coding,mostly_solo,1_2h,afternoon,1,1,1,1,1,0,1,1,0,0,1,library,report_writing,solo,2_4h,morning,weekend,3.6,clear,indoor,rarely,5,5,4,4,3,4,4,5,4,5,25,20,16,16,16,16,9,12,4.3,1.3,25,0.5,85.7
I2732,U274,quiet_deepwork,P002,library_02,synthetic,train,5,4,4,4,4,3,4,3,3,5,home,coding,mostly_solo,1_2h,afternoon,1,1,1,1,1,0,1,1,0,0,1,library,coding,solo,1_2h,evening,weekday,11.9,clear,indoor,rarely,5,5,4,4,2,3,4,4,4,4,25,20,16,16,16,16,6,9,4.5,4.5,20,0.5,80.1
I2733,U274,quiet_deepwork,P078,computer_lab_04,synthetic,train,5,4,4,4,4,3,4,3,3,5,home,coding,mostly_solo,1_2h,afternoon,1,1,1,1,1,0,1,1,0,0,1,computer_lab,coding,solo,2_4h,afternoon,weekday,6.2,rainy,indoor,rarely,4,4,4,4,3,3,5,5,4,3,20,16,16,16,20,16,9,9,4.5,2.3,25,1,82.0
I2734,U274,quiet_deepwork,P002,library_02,synthetic,train,5,4,4,4,4,3,4,3,3,5,home,coding,mostly_solo,1_2h,afternoon,1,1,1,1,1,0,1,1,0,0,1,library,report_writing,solo,1_2h,late_night,weekday,2.8,clear,indoor,sometimes,5,5,4,4,2,3,4,5,4,4,25,20,16,16,16,16,6,9,4.3,1.1,25,0,82.7
I2735,U274,quiet_deepwork,P105,dorm_lounge_09,synthetic,train,5,4,4,4,4,3,4,3,3,5,home,coding,mostly_solo,1_2h,afternoon,1,1,1,1,1,0,1,1,0,0,1,dorm_lounge,coding,solo,1_2h,afternoon,weekday,14.0,cloudy,indoor,often,3,3,3,2,3,3,4,3,4,3,15,12,12,8,16,16,9,9,4.5,5.2,15,1,64.3
I2736,U274,quiet_deepwork,P080,computer_lab_06,synthetic,train,5,4,4,4,4,3,4,3,3,5,home,coding,mostly_solo,1_2h,afternoon,1,1,1,1,1,0,1,1,0,0,1,computer_lab,report_writing,solo,2_4h,afternoon,weekday,14.6,cloudy,indoor,sometimes,4,4,4,3,3,4,4,4,4,3,20,16,16,12,16,16,9,12,4.3,5.5,20,1,77.9
I2737,U274,quiet_deepwork,P106,dorm_lounge_10,synthetic,train,5,4,4,4,4,3,4,3,3,5,home,coding,mostly_solo,1_2h,afternoon,1,1,1,1,1,0,1,1,0,0,1,dorm_lounge,light_reading,solo,1_2h,late_night,weekday,6.4,clear,indoor,often,3,3,2,3,3,4,3,4,3,3,15,12,8,12,12,12,9,12,2.3,2.4,12,0,64.4
I2738,U274,quiet_deepwork,P055,home_01,synthetic,train,5,4,4,4,4,3,4,3,3,5,home,coding,mostly_solo,1_2h,afternoon,1,1,1,1,1,0,1,1,0,0,1,home,deep_study,solo,2_4h,morning,weekday,14.8,cloudy,indoor,often,4,3,5,4,4,5,5,3,4,5,20,12,20,16,20,16,12,15,5.0,5.6,15,0.5,83.7
I2739,U274,quiet_deepwork,P029,study_room_11,synthetic,train,5,4,4,4,4,3,4,3,3,5,home,coding,mostly_solo,1_2h,afternoon,1,1,1,1,1,0,1,1,0,0,1,study_room,report_writing,solo,over_4h,afternoon,weekday,9.6,clear,indoor,sometimes,4,4,3,4,2,4,4,4,4,3,20,16,12,16,16,16,6,12,4.3,3.6,20,1,75.7
I2740,U274,quiet_deepwork,P013,library_13,synthetic,train,5,4,4,4,4,3,4,3,3,5,home,coding,mostly_solo,1_2h,afternoon,1,1,1,1,1,0,1,1,0,0,1,library,report_writing,solo,over_4h,afternoon,weekday,1.0,cloudy,indoor,sometimes,5,4,4,4,3,3,5,5,4,4,25,16,16,16,20,16,9,9,4.3,0.4,25,1,84.3
I2741,U275,social_collaborative,P063,classroom_01,synthetic,train,3,4,3,3,3,3,3,4,4,3,coworking_space,deep_study,mostly_group,2_4h,evening,0,0,0,0,0,0,0,0,0,1,0,classroom,team_project,5_plus,2_4h,morning,weekday,7.9,clear,indoor,sometimes,3,4,3,3,2,3,3,3,3,3,9,16,9,9,9,9,8,12,0.8,3.0,9,0,54.8
I2742,U275,social_collaborative,P030,study_room_12,synthetic,train,3,4,3,3,3,3,3,4,4,3,coworking_space,deep_study,mostly_group,2_4h,evening,0,0,0,0,0,0,0,0,0,1,0,study_room,meeting,5_plus,1_2h,evening,weekday,10.6,clear,indoor,first_time,5,4,3,4,3,3,4,5,4,4,15,16,9,12,12,12,12,12,0.6,4.0,15,1,65.7
I2743,U275,social_collaborative,P109,outdoor_01,synthetic,train,3,4,3,3,3,3,3,4,4,3,coworking_space,deep_study,mostly_group,2_4h,evening,0,0,0,0,0,0,0,0,0,1,0,outdoor,light_reading,solo,1_2h,afternoon,weekday,17.5,clear,outdoor,first_time,2,5,3,3,2,3,1,4,3,3,6,20,9,9,3,9,8,12,1.4,6.6,12,0.5,50.2
I2744,U275,social_collaborative,P037,cafe_01,synthetic,train,3,4,3,3,3,3,3,4,4,3,coworking_space,deep_study,mostly_group,2_4h,evening,0,0,0,0,0,0,0,0,0,1,0,cafe,meeting,3_4,2_4h,morning,weekend,14.7,rainy,indoor,sometimes,3,4,2,2,2,4,3,4,4,4,9,16,6,6,9,12,8,16,0.6,5.5,12,0,59.7
I2745,U275,social_collaborative,P036,study_room_18,synthetic,train,3,4,3,3,3,3,3,4,4,3,coworking_space,deep_study,mostly_group,2_4h,evening,0,0,0,0,0,0,0,0,0,1,0,study_room,deep_study,2,1_2h,morning,weekend,7.0,rainy,indoor,sometimes,5,4,4,4,4,4,5,5,4,4,15,16,12,12,15,12,16,16,3.0,2.6,15,0,71.0
I2746,U275,social_collaborative,P083,computer_lab_09,synthetic,train,3,4,3,3,3,3,3,4,4,3,coworking_space,deep_study,mostly_group,2_4h,evening,0,0,0,0,0,0,0,0,0,1,0,computer_lab,team_project,5_plus,1_2h,afternoon,weekday,1.0,clear,indoor,often,4,4,3,3,4,3,5,3,4,3,12,16,9,9,15,12,16,12,0.8,0.4,9,0.5,62.5
I2747,U275,social_collaborative,P087,coworking_space_03,synthetic,train,3,4,3,3,3,3,3,4,4,3,coworking_space,deep_study,mostly_group,2_4h,evening,0,0,0,0,0,0,0,0,0,1,0,coworking_space,team_project,5_plus,1_2h,evening,weekend,18.3,rainy,indoor,often,4,4,3,2,5,4,4,5,4,4,12,16,9,6,12,12,20,16,0.8,6.9,15,1,65.8
I2748,U275,social_collaborative,P109,outdoor_01,synthetic,train,3,4,3,3,3,3,3,4,4,3,coworking_space,deep_study,mostly_group,2_4h,evening,0,0,0,0,0,0,0,0,0,1,0,outdoor,team_project,3_4,1_2h,late_night,weekend,14.5,clear,outdoor,rarely,2,5,3,3,2,3,1,3,3,3,6,20,9,9,3,9,8,12,0.8,5.4,9,0.5,57.6
I2749,U275,social_collaborative,P041,cafe_05,synthetic,train,3,4,3,3,3,3,3,4,4,3,coworking_space,deep_study,mostly_group,2_4h,evening,0,0,0,0,0,0,0,0,0,1,0,cafe,light_reading,solo,1_2h,late_night,weekend,13.1,cloudy,indoor,often,2,4,2,3,2,4,4,4,4,3,6,16,6,9,12,12,8,16,1.4,4.9,12,0.5,51.4
I2750,U275,social_collaborative,P045,cafe_09,synthetic,train,3,4,3,3,3,3,3,4,4,3,coworking_space,deep_study,mostly_group,2_4h,evening,0,0,0,0,0,0,0,0,0,1,0,cafe,light_reading,5_plus,under_1h,evening,weekday,8.9,clear,indoor,often,2,3,2,2,3,3,3,4,3,3,6,12,6,6,9,9,12,12,1.4,3.3,12,1,56.2
I2751,U276,quiet_deepwork,P015,library_15,synthetic,train,4,4,5,5,5,3,4,3,5,5,library,coding,mostly_solo,2_4h,late_night,1,1,1,1,1,0,1,1,0,1,1,library,deep_study,solo,2_4h,evening,weekday,15.7,cold,indoor,sometimes,4,4,4,5,2,4,3,5,4,4,16,16,20,25,15,16,6,20,5.0,5.9,25,0.5,79.7
I2752,U276,quiet_deepwork,P001,library_01,synthetic,train,4,4,5,5,5,3,4,3,5,5,library,coding,mostly_solo,2_4h,late_night,1,1,1,1,1,0,1,1,0,1,1,library,report_writing,3_4,2_4h,evening,weekday,9.6,cloudy,indoor,rarely,5,4,4,5,2,3,4,4,4,4,20,16,20,25,20,16,6,15,4.3,3.6,20,0.5,78.0
I2753,U276,quiet_deepwork,P027,study_room_09,synthetic,train,4,4,5,5,5,3,4,3,5,5,library,coding,mostly_solo,2_4h,late_night,1,1,1,1,1,0,1,1,0,1,1,study_room,coding,solo,1_2h,early_morning,weekday,3.5,hot,indoor,rarely,5,3,3,4,4,3,3,5,3,3,20,12,15,20,15,12,12,15,4.5,1.3,25,0,62.1
I2754,U276,quiet_deepwork,P025,study_room_07,synthetic,train,4,4,5,5,5,3,4,3,5,5,library,coding,mostly_solo,2_4h,late_night,1,1,1,1,1,0,1,1,0,1,1,study_room,coding,2,over_4h,evening,weekday,9.3,rainy,indoor,rarely,4,4,3,4,4,4,4,5,4,3,16,16,15,20,20,16,12,20,4.5,3.5,25,0.5,67.0
I2755,U276,quiet_deepwork,P096,coworking_space_12,synthetic,train,4,4,5,5,5,3,4,3,5,5,library,coding,mostly_solo,2_4h,late_night,1,1,1,1,1,0,1,1,0,1,1,coworking_space,deep_study,solo,under_1h,morning,weekday,18.6,cold,indoor,sometimes,3,3,4,3,3,5,5,3,4,3,12,12,20,15,25,16,9,25,5.0,7.0,15,0,66.6
I2756,U276,quiet_deepwork,P010,library_10,synthetic,train,4,4,5,5,5,3,4,3,5,5,library,coding,mostly_solo,2_4h,late_night,1,1,1,1,1,0,1,1,0,1,1,library,coding,solo,over_4h,afternoon,weekday,6.3,clear,indoor,rarely,5,5,4,4,3,4,4,5,4,5,20,20,20,20,20,16,9,20,4.5,2.4,25,0,76.8
I2757,U276,quiet_deepwork,P082,computer_lab_08,synthetic,train,4,4,5,5,5,3,4,3,5,5,library,coding,mostly_solo,2_4h,late_night,1,1,1,1,1,0,1,1,0,1,1,computer_lab,online_class,solo,1_2h,afternoon,weekend,1.0,rainy,indoor,first_time,3,4,4,4,3,3,5,4,3,3,12,16,20,20,25,12,9,15,3.3,0.4,12,0,65.4
I2758,U276,quiet_deepwork,P081,computer_lab_07,synthetic,train,4,4,5,5,5,3,4,3,5,5,library,coding,mostly_solo,2_4h,late_night,1,1,1,1,1,0,1,1,0,1,1,computer_lab,report_writing,solo,2_4h,late_night,weekday,1.4,clear,indoor,first_time,4,4,2,3,3,3,4,4,4,3,16,16,10,15,20,16,9,15,4.3,0.5,20,1,59.3
I2759,U276,quiet_deepwork,P001,library_01,synthetic,train,4,4,5,5,5,3,4,3,5,5,library,coding,mostly_solo,2_4h,late_night,1,1,1,1,1,0,1,1,0,1,1,library,coding,solo,2_4h,morning,weekday,12.6,cloudy,indoor,sometimes,5,4,4,5,2,3,4,4,4,4,20,16,20,25,20,16,6,15,4.5,4.7,20,0,73.0
I2760,U276,quiet_deepwork,P033,study_room_15,synthetic,train,4,4,5,5,5,3,4,3,5,5,library,coding,mostly_solo,2_4h,late_night,1,1,1,1,1,0,1,1,0,1,1,study_room,report_writing,solo,under_1h,afternoon,weekday,1.0,cloudy,indoor,sometimes,5,3,4,3,4,4,4,5,5,4,20,12,20,15,20,20,12,20,4.3,0.4,25,0,88.9
I2761,U277,quiet_deepwork,P008,library_08,synthetic,valid,4,3,5,4,3,4,3,4,3,5,study_room,team_project,mostly_solo,2_4h,morning,1,1,1,0,0,1,1,0,1,0,1,library,coding,solo,2_4h,evening,weekday,11.5,clear,indoor,rarely,5,5,4,4,2,3,4,4,4,4,20,15,20,16,12,12,8,9,4.5,5.7,20,0,68.9
I2762,U277,quiet_deepwork,P030,study_room_12,synthetic,valid,4,3,5,4,3,4,3,4,3,5,study_room,team_project,mostly_solo,2_4h,morning,1,1,1,0,0,1,1,0,1,0,1,study_room,report_writing,2,2_4h,afternoon,weekend,10.4,clear,indoor,first_time,5,4,3,4,3,3,4,5,4,4,20,12,15,16,12,12,12,9,4.3,5.2,25,0.5,66.5
I2763,U277,quiet_deepwork,P017,library_17,synthetic,valid,4,3,5,4,3,4,3,4,3,5,study_room,team_project,mostly_solo,2_4h,morning,1,1,1,0,0,1,1,0,1,0,1,library,coding,2,1_2h,morning,weekday,5.1,rainy,indoor,rarely,5,4,4,5,3,3,4,4,5,4,20,12,20,20,12,15,12,9,4.5,2.6,20,1,62.2
I2764,U277,quiet_deepwork,P016,library_16,synthetic,valid,4,3,5,4,3,4,3,4,3,5,study_room,team_project,mostly_solo,2_4h,morning,1,1,1,0,0,1,1,0,1,0,1,library,deep_study,solo,2_4h,evening,weekday,9.3,clear,indoor,sometimes,5,4,3,5,3,4,3,5,4,4,20,12,15,20,9,12,12,12,5.0,4.7,25,0,68.9
I2765,U277,quiet_deepwork,P002,library_02,synthetic,valid,4,3,5,4,3,4,3,4,3,5,study_room,team_project,mostly_solo,2_4h,morning,1,1,1,0,0,1,1,0,1,0,1,library,online_class,2,1_2h,afternoon,weekend,7.3,cloudy,indoor,often,5,5,4,4,2,3,4,4,4,4,20,15,20,16,12,12,8,9,3.3,3.6,12,0.5,72.9
I2766,U277,quiet_deepwork,P004,library_04,synthetic,valid,4,3,5,4,3,4,3,4,3,5,study_room,team_project,mostly_solo,2_4h,morning,1,1,1,0,0,1,1,0,1,0,1,library,deep_study,solo,under_1h,morning,weekend,1.0,rainy,indoor,sometimes,5,3,3,4,2,4,4,5,3,4,20,9,15,16,12,9,8,12,5.0,0.5,25,1,74.9
I2767,U277,quiet_deepwork,P071,classroom_09,synthetic,valid,4,3,5,4,3,4,3,4,3,5,study_room,team_project,mostly_solo,2_4h,morning,1,1,1,0,0,1,1,0,1,0,1,classroom,report_writing,solo,over_4h,afternoon,weekend,13.0,clear,indoor,sometimes,3,3,3,3,3,3,3,3,3,4,12,9,15,12,9,9,12,9,4.3,6.5,15,0.5,44.2
I2768,U277,quiet_deepwork,P004,library_04,synthetic,valid,4,3,5,4,3,4,3,4,3,5,study_room,team_project,mostly_solo,2_4h,morning,1,1,1,0,0,1,1,0,1,0,1,library,coding,solo,over_4h,late_night,weekend,4.0,hot,indoor,sometimes,5,3,3,4,2,4,4,4,3,4,20,9,15,16,12,9,8,12,4.5,2.0,20,0,63.3
I2769,U277,quiet_deepwork,P003,library_03,synthetic,valid,4,3,5,4,3,4,3,4,3,5,study_room,team_project,mostly_solo,2_4h,morning,1,1,1,0,0,1,1,0,1,0,1,library,coding,solo,1_2h,morning,weekday,1.9,clear,indoor,sometimes,5,3,4,5,3,3,4,4,4,4,20,9,20,20,12,12,12,9,4.5,0.9,20,1,76.7
I2770,U277,quiet_deepwork,P005,library_05,synthetic,valid,4,3,5,4,3,4,3,4,3,5,study_room,team_project,mostly_solo,2_4h,morning,1,1,1,0,0,1,1,0,1,0,1,library,coding,5_plus,2_4h,afternoon,weekday,3.4,clear,indoor,sometimes,5,4,4,5,3,4,4,4,4,4,20,12,20,20,12,12,12,12,4.5,1.7,20,0.5,66.4
I2771,U278,quiet_deepwork,P110,outdoor_02,synthetic,valid,5,4,4,4,5,3,4,4,5,5,home,deep_study,mostly_solo,under_1h,afternoon,1,1,1,1,1,0,1,1,0,1,1,outdoor,coding,solo,2_4h,afternoon,weekday,7.3,cloudy,outdoor,sometimes,3,4,3,3,2,3,2,2,2,3,15,16,12,12,10,8,8,15,4.5,2.7,10,1,51.4
I2772,U278,quiet_deepwork,P024,study_room_06,synthetic,valid,5,4,4,4,5,3,4,4,5,5,home,deep_study,mostly_solo,under_1h,afternoon,1,1,1,1,1,0,1,1,0,1,1,study_room,meeting,2,1_2h,afternoon,weekday,1.0,clear,indoor,first_time,4,4,3,4,3,4,4,5,4,3,20,16,12,16,20,16,12,20,1.0,0.4,15,1,64.8
I2773,U278,quiet_deepwork,P097,dorm_lounge_01,synthetic,valid,5,4,4,4,5,3,4,4,5,5,home,deep_study,mostly_solo,under_1h,afternoon,1,1,1,1,1,0,1,1,0,1,1,dorm_lounge,light_reading,solo,2_4h,early_morning,weekday,10.8,clear,indoor,sometimes,3,3,3,2,3,4,5,4,4,2,15,12,12,8,25,16,12,20,2.3,4.1,12,0,60.1
I2774,U278,quiet_deepwork,P072,classroom_10,synthetic,valid,5,4,4,4,5,3,4,4,5,5,home,deep_study,mostly_solo,under_1h,afternoon,1,1,1,1,1,0,1,1,0,1,1,classroom,report_writing,solo,2_4h,morning,weekend,17.9,clear,indoor,rarely,3,3,4,3,3,3,4,3,3,3,15,12,16,12,20,12,12,15,4.3,6.7,15,0.5,56.5
I2775,U278,quiet_deepwork,P080,computer_lab_06,synthetic,valid,5,4,4,4,5,3,4,4,5,5,home,deep_study,mostly_solo,under_1h,afternoon,1,1,1,1,1,0,1,1,0,1,1,computer_lab,deep_study,solo,2_4h,morning,weekday,1.0,clear,indoor,first_time,4,4,4,3,3,4,4,4,4,3,20,16,16,12,20,16,12,20,5.0,0.4,20,0.5,72.6
I2776,U278,quiet_deepwork,P045,cafe_09,synthetic,valid,5,4,4,4,5,3,4,4,5,5,home,deep_study,mostly_solo,under_1h,afternoon,1,1,1,1,1,0,1,1,0,1,1,cafe,coding,3_4,2_4h,afternoon,weekday,8.7,clear,indoor,sometimes,2,3,2,2,3,3,3,4,3,3,10,12,8,8,15,12,12,15,4.5,3.3,20,1,48.9
I2777,U278,quiet_deepwork,P032,study_room_14,synthetic,valid,5,4,4,4,5,3,4,4,5,5,home,deep_study,mostly_solo,under_1h,afternoon,1,1,1,1,1,0,1,1,0,1,1,study_room,report_writing,solo,2_4h,morning,weekday,18.1,hot,indoor,first_time,4,4,4,4,4,3,4,4,4,4,20,16,16,16,20,16,16,15,4.3,6.8,20,0.5,74.7
I2778,U278,quiet_deepwork,P014,library_14,synthetic,valid,5,4,4,4,5,3,4,4,5,5,home,deep_study,mostly_solo,under_1h,afternoon,1,1,1,1,1,0,1,1,0,1,1,library,report_writing,solo,2_4h,evening,weekday,7.2,cold,indoor,sometimes,5,4,5,4,3,4,4,5,4,4,25,16,20,16,20,16,12,20,4.3,2.7,25,0.5,89.7
I2779,U278,quiet_deepwork,P028,study_room_10,synthetic,valid,5,4,4,4,5,3,4,4,5,5,home,deep_study,mostly_solo,under_1h,afternoon,1,1,1,1,1,0,1,1,0,1,1,study_room,deep_study,3_4,1_2h,afternoon,weekday,18.7,cloudy,indoor,sometimes,4,4,3,3,4,4,5,4,4,3,20,16,12,12,25,16,16,20,5.0,7.0,20,1,75.9
I2780,U278,quiet_deepwork,P004,library_04,synthetic,valid,5,4,4,4,5,3,4,4,5,5,home,deep_study,mostly_solo,under_1h,afternoon,1,1,1,1,1,0,1,1,0,1,1,library,deep_study,solo,2_4h,morning,weekend,2.4,clear,indoor,sometimes,5,3,3,4,2,4,4,5,3,4,25,12,12,16,20,12,8,20,5.0,0.9,25,0.5,82.0
I2781,U279,balanced,P027,study_room_09,synthetic,train,4,4,4,5,4,4,4,4,4,4,computer_lab,report_writing,mostly_solo,2_4h,afternoon,1,1,1,1,1,1,1,1,1,1,1,study_room,deep_study,3_4,1_2h,afternoon,weekday,7.1,cold,indoor,sometimes,5,3,3,4,4,3,3,4,3,3,20,12,12,20,12,12,16,12,4.0,3.6,16,1,75.8
I2782,U279,balanced,P013,library_13,synthetic,train,4,4,4,5,4,4,4,4,4,4,computer_lab,report_writing,mostly_solo,2_4h,afternoon,1,1,1,1,1,1,1,1,1,1,1,library,report_writing,solo,2_4h,morning,weekend,2.7,cold,indoor,often,5,4,4,4,3,3,5,5,4,4,20,16,16,20,20,16,12,12,3.4,1.4,20,0.5,92.8
I2783,U279,balanced,P101,dorm_lounge_05,synthetic,train,4,4,4,5,4,4,4,4,4,4,computer_lab,report_writing,mostly_solo,2_4h,afternoon,1,1,1,1,1,1,1,1,1,1,1,dorm_lounge,coding,2,1_2h,afternoon,weekend,6.2,clear,indoor,first_time,3,4,2,2,3,4,4,3,4,3,12,16,8,10,16,16,12,16,3.6,3.1,12,1,55.3
I2784,U279,balanced,P055,home_01,synthetic,train,4,4,4,5,4,4,4,4,4,4,computer_lab,report_writing,mostly_solo,2_4h,afternoon,1,1,1,1,1,1,1,1,1,1,1,home,coding,solo,2_4h,morning,weekend,9.3,cloudy,indoor,sometimes,4,3,5,4,4,5,5,4,4,5,16,12,20,20,20,16,16,20,3.6,4.7,16,0.5,74.0
I2785,U279,balanced,P045,cafe_09,synthetic,train,4,4,4,5,4,4,4,4,4,4,computer_lab,report_writing,mostly_solo,2_4h,afternoon,1,1,1,1,1,1,1,1,1,1,1,cafe,light_reading,solo,under_1h,evening,weekend,3.2,hot,indoor,rarely,2,3,2,2,3,3,3,4,3,3,8,12,8,10,12,12,12,12,1.8,1.6,12,0.5,51.6
I2786,U279,balanced,P026,study_room_08,synthetic,train,4,4,4,5,4,4,4,4,4,4,computer_lab,report_writing,mostly_solo,2_4h,afternoon,1,1,1,1,1,1,1,1,1,1,1,study_room,light_reading,solo,2_4h,evening,weekday,18.9,hot,indoor,first_time,4,5,4,4,5,4,4,3,4,3,16,20,16,20,16,16,20,16,1.8,9.4,9,0.5,66.6
I2787,U279,balanced,P070,classroom_08,synthetic,train,4,4,4,5,4,4,4,4,4,4,computer_lab,report_writing,mostly_solo,2_4h,afternoon,1,1,1,1,1,1,1,1,1,1,1,classroom,team_project,3_4,2_4h,early_morning,weekend,9.3,cloudy,indoor,first_time,3,4,3,2,3,2,3,4,2,3,12,16,12,10,12,8,12,8,1.0,4.6,12,0,58.4
I2788,U279,balanced,P097,dorm_lounge_01,synthetic,train,4,4,4,5,4,4,4,4,4,4,computer_lab,report_writing,mostly_solo,2_4h,afternoon,1,1,1,1,1,1,1,1,1,1,1,dorm_lounge,online_class,2,1_2h,afternoon,weekend,11.1,cloudy,indoor,sometimes,3,3,3,2,3,4,5,2,4,2,12,12,12,10,20,16,12,16,2.6,5.5,6,1,55.5
I2789,U279,balanced,P004,library_04,synthetic,train,4,4,4,5,4,4,4,4,4,4,computer_lab,report_writing,mostly_solo,2_4h,afternoon,1,1,1,1,1,1,1,1,1,1,1,library,deep_study,solo,2_4h,early_morning,weekday,1.9,cold,indoor,often,5,3,3,4,2,4,4,5,3,4,20,12,12,20,16,12,8,16,4.0,1.0,20,0,67.3
I2790,U279,balanced,P042,cafe_06,synthetic,train,4,4,4,5,4,4,4,4,4,4,computer_lab,report_writing,mostly_solo,2_4h,afternoon,1,1,1,1,1,1,1,1,1,1,1,cafe,online_class,solo,1_2h,evening,weekday,11.2,cloudy,indoor,first_time,3,4,2,3,2,4,3,3,4,3,12,16,8,15,12,16,8,16,2.6,5.6,9,0.5,51.4
I2791,U280,comfort_oriented,P040,cafe_04,synthetic,valid,4,4,4,4,4,4,3,4,5,3,cafe,online_class,mixed,1_2h,evening,1,1,1,0,1,1,1,1,1,1,1,cafe,light_reading,solo,2_4h,morning,weekday,9.6,cold,indoor,sometimes,3,4,2,3,3,4,3,4,4,3,12,16,8,12,12,12,12,20,1.4,4.8,12,0,62.0
I2792,U280,comfort_oriented,P056,home_02,synthetic,valid,4,4,4,4,4,4,3,4,5,3,cafe,online_class,mixed,1_2h,evening,1,1,1,0,1,1,1,1,1,1,1,home,report_writing,2,2_4h,afternoon,weekend,11.2,rainy,indoor,rarely,4,3,5,4,5,4,5,4,5,5,16,12,20,16,20,15,20,20,2.6,5.6,12,0.5,76.8
I2793,U280,comfort_oriented,P071,classroom_09,synthetic,valid,4,4,4,4,4,4,3,4,5,3,cafe,online_class,mixed,1_2h,evening,1,1,1,0,1,1,1,1,1,1,1,classroom,report_writing,solo,over_4h,afternoon,weekday,2.9,cloudy,indoor,sometimes,3,3,3,3,3,3,3,3,3,4,12,12,12,12,12,9,12,15,2.6,1.5,9,0.5,66.6
I2794,U280,comfort_oriented,P009,library_09,synthetic,valid,4,4,4,4,4,4,3,4,5,3,cafe,online_class,mixed,1_2h,evening,1,1,1,0,1,1,1,1,1,1,1,library,light_reading,solo,1_2h,afternoon,weekday,13.4,cloudy,indoor,rarely,4,4,3,4,2,4,4,4,4,4,16,16,12,16,16,12,8,20,1.4,6.7,12,0.5,68.7
I2795,U280,comfort_oriented,P083,computer_lab_09,synthetic,valid,4,4,4,4,4,4,3,4,5,3,cafe,online_class,mixed,1_2h,evening,1,1,1,0,1,1,1,1,1,1,1,computer_lab,online_class,2,over_4h,evening,weekend,5.0,clear,indoor,sometimes,4,4,3,3,4,3,5,5,4,3,16,16,12,12,20,12,16,15,2.0,2.5,15,1,73.5
I2796,U280,comfort_oriented,P022,study_room_04,synthetic,valid,4,4,4,4,4,4,3,4,5,3,cafe,online_class,mixed,1_2h,evening,1,1,1,0,1,1,1,1,1,1,1,study_room,deep_study,solo,1_2h,evening,weekday,17.3,cloudy,indoor,sometimes,4,5,3,4,5,3,4,5,4,4,16,20,12,16,16,12,20,15,3.0,8.6,15,1,63.2
I2797,U280,comfort_oriented,P059,home_05,synthetic,valid,4,4,4,4,4,4,3,4,5,3,cafe,online_class,mixed,1_2h,evening,1,1,1,0,1,1,1,1,1,1,1,home,light_reading,2,1_2h,afternoon,weekend,10.5,clear,indoor,sometimes,4,5,5,4,5,4,4,4,5,5,16,20,20,16,16,15,20,20,1.4,5.2,12,0.5,77.1
I2798,U280,comfort_oriented,P001,library_01,synthetic,valid,4,4,4,4,4,4,3,4,5,3,cafe,online_class,mixed,1_2h,evening,1,1,1,0,1,1,1,1,1,1,1,library,deep_study,solo,over_4h,morning,weekday,6.4,cloudy,indoor,first_time,5,4,4,5,2,3,4,5,4,4,20,16,16,20,16,12,8,15,3.0,3.2,15,0,66.2
I2799,U280,comfort_oriented,P056,home_02,synthetic,valid,4,4,4,4,4,4,3,4,5,3,cafe,online_class,mixed,1_2h,evening,1,1,1,0,1,1,1,1,1,1,1,home,report_writing,2,1_2h,late_night,weekday,5.7,clear,indoor,rarely,4,3,5,4,5,4,5,4,5,5,16,12,20,16,20,15,20,20,2.6,2.9,12,0.5,72.8
I2800,U280,comfort_oriented,P087,coworking_space_03,synthetic,valid,4,4,4,4,4,4,3,4,5,3,cafe,online_class,mixed,1_2h,evening,1,1,1,0,1,1,1,1,1,1,1,coworking_space,deep_study,solo,1_2h,late_night,weekend,17.1,clear,indoor,sometimes,4,4,3,2,5,4,4,4,4,4,16,16,12,8,16,12,20,20,3.0,8.6,12,0.5,52.4
I2801,U281,convenience_oriented,P092,coworking_space_08,synthetic,train,3,3,4,3,4,5,4,2,3,3,study_room,report_writing,mixed,1_2h,evening,0,1,0,1,1,1,0,1,1,0,0,coworking_space,light_reading,solo,1_2h,evening,weekend,7.7,clear,indoor,sometimes,2,4,3,4,3,4,4,3,4,3,6,12,12,12,16,16,6,12,1.4,4.8,9,1,51.7
I2802,U281,convenience_oriented,P070,classroom_08,synthetic,train,3,3,4,3,4,5,4,2,3,3,study_room,report_writing,mixed,1_2h,evening,0,1,0,1,1,1,0,1,1,0,0,classroom,light_reading,solo,1_2h,evening,weekday,12.4,cold,indoor,sometimes,3,4,3,2,3,2,3,3,2,3,9,12,12,6,12,8,6,6,1.4,7.8,9,1,45.1
I2803,U281,convenience_oriented,P048,cafe_12,synthetic,train,3,3,4,3,4,5,4,2,3,3,study_room,report_writing,mixed,1_2h,evening,0,1,0,1,1,1,0,1,1,0,0,cafe,online_class,solo,under_1h,early_morning,weekday,3.3,clear,indoor,sometimes,2,5,2,3,1,4,3,3,3,3,6,15,8,9,12,12,2,12,2.0,2.1,9,0,63.9
I2804,U281,convenience_oriented,P042,cafe_06,synthetic,train,3,3,4,3,4,5,4,2,3,3,study_room,report_writing,mixed,1_2h,evening,0,1,0,1,1,1,0,1,1,0,0,cafe,report_writing,solo,over_4h,afternoon,weekday,15.3,clear,indoor,first_time,3,4,2,3,2,4,3,3,4,3,9,12,8,9,12,16,4,12,2.6,9.5,9,0.5,54.2
I2805,U281,convenience_oriented,P020,study_room_02,synthetic,train,3,3,4,3,4,5,4,2,3,3,study_room,report_writing,mixed,1_2h,evening,0,1,0,1,1,1,0,1,1,0,0,study_room,report_writing,solo,2_4h,evening,weekend,7.8,cold,indoor,sometimes,4,4,4,5,3,4,4,5,4,4,12,12,16,15,16,16,6,12,2.6,4.9,15,1,66.8
I2806,U281,convenience_oriented,P075,computer_lab_01,synthetic,train,3,3,4,3,4,5,4,2,3,3,study_room,report_writing,mixed,1_2h,evening,0,1,0,1,1,1,0,1,1,0,0,computer_lab,report_writing,solo,2_4h,afternoon,weekend,8.7,clear,indoor,sometimes,3,3,3,4,3,4,5,4,3,3,9,9,12,12,20,12,6,12,2.6,5.5,12,0.5,53.5
I2807,U281,convenience_oriented,P084,computer_lab_10,synthetic,train,3,3,4,3,4,5,4,2,3,3,study_room,report_writing,mixed,1_2h,evening,0,1,0,1,1,1,0,1,1,0,0,computer_lab,coding,3_4,1_2h,early_morning,weekend,11.0,rainy,indoor,first_time,4,4,3,4,3,3,4,4,3,2,12,12,12,12,16,12,6,9,2.7,6.9,12,0,40.9
I2808,U281,convenience_oriented,P009,library_09,synthetic,train,3,3,4,3,4,5,4,2,3,3,study_room,report_writing,mixed,1_2h,evening,0,1,0,1,1,1,0,1,1,0,0,library,light_reading,solo,over_4h,evening,weekend,9.5,rainy,indoor,rarely,4,4,3,4,2,4,4,5,4,4,12,12,12,12,16,16,4,12,1.4,5.9,15,1,57.4
I2809,U281,convenience_oriented,P003,library_03,synthetic,train,3,3,4,3,4,5,4,2,3,3,study_room,report_writing,mixed,1_2h,evening,0,1,0,1,1,1,0,1,1,0,0,library,report_writing,solo,2_4h,afternoon,weekday,6.2,cold,indoor,often,5,3,4,5,3,3,4,4,4,4,15,9,16,15,16,16,6,9,2.6,3.9,12,0.5,65.0
I2810,U281,convenience_oriented,P033,study_room_15,synthetic,train,3,3,4,3,4,5,4,2,3,3,study_room,report_writing,mixed,1_2h,evening,0,1,0,1,1,1,0,1,1,0,0,study_room,coding,solo,over_4h,morning,weekday,1.0,hot,indoor,often,5,3,4,3,4,4,4,4,5,4,15,9,16,9,16,20,8,12,2.7,0.6,12,0,72.2
I2811,U282,quiet_deepwork,P029,study_room_11,synthetic,train,5,4,4,3,4,3,5,3,5,5,cafe,light_reading,mostly_solo,1_2h,morning,1,1,0,1,1,0,1,1,0,1,0,study_room,online_class,solo,1_2h,morning,weekday,5.4,rainy,indoor,rarely,4,4,3,4,2,4,4,4,4,3,20,16,12,12,16,20,6,20,3.3,2.0,12,1,78.8
I2812,U282,quiet_deepwork,P109,outdoor_01,synthetic,train,5,4,4,3,4,3,5,3,5,5,cafe,light_reading,mostly_solo,1_2h,morning,1,1,0,1,1,0,1,1,0,1,0,outdoor,coding,solo,over_4h,evening,weekday,16.4,hot,outdoor,sometimes,2,5,3,3,2,3,1,2,3,3,10,20,12,9,4,15,6,15,4.5,6.2,10,0,39.5
I2813,U282,quiet_deepwork,P011,library_11,synthetic,train,5,4,4,3,4,3,5,3,5,5,cafe,light_reading,mostly_solo,1_2h,morning,1,1,0,1,1,0,1,1,0,1,0,library,report_writing,solo,under_1h,evening,weekday,10.4,rainy,indoor,rarely,5,4,4,4,2,4,4,4,4,3,25,16,16,12,16,20,6,20,4.3,3.9,20,0,75.6
I2814,U282,quiet_deepwork,P108,dorm_lounge_12,synthetic,train,5,4,4,3,4,3,5,3,5,5,cafe,light_reading,mostly_solo,1_2h,morning,1,1,0,1,1,0,1,1,0,1,0,dorm_lounge,light_reading,solo,1_2h,evening,weekend,10.2,clear,indoor,often,2,4,3,3,3,3,3,3,3,3,10,16,12,9,12,15,9,15,2.3,3.8,9,0,53.1
I2815,U282,quiet_deepwork,P010,library_10,synthetic,train,5,4,4,3,4,3,5,3,5,5,cafe,light_reading,mostly_solo,1_2h,morning,1,1,0,1,1,0,1,1,0,1,0,library,deep_study,solo,over_4h,afternoon,weekend,9.0,clear,indoor,often,5,5,4,4,3,4,4,5,4,5,25,20,16,12,16,20,9,20,5.0,3.4,25,0.5,81.5
I2816,U282,quiet_deepwork,P117,outdoor_09,synthetic,train,5,4,4,3,4,3,5,3,5,5,cafe,light_reading,mostly_solo,1_2h,morning,1,1,0,1,1,0,1,1,0,1,0,outdoor,coding,solo,2_4h,afternoon,weekday,13.5,rainy,outdoor,first_time,2,5,3,3,2,3,1,1,3,3,10,20,12,9,4,15,6,15,4.5,5.1,5,0.5,39.1
I2817,U282,quiet_deepwork,P034,study_room_16,synthetic,train,5,4,4,3,4,3,5,3,5,5,cafe,light_reading,mostly_solo,1_2h,morning,1,1,0,1,1,0,1,1,0,1,0,study_room,deep_study,solo,2_4h,afternoon,weekend,8.6,cloudy,indoor,rarely,4,4,4,4,4,3,4,5,5,3,20,16,16,12,16,25,12,15,5.0,3.2,25,0.5,81.4
I2818,U282,quiet_deepwork,P095,coworking_space_11,synthetic,train,5,4,4,3,4,3,5,3,5,5,cafe,light_reading,mostly_solo,1_2h,morning,1,1,0,1,1,0,1,1,0,1,0,coworking_space,light_reading,solo,under_1h,afternoon,weekday,10.3,cloudy,indoor,sometimes,4,4,3,3,4,4,5,3,4,4,20,16,12,9,20,20,12,20,2.3,3.9,9,0.5,67.7
I2819,U282,quiet_deepwork,P028,study_room_10,synthetic,train,5,4,4,3,4,3,5,3,5,5,cafe,light_reading,mostly_solo,1_2h,morning,1,1,0,1,1,0,1,1,0,1,0,study_room,report_writing,solo,2_4h,afternoon,weekday,16.3,rainy,indoor,rarely,4,4,3,3,4,4,5,4,4,3,20,16,12,9,20,20,12,20,4.3,6.1,20,0.5,73.6
I2820,U282,quiet_deepwork,P039,cafe_03,synthetic,train,5,4,4,3,4,3,5,3,5,5,cafe,light_reading,mostly_solo,1_2h,morning,1,1,0,1,1,0,1,1,0,1,0,cafe,light_reading,solo,1_2h,afternoon,weekday,3.7,hot,indoor,first_time,3,4,2,3,2,4,3,4,4,4,15,16,8,9,12,20,6,20,2.3,1.4,12,0.5,58.2
I2821,U283,quiet_deepwork,P108,dorm_lounge_12,synthetic,train,4,4,5,3,4,2,4,4,4,4,study_room,report_writing,mostly_solo,over_4h,early_morning,1,1,0,1,1,0,1,1,0,1,0,dorm_lounge,team_project,5_plus,2_4h,evening,weekend,10.4,cloudy,indoor,sometimes,2,4,3,3,3,3,3,4,3,3,8,16,15,9,12,12,12,12,1.0,2.6,12,0,58.1
I2822,U283,quiet_deepwork,P026,study_room_08,synthetic,train,4,4,5,3,4,2,4,4,4,4,study_room,report_writing,mostly_solo,over_4h,early_morning,1,1,0,1,1,0,1,1,0,1,0,study_room,report_writing,solo,1_2h,early_morning,weekday,15.8,clear,indoor,first_time,4,5,4,4,5,4,4,4,4,3,16,20,20,12,16,16,20,16,3.4,4.0,16,1,76.4
I2823,U283,quiet_deepwork,P080,computer_lab_06,synthetic,train,4,4,5,3,4,2,4,4,4,4,study_room,report_writing,mostly_solo,over_4h,early_morning,1,1,0,1,1,0,1,1,0,1,0,computer_lab,coding,solo,2_4h,early_morning,weekend,9.4,clear,indoor,often,4,4,4,3,3,4,4,5,4,3,16,16,20,9,16,16,12,16,3.6,2.3,20,1,76.1
I2824,U283,quiet_deepwork,P057,home_03,synthetic,train,4,4,5,3,4,2,4,4,4,4,study_room,report_writing,mostly_solo,over_4h,early_morning,1,1,0,1,1,0,1,1,0,1,0,home,coding,solo,over_4h,evening,weekend,4.1,rainy,indoor,often,3,4,4,4,5,4,5,4,5,4,12,16,20,12,20,20,20,16,3.6,1.0,16,0,63.9
I2825,U283,quiet_deepwork,P015,library_15,synthetic,train,4,4,5,3,4,2,4,4,4,4,study_room,report_writing,mostly_solo,over_4h,early_morning,1,1,0,1,1,0,1,1,0,1,0,library,deep_study,solo,2_4h,evening,weekday,8.1,cloudy,indoor,often,4,4,4,5,2,4,3,5,4,4,16,16,20,15,12,16,8,16,4.0,2.0,20,0,78.2
I2826,U283,quiet_deepwork,P004,library_04,synthetic,train,4,4,5,3,4,2,4,4,4,4,study_room,report_writing,mostly_solo,over_4h,early_morning,1,1,0,1,1,0,1,1,0,1,0,library,coding,solo,under_1h,early_morning,weekday,2.8,clear,indoor,often,5,3,3,4,2,4,4,4,3,4,20,12,15,12,16,12,8,16,3.6,0.7,16,1,67.7
I2827,U283,quiet_deepwork,P041,cafe_05,synthetic,train,4,4,5,3,4,2,4,4,4,4,study_room,report_writing,mostly_solo,over_4h,early_morning,1,1,0,1,1,0,1,1,0,1,0,cafe,light_reading,2,1_2h,early_morning,weekend,11.6,clear,indoor,first_time,2,4,2,3,2,4,4,4,4,3,8,16,10,9,16,16,8,16,1.8,2.9,12,1,57.0
I2828,U283,quiet_deepwork,P012,library_12,synthetic,train,4,4,5,3,4,2,4,4,4,4,study_room,report_writing,mostly_solo,over_4h,early_morning,1,1,0,1,1,0,1,1,0,1,0,library,deep_study,solo,under_1h,early_morning,weekend,1.9,clear,indoor,rarely,5,4,4,4,3,3,3,5,5,4,20,16,20,12,12,20,12,12,4.0,0.5,20,1,71.0
I2829,U283,quiet_deepwork,P011,library_11,synthetic,train,4,4,5,3,4,2,4,4,4,4,study_room,report_writing,mostly_solo,over_4h,early_morning,1,1,0,1,1,0,1,1,0,1,0,library,report_writing,solo,over_4h,morning,weekday,13.7,clear,indoor,sometimes,5,4,4,4,2,4,4,5,4,3,20,16,20,12,16,16,8,16,3.4,3.4,20,0.5,86.6
I2830,U283,quiet_deepwork,P016,library_16,synthetic,train,4,4,5,3,4,2,4,4,4,4,study_room,report_writing,mostly_solo,over_4h,early_morning,1,1,0,1,1,0,1,1,0,1,0,library,coding,solo,1_2h,early_morning,weekday,13.3,clear,indoor,often,5,4,3,5,3,4,3,4,4,4,20,16,15,15,12,16,12,16,3.6,3.3,16,1,71.9
I2831,U284,quiet_deepwork,P031,study_room_13,synthetic,train,5,4,5,5,4,3,5,4,3,4,coworking_space,report_writing,mostly_solo,2_4h,morning,1,1,1,1,1,0,1,1,0,0,1,study_room,online_class,2,1_2h,evening,weekend,1.0,cloudy,indoor,sometimes,5,4,4,4,4,4,4,4,5,4,25,16,20,20,16,25,16,12,2.6,0.4,12,0,65.7
I2832,U284,quiet_deepwork,P113,outdoor_05,synthetic,train,5,4,5,5,4,3,5,4,3,4,coworking_space,report_writing,mostly_solo,2_4h,morning,1,1,1,1,1,0,1,1,0,0,1,outdoor,deep_study,solo,over_4h,early_morning,weekday,22.2,rainy,outdoor,rarely,3,3,4,2,2,3,2,1,3,3,15,12,20,10,8,15,8,9,4.0,8.3,4,0.5,30.5
I2833,U284,quiet_deepwork,P003,library_03,synthetic,train,5,4,5,5,4,3,5,4,3,4,coworking_space,report_writing,mostly_solo,2_4h,morning,1,1,1,1,1,0,1,1,0,0,1,library,coding,2,2_4h,evening,weekend,1.0,rainy,indoor,rarely,5,3,4,5,3,3,4,4,4,4,25,12,20,25,16,20,12,9,3.6,0.4,16,0,79.2
I2834,U284,quiet_deepwork,P025,study_room_07,synthetic,train,5,4,5,5,4,3,5,4,3,4,coworking_space,report_writing,mostly_solo,2_4h,morning,1,1,1,1,1,0,1,1,0,0,1,study_room,online_class,solo,2_4h,afternoon,weekday,8.5,hot,indoor,often,4,4,3,4,4,4,4,4,4,3,20,16,15,20,16,20,16,12,2.6,3.2,12,0.5,79.0
I2835,U284,quiet_deepwork,P110,outdoor_02,synthetic,train,5,4,5,5,4,3,5,4,3,4,coworking_space,report_writing,mostly_solo,2_4h,morning,1,1,1,1,1,0,1,1,0,0,1,outdoor,light_reading,3_4,1_2h,morning,weekday,12.5,cold,outdoor,first_time,3,4,3,3,2,3,2,4,2,3,15,16,15,15,8,10,8,9,1.8,4.7,12,1,46.1
I2836,U284,quiet_deepwork,P035,study_room_17,synthetic,train,5,4,5,5,4,3,5,4,3,4,coworking_space,report_writing,mostly_solo,2_4h,morning,1,1,1,1,1,0,1,1,0,0,1,study_room,report_writing,solo,2_4h,morning,weekday,4.8,clear,indoor,often,4,4,4,4,3,4,5,4,4,3,20,16,20,20,20,20,12,12,3.4,1.8,16,1,78.4
I2837,U284,quiet_deepwork,P041,cafe_05,synthetic,train,5,4,5,5,4,3,5,4,3,4,coworking_space,report_writing,mostly_solo,2_4h,morning,1,1,1,1,1,0,1,1,0,0,1,cafe,deep_study,solo,1_2h,morning,weekday,9.2,clear,indoor,often,2,4,2,3,2,4,4,3,4,3,10,16,10,15,16,20,8,12,4.0,3.4,12,1,63.6
I2838,U284,quiet_deepwork,P004,library_04,synthetic,train,5,4,5,5,4,3,5,4,3,4,coworking_space,report_writing,mostly_solo,2_4h,morning,1,1,1,1,1,0,1,1,0,0,1,library,report_writing,solo,2_4h,morning,weekday,4.5,clear,indoor,sometimes,5,3,3,4,2,4,4,4,3,4,25,12,15,20,16,15,8,12,3.4,1.7,16,1,69.3
I2839,U284,quiet_deepwork,P014,library_14,synthetic,train,5,4,5,5,4,3,5,4,3,4,coworking_space,report_writing,mostly_solo,2_4h,morning,1,1,1,1,1,0,1,1,0,0,1,library,deep_study,solo,2_4h,late_night,weekend,8.2,cloudy,indoor,often,5,4,5,4,3,4,4,4,4,4,25,16,25,20,16,20,12,12,4.0,3.1,16,0,83.7
I2840,U284,quiet_deepwork,P104,dorm_lounge_08,synthetic,train,5,4,5,5,4,3,5,4,3,4,coworking_space,report_writing,mostly_solo,2_4h,morning,1,1,1,1,1,0,1,1,0,0,1,dorm_lounge,online_class,solo,under_1h,evening,weekday,12.0,hot,indoor,often,3,4,3,3,4,4,4,3,4,3,15,16,15,15,16,20,16,12,2.6,4.5,9,0,59.0
I2841,U285,balanced,P064,classroom_02,synthetic,train,4,5,4,3,5,4,4,3,3,4,home,team_project,mostly_solo,1_2h,afternoon,1,1,0,1,1,1,1,1,1,0,0,classroom,light_reading,solo,2_4h,morning,weekday,9.3,rainy,indoor,often,4,4,3,3,3,3,3,3,3,3,16,20,12,9,15,12,9,9,1.8,4.7,9,0.5,62.1
I2842,U285,balanced,P004,library_04,synthetic,train,4,5,4,3,5,4,4,3,3,4,home,team_project,mostly_solo,1_2h,afternoon,1,1,0,1,1,1,1,1,1,0,0,library,report_writing,solo,1_2h,morning,weekday,1.1,clear,indoor,often,5,3,3,4,2,4,4,5,3,4,20,15,12,12,20,12,6,12,3.4,0.6,20,0.5,70.9
I2843,U285,balanced,P016,library_16,synthetic,train,4,5,4,3,5,4,4,3,3,4,home,team_project,mostly_solo,1_2h,afternoon,1,1,0,1,1,1,1,1,1,0,0,library,report_writing,solo,1_2h,morning,weekend,13.5,clear,indoor,sometimes,5,4,3,5,3,4,3,5,4,4,20,20,12,15,15,16,9,12,3.4,6.8,20,0.5,73.4
I2844,U285,balanced,P098,dorm_lounge_02,synthetic,train,4,5,4,3,5,4,4,3,3,4,home,team_project,mostly_solo,1_2h,afternoon,1,1,0,1,1,1,1,1,1,0,0,dorm_lounge,deep_study,solo,2_4h,morning,weekday,14.7,clear,indoor,often,3,4,3,2,3,4,4,3,4,3,12,20,12,6,20,16,9,12,4.0,7.3,12,0.5,58.0
I2845,U285,balanced,P005,library_05,synthetic,train,4,5,4,3,5,4,4,3,3,4,home,team_project,mostly_solo,1_2h,afternoon,1,1,0,1,1,1,1,1,1,0,0,library,report_writing,2,2_4h,afternoon,weekend,8.5,cloudy,indoor,sometimes,5,4,4,5,3,4,4,5,4,4,20,20,16,15,20,16,9,12,3.4,4.3,20,1,75.7
I2846,U285,balanced,P004,library_04,synthetic,train,4,5,4,3,5,4,4,3,3,4,home,team_project,mostly_solo,1_2h,afternoon,1,1,0,1,1,1,1,1,1,0,0,library,deep_study,solo,under_1h,afternoon,weekday,3.2,hot,indoor,first_time,5,3,3,4,2,4,4,5,3,4,20,15,12,12,20,12,6,12,4.0,1.6,20,1,67.4
I2847,U285,balanced,P104,dorm_lounge_08,synthetic,train,4,5,4,3,5,4,4,3,3,4,home,team_project,mostly_solo,1_2h,afternoon,1,1,0,1,1,1,1,1,1,0,0,dorm_lounge,report_writing,solo,over_4h,morning,weekday,17.3,clear,indoor,sometimes,3,4,3,3,4,4,4,4,4,3,12,20,12,9,20,16,12,12,3.4,8.6,16,0.5,60.2
I2848,U285,balanced,P083,computer_lab_09,synthetic,train,4,5,4,3,5,4,4,3,3,4,home,team_project,mostly_solo,1_2h,afternoon,1,1,0,1,1,1,1,1,1,0,0,computer_lab,light_reading,2,1_2h,afternoon,weekday,3.4,clear,indoor,often,4,4,3,3,4,3,5,3,4,3,16,20,12,9,25,16,12,9,1.8,1.7,9,1,58.2
I2849,U285,balanced,P025,study_room_07,synthetic,train,4,5,4,3,5,4,4,3,3,4,home,team_project,mostly_solo,1_2h,afternoon,1,1,0,1,1,1,1,1,1,0,0,study_room,deep_study,solo,under_1h,evening,weekend,6.5,clear,indoor,rarely,4,4,3,4,4,4,4,5,4,3,16,20,12,12,20,16,12,12,4.0,3.2,20,0.5,60.2
I2850,U285,balanced,P016,library_16,synthetic,train,4,5,4,3,5,4,4,3,3,4,home,team_project,mostly_solo,1_2h,afternoon,1,1,0,1,1,1,1,1,1,0,0,library,deep_study,solo,2_4h,late_night,weekend,10.0,cloudy,indoor,sometimes,5,4,3,5,3,4,3,4,4,4,20,20,12,15,15,16,9,12,4.0,5.0,16,0,69.7
I2851,U286,balanced,P032,study_room_14,synthetic,test,4,4,4,4,4,3,4,4,4,4,cafe,deep_study,mostly_solo,over_4h,afternoon,1,1,1,1,1,0,1,1,0,1,1,study_room,coding,solo,1_2h,afternoon,weekend,16.6,clear,indoor,sometimes,4,4,4,4,4,3,4,4,4,4,16,16,16,16,16,16,16,12,3.6,6.2,16,1,74.8
I2852,U286,balanced,P100,dorm_lounge_04,synthetic,test,4,4,4,4,4,3,4,4,4,4,cafe,deep_study,mostly_solo,over_4h,afternoon,1,1,1,1,1,0,1,1,0,1,1,dorm_lounge,online_class,2,2_4h,morning,weekend,7.9,rainy,indoor,rarely,3,4,2,3,3,4,3,3,4,4,12,16,8,12,12,16,12,16,2.6,3.0,9,0.5,63.4
I2853,U286,balanced,P072,classroom_10,synthetic,test,4,4,4,4,4,3,4,4,4,4,cafe,deep_study,mostly_solo,over_4h,afternoon,1,1,1,1,1,0,1,1,0,1,1,classroom,deep_study,solo,2_4h,afternoon,weekday,12.1,clear,indoor,often,3,3,4,3,3,3,4,3,3,3,12,12,16,12,16,12,12,12,4.0,4.6,12,1,57.3
I2854,U286,balanced,P032,study_room_14,synthetic,test,4,4,4,4,4,3,4,4,4,4,cafe,deep_study,mostly_solo,over_4h,afternoon,1,1,1,1,1,0,1,1,0,1,1,study_room,team_project,2,1_2h,afternoon,weekday,19.5,clear,indoor,sometimes,4,4,4,4,4,3,4,5,4,4,16,16,16,16,16,16,16,12,1.0,7.3,15,1,73.5
I2855,U286,balanced,P105,dorm_lounge_09,synthetic,test,4,4,4,4,4,3,4,4,4,4,cafe,deep_study,mostly_solo,over_4h,afternoon,1,1,1,1,1,0,1,1,0,1,1,dorm_lounge,team_project,5_plus,1_2h,late_night,weekday,15.6,clear,indoor,sometimes,3,3,3,2,3,3,4,4,4,3,12,12,12,8,16,16,12,12,1.0,5.8,12,0,51.1
I2856,U286,balanced,P041,cafe_05,synthetic,test,4,4,4,4,4,3,4,4,4,4,cafe,deep_study,mostly_solo,over_4h,afternoon,1,1,1,1,1,0,1,1,0,1,1,cafe,light_reading,solo,1_2h,evening,weekday,9.9,clear,indoor,first_time,2,4,2,3,2,4,4,4,4,3,8,16,8,12,16,16,8,16,1.8,3.7,12,0.5,65.8
I2857,U286,balanced,P056,home_02,synthetic,test,4,4,4,4,4,3,4,4,4,4,cafe,deep_study,mostly_solo,over_4h,afternoon,1,1,1,1,1,0,1,1,0,1,1,home,deep_study,solo,over_4h,afternoon,weekday,6.7,cloudy,indoor,sometimes,4,3,5,4,5,4,5,4,5,5,16,12,20,16,20,20,20,16,4.0,2.5,16,1,73.1
I2858,U286,balanced,P081,computer_lab_07,synthetic,test,4,4,4,4,4,3,4,4,4,4,cafe,deep_study,mostly_solo,over_4h,afternoon,1,1,1,1,1,0,1,1,0,1,1,computer_lab,online_class,2,2_4h,afternoon,weekend,5.4,clear,indoor,rarely,4,4,2,3,3,3,4,4,4,3,16,16,8,12,16,16,12,12,2.6,2.0,12,1,60.5
I2859,U286,balanced,P057,home_03,synthetic,test,4,4,4,4,4,3,4,4,4,4,cafe,deep_study,mostly_solo,over_4h,afternoon,1,1,1,1,1,0,1,1,0,1,1,home,deep_study,solo,1_2h,morning,weekend,3.5,rainy,indoor,sometimes,3,4,4,4,5,4,5,4,5,4,12,16,16,16,20,20,20,16,4.0,1.3,16,0.5,85.6
I2860,U286,balanced,P034,study_room_16,synthetic,test,4,4,4,4,4,3,4,4,4,4,cafe,deep_study,mostly_solo,over_4h,afternoon,1,1,1,1,1,0,1,1,0,1,1,study_room,report_writing,2,over_4h,evening,weekday,6.9,cold,indoor,rarely,4,4,4,4,4,3,4,4,5,3,16,16,16,16,16,20,16,12,3.4,2.6,16,0.5,76.8
I2861,U287,quiet_deepwork,P114,outdoor_06,synthetic,train,4,4,5,4,3,2,4,3,5,5,library,coding,mostly_solo,over_4h,morning,1,1,1,1,0,0,1,0,0,1,1,outdoor,report_writing,solo,2_4h,late_night,weekday,9.8,clear,outdoor,sometimes,3,4,3,3,2,2,1,3,3,3,12,16,15,12,3,12,6,10,4.3,2.4,15,0,62.7
I2862,U287,quiet_deepwork,P062,home_08,synthetic,train,4,4,5,4,3,2,4,3,5,5,library,coding,mostly_solo,over_4h,morning,1,1,1,1,0,0,1,0,0,1,1,home,report_writing,solo,2_4h,morning,weekday,9.4,clear,indoor,rarely,4,3,4,4,4,5,5,4,4,5,16,12,20,16,15,16,12,25,4.3,2.3,20,1,76.6
I2863,U287,quiet_deepwork,P071,classroom_09,synthetic,train,4,4,5,4,3,2,4,3,5,5,library,coding,mostly_solo,over_4h,morning,1,1,1,1,0,0,1,0,0,1,1,classroom,report_writing,solo,over_4h,morning,weekday,8.3,cloudy,indoor,sometimes,3,3,3,3,3,3,3,4,3,4,12,12,15,12,9,12,9,15,4.3,2.1,20,1,68.7
I2864,U287,quiet_deepwork,P065,classroom_03,synthetic,train,4,4,5,4,3,2,4,3,5,5,library,coding,mostly_solo,over_4h,morning,1,1,1,1,0,0,1,0,0,1,1,classroom,deep_study,2,2_4h,evening,weekend,9.2,rainy,indoor,sometimes,4,4,3,3,3,3,4,3,3,3,16,16,15,12,12,12,9,15,5.0,2.3,15,0,69.4
I2865,U287,quiet_deepwork,P059,home_05,synthetic,train,4,4,5,4,3,2,4,3,5,5,library,coding,mostly_solo,over_4h,morning,1,1,1,1,0,0,1,0,0,1,1,home,team_project,5_plus,over_4h,morning,weekend,9.4,cloudy,indoor,first_time,4,5,5,4,5,4,4,3,5,5,16,20,25,16,12,20,15,20,1.3,2.4,9,1,82.9
I2866,U287,quiet_deepwork,P018,library_18,synthetic,train,4,4,5,4,3,2,4,3,5,5,library,coding,mostly_solo,over_4h,morning,1,1,1,1,0,0,1,0,0,1,1,library,deep_study,solo,2_4h,morning,weekday,10.5,clear,indoor,sometimes,5,4,3,4,3,3,4,4,4,3,20,16,15,16,12,16,9,15,5.0,2.6,20,1,67.7
I2867,U287,quiet_deepwork,P036,study_room_18,synthetic,train,4,4,5,4,3,2,4,3,5,5,library,coding,mostly_solo,over_4h,morning,1,1,1,1,0,0,1,0,0,1,1,study_room,coding,solo,1_2h,evening,weekday,10.2,cloudy,indoor,sometimes,5,4,4,4,4,4,5,5,4,4,20,16,20,16,15,16,12,20,4.5,2.5,25,0,80.8
I2868,U287,quiet_deepwork,P108,dorm_lounge_12,synthetic,train,4,4,5,4,3,2,4,3,5,5,library,coding,mostly_solo,over_4h,morning,1,1,1,1,0,0,1,0,0,1,1,dorm_lounge,team_project,3_4,under_1h,afternoon,weekend,3.6,clear,indoor,sometimes,2,4,3,3,3,3,3,4,3,3,8,16,15,12,9,12,9,15,1.3,0.9,12,0.5,65.7
I2869,U287,quiet_deepwork,P022,study_room_04,synthetic,train,4,4,5,4,3,2,4,3,5,5,library,coding,mostly_solo,over_4h,morning,1,1,1,1,0,0,1,0,0,1,1,study_room,report_writing,3_4,over_4h,morning,weekend,9.3,rainy,indoor,rarely,4,5,3,4,5,3,4,4,4,4,16,20,15,16,12,16,15,15,4.3,2.3,20,1,70.3
I2870,U287,quiet_deepwork,P072,classroom_10,synthetic,train,4,4,5,4,3,2,4,3,5,5,library,coding,mostly_solo,over_4h,morning,1,1,1,1,0,0,1,0,0,1,1,classroom,online_class,solo,1_2h,evening,weekday,13.2,cloudy,indoor,sometimes,3,3,4,3,3,3,4,4,3,3,12,12,20,12,12,12,9,15,3.3,3.3,12,0,73.8
I2871,U288,social_collaborative,P073,classroom_11,synthetic,train,4,4,3,4,4,3,2,3,4,3,classroom,report_writing,mostly_group,2_4h,afternoon,1,0,1,0,1,0,1,1,0,1,1,classroom,team_project,3_4,2_4h,late_night,weekday,6.3,cloudy,indoor,rarely,4,5,3,3,4,3,3,4,3,4,16,20,9,12,12,6,12,12,0.8,2.4,12,0,64.7
I2872,U288,social_collaborative,P045,cafe_09,synthetic,train,4,4,3,4,4,3,2,3,4,3,classroom,report_writing,mostly_group,2_4h,afternoon,1,0,1,0,1,0,1,1,0,1,1,cafe,team_project,2,2_4h,early_morning,weekday,14.0,clear,indoor,often,2,3,2,2,3,3,3,4,3,3,8,12,6,8,12,6,9,12,0.8,5.3,12,0,51.4
I2873,U288,social_collaborative,P108,dorm_lounge_12,synthetic,train,4,4,3,4,4,3,2,3,4,3,classroom,report_writing,mostly_group,2_4h,afternoon,1,0,1,0,1,0,1,1,0,1,1,dorm_lounge,team_project,5_plus,1_2h,evening,weekday,5.9,clear,indoor,sometimes,2,4,3,3,3,3,3,3,3,3,8,16,9,12,12,6,9,12,0.8,2.2,9,0.5,60.6
I2874,U288,social_collaborative,P051,cafe_15,synthetic,train,4,4,3,4,4,3,2,3,4,3,classroom,report_writing,mostly_group,2_4h,afternoon,1,0,1,0,1,0,1,1,0,1,1,cafe,meeting,2,1_2h,morning,weekday,12.1,clear,indoor,sometimes,3,4,2,3,3,4,3,4,4,3,12,16,6,12,12,8,9,16,0.6,4.5,12,0.5,59.7
I2875,U288,social_collaborative,P035,study_room_17,synthetic,train,4,4,3,4,4,3,2,3,4,3,classroom,report_writing,mostly_group,2_4h,afternoon,1,0,1,0,1,0,1,1,0,1,1,study_room,team_project,2,2_4h,early_morning,weekend,1.4,clear,indoor,often,4,4,4,4,3,4,5,4,4,3,16,16,12,16,20,8,9,16,0.8,0.5,12,0,75.0
I2876,U288,social_collaborative,P030,study_room_12,synthetic,train,4,4,3,4,4,3,2,3,4,3,classroom,report_writing,mostly_group,2_4h,afternoon,1,0,1,0,1,0,1,1,0,1,1,study_room,coding,3_4,1_2h,morning,weekday,14.3,hot,indoor,often,5,4,3,4,3,3,4,5,4,4,20,16,9,16,16,8,9,12,2.7,5.4,15,0.5,61.2
I2877,U288,social_collaborative,P026,study_room_08,synthetic,train,4,4,3,4,4,3,2,3,4,3,classroom,report_writing,mostly_group,2_4h,afternoon,1,0,1,0,1,0,1,1,0,1,1,study_room,team_project,3_4,under_1h,evening,weekday,14.2,cloudy,indoor,sometimes,4,5,4,4,5,4,4,5,4,3,16,20,12,16,16,8,15,16,0.8,5.3,15,0.5,66.8
I2878,U288,social_collaborative,P108,dorm_lounge_12,synthetic,train,4,4,3,4,4,3,2,3,4,3,classroom,report_writing,mostly_group,2_4h,afternoon,1,0,1,0,1,0,1,1,0,1,1,dorm_lounge,team_project,3_4,over_4h,afternoon,weekend,11.7,cold,indoor,first_time,2,4,3,3,3,3,3,4,3,3,8,16,9,12,12,6,9,12,0.8,4.4,12,1,67.0
I2879,U288,social_collaborative,P055,home_01,synthetic,train,4,4,3,4,4,3,2,3,4,3,classroom,report_writing,mostly_group,2_4h,afternoon,1,0,1,0,1,0,1,1,0,1,1,home,coding,solo,over_4h,evening,weekday,9.1,cloudy,indoor,rarely,4,3,5,4,4,5,5,5,4,5,16,12,15,16,20,8,12,20,2.7,3.4,15,0.5,60.8
I2880,U288,social_collaborative,P038,cafe_02,synthetic,train,4,4,3,4,4,3,2,3,4,3,classroom,report_writing,mostly_group,2_4h,afternoon,1,0,1,0,1,0,1,1,0,1,1,cafe,team_project,2,2_4h,afternoon,weekday,23.1,cloudy,indoor,first_time,2,4,3,2,2,4,3,3,3,3,8,16,9,8,12,6,6,16,0.8,8.6,9,1,49.8
I2881,U289,quiet_deepwork,P028,study_room_10,synthetic,train,5,4,4,4,4,3,4,3,3,4,library,coding,mostly_solo,over_4h,morning,1,1,1,1,1,0,1,1,0,0,1,study_room,deep_study,solo,over_4h,afternoon,weekend,15.3,clear,indoor,first_time,4,4,3,3,4,4,5,5,4,3,20,16,12,12,20,16,12,12,4.0,5.7,20,0.5,74.8
I2882,U289,quiet_deepwork,P113,outdoor_05,synthetic,train,5,4,4,4,4,3,4,3,3,4,library,coding,mostly_solo,over_4h,morning,1,1,1,1,1,0,1,1,0,0,1,outdoor,report_writing,solo,under_1h,afternoon,weekend,18.5,cold,outdoor,often,3,3,4,2,2,3,2,2,3,3,15,12,16,8,8,12,6,9,3.4,6.9,8,0.5,44.1
I2883,U289,quiet_deepwork,P029,study_room_11,synthetic,train,5,4,4,4,4,3,4,3,3,4,library,coding,mostly_solo,over_4h,morning,1,1,1,1,1,0,1,1,0,0,1,study_room,online_class,2,2_4h,afternoon,weekday,6.2,cloudy,indoor,rarely,4,4,3,4,2,4,4,3,4,3,20,16,12,16,16,16,6,12,2.6,2.3,9,0.5,63.2
I2884,U289,quiet_deepwork,P045,cafe_09,synthetic,train,5,4,4,4,4,3,4,3,3,4,library,coding,mostly_solo,over_4h,morning,1,1,1,1,1,0,1,1,0,0,1,cafe,report_writing,solo,2_4h,morning,weekday,11.5,clear,indoor,sometimes,2,3,2,2,3,3,3,4,3,3,10,12,8,8,12,12,9,9,3.4,4.3,16,1,56.1
I2885,U289,quiet_deepwork,P045,cafe_09,synthetic,train,5,4,4,4,4,3,4,3,3,4,library,coding,mostly_solo,over_4h,morning,1,1,1,1,1,0,1,1,0,0,1,cafe,coding,solo,2_4h,morning,weekday,8.8,cold,indoor,rarely,2,3,2,2,3,3,3,3,3,3,10,12,8,8,12,12,9,9,3.6,3.3,12,1,53.8
I2886,U289,quiet_deepwork,P024,study_room_06,synthetic,train,5,4,4,4,4,3,4,3,3,4,library,coding,mostly_solo,over_4h,morning,1,1,1,1,1,0,1,1,0,0,1,study_room,coding,solo,2_4h,afternoon,weekday,6.1,clear,indoor,often,4,4,3,4,3,4,4,3,4,3,20,16,12,16,16,16,9,12,3.6,2.3,12,0.5,61.4
I2887,U289,quiet_deepwork,P004,library_04,synthetic,train,5,4,4,4,4,3,4,3,3,4,library,coding,mostly_solo,over_4h,morning,1,1,1,1,1,0,1,1,0,0,1,library,light_reading,solo,1_2h,morning,weekend,4.2,clear,indoor,sometimes,5,3,3,4,2,4,4,5,3,4,25,12,12,16,16,12,6,12,1.8,1.6,15,1,67.0
I2888,U289,quiet_deepwork,P076,computer_lab_02,synthetic,train,5,4,4,4,4,3,4,3,3,4,library,coding,mostly_solo,over_4h,morning,1,1,1,1,1,0,1,1,0,0,1,computer_lab,deep_study,solo,2_4h,early_morning,weekday,10.9,clear,indoor,rarely,3,5,3,4,4,3,4,3,3,4,15,20,12,16,16,12,12,9,4.0,4.1,12,0.5,68.8
I2889,U289,quiet_deepwork,P008,library_08,synthetic,train,5,4,4,4,4,3,4,3,3,4,library,coding,mostly_solo,over_4h,morning,1,1,1,1,1,0,1,1,0,0,1,library,report_writing,solo,2_4h,morning,weekday,11.9,rainy,indoor,first_time,5,5,4,4,2,3,4,3,4,4,25,20,16,16,16,16,6,9,3.4,4.5,12,1,64.3
I2890,U289,quiet_deepwork,P100,dorm_lounge_04,synthetic,train,5,4,4,4,4,3,4,3,3,4,library,coding,mostly_solo,over_4h,morning,1,1,1,1,1,0,1,1,0,0,1,dorm_lounge,online_class,solo,2_4h,afternoon,weekday,16.1,clear,indoor,sometimes,3,4,2,3,3,4,3,3,4,4,15,16,8,12,12,16,9,12,2.6,6.0,9,0.5,63.1
I2891,U290,convenience_oriented,P011,library_11,synthetic,train,4,3,3,3,4,5,3,2,3,3,home,light_reading,mixed,2_4h,morning,1,0,0,0,1,1,1,1,1,0,0,library,deep_study,3_4,under_1h,late_night,weekday,10.6,rainy,indoor,first_time,5,4,4,4,2,4,4,5,4,3,20,12,12,12,16,12,4,12,3.0,6.6,15,0,60.2
I2892,U290,convenience_oriented,P044,cafe_08,synthetic,train,4,3,3,3,4,5,3,2,3,3,home,light_reading,mixed,2_4h,morning,1,0,0,0,1,1,1,1,1,0,0,cafe,coding,2,2_4h,early_morning,weekend,12.1,clear,indoor,first_time,3,4,3,4,2,4,3,4,4,2,12,12,9,12,12,12,4,12,2.7,7.5,12,0.5,56.7
I2893,U290,convenience_oriented,P027,study_room_09,synthetic,train,4,3,3,3,4,5,3,2,3,3,home,light_reading,mixed,2_4h,morning,1,0,0,0,1,1,1,1,1,0,0,study_room,team_project,3_4,1_2h,morning,weekday,5.3,clear,indoor,sometimes,5,3,3,4,4,3,3,5,3,3,20,9,9,12,12,9,8,9,0.8,3.3,15,1,64.1
I2894,U290,convenience_oriented,P093,coworking_space_09,synthetic,train,4,3,3,3,4,5,3,2,3,3,home,light_reading,mixed,2_4h,morning,1,0,0,0,1,1,1,1,1,0,0,coworking_space,coding,solo,over_4h,evening,weekday,10.2,clear,indoor,often,3,4,2,3,4,4,4,4,4,3,12,12,6,9,16,12,8,12,2.7,6.4,12,0,46.4
I2895,U290,convenience_oriented,P035,study_room_17,synthetic,train,4,3,3,3,4,5,3,2,3,3,home,light_reading,mixed,2_4h,morning,1,0,0,0,1,1,1,1,1,0,0,study_room,report_writing,solo,2_4h,morning,weekday,5.6,cloudy,indoor,rarely,4,4,4,4,3,4,5,5,4,3,16,12,12,12,20,12,6,12,2.6,3.5,15,1,58.4
I2896,U290,convenience_oriented,P010,library_10,synthetic,train,4,3,3,3,4,5,3,2,3,3,home,light_reading,mixed,2_4h,morning,1,0,0,0,1,1,1,1,1,0,0,library,light_reading,solo,2_4h,morning,weekend,2.8,rainy,indoor,often,5,5,4,4,3,4,4,5,4,5,20,15,12,12,16,12,6,12,1.4,1.8,15,1,78.8
I2897,U290,convenience_oriented,P071,classroom_09,synthetic,train,4,3,3,3,4,5,3,2,3,3,home,light_reading,mixed,2_4h,morning,1,0,0,0,1,1,1,1,1,0,0,classroom,deep_study,solo,2_4h,morning,weekend,10.7,cloudy,indoor,rarely,3,3,3,3,3,3,3,3,3,4,12,9,9,9,12,9,6,9,3.0,6.7,9,1,44.8
I2898,U290,convenience_oriented,P038,cafe_02,synthetic,train,4,3,3,3,4,5,3,2,3,3,home,light_reading,mixed,2_4h,morning,1,0,0,0,1,1,1,1,1,0,0,cafe,online_class,solo,over_4h,morning,weekday,23.7,hot,indoor,rarely,2,4,3,2,2,4,3,3,3,3,8,12,9,6,12,9,4,12,2.0,14.8,9,1,46.7
I2899,U290,convenience_oriented,P050,cafe_14,synthetic,train,4,3,3,3,4,5,3,2,3,3,home,light_reading,mixed,2_4h,morning,1,0,0,0,1,1,1,1,1,0,0,cafe,light_reading,solo,1_2h,evening,weekday,15.4,clear,indoor,rarely,3,5,2,3,2,4,3,4,4,3,12,15,6,9,12,12,4,12,1.4,9.6,12,0,48.3
I2900,U290,convenience_oriented,P056,home_02,synthetic,train,4,3,3,3,4,5,3,2,3,3,home,light_reading,mixed,2_4h,morning,1,0,0,0,1,1,1,1,1,0,0,home,coding,solo,over_4h,evening,weekend,13.1,cloudy,indoor,sometimes,4,3,5,4,5,4,5,4,5,5,16,9,15,12,20,15,10,12,2.7,8.2,12,0,65.5
I2901,U291,quiet_deepwork,P075,computer_lab_01,synthetic,train,5,3,4,4,4,3,3,3,2,5,library,deep_study,mostly_solo,2_4h,early_morning,1,1,1,0,1,0,1,1,0,0,1,computer_lab,coding,solo,2_4h,evening,weekend,7.3,rainy,indoor,sometimes,3,3,3,4,3,4,5,5,3,3,15,9,12,16,20,9,9,8,4.5,2.7,25,0,57.0
I2902,U291,quiet_deepwork,P043,cafe_07,synthetic,train,5,3,4,4,4,3,3,3,2,5,library,deep_study,mostly_solo,2_4h,early_morning,1,1,1,0,1,0,1,1,0,0,1,cafe,team_project,3_4,1_2h,morning,weekday,6.9,rainy,indoor,sometimes,2,5,3,3,2,4,3,3,3,3,10,15,12,12,12,9,6,8,1.3,2.6,9,0.5,57.6
I2903,U291,quiet_deepwork,P009,library_09,synthetic,train,5,3,4,4,4,3,3,3,2,5,library,deep_study,mostly_solo,2_4h,early_morning,1,1,1,0,1,0,1,1,0,0,1,library,deep_study,solo,1_2h,morning,weekend,10.1,cloudy,indoor,sometimes,4,4,3,4,2,4,4,5,4,4,20,12,12,16,16,12,6,8,5.0,3.8,25,0.5,81.2
I2904,U291,quiet_deepwork,P015,library_15,synthetic,train,5,3,4,4,4,3,3,3,2,5,library,deep_study,mostly_solo,2_4h,early_morning,1,1,1,0,1,0,1,1,0,0,1,library,online_class,solo,1_2h,morning,weekend,10.5,cold,indoor,sometimes,4,4,4,5,2,4,3,3,4,4,20,12,16,20,12,12,6,8,3.3,3.9,9,0.5,56.0
I2905,U291,quiet_deepwork,P012,library_12,synthetic,train,5,3,4,4,4,3,3,3,2,5,library,deep_study,mostly_solo,2_4h,early_morning,1,1,1,0,1,0,1,1,0,0,1,library,report_writing,solo,over_4h,early_morning,weekday,2.8,clear,indoor,sometimes,5,4,4,4,3,3,3,4,5,4,25,12,16,16,12,15,9,6,4.3,1.0,20,1,83.5
I2906,U291,quiet_deepwork,P003,library_03,synthetic,train,5,3,4,4,4,3,3,3,2,5,library,deep_study,mostly_solo,2_4h,early_morning,1,1,1,0,1,0,1,1,0,0,1,library,report_writing,solo,over_4h,afternoon,weekday,3.9,clear,indoor,first_time,5,3,4,5,3,3,4,5,4,4,25,9,16,20,16,12,9,6,4.3,1.5,25,0,72.1
I2907,U291,quiet_deepwork,P021,study_room_03,synthetic,train,5,3,4,4,4,3,3,3,2,5,library,deep_study,mostly_solo,2_4h,early_morning,1,1,1,0,1,0,1,1,0,0,1,study_room,deep_study,solo,2_4h,afternoon,weekend,16.0,cloudy,indoor,sometimes,5,4,4,4,3,4,4,4,4,2,25,12,16,16,16,12,9,8,5.0,6.0,20,0,71.9
I2908,U291,quiet_deepwork,P036,study_room_18,synthetic,train,5,3,4,4,4,3,3,3,2,5,library,deep_study,mostly_solo,2_4h,early_morning,1,1,1,0,1,0,1,1,0,0,1,study_room,coding,solo,1_2h,evening,weekday,12.4,clear,indoor,first_time,5,4,4,4,4,4,5,4,4,4,25,12,16,16,20,12,12,8,4.5,4.7,20,0,71.5
I2909,U291,quiet_deepwork,P098,dorm_lounge_02,synthetic,train,5,3,4,4,4,3,3,3,2,5,library,deep_study,mostly_solo,2_4h,early_morning,1,1,1,0,1,0,1,1,0,0,1,dorm_lounge,coding,solo,2_4h,morning,weekend,14.4,clear,indoor,often,3,4,3,2,3,4,4,4,4,3,15,12,12,8,16,12,9,8,4.5,5.4,20,0.5,71.7
I2910,U291,quiet_deepwork,P012,library_12,synthetic,train,5,3,4,4,4,3,3,3,2,5,library,deep_study,mostly_solo,2_4h,early_morning,1,1,1,0,1,0,1,1,0,0,1,library,deep_study,solo,2_4h,afternoon,weekday,3.7,clear,indoor,first_time,5,4,4,4,3,3,3,5,5,4,25,12,16,16,12,15,9,6,5.0,1.4,25,0,67.3
I2911,U292,quiet_deepwork,P036,study_room_18,synthetic,test,5,3,4,5,4,3,3,3,4,5,home,coding,mostly_solo,over_4h,early_morning,1,1,1,0,1,0,1,1,0,1,1,study_room,coding,solo,2_4h,afternoon,weekday,13.4,clear,indoor,often,5,4,4,4,4,4,5,4,4,4,25,12,16,20,20,12,12,16,4.5,5.0,20,0,88.8
I2912,U292,quiet_deepwork,P006,library_06,synthetic,test,5,3,4,5,4,3,3,3,4,5,home,coding,mostly_solo,over_4h,early_morning,1,1,1,0,1,0,1,1,0,1,1,library,online_class,solo,2_4h,morning,weekend,11.7,cloudy,indoor,rarely,4,4,4,5,2,3,4,3,5,4,20,12,16,25,16,15,6,12,3.3,4.4,9,0.5,53.0
I2913,U292,quiet_deepwork,P059,home_05,synthetic,test,5,3,4,5,4,3,3,3,4,5,home,coding,mostly_solo,over_4h,early_morning,1,1,1,0,1,0,1,1,0,1,1,home,coding,solo,2_4h,evening,weekend,18.4,clear,indoor,often,4,5,5,4,5,4,4,5,5,5,20,15,20,20,16,15,15,16,4.5,6.9,25,0,80.6
I2914,U292,quiet_deepwork,P084,computer_lab_10,synthetic,test,5,3,4,5,4,3,3,3,4,5,home,coding,mostly_solo,over_4h,early_morning,1,1,1,0,1,0,1,1,0,1,1,computer_lab,meeting,3_4,over_4h,afternoon,weekday,10.1,cloudy,indoor,sometimes,4,4,3,4,3,3,4,3,3,2,20,12,12,20,16,9,9,12,1.0,3.8,9,0,67.6
I2915,U292,quiet_deepwork,P039,cafe_03,synthetic,test,5,3,4,5,4,3,3,3,4,5,home,coding,mostly_solo,over_4h,early_morning,1,1,1,0,1,0,1,1,0,1,1,cafe,coding,solo,2_4h,evening,weekday,5.6,cold,indoor,rarely,3,4,2,3,2,4,3,3,4,4,15,12,8,15,12,12,6,16,4.5,2.1,15,0,67.3
I2916,U292,quiet_deepwork,P006,library_06,synthetic,test,5,3,4,5,4,3,3,3,4,5,home,coding,mostly_solo,over_4h,early_morning,1,1,1,0,1,0,1,1,0,1,1,library,light_reading,solo,1_2h,morning,weekend,11.3,cloudy,indoor,sometimes,4,4,4,5,2,3,4,5,5,4,20,12,16,25,16,15,6,12,2.3,4.2,15,0.5,67.6
I2917,U292,quiet_deepwork,P026,study_room_08,synthetic,test,5,3,4,5,4,3,3,3,4,5,home,coding,mostly_solo,over_4h,early_morning,1,1,1,0,1,0,1,1,0,1,1,study_room,coding,2,1_2h,morning,weekday,17.7,clear,indoor,rarely,4,5,4,4,5,4,4,5,4,3,20,15,16,20,16,12,15,16,4.5,6.7,25,0.5,87.3
I2918,U292,quiet_deepwork,P115,outdoor_07,synthetic,test,5,3,4,5,4,3,3,3,4,5,home,coding,mostly_solo,over_4h,early_morning,1,1,1,0,1,0,1,1,0,1,1,outdoor,light_reading,solo,1_2h,early_morning,weekend,14.7,cloudy,outdoor,sometimes,3,4,3,3,1,3,1,4,2,3,15,12,12,15,4,6,3,12,2.3,5.5,12,1,55.1
I2919,U292,quiet_deepwork,P009,library_09,synthetic,test,5,3,4,5,4,3,3,3,4,5,home,coding,mostly_solo,over_4h,early_morning,1,1,1,0,1,0,1,1,0,1,1,library,coding,2,1_2h,afternoon,weekday,5.7,hot,indoor,sometimes,4,4,3,4,2,4,4,3,4,4,20,12,12,20,16,12,6,16,4.5,2.1,15,0,77.9
I2920,U292,quiet_deepwork,P049,cafe_13,synthetic,test,5,3,4,5,4,3,3,3,4,5,home,coding,mostly_solo,over_4h,early_morning,1,1,1,0,1,0,1,1,0,1,1,cafe,deep_study,solo,1_2h,early_morning,weekday,8.6,rainy,indoor,sometimes,3,4,2,3,3,3,2,3,4,2,15,12,8,15,8,12,9,12,5.0,3.2,15,1,63.5
I2921,U293,comfort_oriented,P024,study_room_06,synthetic,train,4,4,4,4,4,3,5,5,5,4,study_room,deep_study,mostly_solo,1_2h,evening,1,1,1,1,1,0,1,1,0,1,1,study_room,report_writing,solo,over_4h,evening,weekend,3.5,cloudy,indoor,often,4,4,3,4,3,4,4,4,4,3,16,16,12,16,16,20,15,20,3.4,1.3,16,1,68.8
I2922,U293,comfort_oriented,P008,library_08,synthetic,train,4,4,4,4,4,3,5,5,5,4,study_room,deep_study,mostly_solo,1_2h,evening,1,1,1,1,1,0,1,1,0,1,1,library,light_reading,solo,1_2h,evening,weekend,10.7,cold,indoor,often,5,5,4,4,2,3,4,4,4,4,20,20,16,16,16,20,10,15,1.8,4.0,12,1,73.6
I2923,U293,comfort_oriented,P098,dorm_lounge_02,synthetic,train,4,4,4,4,4,3,5,5,5,4,study_room,deep_study,mostly_solo,1_2h,evening,1,1,1,1,1,0,1,1,0,1,1,dorm_lounge,report_writing,solo,1_2h,late_night,weekend,20.2,clear,indoor,often,3,4,3,2,3,4,4,3,4,3,12,16,12,8,16,20,15,20,3.4,7.6,12,0.5,71.0
I2924,U293,comfort_oriented,P107,dorm_lounge_11,synthetic,train,4,4,4,4,4,3,5,5,5,4,study_room,deep_study,mostly_solo,1_2h,evening,1,1,1,1,1,0,1,1,0,1,1,dorm_lounge,coding,solo,1_2h,evening,weekday,22.4,clear,indoor,often,3,4,3,3,3,4,3,4,3,3,12,16,12,12,12,15,15,20,3.6,8.4,16,1,61.6
I2925,U293,comfort_oriented,P085,coworking_space_01,synthetic,train,4,4,4,4,4,3,5,5,5,4,study_room,deep_study,mostly_solo,1_2h,evening,1,1,1,1,1,0,1,1,0,1,1,coworking_space,report_writing,solo,over_4h,morning,weekday,6.9,clear,indoor,first_time,3,5,2,3,4,3,4,3,4,3,12,20,8,12,16,20,20,15,3.4,2.6,12,0,60.3
I2926,U293,comfort_oriented,P003,library_03,synthetic,train,4,4,4,4,4,3,5,5,5,4,study_room,deep_study,mostly_solo,1_2h,evening,1,1,1,1,1,0,1,1,0,1,1,library,online_class,solo,1_2h,evening,weekend,8.8,clear,indoor,rarely,5,3,4,5,3,3,4,4,4,4,20,12,16,20,16,20,15,15,2.6,3.3,12,1,64.1
I2927,U293,comfort_oriented,P040,cafe_04,synthetic,train,4,4,4,4,4,3,5,5,5,4,study_room,deep_study,mostly_solo,1_2h,evening,1,1,1,1,1,0,1,1,0,1,1,cafe,light_reading,solo,1_2h,morning,weekday,9.8,hot,indoor,often,3,4,2,3,3,4,3,4,4,3,12,16,8,12,12,20,15,20,1.8,3.7,12,0,69.9
I2928,U293,comfort_oriented,P099,dorm_lounge_03,synthetic,train,4,4,4,4,4,3,5,5,5,4,study_room,deep_study,mostly_solo,1_2h,evening,1,1,1,1,1,0,1,1,0,1,1,dorm_lounge,coding,solo,over_4h,evening,weekday,10.5,clear,indoor,rarely,4,4,3,3,3,3,4,3,3,3,16,16,12,12,16,15,15,15,3.6,3.9,12,1,56.1
I2929,U293,comfort_oriented,P066,classroom_04,synthetic,train,4,4,4,4,4,3,5,5,5,4,study_room,deep_study,mostly_solo,1_2h,evening,1,1,1,1,1,0,1,1,0,1,1,classroom,coding,solo,2_4h,evening,weekday,9.0,clear,indoor,often,3,4,4,3,3,3,4,3,3,4,12,16,16,12,16,15,15,15,3.6,3.4,12,1,70.2
I2930,U293,comfort_oriented,P031,study_room_13,synthetic,train,4,4,4,4,4,3,5,5,5,4,study_room,deep_study,mostly_solo,1_2h,evening,1,1,1,1,1,0,1,1,0,1,1,study_room,deep_study,solo,over_4h,evening,weekday,6.0,hot,indoor,often,5,4,4,4,4,4,4,5,5,4,20,16,16,16,16,25,20,20,4.0,2.2,20,1,82.4
I2931,U294,convenience_oriented,P071,classroom_09,synthetic,train,4,2,3,3,5,5,4,4,4,3,library,online_class,mixed,1_2h,morning,1,0,0,1,1,1,1,1,1,1,0,classroom,coding,solo,2_4h,evening,weekday,10.6,rainy,indoor,first_time,3,3,3,3,3,3,3,4,3,4,12,6,9,9,15,12,12,12,2.7,6.6,12,0,63.8
I2932,U294,convenience_oriented,P002,library_02,synthetic,train,4,2,3,3,5,5,4,4,4,3,library,online_class,mixed,1_2h,morning,1,0,0,1,1,1,1,1,1,1,0,library,report_writing,5_plus,1_2h,afternoon,weekend,5.6,clear,indoor,sometimes,5,5,4,4,2,3,4,4,4,4,20,10,12,12,20,16,8,12,2.6,3.5,12,0.5,69.6
I2933,U294,convenience_oriented,P016,library_16,synthetic,train,4,2,3,3,5,5,4,4,4,3,library,online_class,mixed,1_2h,morning,1,0,0,1,1,1,1,1,1,1,0,library,online_class,3_4,under_1h,morning,weekend,5.5,rainy,indoor,sometimes,5,4,3,5,3,4,3,3,4,4,20,8,9,15,15,16,12,16,2.0,3.4,9,1,64.4
I2934,U294,convenience_oriented,P031,study_room_13,synthetic,train,4,2,3,3,5,5,4,4,4,3,library,online_class,mixed,1_2h,morning,1,0,0,1,1,1,1,1,1,1,0,study_room,light_reading,2,under_1h,morning,weekday,1.7,cloudy,indoor,often,5,4,4,4,4,4,4,4,5,4,20,8,12,12,20,20,16,16,1.4,1.0,12,1,71.4
I2935,U294,convenience_oriented,P047,cafe_11,synthetic,train,4,2,3,3,5,5,4,4,4,3,library,online_class,mixed,1_2h,morning,1,0,0,1,1,1,1,1,1,1,0,cafe,report_writing,solo,under_1h,late_night,weekday,6.9,clear,indoor,sometimes,3,4,3,3,2,4,3,4,4,3,12,8,9,9,15,16,8,16,2.6,4.3,12,0,51.2
I2936,U294,convenience_oriented,P002,library_02,synthetic,train,4,2,3,3,5,5,4,4,4,3,library,online_class,mixed,1_2h,morning,1,0,0,1,1,1,1,1,1,1,0,library,coding,solo,2_4h,afternoon,weekend,9.9,clear,indoor,often,5,5,4,4,2,3,4,4,4,4,20,10,12,12,20,16,8,12,2.7,6.2,12,0.5,70.9
I2937,U294,convenience_oriented,P108,dorm_lounge_12,synthetic,train,4,2,3,3,5,5,4,4,4,3,library,online_class,mixed,1_2h,morning,1,0,0,1,1,1,1,1,1,1,0,dorm_lounge,coding,solo,1_2h,late_night,weekend,8.3,cloudy,indoor,often,2,4,3,3,3,3,3,3,3,3,8,8,9,9,15,12,12,12,2.7,5.2,9,0,48.5
I2938,U294,convenience_oriented,P031,study_room_13,synthetic,train,4,2,3,3,5,5,4,4,4,3,library,online_class,mixed,1_2h,morning,1,0,0,1,1,1,1,1,1,1,0,study_room,team_project,3_4,1_2h,late_night,weekday,1.0,cold,indoor,rarely,5,4,4,4,4,4,4,5,5,4,20,8,12,12,20,20,16,16,0.8,0.6,15,0,80.6
I2939,U294,convenience_oriented,P107,dorm_lounge_11,synthetic,train,4,2,3,3,5,5,4,4,4,3,library,online_class,mixed,1_2h,morning,1,0,0,1,1,1,1,1,1,1,0,dorm_lounge,online_class,solo,1_2h,morning,weekday,30.2,rainy,indoor,rarely,3,4,3,3,3,4,3,4,3,3,12,8,9,9,15,12,12,16,2.0,18.9,12,1,47.6
I2940,U294,convenience_oriented,P010,library_10,synthetic,train,4,2,3,3,5,5,4,4,4,3,library,online_class,mixed,1_2h,morning,1,0,0,1,1,1,1,1,1,1,0,library,report_writing,solo,1_2h,late_night,weekday,8.0,hot,indoor,sometimes,5,5,4,4,3,4,4,4,4,5,20,10,12,12,20,16,12,16,2.6,5.0,12,0,64.3
I2941,U295,convenience_oriented,P062,home_08,synthetic,train,3,3,2,4,5,5,4,3,4,3,library,coding,mixed,1_2h,morning,0,0,1,1,1,1,0,1,1,1,1,home,online_class,solo,under_1h,afternoon,weekend,9.6,clear,indoor,often,4,3,4,4,4,5,5,5,4,5,12,9,8,16,25,16,12,20,2.0,6.0,15,0.5,63.3
I2942,U295,convenience_oriented,P076,computer_lab_02,synthetic,train,3,3,2,4,5,5,4,3,4,3,library,coding,mixed,1_2h,morning,0,0,1,1,1,1,0,1,1,1,1,computer_lab,light_reading,solo,1_2h,morning,weekday,12.9,cloudy,indoor,sometimes,3,5,3,4,4,3,4,3,3,4,9,15,6,16,20,12,12,12,1.4,8.1,9,1,62.6
I2943,U295,convenience_oriented,P015,library_15,synthetic,train,3,3,2,4,5,5,4,3,4,3,library,coding,mixed,1_2h,morning,0,0,1,1,1,1,0,1,1,1,1,library,online_class,solo,1_2h,evening,weekend,12.7,cloudy,indoor,often,4,4,4,5,2,4,3,4,4,4,12,12,8,20,15,16,6,16,2.0,7.9,12,0,67.7
I2944,U295,convenience_oriented,P076,computer_lab_02,synthetic,train,3,3,2,4,5,5,4,3,4,3,library,coding,mixed,1_2h,morning,0,0,1,1,1,1,0,1,1,1,1,computer_lab,team_project,5_plus,over_4h,morning,weekend,16.5,cloudy,indoor,sometimes,3,5,3,4,4,3,4,3,3,4,9,15,6,16,20,12,12,12,0.8,10.3,9,1,57.6
I2945,U295,convenience_oriented,P041,cafe_05,synthetic,train,3,3,2,4,5,5,4,3,4,3,library,coding,mixed,1_2h,morning,0,0,1,1,1,1,0,1,1,1,1,cafe,report_writing,solo,2_4h,afternoon,weekday,5.8,cloudy,indoor,sometimes,2,4,2,3,2,4,4,4,4,3,6,12,4,12,20,16,6,16,2.6,3.6,12,0.5,54.0
I2946,U295,convenience_oriented,P025,study_room_07,synthetic,train,3,3,2,4,5,5,4,3,4,3,library,coding,mixed,1_2h,morning,0,0,1,1,1,1,0,1,1,1,1,study_room,online_class,solo,1_2h,morning,weekday,2.7,clear,indoor,often,4,4,3,4,4,4,4,4,4,3,12,12,6,16,20,16,12,16,2.0,1.7,12,1,70.8
I2947,U295,convenience_oriented,P063,classroom_01,synthetic,train,3,3,2,4,5,5,4,3,4,3,library,coding,mixed,1_2h,morning,0,0,1,1,1,1,0,1,1,1,1,classroom,online_class,solo,1_2h,morning,weekend,13.8,clear,indoor,sometimes,3,4,3,3,2,3,3,4,3,3,9,12,6,12,15,12,6,12,2.0,8.6,12,1,53.1
I2948,U295,convenience_oriented,P029,study_room_11,synthetic,train,3,3,2,4,5,5,4,3,4,3,library,coding,mixed,1_2h,morning,0,0,1,1,1,1,0,1,1,1,1,study_room,online_class,solo,under_1h,evening,weekday,7.4,rainy,indoor,sometimes,4,4,3,4,2,4,4,4,4,3,12,12,6,16,20,16,6,16,2.0,4.6,12,0,68.9
I2949,U295,convenience_oriented,P011,library_11,synthetic,train,3,3,2,4,5,5,4,3,4,3,library,coding,mixed,1_2h,morning,0,0,1,1,1,1,0,1,1,1,1,library,online_class,solo,under_1h,morning,weekday,8.4,clear,indoor,often,5,4,4,4,2,4,4,3,4,3,15,12,8,16,20,16,6,16,2.0,5.3,9,1,59.4
I2950,U295,convenience_oriented,P114,outdoor_06,synthetic,train,3,3,2,4,5,5,4,3,4,3,library,coding,mixed,1_2h,morning,0,0,1,1,1,1,0,1,1,1,1,outdoor,online_class,2,1_2h,morning,weekday,16.3,clear,outdoor,sometimes,3,4,3,3,2,2,1,1,3,3,9,12,6,12,5,12,6,8,2.0,10.2,3,1,40.3
I2951,U296,comfort_oriented,P039,cafe_03,synthetic,train,4,4,4,3,4,3,4,4,4,4,study_room,report_writing,mostly_solo,1_2h,afternoon,1,1,0,1,1,0,1,1,0,1,0,cafe,deep_study,solo,2_4h,afternoon,weekday,8.3,cloudy,indoor,first_time,3,4,2,3,2,4,3,3,4,4,12,16,8,9,12,16,8,16,4.0,3.1,12,1,45.1
I2952,U296,comfort_oriented,P031,study_room_13,synthetic,train,4,4,4,3,4,3,4,4,4,4,study_room,report_writing,mostly_solo,1_2h,afternoon,1,1,0,1,1,0,1,1,0,1,0,study_room,online_class,solo,under_1h,afternoon,weekday,3.8,hot,indoor,rarely,5,4,4,4,4,4,4,4,5,4,20,16,16,12,16,20,16,16,2.6,1.4,12,1,73.3
I2953,U296,comfort_oriented,P059,home_05,synthetic,train,4,4,4,3,4,3,4,4,4,4,study_room,report_writing,mostly_solo,1_2h,afternoon,1,1,0,1,1,0,1,1,0,1,0,home,report_writing,2,1_2h,afternoon,weekend,14.8,rainy,indoor,sometimes,4,5,5,4,5,4,4,5,5,5,16,20,20,12,16,20,20,16,3.4,5.6,20,1,79.0
I2954,U296,comfort_oriented,P113,outdoor_05,synthetic,train,4,4,4,3,4,3,4,4,4,4,study_room,report_writing,mostly_solo,1_2h,afternoon,1,1,0,1,1,0,1,1,0,1,0,outdoor,deep_study,2,2_4h,morning,weekday,21.9,cloudy,outdoor,sometimes,3,3,4,2,2,3,2,2,3,3,12,12,16,6,8,12,8,12,4.0,8.2,8,0.5,59.2
I2955,U296,comfort_oriented,P096,coworking_space_12,synthetic,train,4,4,4,3,4,3,4,4,4,4,study_room,report_writing,mostly_solo,1_2h,afternoon,1,1,0,1,1,0,1,1,0,1,0,coworking_space,team_project,3_4,2_4h,morning,weekday,16.4,cloudy,indoor,sometimes,3,3,4,3,3,5,5,5,4,3,12,12,16,9,20,16,12,20,1.0,6.2,15,0.5,68.0
I2956,U296,comfort_oriented,P027,study_room_09,synthetic,train,4,4,4,3,4,3,4,4,4,4,study_room,report_writing,mostly_solo,1_2h,afternoon,1,1,0,1,1,0,1,1,0,1,0,study_room,deep_study,solo,2_4h,evening,weekend,9.7,rainy,indoor,often,5,3,3,4,4,3,3,4,3,3,20,12,12,12,12,12,16,12,4.0,3.7,16,0.5,70.3
I2957,U296,comfort_oriented,P031,study_room_13,synthetic,train,4,4,4,3,4,3,4,4,4,4,study_room,report_writing,mostly_solo,1_2h,afternoon,1,1,0,1,1,0,1,1,0,1,0,study_room,online_class,solo,1_2h,evening,weekday,1.0,clear,indoor,rarely,5,4,4,4,4,4,4,4,5,4,20,16,16,12,16,20,16,16,2.6,0.4,12,0.5,76.7
I2958,U296,comfort_oriented,P026,study_room_08,synthetic,train,4,4,4,3,4,3,4,4,4,4,study_room,report_writing,mostly_solo,1_2h,afternoon,1,1,0,1,1,0,1,1,0,1,0,study_room,light_reading,solo,under_1h,afternoon,weekday,18.3,cloudy,indoor,often,4,5,4,4,5,4,4,3,4,3,16,20,16,12,16,16,20,16,1.8,6.9,9,1,64.8
I2959,U296,comfort_oriented,P078,computer_lab_04,synthetic,train,4,4,4,3,4,3,4,4,4,4,study_room,report_writing,mostly_solo,1_2h,afternoon,1,1,0,1,1,0,1,1,0,1,0,computer_lab,report_writing,2,over_4h,morning,weekday,6.0,cloudy,indoor,first_time,4,4,4,4,3,3,5,4,4,3,16,16,16,12,20,16,12,12,3.4,2.2,16,0.5,58.2
I2960,U296,comfort_oriented,P055,home_01,synthetic,train,4,4,4,3,4,3,4,4,4,4,study_room,report_writing,mostly_solo,1_2h,afternoon,1,1,0,1,1,0,1,1,0,1,0,home,online_class,solo,2_4h,evening,weekday,14.9,clear,indoor,first_time,4,3,5,4,4,5,5,4,4,5,16,12,20,12,20,16,16,20,2.6,5.6,12,0.5,64.8
I2961,U297,balanced,P021,study_room_03,synthetic,valid,3,3,4,4,4,4,4,4,3,5,cafe,report_writing,mostly_solo,2_4h,evening,0,1,1,1,1,1,0,1,1,0,1,study_room,team_project,3_4,2_4h,morning,weekend,15.7,rainy,indoor,sometimes,5,4,4,4,3,4,4,5,4,2,15,12,16,16,16,16,12,12,1.3,7.9,15,0,71.6
I2962,U297,balanced,P007,library_07,synthetic,valid,3,3,4,4,4,4,4,4,3,5,cafe,report_writing,mostly_solo,2_4h,evening,0,1,1,1,1,1,0,1,1,0,1,library,light_reading,solo,1_2h,evening,weekday,5.9,cloudy,indoor,often,5,4,3,4,3,3,4,5,4,4,15,12,12,16,16,16,12,9,2.3,2.9,15,1,74.4
I2963,U297,balanced,P027,study_room_09,synthetic,valid,3,3,4,4,4,4,4,4,3,5,cafe,report_writing,mostly_solo,2_4h,evening,0,1,1,1,1,1,0,1,1,0,1,study_room,deep_study,2,under_1h,morning,weekend,7.2,clear,indoor,sometimes,5,3,3,4,4,3,3,4,3,3,15,9,12,16,12,12,16,9,5.0,3.6,20,0,63.0
I2964,U297,balanced,P066,classroom_04,synthetic,valid,3,3,4,4,4,4,4,4,3,5,cafe,report_writing,mostly_solo,2_4h,evening,0,1,1,1,1,1,0,1,1,0,1,classroom,deep_study,solo,over_4h,evening,weekday,7.0,clear,indoor,often,3,4,4,3,3,3,4,3,3,4,9,12,16,12,16,12,12,9,5.0,3.5,15,1,54.2
I2965,U297,balanced,P040,cafe_04,synthetic,valid,3,3,4,4,4,4,4,4,3,5,cafe,report_writing,mostly_solo,2_4h,evening,0,1,1,1,1,1,0,1,1,0,1,cafe,report_writing,2,2_4h,morning,weekday,3.4,clear,indoor,often,3,4,2,3,3,4,3,4,4,3,9,12,8,12,12,16,12,12,4.3,1.7,20,0,58.3
I2966,U297,balanced,P063,classroom_01,synthetic,valid,3,3,4,4,4,4,4,4,3,5,cafe,report_writing,mostly_solo,2_4h,evening,0,1,1,1,1,1,0,1,1,0,1,classroom,meeting,3_4,1_2h,evening,weekday,12.7,clear,indoor,sometimes,3,4,3,3,2,3,3,4,3,3,9,12,12,12,12,12,8,9,1.0,6.3,12,1,54.7
I2967,U297,balanced,P070,classroom_08,synthetic,valid,3,3,4,4,4,4,4,4,3,5,cafe,report_writing,mostly_solo,2_4h,evening,0,1,1,1,1,1,0,1,1,0,1,classroom,report_writing,solo,1_2h,afternoon,weekday,13.0,clear,indoor,sometimes,3,4,3,2,3,2,3,3,2,3,9,12,12,8,12,8,12,6,4.3,6.5,15,0.5,52.6
I2968,U297,balanced,P105,dorm_lounge_09,synthetic,valid,3,3,4,4,4,4,4,4,3,5,cafe,report_writing,mostly_solo,2_4h,evening,0,1,1,1,1,1,0,1,1,0,1,dorm_lounge,team_project,2,1_2h,late_night,weekday,15.4,cloudy,indoor,sometimes,3,3,3,2,3,3,4,4,4,3,9,9,12,8,16,16,12,9,1.3,7.7,12,0.5,66.0
I2969,U297,balanced,P076,computer_lab_02,synthetic,valid,3,3,4,4,4,4,4,4,3,5,cafe,report_writing,mostly_solo,2_4h,evening,0,1,1,1,1,1,0,1,1,0,1,computer_lab,deep_study,solo,over_4h,morning,weekend,15.4,cloudy,indoor,rarely,3,5,3,4,4,3,4,4,3,4,9,15,12,16,16,12,16,9,5.0,7.7,20,0,58.3
I2970,U297,balanced,P082,computer_lab_08,synthetic,valid,3,3,4,4,4,4,4,4,3,5,cafe,report_writing,mostly_solo,2_4h,evening,0,1,1,1,1,1,0,1,1,0,1,computer_lab,deep_study,solo,2_4h,afternoon,weekday,1.0,clear,indoor,first_time,3,4,4,4,3,3,5,4,3,3,9,12,16,16,20,12,12,9,5.0,0.5,20,0.5,62.9
I2971,U298,convenience_oriented,P007,library_07,synthetic,valid,4,5,3,2,4,5,4,3,4,3,library,online_class,mixed,2_4h,evening,1,0,0,1,1,1,1,1,1,1,0,library,report_writing,solo,2_4h,morning,weekend,10.3,rainy,indoor,sometimes,5,4,3,4,3,3,4,5,4,4,20,20,9,8,16,16,9,12,2.6,6.4,15,0,61.8
I2972,U298,convenience_oriented,P104,dorm_lounge_08,synthetic,valid,4,5,3,2,4,5,4,3,4,3,library,online_class,mixed,2_4h,evening,1,0,0,1,1,1,1,1,1,1,0,dorm_lounge,report_writing,solo,2_4h,afternoon,weekday,17.3,hot,indoor,rarely,3,4,3,3,4,4,4,3,4,3,12,20,9,6,16,16,12,16,2.6,10.8,9,0.5,51.9
I2973,U298,convenience_oriented,P004,library_04,synthetic,valid,4,5,3,2,4,5,4,3,4,3,library,online_class,mixed,2_4h,evening,1,0,0,1,1,1,1,1,1,1,0,library,team_project,2,1_2h,late_night,weekend,1.0,cold,indoor,sometimes,5,3,3,4,2,4,4,3,3,4,20,15,9,8,16,12,6,16,0.8,0.6,9,0.5,52.5
I2974,U298,convenience_oriented,P070,classroom_08,synthetic,valid,4,5,3,2,4,5,4,3,4,3,library,online_class,mixed,2_4h,evening,1,0,0,1,1,1,1,1,1,1,0,classroom,coding,2,1_2h,evening,weekday,13.5,cloudy,indoor,sometimes,3,4,3,2,3,2,3,4,2,3,12,20,9,4,12,8,9,8,2.7,8.4,12,1,56.9
I2975,U298,convenience_oriented,P021,study_room_03,synthetic,valid,4,5,3,2,4,5,4,3,4,3,library,online_class,mixed,2_4h,evening,1,0,0,1,1,1,1,1,1,1,0,study_room,report_writing,2,2_4h,afternoon,weekday,15.1,clear,indoor,often,5,4,4,4,3,4,4,4,4,2,20,20,12,8,16,16,9,16,2.6,9.5,12,0.5,43.5
I2976,U298,convenience_oriented,P016,library_16,synthetic,valid,4,5,3,2,4,5,4,3,4,3,library,online_class,mixed,2_4h,evening,1,0,0,1,1,1,1,1,1,1,0,library,coding,solo,over_4h,morning,weekday,10.8,clear,indoor,sometimes,5,4,3,5,3,4,3,4,4,4,20,20,9,10,12,16,9,16,2.7,6.8,12,0,65.2
I2977,U298,convenience_oriented,P062,home_08,synthetic,valid,4,5,3,2,4,5,4,3,4,3,library,online_class,mixed,2_4h,evening,1,0,0,1,1,1,1,1,1,1,0,home,coding,solo,over_4h,evening,weekend,8.3,cloudy,indoor,first_time,4,3,4,4,4,5,5,4,4,5,16,15,12,8,20,16,12,20,2.7,5.2,12,1,71.4
I2978,U298,convenience_oriented,P091,coworking_space_07,synthetic,valid,4,5,3,2,4,5,4,3,4,3,library,online_class,mixed,2_4h,evening,1,0,0,1,1,1,1,1,1,1,0,coworking_space,deep_study,solo,over_4h,late_night,weekday,14.9,rainy,indoor,often,4,4,4,3,4,5,4,4,3,4,16,20,12,6,16,12,12,20,3.0,9.3,12,0.5,62.8
I2979,U298,convenience_oriented,P041,cafe_05,synthetic,valid,4,5,3,2,4,5,4,3,4,3,library,online_class,mixed,2_4h,evening,1,0,0,1,1,1,1,1,1,1,0,cafe,light_reading,solo,1_2h,morning,weekday,6.9,hot,indoor,often,2,4,2,3,2,4,4,3,4,3,8,20,6,6,16,16,6,16,1.4,4.3,9,0,54.8
I2980,U298,convenience_oriented,P031,study_room_13,synthetic,valid,4,5,3,2,4,5,4,3,4,3,library,online_class,mixed,2_4h,evening,1,0,0,1,1,1,1,1,1,1,0,study_room,meeting,3_4,1_2h,morning,weekday,1.0,cold,indoor,first_time,5,4,4,4,4,4,4,5,5,4,20,20,12,8,16,20,12,16,0.6,0.6,15,0,84.6
I2981,U299,quiet_deepwork,P084,computer_lab_10,synthetic,train,5,3,5,5,4,3,5,3,4,5,library,report_writing,mostly_solo,1_2h,evening,1,1,1,1,1,0,1,1,0,1,1,computer_lab,coding,solo,2_4h,evening,weekday,9.4,clear,indoor,often,4,4,3,4,3,3,4,5,3,2,20,12,15,20,16,15,9,12,4.5,3.5,25,1,77.1
I2982,U299,quiet_deepwork,P016,library_16,synthetic,train,5,3,5,5,4,3,5,3,4,5,library,report_writing,mostly_solo,1_2h,evening,1,1,1,1,1,0,1,1,0,1,1,library,report_writing,solo,over_4h,morning,weekday,10.1,clear,indoor,sometimes,5,4,3,5,3,4,3,5,4,4,25,12,15,25,12,20,9,16,4.3,3.8,25,0,87.0
I2983,U299,quiet_deepwork,P110,outdoor_02,synthetic,train,5,3,5,5,4,3,5,3,4,5,library,report_writing,mostly_solo,1_2h,evening,1,1,1,1,1,0,1,1,0,1,1,outdoor,online_class,solo,2_4h,morning,weekday,9.2,clear,outdoor,often,3,4,3,3,2,3,2,2,2,3,15,12,15,15,8,10,6,12,3.3,3.5,6,0,61.1
I2984,U299,quiet_deepwork,P103,dorm_lounge_07,synthetic,train,5,3,5,5,4,3,5,3,4,5,library,report_writing,mostly_solo,1_2h,evening,1,1,1,1,1,0,1,1,0,1,1,dorm_lounge,deep_study,solo,2_4h,afternoon,weekday,15.7,clear,indoor,often,3,4,3,3,4,4,5,3,3,3,15,12,15,15,20,15,12,16,5.0,5.9,15,0.5,53.4
I2985,U299,quiet_deepwork,P030,study_room_12,synthetic,train,5,3,5,5,4,3,5,3,4,5,library,report_writing,mostly_solo,1_2h,evening,1,1,1,1,1,0,1,1,0,1,1,study_room,report_writing,solo,over_4h,afternoon,weekend,15.9,clear,indoor,sometimes,5,4,3,4,3,3,4,4,4,4,25,12,15,20,16,20,9,12,4.3,6.0,20,0.5,79.0
I2986,U299,quiet_deepwork,P022,study_room_04,synthetic,train,5,3,5,5,4,3,5,3,4,5,library,report_writing,mostly_solo,1_2h,evening,1,1,1,1,1,0,1,1,0,1,1,study_room,report_writing,2,2_4h,afternoon,weekend,7.7,clear,indoor,rarely,4,5,3,4,5,3,4,5,4,4,20,15,15,20,16,20,15,12,4.3,2.9,25,0.5,68.9
I2987,U299,quiet_deepwork,P009,library_09,synthetic,train,5,3,5,5,4,3,5,3,4,5,library,report_writing,mostly_solo,1_2h,evening,1,1,1,1,1,0,1,1,0,1,1,library,online_class,solo,1_2h,morning,weekday,8.0,cold,indoor,rarely,4,4,3,4,2,4,4,4,4,4,20,12,15,20,16,20,6,16,3.3,3.0,12,0,74.3
I2988,U299,quiet_deepwork,P095,coworking_space_11,synthetic,train,5,3,5,5,4,3,5,3,4,5,library,report_writing,mostly_solo,1_2h,evening,1,1,1,1,1,0,1,1,0,1,1,coworking_space,report_writing,solo,1_2h,evening,weekday,4.6,clear,indoor,first_time,4,4,3,3,4,4,5,4,4,4,20,12,15,15,20,20,12,16,4.3,1.7,20,1,69.9
I2989,U299,quiet_deepwork,P020,study_room_02,synthetic,train,5,3,5,5,4,3,5,3,4,5,library,report_writing,mostly_solo,1_2h,evening,1,1,1,1,1,0,1,1,0,1,1,study_room,coding,solo,1_2h,late_night,weekday,9.5,cloudy,indoor,rarely,4,4,4,5,3,4,4,5,4,4,20,12,20,25,16,20,9,16,4.5,3.6,25,0.5,74.2
I2990,U299,quiet_deepwork,P049,cafe_13,synthetic,train,5,3,5,5,4,3,5,3,4,5,library,report_writing,mostly_solo,1_2h,evening,1,1,1,1,1,0,1,1,0,1,1,cafe,team_project,3_4,2_4h,evening,weekday,8.0,cold,indoor,first_time,3,4,2,3,3,3,2,5,4,2,15,12,10,15,8,20,9,12,1.3,3.0,15,1,71.2
I2991,U300,convenience_oriented,P099,dorm_lounge_03,synthetic,train,4,4,4,3,5,5,2,3,5,4,library,report_writing,mostly_solo,1_2h,evening,1,1,0,0,1,1,1,1,1,1,0,dorm_lounge,online_class,solo,1_2h,morning,weekday,4.7,clear,indoor,first_time,4,4,3,3,3,3,4,4,3,3,16,16,12,9,20,6,9,15,2.6,2.9,12,0,65.7
I2992,U300,convenience_oriented,P043,cafe_07,synthetic,train,4,4,4,3,5,5,2,3,5,4,library,report_writing,mostly_solo,1_2h,evening,1,1,0,0,1,1,1,1,1,1,0,cafe,light_reading,2,1_2h,morning,weekday,4.6,cloudy,indoor,often,2,5,3,3,2,4,3,4,3,3,8,20,12,9,15,6,6,20,1.8,2.9,12,0,58.2
I2993,U300,convenience_oriented,P030,study_room_12,synthetic,train,4,4,4,3,5,5,2,3,5,4,library,report_writing,mostly_solo,1_2h,evening,1,1,0,0,1,1,1,1,1,1,0,study_room,online_class,solo,over_4h,evening,weekday,9.7,hot,indoor,first_time,5,4,3,4,3,3,4,4,4,4,20,16,12,12,20,8,9,15,2.6,6.1,12,1,62.0
I2994,U300,convenience_oriented,P071,classroom_09,synthetic,train,4,4,4,3,5,5,2,3,5,4,library,report_writing,mostly_solo,1_2h,evening,1,1,0,0,1,1,1,1,1,1,0,classroom,team_project,3_4,1_2h,evening,weekend,13.6,rainy,indoor,rarely,3,3,3,3,3,3,3,4,3,4,12,12,12,9,15,6,9,15,1.0,8.5,12,1,56.9
I2995,U300,convenience_oriented,P055,home_01,synthetic,train,4,4,4,3,5,5,2,3,5,4,library,report_writing,mostly_solo,1_2h,evening,1,1,0,0,1,1,1,1,1,1,0,home,report_writing,solo,over_4h,evening,weekday,9.4,clear,indoor,sometimes,4,3,5,4,4,5,5,4,4,5,16,12,20,12,25,8,12,25,3.4,5.9,16,1,72.2
I2996,U300,convenience_oriented,P005,library_05,synthetic,train,4,4,4,3,5,5,2,3,5,4,library,report_writing,mostly_solo,1_2h,evening,1,1,0,0,1,1,1,1,1,1,0,library,deep_study,solo,2_4h,evening,weekday,5.9,clear,indoor,sometimes,5,4,4,5,3,4,4,5,4,4,20,16,16,15,20,8,9,20,4.0,3.7,20,1,77.1
I2997,U300,convenience_oriented,P018,library_18,synthetic,train,4,4,4,3,5,5,2,3,5,4,library,report_writing,mostly_solo,1_2h,evening,1,1,0,0,1,1,1,1,1,1,0,library,report_writing,solo,over_4h,afternoon,weekend,8.9,clear,indoor,rarely,5,4,3,4,3,3,4,5,4,3,20,16,12,12,20,8,9,15,3.4,5.6,20,0.5,58.3
I2998,U300,convenience_oriented,P029,study_room_11,synthetic,train,4,4,4,3,5,5,2,3,5,4,library,report_writing,mostly_solo,1_2h,evening,1,1,0,0,1,1,1,1,1,1,0,study_room,report_writing,solo,over_4h,evening,weekend,10.8,clear,indoor,sometimes,4,4,3,4,2,4,4,4,4,3,16,16,12,12,20,8,6,20,3.4,6.8,16,1,69.3
I2999,U300,convenience_oriented,P013,library_13,synthetic,train,4,4,4,3,5,5,2,3,5,4,library,report_writing,mostly_solo,1_2h,evening,1,1,0,0,1,1,1,1,1,1,0,library,deep_study,solo,2_4h,early_morning,weekday,3.2,clear,indoor,sometimes,5,4,4,4,3,3,5,5,4,4,20,16,16,12,25,8,9,15,4.0,2.0,20,0,70.2
I3000,U300,convenience_oriented,P039,cafe_03,synthetic,train,4,4,4,3,5,5,2,3,5,4,library,report_writing,mostly_solo,1_2h,evening,1,1,0,0,1,1,1,1,1,1,0,cafe,deep_study,solo,1_2h,evening,weekend,12.0,rainy,indoor,often,3,4,2,3,2,4,3,3,4,4,12,16,8,9,15,8,6,20,4.0,7.5,12,1,57.9
