interaction_id,user_id,user_type,place_id,place_name,source,split,pref_quiet,pref_light,pref_low_crowd,pref_privacy,pref_outlet,pref_distance,pref_thermal_air,pref_control,pref_comfort,pref_deepwork,general_place_type,general_task_type,general_social_mode,general_stay_duration,general_time_slot,general_distraction_noise,general_distraction_crowd,general_distraction_visual,general_distraction_temperature,general_distraction_outlet,general_distraction_distance,general_priority_quiet,general_priority_outlet,general_priority_distance,general_priority_comfort,general_priority_privacy,place_type,task_type,group_size,stay_duration,time_slot,day_type,distance_minutes,weather,indoor_outdoor,visit_frequency,place_quiet,place_light,place_low_crowd,place_low_visual_distraction,place_control,place_comfort,place_outlet,place_task_fit,place_temperature_air,place_seat_availability,quiet_match,light_match,crowd_match,privacy_match,outlet_match,thermal_air_match,control_match,comfort_match,deepwork_task_match,distance_penalty,task_place_fit_match,time_match,satisfaction_score,predicted_satisfaction_score
I0001,U001,balanced,P061,home_07,synthetic,train,4,4,4,3,5,4,4,3,3,4,study_room,coding,mostly_solo,under_1h,afternoon,1,1,0,1,1,1,1,1,1,0,0,home,report_writing,solo,2_4h,evening,weekday,17.2,cloudy,indoor,sometimes,4,4,4,4,4,4,4,5,4,5,16,16,16,12,20,16,12,12,3.4,8.6,20,0.5,73.6,68.73164866961636
I0002,U001,balanced,P007,library_07,synthetic,train,4,4,4,3,5,4,4,3,3,4,study_room,coding,mostly_solo,under_1h,afternoon,1,1,0,1,1,1,1,1,1,0,0,library,report_writing,solo,over_4h,late_night,weekend,12.7,clear,indoor,first_time,5,4,3,4,3,3,4,5,4,4,20,16,12,12,20,16,9,9,3.4,6.3,20,0.0,67.4,66.46326408188102
I0003,U001,balanced,P046,cafe_10,synthetic,train,4,4,4,3,5,4,4,3,3,4,study_room,coding,mostly_solo,under_1h,afternoon,1,1,0,1,1,1,1,1,1,0,0,cafe,light_reading,solo,under_1h,late_night,weekday,11.0,clear,indoor,often,3,4,2,3,2,4,3,4,3,3,12,16,8,9,15,12,6,12,1.8,5.5,12,0.0,55.0,56.46560802378085
I0004,U001,balanced,P106,dorm_lounge_10,synthetic,train,4,4,4,3,5,4,4,3,3,4,study_room,coding,mostly_solo,under_1h,afternoon,1,1,0,1,1,1,1,1,1,0,0,dorm_lounge,light_reading,3_4,1_2h,evening,weekday,8.2,clear,indoor,often,3,3,2,3,3,4,3,3,3,3,12,12,8,9,15,12,9,12,1.8,4.1,9,0.5,51.8,54.881072788295384
I0005,U001,balanced,P025,study_room_07,synthetic,train,4,4,4,3,5,4,4,3,3,4,study_room,coding,mostly_solo,under_1h,afternoon,1,1,0,1,1,1,1,1,1,0,0,study_room,team_project,5_plus,over_4h,afternoon,weekday,4.9,hot,indoor,often,4,4,3,4,4,4,4,5,4,3,16,16,12,12,20,16,12,12,1.0,2.4,15,1.0,73.9,70.9374921783466
I0006,U001,balanced,P010,library_10,synthetic,train,4,4,4,3,5,4,4,3,3,4,study_room,coding,mostly_solo,under_1h,afternoon,1,1,0,1,1,1,1,1,1,0,0,library,report_writing,solo,2_4h,afternoon,weekday,8.0,hot,indoor,sometimes,5,5,4,4,3,4,4,5,4,5,20,20,16,12,20,16,9,12,3.4,4.0,20,1.0,71.0,73.8465583915443
I0007,U001,balanced,P034,study_room_16,synthetic,train,4,4,4,3,5,4,4,3,3,4,study_room,coding,mostly_solo,under_1h,afternoon,1,1,0,1,1,1,1,1,1,0,0,study_room,light_reading,solo,2_4h,evening,weekday,10.1,cloudy,indoor,sometimes,4,4,4,4,4,3,4,4,5,3,16,16,16,12,20,20,12,9,1.8,5.0,12,0.5,72.7,66.68871547120263
I0008,U001,balanced,P067,classroom_05,synthetic,train,4,4,4,3,5,4,4,3,3,4,study_room,coding,mostly_solo,under_1h,afternoon,1,1,0,1,1,1,1,1,1,0,0,classroom,coding,solo,2_4h,afternoon,weekday,4.7,rainy,indoor,often,3,4,3,3,3,2,3,4,3,3,12,16,12,9,15,12,9,6,3.6,2.4,16,1.0,63.4,60.599352155875835
I0009,U001,balanced,P010,library_10,synthetic,train,4,4,4,3,5,4,4,3,3,4,study_room,coding,mostly_solo,under_1h,afternoon,1,1,0,1,1,1,1,1,1,0,0,library,coding,2,over_4h,afternoon,weekday,11.1,cloudy,indoor,sometimes,5,5,4,4,3,4,4,3,4,5,20,20,16,12,20,16,9,12,3.6,5.6,12,1.0,58.7,65.50575851820041
I0010,U001,balanced,P037,cafe_01,synthetic,train,4,4,4,3,5,4,4,3,3,4,study_room,coding,mostly_solo,under_1h,afternoon,1,1,0,1,1,1,1,1,1,0,0,cafe,deep_study,solo,1_2h,early_morning,weekday,12.8,clear,indoor,sometimes,3,4,2,2,2,4,3,2,4,4,12,16,8,6,15,16,6,12,4.0,6.4,8,0.0,46.6,54.545437749470054
I0011,U002,comfort_oriented,P086,coworking_space_02,synthetic,train,3,3,4,4,4,3,4,4,4,4,cafe,coding,mostly_solo,1_2h,afternoon,0,1,1,1,1,0,0,1,0,1,1,coworking_space,light_reading,solo,1_2h,afternoon,weekday,14.8,clear,indoor,first_time,3,4,4,4,5,3,4,3,4,4,9,12,16,16,16,16,20,12,1.8,5.5,9,1.0,65.3,60.71549056426968
I0012,U002,comfort_oriented,P087,coworking_space_03,synthetic,train,3,3,4,4,4,3,4,4,4,4,cafe,coding,mostly_solo,1_2h,afternoon,0,1,1,1,1,0,0,1,0,1,1,coworking_space,deep_study,solo,over_4h,evening,weekday,22.4,rainy,indoor,rarely,4,4,3,2,5,4,4,3,4,4,12,12,12,8,16,16,20,16,4.0,8.4,12,0.5,60.6,59.44255109107506
I0013,U002,comfort_oriented,P040,cafe_04,synthetic,train,3,3,4,4,4,3,4,4,4,4,cafe,coding,mostly_solo,1_2h,afternoon,0,1,1,1,1,0,0,1,0,1,1,cafe,deep_study,solo,2_4h,morning,weekend,5.9,rainy,indoor,sometimes,3,4,2,3,3,4,3,3,4,3,9,12,8,12,12,16,12,16,4.0,2.2,12,0.5,57.8,59.640347724994356
I0014,U002,comfort_oriented,P039,cafe_03,synthetic,train,3,3,4,4,4,3,4,4,4,4,cafe,coding,mostly_solo,1_2h,afternoon,0,1,1,1,1,0,0,1,0,1,1,cafe,team_project,5_plus,1_2h,evening,weekday,12.1,clear,indoor,often,3,4,2,3,2,4,3,3,4,4,9,12,8,12,12,16,8,16,1.0,4.5,9,0.5,56.5,59.990525837820535
I0015,U002,comfort_oriented,P059,home_05,synthetic,train,3,3,4,4,4,3,4,4,4,4,cafe,coding,mostly_solo,1_2h,afternoon,0,1,1,1,1,0,0,1,0,1,1,home,report_writing,solo,over_4h,late_night,weekday,10.2,clear,indoor,rarely,4,5,5,4,5,4,4,4,5,5,12,15,20,16,16,20,20,16,3.4,3.8,16,0.0,60.5,71.68022461057083
I0016,U002,comfort_oriented,P040,cafe_04,synthetic,train,3,3,4,4,4,3,4,4,4,4,cafe,coding,mostly_solo,1_2h,afternoon,0,1,1,1,1,0,0,1,0,1,1,cafe,online_class,solo,under_1h,evening,weekday,8.2,rainy,indoor,often,3,4,2,3,3,4,3,3,4,3,9,12,8,12,12,16,12,16,2.6,3.1,9,0.5,58.0,59.13508331364967
I0017,U002,comfort_oriented,P061,home_07,synthetic,train,3,3,4,4,4,3,4,4,4,4,cafe,coding,mostly_solo,1_2h,afternoon,0,1,1,1,1,0,0,1,0,1,1,home,coding,2,2_4h,evening,weekday,16.7,cold,indoor,rarely,4,4,4,4,4,4,4,5,4,5,12,12,16,16,16,16,16,16,3.6,6.3,20,0.5,54.1,64.70959057620021
I0018,U002,comfort_oriented,P102,dorm_lounge_06,synthetic,train,3,3,4,4,4,3,4,4,4,4,cafe,coding,mostly_solo,1_2h,afternoon,0,1,1,1,1,0,0,1,0,1,1,dorm_lounge,report_writing,solo,2_4h,morning,weekday,18.5,cold,indoor,often,3,3,3,3,3,3,4,3,4,4,9,9,12,12,16,16,12,12,3.4,6.9,12,0.5,58.9,60.407030564585824
I0019,U002,comfort_oriented,P003,library_03,synthetic,train,3,3,4,4,4,3,4,4,4,4,cafe,coding,mostly_solo,1_2h,afternoon,0,1,1,1,1,0,0,1,0,1,1,library,coding,solo,2_4h,morning,weekday,1.7,cloudy,indoor,sometimes,5,3,4,5,3,3,4,4,4,4,15,9,16,20,16,16,12,12,3.6,0.6,16,0.5,70.4,71.66897070448326
I0020,U002,comfort_oriented,P044,cafe_08,synthetic,train,3,3,4,4,4,3,4,4,4,4,cafe,coding,mostly_solo,1_2h,afternoon,0,1,1,1,1,0,0,1,0,1,1,cafe,coding,solo,under_1h,afternoon,weekday,12.6,clear,indoor,often,3,4,3,4,2,4,3,3,4,2,9,12,12,16,12,16,8,16,3.6,4.7,12,1.0,60.7,59.86493133616452
I0021,U003,quiet_deepwork,P070,classroom_08,synthetic,test,4,4,4,5,4,2,4,4,4,5,computer_lab,report_writing,mostly_solo,1_2h,evening,1,1,1,1,1,0,1,1,0,1,1,classroom,coding,solo,2_4h,afternoon,weekday,14.8,cloudy,indoor,often,3,4,3,2,3,2,3,3,2,3,12,16,12,10,12,8,12,8,4.5,3.7,15,0.5,59.4,59.812973185674316
I0022,U003,quiet_deepwork,P032,study_room_14,synthetic,test,4,4,4,5,4,2,4,4,4,5,computer_lab,report_writing,mostly_solo,1_2h,evening,1,1,1,1,1,0,1,1,0,1,1,study_room,report_writing,solo,2_4h,evening,weekday,17.1,clear,indoor,first_time,4,4,4,4,4,3,4,4,4,4,16,16,16,20,16,16,16,12,4.3,4.3,20,1.0,70.8,73.88392333515773
I0023,U003,quiet_deepwork,P001,library_01,synthetic,test,4,4,4,5,4,2,4,4,4,5,computer_lab,report_writing,mostly_solo,1_2h,evening,1,1,1,1,1,0,1,1,0,1,1,library,deep_study,solo,2_4h,evening,weekend,8.6,cold,indoor,often,5,4,4,5,2,3,4,5,4,4,20,16,16,25,16,16,8,12,5.0,2.1,25,1.0,84.9,79.88114749386315
I0024,U003,quiet_deepwork,P089,coworking_space_05,synthetic,test,4,4,4,5,4,2,4,4,4,5,computer_lab,report_writing,mostly_solo,1_2h,evening,1,1,1,1,1,0,1,1,0,1,1,coworking_space,deep_study,solo,2_4h,evening,weekday,15.6,cold,indoor,sometimes,3,5,4,3,4,4,5,4,4,3,12,20,16,15,20,16,16,16,5.0,3.9,20,1.0,67.3,73.3129623282619
I0025,U003,quiet_deepwork,P027,study_room_09,synthetic,test,4,4,4,5,4,2,4,4,4,5,computer_lab,report_writing,mostly_solo,1_2h,evening,1,1,1,1,1,0,1,1,0,1,1,study_room,coding,solo,2_4h,morning,weekend,8.2,clear,indoor,first_time,5,3,3,4,4,3,3,4,3,3,20,12,12,20,12,12,16,12,4.5,2.1,20,0.0,68.6,70.46892848433771
I0026,U003,quiet_deepwork,P010,library_10,synthetic,test,4,4,4,5,4,2,4,4,4,5,computer_lab,report_writing,mostly_solo,1_2h,evening,1,1,1,1,1,0,1,1,0,1,1,library,report_writing,solo,2_4h,evening,weekday,3.0,rainy,indoor,often,5,5,4,4,3,4,4,4,4,5,20,20,16,20,16,16,12,16,4.3,0.8,20,1.0,83.5,81.76140590976183
I0027,U003,quiet_deepwork,P054,cafe_18,synthetic,test,4,4,4,5,4,2,4,4,4,5,computer_lab,report_writing,mostly_solo,1_2h,evening,1,1,1,1,1,0,1,1,0,1,1,cafe,report_writing,solo,2_4h,early_morning,weekday,9.9,clear,indoor,first_time,3,5,2,3,2,3,3,4,4,3,12,20,8,15,12,16,8,12,4.3,2.5,20,0.0,57.3,64.0689180824779
I0028,U003,quiet_deepwork,P006,library_06,synthetic,test,4,4,4,5,4,2,4,4,4,5,computer_lab,report_writing,mostly_solo,1_2h,evening,1,1,1,1,1,0,1,1,0,1,1,library,deep_study,solo,2_4h,morning,weekend,9.1,rainy,indoor,rarely,4,4,4,5,2,3,4,5,5,4,16,16,16,25,16,20,8,12,5.0,2.3,25,0.0,73.9,77.41391695072278
I0029,U003,quiet_deepwork,P089,coworking_space_05,synthetic,test,4,4,4,5,4,2,4,4,4,5,computer_lab,report_writing,mostly_solo,1_2h,evening,1,1,1,1,1,0,1,1,0,1,1,coworking_space,light_reading,3_4,1_2h,afternoon,weekday,17.1,rainy,indoor,often,3,5,4,3,4,4,5,3,4,3,12,20,16,15,20,16,16,16,2.3,4.3,9,0.5,76.9,67.82084668712196
I0030,U003,quiet_deepwork,P036,study_room_18,synthetic,test,4,4,4,5,4,2,4,4,4,5,computer_lab,report_writing,mostly_solo,1_2h,evening,1,1,1,1,1,0,1,1,0,1,1,study_room,team_project,2,1_2h,afternoon,weekday,16.0,rainy,indoor,rarely,5,4,4,4,4,4,5,5,4,4,20,16,16,20,20,16,16,16,1.3,4.0,15,0.5,80.1,78.29049932884577
I0031,U004,social_collaborative,P067,classroom_05,synthetic,valid,3,3,1,3,3,3,3,2,4,3,cafe,meeting,mostly_group,1_2h,morning,0,0,0,0,0,0,0,0,0,1,0,classroom,meeting,5_plus,2_4h,morning,weekend,1.5,clear,indoor,rarely,3,4,3,3,3,2,3,4,3,3,9,12,3,9,9,9,6,8,0.6,0.6,12,1.0,49.4,52.54186319214831
I0032,U004,social_collaborative,P091,coworking_space_07,synthetic,valid,3,3,1,3,3,3,3,2,4,3,cafe,meeting,mostly_group,1_2h,morning,0,0,0,0,0,0,0,0,0,1,0,coworking_space,team_project,2,1_2h,afternoon,weekend,15.6,rainy,indoor,rarely,4,4,4,3,4,5,4,3,3,4,12,12,4,9,12,9,8,20,0.8,5.9,9,0.5,52.4,54.608191109066134
I0033,U004,social_collaborative,P106,dorm_lounge_10,synthetic,valid,3,3,1,3,3,3,3,2,4,3,cafe,meeting,mostly_group,1_2h,morning,0,0,0,0,0,0,0,0,0,1,0,dorm_lounge,team_project,5_plus,1_2h,morning,weekday,11.8,clear,indoor,often,3,3,2,3,3,4,3,4,3,3,9,9,2,9,9,9,6,16,0.8,4.4,12,1.0,51.5,54.930902877075
I0034,U004,social_collaborative,P045,cafe_09,synthetic,valid,3,3,1,3,3,3,3,2,4,3,cafe,meeting,mostly_group,1_2h,morning,0,0,0,0,0,0,0,0,0,1,0,cafe,online_class,2,1_2h,afternoon,weekend,9.1,hot,indoor,sometimes,2,3,2,2,3,3,3,3,3,3,6,9,2,6,9,9,6,12,2.0,3.4,9,0.5,46.4,41.53251693013533
I0035,U004,social_collaborative,P020,study_room_02,synthetic,valid,3,3,1,3,3,3,3,2,4,3,cafe,meeting,mostly_group,1_2h,morning,0,0,0,0,0,0,0,0,0,1,0,study_room,coding,3_4,over_4h,morning,weekday,3.5,hot,indoor,often,4,4,4,5,3,4,4,5,4,4,12,12,4,15,12,12,6,16,2.7,1.3,15,1.0,69.2,59.088313525665754
I0036,U004,social_collaborative,P052,cafe_16,synthetic,valid,3,3,1,3,3,3,3,2,4,3,cafe,meeting,mostly_group,1_2h,morning,0,0,0,0,0,0,0,0,0,1,0,cafe,team_project,3_4,1_2h,early_morning,weekday,13.5,cloudy,indoor,first_time,3,5,3,2,2,3,3,4,4,3,9,15,3,6,9,12,4,12,0.8,5.1,12,0.5,56.8,48.81777651359556
I0037,U004,social_collaborative,P029,study_room_11,synthetic,valid,3,3,1,3,3,3,3,2,4,3,cafe,meeting,mostly_group,1_2h,morning,0,0,0,0,0,0,0,0,0,1,0,study_room,online_class,solo,1_2h,morning,weekday,8.8,rainy,indoor,first_time,4,4,3,4,2,4,4,3,4,3,12,12,3,12,12,12,4,16,2.0,3.3,9,1.0,45.5,53.43463216397467
I0038,U004,social_collaborative,P086,coworking_space_02,synthetic,valid,3,3,1,3,3,3,3,2,4,3,cafe,meeting,mostly_group,1_2h,morning,0,0,0,0,0,0,0,0,0,1,0,coworking_space,team_project,2,2_4h,morning,weekday,14.8,cloudy,indoor,often,3,4,4,4,5,3,4,4,4,4,9,12,4,12,12,12,10,12,0.8,5.6,12,1.0,56.1,56.9247509370457
I0039,U004,social_collaborative,P036,study_room_18,synthetic,valid,3,3,1,3,3,3,3,2,4,3,cafe,meeting,mostly_group,1_2h,morning,0,0,0,0,0,0,0,0,0,1,0,study_room,team_project,2,2_4h,afternoon,weekday,6.0,clear,indoor,rarely,5,4,4,4,4,4,5,5,4,4,15,12,4,12,15,12,8,16,0.8,2.3,15,0.5,61.5,63.64325189462794
I0040,U004,social_collaborative,P070,classroom_08,synthetic,valid,3,3,1,3,3,3,3,2,4,3,cafe,meeting,mostly_group,1_2h,morning,0,0,0,0,0,0,0,0,0,1,0,classroom,team_project,5_plus,2_4h,afternoon,weekend,9.6,clear,indoor,often,3,4,3,2,3,2,3,4,2,3,9,12,3,6,9,6,6,8,0.8,3.6,12,0.5,68.0,51.035706916431636
I0041,U005,quiet_deepwork,P085,coworking_space_01,synthetic,valid,4,4,4,4,4,3,5,3,4,4,study_room,report_writing,mostly_solo,2_4h,evening,1,1,1,1,1,0,1,1,0,1,1,coworking_space,coding,solo,1_2h,evening,weekday,4.8,cold,indoor,sometimes,3,5,2,3,4,3,4,4,4,3,12,20,8,12,16,20,12,12,3.6,1.8,16,1.0,64.2,64.26917249033825
I0042,U005,quiet_deepwork,P002,library_02,synthetic,valid,4,4,4,4,4,3,5,3,4,4,study_room,report_writing,mostly_solo,2_4h,evening,1,1,1,1,1,0,1,1,0,1,1,library,light_reading,solo,over_4h,morning,weekday,6.2,rainy,indoor,sometimes,5,5,4,4,2,3,4,5,4,4,20,20,16,16,16,20,6,12,1.8,2.3,15,0.0,82.1,72.45959226638674
I0043,U005,quiet_deepwork,P031,study_room_13,synthetic,valid,4,4,4,4,4,3,5,3,4,4,study_room,report_writing,mostly_solo,2_4h,evening,1,1,1,1,1,0,1,1,0,1,1,study_room,deep_study,solo,1_2h,morning,weekday,4.3,cloudy,indoor,rarely,5,4,4,4,4,4,4,4,5,4,20,16,16,16,16,25,12,16,4.0,1.6,16,0.0,80.3,74.91419618205333
I0044,U005,quiet_deepwork,P077,computer_lab_03,synthetic,valid,4,4,4,4,4,3,5,3,4,4,study_room,report_writing,mostly_solo,2_4h,evening,1,1,1,1,1,0,1,1,0,1,1,computer_lab,report_writing,solo,2_4h,evening,weekday,23.1,cold,indoor,sometimes,4,3,3,3,2,3,4,3,4,4,16,12,12,12,16,20,6,12,3.4,8.7,12,1.0,68.0,61.884016074086816
I0045,U005,quiet_deepwork,P011,library_11,synthetic,valid,4,4,4,4,4,3,5,3,4,4,study_room,report_writing,mostly_solo,2_4h,evening,1,1,1,1,1,0,1,1,0,1,1,library,coding,solo,over_4h,morning,weekday,10.6,clear,indoor,rarely,5,4,4,4,2,4,4,4,4,3,20,16,16,16,16,20,6,16,3.6,4.0,16,0.0,72.1,70.48896389902833
I0046,U005,quiet_deepwork,P009,library_09,synthetic,valid,4,4,4,4,4,3,5,3,4,4,study_room,report_writing,mostly_solo,2_4h,evening,1,1,1,1,1,0,1,1,0,1,1,library,light_reading,2,1_2h,evening,weekday,3.5,clear,indoor,sometimes,4,4,3,4,2,4,4,5,4,4,16,16,12,16,16,20,6,16,1.8,1.3,15,1.0,70.1,68.24361967742479
I0047,U005,quiet_deepwork,P070,classroom_08,synthetic,valid,4,4,4,4,4,3,5,3,4,4,study_room,report_writing,mostly_solo,2_4h,evening,1,1,1,1,1,0,1,1,0,1,1,classroom,deep_study,solo,2_4h,evening,weekday,14.2,clear,indoor,often,3,4,3,2,3,2,3,3,2,3,12,16,12,8,12,10,9,8,4.0,5.3,12,1.0,51.9,55.69024302267376
I0048,U005,quiet_deepwork,P008,library_08,synthetic,valid,4,4,4,4,4,3,5,3,4,4,study_room,report_writing,mostly_solo,2_4h,evening,1,1,1,1,1,0,1,1,0,1,1,library,light_reading,3_4,2_4h,evening,weekday,14.0,clear,indoor,sometimes,5,5,4,4,2,3,4,5,4,4,20,20,16,16,16,20,6,12,1.8,5.2,15,1.0,72.3,69.89613770560715
I0049,U005,quiet_deepwork,P102,dorm_lounge_06,synthetic,valid,4,4,4,4,4,3,5,3,4,4,study_room,report_writing,mostly_solo,2_4h,evening,1,1,1,1,1,0,1,1,0,1,1,dorm_lounge,coding,solo,over_4h,afternoon,weekday,14.2,clear,indoor,sometimes,3,3,3,3,3,3,4,3,4,4,12,12,12,12,16,20,9,12,3.6,5.3,12,0.5,76.2,60.53200215861504
I0050,U005,quiet_deepwork,P007,library_07,synthetic,valid,4,4,4,4,4,3,5,3,4,4,study_room,report_writing,mostly_solo,2_4h,evening,1,1,1,1,1,0,1,1,0,1,1,library,light_reading,solo,1_2h,evening,weekday,9.7,cold,indoor,often,5,4,3,4,3,3,4,5,4,4,20,16,12,16,16,20,9,12,1.8,3.6,15,1.0,72.9,71.17137608259321
I0051,U006,convenience_oriented,P015,library_15,synthetic,train,4,3,3,4,5,5,5,4,3,4,library,coding,mostly_solo,1_2h,afternoon,1,0,1,1,1,1,1,1,1,0,1,library,report_writing,solo,2_4h,afternoon,weekday,17.8,hot,indoor,sometimes,4,4,4,5,2,4,3,5,4,4,16,12,12,20,15,20,8,12,3.4,11.1,20,1.0,66.8,65.15378908666847
I0052,U006,convenience_oriented,P039,cafe_03,synthetic,train,4,3,3,4,5,5,5,4,3,4,library,coding,mostly_solo,1_2h,afternoon,1,0,1,1,1,1,1,1,1,0,1,cafe,coding,solo,1_2h,early_morning,weekday,10.2,clear,indoor,often,3,4,2,3,2,4,3,4,4,4,12,12,6,12,15,20,8,12,3.6,6.4,16,0.0,51.1,59.493179922042984
I0053,U006,convenience_oriented,P041,cafe_05,synthetic,train,4,3,3,4,5,5,5,4,3,4,library,coding,mostly_solo,1_2h,afternoon,1,0,1,1,1,1,1,1,1,0,1,cafe,deep_study,solo,under_1h,afternoon,weekend,9.6,clear,indoor,sometimes,2,4,2,3,2,4,4,2,4,3,8,12,6,12,20,20,8,12,4.0,6.0,8,1.0,42.9,55.031090340932074
I0054,U006,convenience_oriented,P070,classroom_08,synthetic,train,4,3,3,4,5,5,5,4,3,4,library,coding,mostly_solo,1_2h,afternoon,1,0,1,1,1,1,1,1,1,0,1,classroom,deep_study,solo,over_4h,evening,weekday,12.6,rainy,indoor,first_time,3,4,3,2,3,2,3,3,2,3,12,12,9,8,15,10,12,6,4.0,7.9,12,0.5,59.9,48.84800192565834
I0055,U006,convenience_oriented,P017,library_17,synthetic,train,4,3,3,4,5,5,5,4,3,4,library,coding,mostly_solo,1_2h,afternoon,1,0,1,1,1,1,1,1,1,0,1,library,coding,solo,2_4h,evening,weekday,8.5,hot,indoor,first_time,5,4,4,5,3,3,4,3,5,4,20,12,12,20,20,25,12,9,3.6,5.3,12,0.5,57.8,67.0103843623194
I0056,U006,convenience_oriented,P043,cafe_07,synthetic,train,4,3,3,4,5,5,5,4,3,4,library,coding,mostly_solo,1_2h,afternoon,1,0,1,1,1,1,1,1,1,0,1,cafe,online_class,3_4,under_1h,afternoon,weekday,1.7,hot,indoor,sometimes,2,5,3,3,2,4,3,3,3,3,8,15,9,12,15,15,8,12,2.6,1.1,9,1.0,43.2,54.896900226673566
I0057,U006,convenience_oriented,P022,study_room_04,synthetic,train,4,3,3,4,5,5,5,4,3,4,library,coding,mostly_solo,1_2h,afternoon,1,0,1,1,1,1,1,1,1,0,1,study_room,deep_study,2,1_2h,afternoon,weekday,13.6,clear,indoor,sometimes,4,5,3,4,5,3,4,5,4,4,16,15,9,16,20,20,20,9,4.0,8.5,20,1.0,69.3,64.33589056599399
I0058,U006,convenience_oriented,P102,dorm_lounge_06,synthetic,train,4,3,3,4,5,5,5,4,3,4,library,coding,mostly_solo,1_2h,afternoon,1,0,1,1,1,1,1,1,1,0,1,dorm_lounge,team_project,3_4,1_2h,afternoon,weekday,14.0,cold,indoor,often,3,3,3,3,3,3,4,4,4,4,12,9,9,12,20,20,12,9,1.0,8.7,12,1.0,62.2,62.26666247334005
I0059,U006,convenience_oriented,P042,cafe_06,synthetic,train,4,3,3,4,5,5,5,4,3,4,library,coding,mostly_solo,1_2h,afternoon,1,0,1,1,1,1,1,1,1,0,1,cafe,light_reading,solo,1_2h,morning,weekday,13.0,clear,indoor,sometimes,3,4,2,3,2,4,3,4,4,3,12,12,6,12,15,20,8,12,1.8,8.1,12,0.5,56.7,56.392325511953814
I0060,U006,convenience_oriented,P060,home_06,synthetic,train,4,3,3,4,5,5,5,4,3,4,library,coding,mostly_solo,1_2h,afternoon,1,0,1,1,1,1,1,1,1,0,1,home,coding,solo,2_4h,evening,weekday,16.5,cloudy,indoor,sometimes,4,3,5,5,4,5,5,5,4,5,16,9,15,20,25,20,16,15,3.6,10.3,20,0.5,75.3,71.9369797109782
I0061,U007,convenience_oriented,P100,dorm_lounge_04,synthetic,valid,3,4,3,4,4,5,3,3,4,3,home,light_reading,mixed,1_2h,evening,0,0,1,0,1,1,0,1,1,1,1,dorm_lounge,report_writing,3_4,over_4h,afternoon,weekend,10.1,cloudy,indoor,often,3,4,2,3,3,4,3,3,4,4,9,16,6,12,12,12,9,16,2.6,6.3,9,0.5,42.3,55.167929707108335
I0062,U007,convenience_oriented,P017,library_17,synthetic,valid,3,4,3,4,4,5,3,3,4,3,home,light_reading,mixed,1_2h,evening,0,0,1,0,1,1,0,1,1,1,1,library,deep_study,solo,1_2h,late_night,weekday,9.6,clear,indoor,sometimes,5,4,4,5,3,3,4,5,5,4,15,16,12,20,16,15,9,12,3.0,6.0,15,0.5,70.9,68.25765050357137
I0063,U007,convenience_oriented,P115,outdoor_07,synthetic,valid,3,4,3,4,4,5,3,3,4,3,home,light_reading,mixed,1_2h,evening,0,0,1,0,1,1,0,1,1,1,1,outdoor,coding,3_4,2_4h,afternoon,weekday,18.1,clear,outdoor,rarely,3,4,3,3,1,3,1,2,2,3,9,16,9,12,4,6,3,12,2.7,11.3,6,0.5,41.9,38.79312897903286
I0064,U007,convenience_oriented,P028,study_room_10,synthetic,valid,3,4,3,4,4,5,3,3,4,3,home,light_reading,mixed,1_2h,evening,0,0,1,0,1,1,0,1,1,1,1,study_room,coding,2,over_4h,afternoon,weekday,23.1,rainy,indoor,sometimes,4,4,3,3,4,4,5,4,4,3,12,16,9,12,20,12,12,16,2.7,14.4,12,0.5,53.2,53.753354868640855
I0065,U007,convenience_oriented,P049,cafe_13,synthetic,valid,3,4,3,4,4,5,3,3,4,3,home,light_reading,mixed,1_2h,evening,0,0,1,0,1,1,0,1,1,1,1,cafe,online_class,2,2_4h,morning,weekday,10.1,clear,indoor,often,3,4,2,3,3,3,2,3,4,2,9,16,6,12,8,12,9,12,2.0,6.3,9,0.0,52.3,50.832213815807165
I0066,U007,convenience_oriented,P009,library_09,synthetic,valid,3,4,3,4,4,5,3,3,4,3,home,light_reading,mixed,1_2h,evening,0,0,1,0,1,1,0,1,1,1,1,library,online_class,3_4,2_4h,afternoon,weekday,9.3,rainy,indoor,sometimes,4,4,3,4,2,4,4,2,4,4,12,16,9,16,16,12,6,16,2.0,5.8,6,0.5,65.8,59.08311087045195
I0067,U007,convenience_oriented,P025,study_room_07,synthetic,valid,3,4,3,4,4,5,3,3,4,3,home,light_reading,mixed,1_2h,evening,0,0,1,0,1,1,0,1,1,1,1,study_room,deep_study,3_4,1_2h,evening,weekday,1.0,clear,indoor,often,4,4,3,4,4,4,4,5,4,3,12,16,9,16,16,12,12,16,3.0,0.6,15,1.0,58.8,68.60135551288109
I0068,U007,convenience_oriented,P017,library_17,synthetic,valid,3,4,3,4,4,5,3,3,4,3,home,light_reading,mixed,1_2h,evening,0,0,1,0,1,1,0,1,1,1,1,library,deep_study,2,under_1h,evening,weekday,8.2,cold,indoor,first_time,5,4,4,5,3,3,4,5,5,4,15,16,12,20,16,15,9,12,3.0,5.1,15,1.0,71.1,63.80707459273823
I0069,U007,convenience_oriented,P007,library_07,synthetic,valid,3,4,3,4,4,5,3,3,4,3,home,light_reading,mixed,1_2h,evening,0,0,1,0,1,1,0,1,1,1,1,library,report_writing,solo,2_4h,evening,weekday,9.7,cloudy,indoor,often,5,4,3,4,3,3,4,5,4,4,15,16,9,16,16,12,9,12,2.6,6.1,15,1.0,66.2,66.80985087130021
I0070,U007,convenience_oriented,P058,home_04,synthetic,valid,3,4,3,4,4,5,3,3,4,3,home,light_reading,mixed,1_2h,evening,0,0,1,0,1,1,0,1,1,1,1,home,report_writing,solo,over_4h,early_morning,weekday,14.6,cloudy,indoor,sometimes,4,3,4,3,4,5,4,4,4,4,12,12,12,12,16,12,12,20,2.6,9.1,12,0.0,57.8,63.39237311335201
I0071,U008,comfort_oriented,P101,dorm_lounge_05,synthetic,test,5,3,3,4,4,4,5,4,4,4,classroom,coding,mostly_solo,1_2h,evening,1,0,1,1,1,1,1,1,1,1,1,dorm_lounge,report_writing,solo,over_4h,late_night,weekday,8.1,rainy,indoor,sometimes,3,4,2,2,3,4,4,4,4,3,15,12,6,8,16,20,12,16,3.4,4.0,16,0.5,67.9,63.87282074879138
I0072,U008,comfort_oriented,P062,home_08,synthetic,test,5,3,3,4,4,4,5,4,4,4,classroom,coding,mostly_solo,1_2h,evening,1,0,1,1,1,1,1,1,1,1,1,home,light_reading,solo,1_2h,afternoon,weekday,9.9,cold,indoor,rarely,4,3,4,4,4,5,5,4,4,5,20,9,12,16,20,20,16,20,1.8,4.9,12,0.5,73.9,72.63373921435388
I0073,U008,comfort_oriented,P103,dorm_lounge_07,synthetic,test,5,3,3,4,4,4,5,4,4,4,classroom,coding,mostly_solo,1_2h,evening,1,0,1,1,1,1,1,1,1,1,1,dorm_lounge,light_reading,2,1_2h,evening,weekend,19.8,clear,indoor,often,3,4,3,3,4,4,5,4,3,3,15,12,9,12,20,15,16,16,1.8,9.9,12,1.0,65.1,59.42735656345012
I0074,U008,comfort_oriented,P013,library_13,synthetic,test,5,3,3,4,4,4,5,4,4,4,classroom,coding,mostly_solo,1_2h,evening,1,0,1,1,1,1,1,1,1,1,1,library,online_class,solo,1_2h,evening,weekend,2.2,clear,indoor,rarely,5,4,4,4,3,3,5,4,4,4,25,12,12,16,20,20,12,12,2.6,1.1,12,1.0,74.8,75.07029818602459
I0075,U008,comfort_oriented,P020,study_room_02,synthetic,test,5,3,3,4,4,4,5,4,4,4,classroom,coding,mostly_solo,1_2h,evening,1,0,1,1,1,1,1,1,1,1,1,study_room,report_writing,2,1_2h,evening,weekday,11.8,cloudy,indoor,sometimes,4,4,4,5,3,4,4,5,4,4,20,12,12,20,16,20,12,16,3.4,5.9,20,1.0,65.5,70.72916188856269
I0076,U008,comfort_oriented,P058,home_04,synthetic,test,5,3,3,4,4,4,5,4,4,4,classroom,coding,mostly_solo,1_2h,evening,1,0,1,1,1,1,1,1,1,1,1,home,online_class,solo,under_1h,evening,weekday,17.4,clear,indoor,sometimes,4,3,4,3,4,5,4,4,4,4,20,9,12,12,16,20,16,20,2.6,8.7,12,1.0,68.9,71.2871652220355
I0077,U008,comfort_oriented,P024,study_room_06,synthetic,test,5,3,3,4,4,4,5,4,4,4,classroom,coding,mostly_solo,1_2h,evening,1,0,1,1,1,1,1,1,1,1,1,study_room,online_class,solo,under_1h,evening,weekend,4.7,rainy,indoor,first_time,4,4,3,4,3,4,4,4,4,3,20,12,9,16,16,20,12,16,2.6,2.3,12,1.0,71.4,69.21453062696685
I0078,U008,comfort_oriented,P043,cafe_07,synthetic,test,5,3,3,4,4,4,5,4,4,4,classroom,coding,mostly_solo,1_2h,evening,1,0,1,1,1,1,1,1,1,1,1,cafe,report_writing,solo,over_4h,afternoon,weekday,4.6,clear,indoor,sometimes,2,5,3,3,2,4,3,4,3,3,10,15,9,12,12,15,8,16,3.4,2.3,16,0.5,67.2,60.8245002538783
I0079,U008,comfort_oriented,P059,home_05,synthetic,test,5,3,3,4,4,4,5,4,4,4,classroom,coding,mostly_solo,1_2h,evening,1,0,1,1,1,1,1,1,1,1,1,home,light_reading,solo,1_2h,evening,weekend,17.7,rainy,indoor,sometimes,4,5,5,4,5,4,4,4,5,5,20,15,15,16,16,25,20,16,1.8,8.8,12,1.0,71.8,72.97996414435397
I0080,U008,comfort_oriented,P060,home_06,synthetic,test,5,3,3,4,4,4,5,4,4,4,classroom,coding,mostly_solo,1_2h,evening,1,0,1,1,1,1,1,1,1,1,1,home,report_writing,solo,2_4h,morning,weekday,10.2,clear,indoor,sometimes,4,3,5,5,4,5,5,5,4,5,20,9,15,20,20,20,16,20,3.4,5.1,20,0.0,73.1,80.98460449578985
I0081,U009,comfort_oriented,P117,outdoor_09,synthetic,train,3,3,4,3,3,4,4,5,5,4,home,team_project,mostly_solo,2_4h,morning,0,1,0,1,0,1,0,0,1,1,0,outdoor,coding,solo,over_4h,morning,weekend,14.5,clear,outdoor,first_time,2,5,3,3,2,3,1,2,3,3,6,15,12,9,3,12,10,15,3.6,7.2,8,1.0,49.9,44.09249694581786
I0082,U009,comfort_oriented,P061,home_07,synthetic,train,3,3,4,3,3,4,4,5,5,4,home,team_project,mostly_solo,2_4h,morning,0,1,0,1,0,1,0,0,1,1,0,home,light_reading,solo,1_2h,evening,weekday,14.5,clear,indoor,rarely,4,4,4,4,4,4,4,4,4,5,12,12,16,12,12,16,20,20,1.8,7.3,12,0.0,54.5,64.65645942790337
I0083,U009,comfort_oriented,P011,library_11,synthetic,train,3,3,4,3,3,4,4,5,5,4,home,team_project,mostly_solo,2_4h,morning,0,1,0,1,0,1,0,0,1,1,0,library,online_class,solo,under_1h,afternoon,weekend,7.1,cloudy,indoor,often,5,4,4,4,2,4,4,3,4,3,15,12,16,12,12,16,10,20,2.6,3.6,9,0.5,59.9,67.30253184849269
I0084,U009,comfort_oriented,P085,coworking_space_01,synthetic,train,3,3,4,3,3,4,4,5,5,4,home,team_project,mostly_solo,2_4h,morning,0,1,0,1,0,1,0,0,1,1,0,coworking_space,coding,solo,2_4h,morning,weekday,2.9,clear,indoor,often,3,5,2,3,4,3,4,4,4,3,9,15,8,9,12,16,20,15,3.6,1.5,16,1.0,58.2,64.18158848090273
I0085,U009,comfort_oriented,P017,library_17,synthetic,train,3,3,4,3,3,4,4,5,5,4,home,team_project,mostly_solo,2_4h,morning,0,1,0,1,0,1,0,0,1,1,0,library,deep_study,solo,1_2h,afternoon,weekday,15.7,clear,indoor,sometimes,5,4,4,5,3,3,4,5,5,4,15,12,16,15,12,20,15,15,4.0,7.9,20,0.5,68.6,69.0464875359367
I0086,U009,comfort_oriented,P048,cafe_12,synthetic,train,3,3,4,3,3,4,4,5,5,4,home,team_project,mostly_solo,2_4h,morning,0,1,0,1,0,1,0,0,1,1,0,cafe,online_class,solo,1_2h,morning,weekend,4.3,cloudy,indoor,sometimes,2,5,2,3,1,4,3,2,3,3,6,15,8,9,9,12,5,20,2.6,2.1,6,1.0,47.4,53.25780512581187
I0087,U009,comfort_oriented,P005,library_05,synthetic,train,3,3,4,3,3,4,4,5,5,4,home,team_project,mostly_solo,2_4h,morning,0,1,0,1,0,1,0,0,1,1,0,library,coding,solo,1_2h,morning,weekday,4.3,rainy,indoor,sometimes,5,4,4,5,3,4,4,4,4,4,15,12,16,15,12,16,15,20,3.6,2.1,16,1.0,79.6,72.26077927137219
I0088,U009,comfort_oriented,P029,study_room_11,synthetic,train,3,3,4,3,3,4,4,5,5,4,home,team_project,mostly_solo,2_4h,morning,0,1,0,1,0,1,0,0,1,1,0,study_room,light_reading,solo,over_4h,morning,weekday,10.1,cloudy,indoor,sometimes,4,4,3,4,2,4,4,4,4,3,12,12,12,12,12,16,10,20,1.8,5.0,12,1.0,58.6,63.30320631916468
I0089,U009,comfort_oriented,P113,outdoor_05,synthetic,train,3,3,4,3,3,4,4,5,5,4,home,team_project,mostly_solo,2_4h,morning,0,1,0,1,0,1,0,0,1,1,0,outdoor,report_writing,solo,over_4h,evening,weekend,18.3,clear,outdoor,rarely,3,3,4,2,2,3,2,3,3,3,9,9,16,6,6,12,10,15,3.4,9.1,12,0.0,59.8,48.6828344628042
I0090,U009,comfort_oriented,P016,library_16,synthetic,train,3,3,4,3,3,4,4,5,5,4,home,team_project,mostly_solo,2_4h,morning,0,1,0,1,0,1,0,0,1,1,0,library,light_reading,solo,1_2h,afternoon,weekend,11.9,clear,indoor,first_time,5,4,3,5,3,4,3,5,4,4,15,12,12,15,9,16,15,20,1.8,6.0,15,0.5,57.5,65.00320129690799
I0091,U010,quiet_deepwork,P023,study_room_05,synthetic,train,5,5,5,5,5,2,4,4,4,5,study_room,deep_study,mostly_solo,over_4h,evening,1,1,1,1,1,0,1,1,0,1,1,study_room,coding,solo,2_4h,morning,weekday,20.7,hot,indoor,first_time,5,4,3,4,4,4,3,4,4,4,25,20,15,20,15,16,16,16,4.5,5.2,20,0.0,86.5,79.3250346660974
I0092,U010,quiet_deepwork,P064,classroom_02,synthetic,train,5,5,5,5,5,2,4,4,4,5,study_room,deep_study,mostly_solo,over_4h,evening,1,1,1,1,1,0,1,1,0,1,1,classroom,report_writing,solo,1_2h,morning,weekday,6.1,clear,indoor,often,4,4,3,3,3,3,3,3,3,3,20,20,15,15,15,12,12,12,4.3,1.5,15,0.0,76.7,74.80782447261309
I0093,U010,quiet_deepwork,P009,library_09,synthetic,train,5,5,5,5,5,2,4,4,4,5,study_room,deep_study,mostly_solo,over_4h,evening,1,1,1,1,1,0,1,1,0,1,1,library,report_writing,solo,2_4h,evening,weekday,7.4,cloudy,indoor,sometimes,4,4,3,4,2,4,4,4,4,4,20,20,15,20,20,16,8,16,4.3,1.8,20,1.0,80.2,81.79415707685001
I0094,U010,quiet_deepwork,P086,coworking_space_02,synthetic,train,5,5,5,5,5,2,4,4,4,5,study_room,deep_study,mostly_solo,over_4h,evening,1,1,1,1,1,0,1,1,0,1,1,coworking_space,report_writing,2,1_2h,late_night,weekday,19.8,cloudy,indoor,sometimes,3,4,4,4,5,3,4,3,4,4,15,20,20,20,20,16,20,12,4.3,4.9,15,0.5,72.3,73.42408107136407
I0095,U010,quiet_deepwork,P079,computer_lab_05,synthetic,train,5,5,5,5,5,2,4,4,4,5,study_room,deep_study,mostly_solo,over_4h,evening,1,1,1,1,1,0,1,1,0,1,1,computer_lab,coding,solo,1_2h,evening,weekend,9.7,clear,indoor,often,4,4,3,3,3,4,5,5,4,3,20,20,15,15,25,16,12,16,4.5,2.4,25,1.0,85.0,84.16484176146852
I0096,U010,quiet_deepwork,P009,library_09,synthetic,train,5,5,5,5,5,2,4,4,4,5,study_room,deep_study,mostly_solo,over_4h,evening,1,1,1,1,1,0,1,1,0,1,1,library,deep_study,solo,2_4h,early_morning,weekend,15.8,cloudy,indoor,often,4,4,3,4,2,4,4,5,4,4,20,20,15,20,20,16,8,16,5.0,4.0,25,0.0,80.2,83.10991197334647
I0097,U010,quiet_deepwork,P045,cafe_09,synthetic,train,5,5,5,5,5,2,4,4,4,5,study_room,deep_study,mostly_solo,over_4h,evening,1,1,1,1,1,0,1,1,0,1,1,cafe,report_writing,solo,over_4h,early_morning,weekday,3.8,clear,indoor,first_time,2,3,2,2,3,3,3,3,3,3,10,15,10,10,15,12,12,12,4.3,0.9,15,0.0,50.0,61.79083271684987
I0098,U010,quiet_deepwork,P097,dorm_lounge_01,synthetic,train,5,5,5,5,5,2,4,4,4,5,study_room,deep_study,mostly_solo,over_4h,evening,1,1,1,1,1,0,1,1,0,1,1,dorm_lounge,coding,solo,2_4h,afternoon,weekday,10.4,clear,indoor,often,3,3,3,2,3,4,5,3,4,2,15,15,15,10,25,16,12,16,4.5,2.6,15,0.5,71.2,72.31733634865972
I0099,U010,quiet_deepwork,P055,home_01,synthetic,train,5,5,5,5,5,2,4,4,4,5,study_room,deep_study,mostly_solo,over_4h,evening,1,1,1,1,1,0,1,1,0,1,1,home,light_reading,solo,under_1h,afternoon,weekday,7.0,cloudy,indoor,often,4,3,5,4,4,5,5,5,4,5,20,15,25,20,25,16,16,20,2.3,1.7,15,0.5,87.5,86.4386370526823
I0100,U010,quiet_deepwork,P072,classroom_10,synthetic,train,5,5,5,5,5,2,4,4,4,5,study_room,deep_study,mostly_solo,over_4h,evening,1,1,1,1,1,0,1,1,0,1,1,classroom,coding,solo,2_4h,evening,weekday,12.3,cold,indoor,rarely,3,3,4,3,3,3,4,4,3,3,15,15,20,15,20,12,12,12,4.5,3.1,20,1.0,70.3,71.15391658215096
I0101,U011,comfort_oriented,P118,outdoor_10,synthetic,train,4,5,3,4,4,4,4,5,4,4,cafe,deep_study,mostly_solo,2_4h,evening,1,0,1,1,1,1,1,1,1,1,1,outdoor,deep_study,solo,over_4h,evening,weekday,9.1,cloudy,outdoor,sometimes,3,5,3,3,3,3,2,1,3,3,12,25,9,12,8,12,15,12,4.0,4.6,4,1.0,72.7,54.821331371818935
I0102,U011,comfort_oriented,P057,home_03,synthetic,train,4,5,3,4,4,4,4,5,4,4,cafe,deep_study,mostly_solo,2_4h,evening,1,0,1,1,1,1,1,1,1,1,1,home,report_writing,solo,2_4h,morning,weekend,4.8,cloudy,indoor,often,3,4,4,4,5,4,5,4,5,4,12,20,12,16,20,20,25,16,3.4,2.4,16,0.0,74.0,77.97188243457381
I0103,U011,comfort_oriented,P086,coworking_space_02,synthetic,train,4,5,3,4,4,4,4,5,4,4,cafe,deep_study,mostly_solo,2_4h,evening,1,0,1,1,1,1,1,1,1,1,1,coworking_space,online_class,2,1_2h,late_night,weekday,16.4,cold,indoor,sometimes,3,4,4,4,5,3,4,4,4,4,12,20,12,16,16,16,25,12,2.6,8.2,12,0.5,67.6,62.59204911651
I0104,U011,comfort_oriented,P045,cafe_09,synthetic,train,4,5,3,4,4,4,4,5,4,4,cafe,deep_study,mostly_solo,2_4h,evening,1,0,1,1,1,1,1,1,1,1,1,cafe,light_reading,3_4,1_2h,afternoon,weekend,7.5,rainy,indoor,sometimes,2,3,2,2,3,3,3,4,3,3,8,15,6,8,12,12,15,12,1.8,3.8,12,0.5,57.4,53.097038870197835
I0105,U011,comfort_oriented,P073,classroom_11,synthetic,train,4,5,3,4,4,4,4,5,4,4,cafe,deep_study,mostly_solo,2_4h,evening,1,0,1,1,1,1,1,1,1,1,1,classroom,report_writing,solo,2_4h,late_night,weekday,14.6,clear,indoor,often,4,5,3,3,4,3,3,3,3,4,16,25,9,12,12,12,20,12,3.4,7.3,12,0.5,62.4,66.05427942331369
I0106,U011,comfort_oriented,P091,coworking_space_07,synthetic,train,4,5,3,4,4,4,4,5,4,4,cafe,deep_study,mostly_solo,2_4h,evening,1,0,1,1,1,1,1,1,1,1,1,coworking_space,report_writing,solo,over_4h,morning,weekend,13.0,cloudy,indoor,sometimes,4,4,4,3,4,5,4,4,3,4,16,20,12,12,16,12,20,20,3.4,6.5,16,0.0,71.9,70.33068080211413
I0107,U011,comfort_oriented,P034,study_room_16,synthetic,train,4,5,3,4,4,4,4,5,4,4,cafe,deep_study,mostly_solo,2_4h,evening,1,0,1,1,1,1,1,1,1,1,1,study_room,online_class,solo,2_4h,morning,weekend,10.9,hot,indoor,often,4,4,4,4,4,3,4,3,5,3,16,20,12,16,16,20,20,12,2.6,5.4,9,0.0,63.0,69.83549217079099
I0108,U011,comfort_oriented,P027,study_room_09,synthetic,train,4,5,3,4,4,4,4,5,4,4,cafe,deep_study,mostly_solo,2_4h,evening,1,0,1,1,1,1,1,1,1,1,1,study_room,deep_study,solo,2_4h,afternoon,weekday,7.9,clear,indoor,sometimes,5,3,3,4,4,3,3,4,3,3,20,15,9,16,12,12,20,12,4.0,4.0,16,0.5,71.3,67.97929583053607
I0109,U011,comfort_oriented,P005,library_05,synthetic,train,4,5,3,4,4,4,4,5,4,4,cafe,deep_study,mostly_solo,2_4h,evening,1,0,1,1,1,1,1,1,1,1,1,library,deep_study,2,over_4h,afternoon,weekend,2.7,rainy,indoor,first_time,5,4,4,5,3,4,4,4,4,4,20,20,12,20,16,16,15,16,4.0,1.3,16,0.5,60.3,71.54058889953012
I0110,U011,comfort_oriented,P076,computer_lab_02,synthetic,train,4,5,3,4,4,4,4,5,4,4,cafe,deep_study,mostly_solo,2_4h,evening,1,0,1,1,1,1,1,1,1,1,1,computer_lab,deep_study,solo,under_1h,morning,weekday,15.5,clear,indoor,sometimes,3,5,3,4,4,3,4,4,3,4,12,25,9,16,16,12,20,12,4.0,7.7,16,0.0,75.2,68.34362788831729
I0111,U012,convenience_oriented,P061,home_07,synthetic,train,5,3,3,3,4,5,5,3,4,3,cafe,light_reading,mixed,over_4h,afternoon,1,0,0,1,1,1,1,1,1,1,0,home,deep_study,solo,2_4h,evening,weekday,14.4,cloudy,indoor,sometimes,4,4,4,4,4,4,4,4,4,5,20,12,12,12,16,20,12,16,3.0,9.0,12,0.5,51.5,65.46045412009853
I0112,U012,convenience_oriented,P032,study_room_14,synthetic,train,5,3,3,3,4,5,5,3,4,3,cafe,light_reading,mixed,over_4h,afternoon,1,0,0,1,1,1,1,1,1,1,0,study_room,online_class,solo,2_4h,evening,weekday,15.9,clear,indoor,sometimes,4,4,4,4,4,3,4,4,4,4,20,12,12,12,16,20,12,12,2.0,10.0,12,0.5,76.0,63.91128536883679
I0113,U012,convenience_oriented,P033,study_room_15,synthetic,train,5,3,3,3,4,5,5,3,4,3,cafe,light_reading,mixed,over_4h,afternoon,1,0,0,1,1,1,1,1,1,1,0,study_room,report_writing,2,1_2h,afternoon,weekend,3.1,clear,indoor,rarely,5,3,4,3,4,4,4,4,5,4,25,9,12,9,16,25,12,16,2.6,2.0,12,1.0,64.0,70.9285181619452
I0114,U012,convenience_oriented,P118,outdoor_10,synthetic,train,5,3,3,3,4,5,5,3,4,3,cafe,light_reading,mixed,over_4h,afternoon,1,0,0,1,1,1,1,1,1,1,0,outdoor,online_class,2,1_2h,morning,weekday,11.6,rainy,outdoor,often,3,5,3,3,3,3,2,2,3,3,15,15,9,9,8,15,9,12,2.0,7.3,6,0.5,36.3,47.22774622673239
I0115,U012,convenience_oriented,P033,study_room_15,synthetic,train,5,3,3,3,4,5,5,3,4,3,cafe,light_reading,mixed,over_4h,afternoon,1,0,0,1,1,1,1,1,1,1,0,study_room,coding,solo,2_4h,evening,weekday,1.0,clear,indoor,sometimes,5,3,4,3,4,4,4,4,5,4,25,9,12,9,16,25,12,16,2.7,0.6,12,0.5,67.7,75.48707568831284
I0116,U012,convenience_oriented,P010,library_10,synthetic,train,5,3,3,3,4,5,5,3,4,3,cafe,light_reading,mixed,over_4h,afternoon,1,0,0,1,1,1,1,1,1,1,0,library,report_writing,solo,over_4h,afternoon,weekend,2.0,clear,indoor,often,5,5,4,4,3,4,4,4,4,5,25,15,12,12,16,20,9,16,2.6,1.3,12,1.0,73.6,75.10803075215588
I0117,U012,convenience_oriented,P035,study_room_17,synthetic,train,5,3,3,3,4,5,5,3,4,3,cafe,light_reading,mixed,over_4h,afternoon,1,0,0,1,1,1,1,1,1,1,0,study_room,team_project,3_4,2_4h,evening,weekend,4.1,rainy,indoor,rarely,4,4,4,4,3,4,5,5,4,3,20,12,12,12,20,20,9,16,0.8,2.6,15,0.5,67.8,72.67724813040664
I0118,U012,convenience_oriented,P083,computer_lab_09,synthetic,train,5,3,3,3,4,5,5,3,4,3,cafe,light_reading,mixed,over_4h,afternoon,1,0,0,1,1,1,1,1,1,1,0,computer_lab,online_class,2,over_4h,afternoon,weekday,2.1,rainy,indoor,first_time,4,4,3,3,4,3,5,5,4,3,20,12,9,9,20,20,12,12,2.0,1.3,15,1.0,60.4,65.22180961472228
I0119,U012,convenience_oriented,P041,cafe_05,synthetic,train,5,3,3,3,4,5,5,3,4,3,cafe,light_reading,mixed,over_4h,afternoon,1,0,0,1,1,1,1,1,1,1,0,cafe,online_class,solo,1_2h,morning,weekday,5.8,clear,indoor,sometimes,2,4,2,3,2,4,4,3,4,3,10,12,6,9,16,20,6,16,2.0,3.6,9,0.5,60.2,57.97573826322032
I0120,U012,convenience_oriented,P106,dorm_lounge_10,synthetic,train,5,3,3,3,4,5,5,3,4,3,cafe,light_reading,mixed,over_4h,afternoon,1,0,0,1,1,1,1,1,1,1,0,dorm_lounge,coding,solo,1_2h,morning,weekend,13.4,cold,indoor,often,3,3,2,3,3,4,3,3,3,3,15,9,6,9,12,15,9,16,2.7,8.4,9,0.5,49.5,54.762865292405735
I0121,U013,quiet_deepwork,P019,study_room_01,synthetic,train,5,3,4,5,4,4,4,4,4,5,study_room,coding,mostly_solo,under_1h,early_morning,1,1,1,1,1,1,1,1,1,1,1,study_room,online_class,solo,1_2h,early_morning,weekday,7.0,cloudy,indoor,often,4,3,4,4,3,4,4,4,4,4,20,9,16,20,16,16,12,16,3.3,3.5,12,1.0,61.0,74.63113632250108
I0122,U013,quiet_deepwork,P047,cafe_11,synthetic,train,5,3,4,5,4,4,4,4,4,5,study_room,coding,mostly_solo,under_1h,early_morning,1,1,1,1,1,1,1,1,1,1,1,cafe,deep_study,solo,2_4h,evening,weekend,7.8,rainy,indoor,often,3,4,3,3,2,4,3,3,4,3,15,12,12,15,12,16,8,16,5.0,3.9,15,0.0,66.4,63.6521276314902
I0123,U013,quiet_deepwork,P030,study_room_12,synthetic,train,5,3,4,5,4,4,4,4,4,5,study_room,coding,mostly_solo,under_1h,early_morning,1,1,1,1,1,1,1,1,1,1,1,study_room,deep_study,solo,under_1h,evening,weekday,8.7,cloudy,indoor,often,5,4,3,4,3,3,4,3,4,4,25,12,12,20,16,16,12,12,5.0,4.3,15,0.0,64.0,71.8642959638562
I0124,U013,quiet_deepwork,P050,cafe_14,synthetic,train,5,3,4,5,4,4,4,4,4,5,study_room,coding,mostly_solo,under_1h,early_morning,1,1,1,1,1,1,1,1,1,1,1,cafe,light_reading,solo,1_2h,afternoon,weekend,13.3,clear,indoor,sometimes,3,5,2,3,2,4,3,4,4,3,15,15,8,15,12,16,8,16,2.3,6.6,12,0.0,52.5,59.464963438547905
I0125,U013,quiet_deepwork,P068,classroom_06,synthetic,train,5,3,4,5,4,4,4,4,4,5,study_room,coding,mostly_solo,under_1h,early_morning,1,1,1,1,1,1,1,1,1,1,1,classroom,team_project,3_4,under_1h,evening,weekday,12.7,cloudy,indoor,often,3,4,3,3,2,3,3,4,2,4,15,12,12,15,12,8,8,12,1.3,6.4,12,0.0,62.2,61.91324809462101
I0126,U013,quiet_deepwork,P017,library_17,synthetic,train,5,3,4,5,4,4,4,4,4,5,study_room,coding,mostly_solo,under_1h,early_morning,1,1,1,1,1,1,1,1,1,1,1,library,coding,solo,2_4h,evening,weekday,11.4,rainy,indoor,sometimes,5,4,4,5,3,3,4,4,5,4,25,12,16,25,16,20,12,12,4.5,5.7,20,0.0,79.6,76.5805911848371
I0127,U013,quiet_deepwork,P076,computer_lab_02,synthetic,train,5,3,4,5,4,4,4,4,4,5,study_room,coding,mostly_solo,under_1h,early_morning,1,1,1,1,1,1,1,1,1,1,1,computer_lab,deep_study,solo,1_2h,early_morning,weekday,10.4,cloudy,indoor,often,3,5,3,4,4,3,4,3,3,4,15,15,12,20,16,12,16,12,5.0,5.2,15,1.0,65.0,67.5908644423316
I0128,U013,quiet_deepwork,P007,library_07,synthetic,train,5,3,4,5,4,4,4,4,4,5,study_room,coding,mostly_solo,under_1h,early_morning,1,1,1,1,1,1,1,1,1,1,1,library,coding,solo,2_4h,late_night,weekday,14.6,rainy,indoor,rarely,5,4,3,4,3,3,4,3,4,4,25,12,12,20,16,16,12,12,4.5,7.3,15,0.0,68.4,67.83079499534757
I0129,U013,quiet_deepwork,P006,library_06,synthetic,train,5,3,4,5,4,4,4,4,4,5,study_room,coding,mostly_solo,under_1h,early_morning,1,1,1,1,1,1,1,1,1,1,1,library,online_class,solo,1_2h,afternoon,weekday,11.0,clear,indoor,rarely,4,4,4,5,2,3,4,3,5,4,20,12,16,25,16,20,8,12,3.3,5.5,9,0.0,72.5,69.34908567538429
I0130,U013,quiet_deepwork,P046,cafe_10,synthetic,train,5,3,4,5,4,4,4,4,4,5,study_room,coding,mostly_solo,under_1h,early_morning,1,1,1,1,1,1,1,1,1,1,1,cafe,light_reading,solo,1_2h,afternoon,weekday,15.5,clear,indoor,rarely,3,4,2,3,2,4,3,4,3,3,15,12,8,15,12,12,8,16,2.3,7.8,12,0.0,55.5,56.112189220424206
I0131,U014,social_collaborative,P066,classroom_04,synthetic,train,3,5,3,3,5,3,3,2,4,3,classroom,coding,mostly_group,1_2h,evening,0,0,0,0,1,0,0,1,0,1,0,classroom,team_project,3_4,1_2h,early_morning,weekday,8.8,clear,indoor,often,3,4,4,3,3,3,4,4,3,4,9,20,12,9,20,9,6,12,0.8,3.3,12,0.0,66.3,65.58519512248746
I0132,U014,social_collaborative,P026,study_room_08,synthetic,train,3,5,3,3,5,3,3,2,4,3,classroom,coding,mostly_group,1_2h,evening,0,0,0,0,1,0,0,1,0,1,0,study_room,team_project,3_4,2_4h,evening,weekday,18.9,hot,indoor,rarely,4,5,4,4,5,4,4,5,4,3,12,25,12,12,20,12,10,16,0.8,7.1,15,1.0,70.2,69.27849039327765
I0133,U014,social_collaborative,P098,dorm_lounge_02,synthetic,train,3,5,3,3,5,3,3,2,4,3,classroom,coding,mostly_group,1_2h,evening,0,0,0,0,1,0,0,1,0,1,0,dorm_lounge,meeting,3_4,2_4h,morning,weekday,13.5,clear,indoor,often,3,4,3,2,3,4,4,4,4,3,9,20,9,6,20,12,6,16,0.6,5.1,12,0.0,56.4,64.44765368089415
I0134,U014,social_collaborative,P057,home_03,synthetic,train,3,5,3,3,5,3,3,2,4,3,classroom,coding,mostly_group,1_2h,evening,0,0,0,0,1,0,0,1,0,1,0,home,meeting,2,2_4h,morning,weekday,6.0,cloudy,indoor,rarely,3,4,4,4,5,4,5,5,5,4,9,20,12,12,25,15,10,16,0.6,2.2,15,0.0,63.3,70.37827112191384
I0135,U014,social_collaborative,P028,study_room_10,synthetic,train,3,5,3,3,5,3,3,2,4,3,classroom,coding,mostly_group,1_2h,evening,0,0,0,0,1,0,0,1,0,1,0,study_room,online_class,solo,1_2h,evening,weekday,19.1,clear,indoor,first_time,4,4,3,3,4,4,5,4,4,3,12,20,9,9,25,12,8,16,2.0,7.2,12,1.0,59.4,62.70571085197691
I0136,U014,social_collaborative,P004,library_04,synthetic,train,3,5,3,3,5,3,3,2,4,3,classroom,coding,mostly_group,1_2h,evening,0,0,0,0,1,0,0,1,0,1,0,library,team_project,3_4,2_4h,evening,weekday,1.0,clear,indoor,first_time,5,3,3,4,2,4,4,3,3,4,15,15,9,12,20,9,4,16,0.8,0.4,9,1.0,68.1,65.51973403670797
I0137,U014,social_collaborative,P017,library_17,synthetic,train,3,5,3,3,5,3,3,2,4,3,classroom,coding,mostly_group,1_2h,evening,0,0,0,0,1,0,0,1,0,1,0,library,team_project,5_plus,1_2h,afternoon,weekday,7.6,cloudy,indoor,first_time,5,4,4,5,3,3,4,3,5,4,15,20,12,15,20,15,6,12,0.8,2.9,9,0.5,62.6,67.02043089080826
I0138,U014,social_collaborative,P112,outdoor_04,synthetic,train,3,5,3,3,5,3,3,2,4,3,classroom,coding,mostly_group,1_2h,evening,0,0,0,0,1,0,0,1,0,1,0,outdoor,deep_study,solo,1_2h,afternoon,weekday,14.8,clear,outdoor,rarely,3,4,3,3,2,3,1,2,3,2,9,20,9,9,5,9,4,12,3.0,5.6,6,0.5,51.2,46.96037711405438
I0139,U014,social_collaborative,P039,cafe_03,synthetic,train,3,5,3,3,5,3,3,2,4,3,classroom,coding,mostly_group,1_2h,evening,0,0,0,0,1,0,0,1,0,1,0,cafe,team_project,2,over_4h,evening,weekend,9.6,clear,indoor,first_time,3,4,2,3,2,4,3,4,4,4,9,20,6,9,15,12,4,16,0.8,3.6,12,1.0,55.8,58.582316995958195
I0140,U014,social_collaborative,P066,classroom_04,synthetic,train,3,5,3,3,5,3,3,2,4,3,classroom,coding,mostly_group,1_2h,evening,0,0,0,0,1,0,0,1,0,1,0,classroom,coding,solo,1_2h,early_morning,weekend,7.8,clear,indoor,sometimes,3,4,4,3,3,3,4,4,3,4,9,20,12,9,20,9,6,12,2.7,2.9,12,0.0,59.9,61.95592126773011
I0141,U015,convenience_oriented,P058,home_04,synthetic,train,4,4,3,4,4,5,3,3,4,4,home,report_writing,mostly_solo,2_4h,afternoon,1,0,1,0,1,1,1,1,1,1,1,home,coding,solo,2_4h,afternoon,weekday,13.0,clear,indoor,sometimes,4,3,4,3,4,5,4,5,4,4,16,12,12,12,16,12,12,20,3.6,8.1,20,1.0,68.0,68.66293423076513
I0142,U015,convenience_oriented,P116,outdoor_08,synthetic,train,4,4,3,4,4,5,3,3,4,4,home,report_writing,mostly_solo,2_4h,afternoon,1,0,1,0,1,1,1,1,1,1,1,outdoor,online_class,solo,1_2h,morning,weekend,13.4,rainy,outdoor,first_time,3,5,3,3,2,2,1,2,3,3,12,20,9,12,4,9,6,8,2.6,8.4,6,0.5,43.4,44.693144156747984
I0143,U015,convenience_oriented,P008,library_08,synthetic,train,4,4,3,4,4,5,3,3,4,4,home,report_writing,mostly_solo,2_4h,afternoon,1,0,1,0,1,1,1,1,1,1,1,library,report_writing,solo,over_4h,morning,weekend,9.4,cloudy,indoor,rarely,5,5,4,4,2,3,4,4,4,4,20,20,12,16,16,12,6,12,3.4,5.8,16,0.5,66.0,67.54348226690547
I0144,U015,convenience_oriented,P105,dorm_lounge_09,synthetic,train,4,4,3,4,4,5,3,3,4,4,home,report_writing,mostly_solo,2_4h,afternoon,1,0,1,0,1,1,1,1,1,1,1,dorm_lounge,team_project,3_4,under_1h,afternoon,weekday,10.9,clear,indoor,often,3,3,3,2,3,3,4,4,4,3,12,12,9,8,16,12,9,12,1.0,6.8,12,1.0,59.8,61.456708397298804
I0145,U015,convenience_oriented,P082,computer_lab_08,synthetic,train,4,4,3,4,4,5,3,3,4,4,home,report_writing,mostly_solo,2_4h,afternoon,1,0,1,0,1,1,1,1,1,1,1,computer_lab,light_reading,solo,under_1h,morning,weekday,1.0,clear,indoor,rarely,3,4,4,4,3,3,5,3,3,3,12,16,12,16,20,9,9,12,1.8,0.6,9,0.5,61.6,65.17643701167552
I0146,U015,convenience_oriented,P048,cafe_12,synthetic,train,4,4,3,4,4,5,3,3,4,4,home,report_writing,mostly_solo,2_4h,afternoon,1,0,1,0,1,1,1,1,1,1,1,cafe,deep_study,2,2_4h,evening,weekday,9.5,clear,indoor,often,2,5,2,3,1,4,3,2,3,3,8,20,6,12,12,9,3,16,4.0,5.9,8,0.5,49.3,49.65524227477961
I0147,U015,convenience_oriented,P070,classroom_08,synthetic,train,4,4,3,4,4,5,3,3,4,4,home,report_writing,mostly_solo,2_4h,afternoon,1,0,1,0,1,1,1,1,1,1,1,classroom,deep_study,solo,1_2h,afternoon,weekday,8.0,clear,indoor,rarely,3,4,3,2,3,2,3,4,2,3,12,16,9,8,12,6,9,8,4.0,5.0,16,1.0,59.3,55.018597160727005
I0148,U015,convenience_oriented,P045,cafe_09,synthetic,train,4,4,3,4,4,5,3,3,4,4,home,report_writing,mostly_solo,2_4h,afternoon,1,0,1,0,1,1,1,1,1,1,1,cafe,report_writing,solo,under_1h,afternoon,weekend,9.8,clear,indoor,sometimes,2,3,2,2,3,3,3,5,3,3,8,12,6,8,12,9,9,12,3.4,6.1,20,1.0,70.3,56.30277648515787
I0149,U015,convenience_oriented,P062,home_08,synthetic,train,4,4,3,4,4,5,3,3,4,4,home,report_writing,mostly_solo,2_4h,afternoon,1,0,1,0,1,1,1,1,1,1,1,home,online_class,solo,1_2h,early_morning,weekend,8.0,hot,indoor,first_time,4,3,4,4,4,5,5,5,4,5,16,12,12,16,20,12,12,20,2.6,5.0,15,0.0,74.8,68.89640673449921
I0150,U015,convenience_oriented,P092,coworking_space_08,synthetic,train,4,4,3,4,4,5,3,3,4,4,home,report_writing,mostly_solo,2_4h,afternoon,1,0,1,0,1,1,1,1,1,1,1,coworking_space,report_writing,solo,2_4h,evening,weekday,4.2,clear,indoor,often,2,4,3,4,3,4,4,4,4,3,8,16,9,16,16,12,9,16,3.4,2.7,16,0.5,62.1,64.75504171960422
I0151,U016,quiet_deepwork,P023,study_room_05,synthetic,train,5,4,5,4,4,4,3,4,4,5,home,deep_study,mostly_solo,over_4h,early_morning,1,1,1,0,1,1,1,1,1,1,1,study_room,online_class,solo,2_4h,evening,weekday,18.5,clear,indoor,rarely,5,4,3,4,4,4,3,4,4,4,25,16,15,16,12,12,16,16,3.3,9.3,12,0.0,64.3,70.0368737158563
I0152,U016,quiet_deepwork,P054,cafe_18,synthetic,train,5,4,5,4,4,4,3,4,4,5,home,deep_study,mostly_solo,over_4h,early_morning,1,1,1,0,1,1,1,1,1,1,1,cafe,deep_study,2,2_4h,morning,weekday,7.5,clear,indoor,sometimes,3,5,2,3,2,3,3,3,4,3,15,20,10,12,12,12,8,12,5.0,3.8,15,0.5,62.2,60.67912410496842
I0153,U016,quiet_deepwork,P055,home_01,synthetic,train,5,4,5,4,4,4,3,4,4,5,home,deep_study,mostly_solo,over_4h,early_morning,1,1,1,0,1,1,1,1,1,1,1,home,report_writing,solo,1_2h,evening,weekend,11.4,cloudy,indoor,first_time,4,3,5,4,4,5,5,4,4,5,20,12,25,16,20,12,16,20,4.3,5.7,20,0.0,76.6,77.5309373086912
I0154,U016,quiet_deepwork,P035,study_room_17,synthetic,train,5,4,5,4,4,4,3,4,4,5,home,deep_study,mostly_solo,over_4h,early_morning,1,1,1,0,1,1,1,1,1,1,1,study_room,coding,solo,over_4h,evening,weekday,6.4,cold,indoor,sometimes,4,4,4,4,3,4,5,5,4,3,20,16,20,16,20,12,12,16,4.5,3.2,25,0.0,75.5,77.7381024599892
I0155,U016,quiet_deepwork,P031,study_room_13,synthetic,train,5,4,5,4,4,4,3,4,4,5,home,deep_study,mostly_solo,over_4h,early_morning,1,1,1,0,1,1,1,1,1,1,1,study_room,deep_study,solo,2_4h,early_morning,weekend,2.8,cold,indoor,sometimes,5,4,4,4,4,4,4,4,5,4,25,16,20,16,16,15,16,16,5.0,1.4,20,1.0,77.7,82.48289217235646
I0156,U016,quiet_deepwork,P030,study_room_12,synthetic,train,5,4,5,4,4,4,3,4,4,5,home,deep_study,mostly_solo,over_4h,early_morning,1,1,1,0,1,1,1,1,1,1,1,study_room,report_writing,solo,2_4h,early_morning,weekend,10.3,clear,indoor,often,5,4,3,4,3,3,4,5,4,4,25,16,15,16,16,12,12,12,4.3,5.2,25,1.0,79.1,79.23647849043255
I0157,U016,quiet_deepwork,P085,coworking_space_01,synthetic,train,5,4,5,4,4,4,3,4,4,5,home,deep_study,mostly_solo,over_4h,early_morning,1,1,1,0,1,1,1,1,1,1,1,coworking_space,coding,solo,under_1h,afternoon,weekday,3.6,clear,indoor,sometimes,3,5,2,3,4,3,4,5,4,3,15,20,10,12,16,12,16,12,4.5,1.8,25,0.0,75.8,71.95414277177801
I0158,U016,quiet_deepwork,P019,study_room_01,synthetic,train,5,4,5,4,4,4,3,4,4,5,home,deep_study,mostly_solo,over_4h,early_morning,1,1,1,0,1,1,1,1,1,1,1,study_room,deep_study,solo,2_4h,early_morning,weekday,10.9,clear,indoor,rarely,4,3,4,4,3,4,4,5,4,4,20,12,20,16,16,12,12,16,5.0,5.4,25,1.0,60.7,76.27818617499528
I0159,U016,quiet_deepwork,P054,cafe_18,synthetic,train,5,4,5,4,4,4,3,4,4,5,home,deep_study,mostly_solo,over_4h,early_morning,1,1,1,0,1,1,1,1,1,1,1,cafe,coding,solo,over_4h,afternoon,weekday,10.3,cold,indoor,rarely,3,5,2,3,2,3,3,3,4,3,15,20,10,12,12,12,8,12,4.5,5.1,15,0.0,65.6,59.226531130197976
I0160,U016,quiet_deepwork,P004,library_04,synthetic,train,5,4,5,4,4,4,3,4,4,5,home,deep_study,mostly_solo,over_4h,early_morning,1,1,1,0,1,1,1,1,1,1,1,library,report_writing,solo,over_4h,afternoon,weekend,6.1,clear,indoor,first_time,5,3,3,4,2,4,4,4,3,4,25,12,15,16,16,9,8,16,4.3,3.0,20,0.0,81.5,73.6345147404648
I0161,U017,social_collaborative,P086,coworking_space_02,synthetic,test,1,4,2,3,3,3,4,3,5,3,coworking_space,coding,mostly_group,2_4h,evening,0,0,0,1,0,0,0,0,0,1,0,coworking_space,meeting,3_4,2_4h,afternoon,weekday,16.4,clear,indoor,often,3,4,4,4,5,3,4,5,4,4,3,16,8,12,12,16,15,15,0.6,6.1,15,0.5,68.2,62.93807166446082
I0162,U017,social_collaborative,P033,study_room_15,synthetic,test,1,4,2,3,3,3,4,3,5,3,coworking_space,coding,mostly_group,2_4h,evening,0,0,0,1,0,0,0,0,0,1,0,study_room,online_class,solo,under_1h,afternoon,weekend,1.0,cold,indoor,sometimes,5,3,4,3,4,4,4,5,5,4,5,12,8,9,12,20,12,20,2.0,0.4,15,0.5,57.9,66.21947668522742
I0163,U017,social_collaborative,P102,dorm_lounge_06,synthetic,test,1,4,2,3,3,3,4,3,5,3,coworking_space,coding,mostly_group,2_4h,evening,0,0,0,1,0,0,0,0,0,1,0,dorm_lounge,team_project,5_plus,2_4h,late_night,weekday,20.0,clear,indoor,often,3,3,3,3,3,3,4,4,4,4,3,12,6,9,12,16,9,15,0.8,7.5,12,0.5,54.8,56.70898361991737
I0164,U017,social_collaborative,P025,study_room_07,synthetic,test,1,4,2,3,3,3,4,3,5,3,coworking_space,coding,mostly_group,2_4h,evening,0,0,0,1,0,0,0,0,0,1,0,study_room,report_writing,solo,over_4h,afternoon,weekday,8.1,hot,indoor,rarely,4,4,3,4,4,4,4,4,4,3,4,16,6,12,12,16,12,20,2.6,3.0,12,0.5,64.7,58.45731415728051
I0165,U017,social_collaborative,P033,study_room_15,synthetic,test,1,4,2,3,3,3,4,3,5,3,coworking_space,coding,mostly_group,2_4h,evening,0,0,0,1,0,0,0,0,0,1,0,study_room,team_project,3_4,2_4h,evening,weekend,2.5,cloudy,indoor,sometimes,5,3,4,3,4,4,4,5,5,4,5,12,8,9,12,20,12,20,0.8,1.0,15,1.0,65.3,68.49751615339869
I0166,U017,social_collaborative,P111,outdoor_03,synthetic,test,1,4,2,3,3,3,4,3,5,3,coworking_space,coding,mostly_group,2_4h,evening,0,0,0,1,0,0,0,0,0,1,0,outdoor,meeting,3_4,1_2h,evening,weekend,12.2,hot,outdoor,sometimes,3,5,3,4,2,2,1,2,2,3,3,20,6,12,3,8,6,10,0.6,4.6,6,1.0,53.6,43.52434975777308
I0167,U017,social_collaborative,P029,study_room_11,synthetic,test,1,4,2,3,3,3,4,3,5,3,coworking_space,coding,mostly_group,2_4h,evening,0,0,0,1,0,0,0,0,0,1,0,study_room,coding,solo,2_4h,late_night,weekday,12.2,cloudy,indoor,first_time,4,4,3,4,2,4,4,4,4,3,4,16,6,12,12,16,6,20,2.7,4.6,12,0.5,52.2,55.23134302202604
I0168,U017,social_collaborative,P101,dorm_lounge_05,synthetic,test,1,4,2,3,3,3,4,3,5,3,coworking_space,coding,mostly_group,2_4h,evening,0,0,0,1,0,0,0,0,0,1,0,dorm_lounge,online_class,solo,2_4h,early_morning,weekday,8.8,cold,indoor,rarely,3,4,2,2,3,4,4,3,4,3,3,16,4,6,12,16,9,20,2.0,3.3,9,0.0,40.5,53.83525643419797
I0169,U017,social_collaborative,P026,study_room_08,synthetic,test,1,4,2,3,3,3,4,3,5,3,coworking_space,coding,mostly_group,2_4h,evening,0,0,0,1,0,0,0,0,0,1,0,study_room,online_class,3_4,under_1h,morning,weekend,19.5,cloudy,indoor,often,4,5,4,4,5,4,4,5,4,3,4,20,8,12,12,16,15,20,2.0,7.3,15,0.0,63.4,62.40001852118791
I0170,U017,social_collaborative,P108,dorm_lounge_12,synthetic,test,1,4,2,3,3,3,4,3,5,3,coworking_space,coding,mostly_group,2_4h,evening,0,0,0,1,0,0,0,0,0,1,0,dorm_lounge,online_class,solo,1_2h,evening,weekend,7.8,clear,indoor,rarely,2,4,3,3,3,3,3,3,3,3,2,16,6,9,9,12,9,15,2.0,2.9,9,1.0,48.5,51.64063513947664
I0171,U018,comfort_oriented,P065,classroom_03,synthetic,test,4,4,3,3,4,5,4,5,4,3,home,deep_study,mixed,2_4h,morning,1,0,0,1,1,1,1,1,1,1,0,classroom,report_writing,solo,2_4h,afternoon,weekday,6.7,clear,indoor,often,4,4,3,3,3,3,4,4,3,3,16,16,9,9,16,12,15,12,2.6,4.2,12,0.5,55.0,63.41608915993573
I0172,U018,comfort_oriented,P043,cafe_07,synthetic,test,4,4,3,3,4,5,4,5,4,3,home,deep_study,mixed,2_4h,morning,1,0,0,1,1,1,1,1,1,1,0,cafe,light_reading,solo,2_4h,evening,weekday,2.8,clear,indoor,often,2,5,3,3,2,4,3,4,3,3,8,20,9,9,12,12,10,16,1.4,1.7,12,0.0,58.9,59.84349504220356
I0173,U018,comfort_oriented,P040,cafe_04,synthetic,test,4,4,3,3,4,5,4,5,4,3,home,deep_study,mixed,2_4h,morning,1,0,0,1,1,1,1,1,1,1,0,cafe,light_reading,solo,1_2h,afternoon,weekday,6.6,cloudy,indoor,rarely,3,4,2,3,3,4,3,4,4,3,12,16,6,9,12,16,15,16,1.4,4.2,12,0.5,58.8,57.67164911795866
I0174,U018,comfort_oriented,P027,study_room_09,synthetic,test,4,4,3,3,4,5,4,5,4,3,home,deep_study,mixed,2_4h,morning,1,0,0,1,1,1,1,1,1,1,0,study_room,coding,solo,over_4h,evening,weekday,7.1,clear,indoor,sometimes,5,3,3,4,4,3,3,4,3,3,20,12,9,12,12,12,20,12,2.7,4.4,12,0.0,66.1,63.243137878960965
I0175,U018,comfort_oriented,P064,classroom_02,synthetic,test,4,4,3,3,4,5,4,5,4,3,home,deep_study,mixed,2_4h,morning,1,0,0,1,1,1,1,1,1,1,0,classroom,light_reading,solo,1_2h,morning,weekday,7.9,cloudy,indoor,often,4,4,3,3,3,3,3,4,3,3,16,16,9,9,12,12,15,12,1.4,4.9,12,1.0,62.0,61.37287013434857
I0176,U018,comfort_oriented,P078,computer_lab_04,synthetic,test,4,4,3,3,4,5,4,5,4,3,home,deep_study,mixed,2_4h,morning,1,0,0,1,1,1,1,1,1,1,0,computer_lab,coding,solo,2_4h,morning,weekday,5.3,clear,indoor,often,4,4,4,4,3,3,5,5,4,3,16,16,12,12,20,16,15,12,2.7,3.3,15,1.0,63.1,71.11055006459851
I0177,U018,comfort_oriented,P021,study_room_03,synthetic,test,4,4,3,3,4,5,4,5,4,3,home,deep_study,mixed,2_4h,morning,1,0,0,1,1,1,1,1,1,1,0,study_room,coding,solo,over_4h,morning,weekday,13.5,hot,indoor,sometimes,5,4,4,4,3,4,4,5,4,2,20,16,12,12,16,16,15,16,2.7,8.4,15,1.0,58.8,65.98123194330847
I0178,U018,comfort_oriented,P043,cafe_07,synthetic,test,4,4,3,3,4,5,4,5,4,3,home,deep_study,mixed,2_4h,morning,1,0,0,1,1,1,1,1,1,1,0,cafe,online_class,solo,1_2h,afternoon,weekend,3.1,hot,indoor,first_time,2,5,3,3,2,4,3,3,3,3,8,20,9,9,12,12,10,16,2.0,2.0,9,0.5,40.9,54.698495351688
I0179,U018,comfort_oriented,P094,coworking_space_10,synthetic,test,4,4,3,3,4,5,4,5,4,3,home,deep_study,mixed,2_4h,morning,1,0,0,1,1,1,1,1,1,1,0,coworking_space,deep_study,solo,over_4h,late_night,weekday,8.5,clear,indoor,sometimes,3,5,3,4,3,4,3,3,4,4,12,20,9,12,12,16,15,16,3.0,5.3,9,0.0,63.6,59.96032159110624
I0180,U018,comfort_oriented,P068,classroom_06,synthetic,test,4,4,3,3,4,5,4,5,4,3,home,deep_study,mixed,2_4h,morning,1,0,0,1,1,1,1,1,1,1,0,classroom,report_writing,solo,2_4h,afternoon,weekend,19.1,clear,indoor,sometimes,3,4,3,3,2,3,3,4,2,4,12,16,9,9,12,8,10,12,2.6,11.9,12,0.5,55.1,52.12704640041025
I0181,U019,quiet_deepwork,P089,coworking_space_05,synthetic,train,5,4,5,4,5,3,4,5,4,5,computer_lab,light_reading,mostly_solo,1_2h,morning,1,1,1,1,1,0,1,1,0,1,1,coworking_space,coding,solo,1_2h,morning,weekend,22.5,clear,indoor,often,3,5,4,3,4,4,5,3,4,3,15,20,20,12,25,16,20,16,4.5,8.4,15,1.0,67.4,73.52649552062255
I0182,U019,quiet_deepwork,P031,study_room_13,synthetic,train,5,4,5,4,5,3,4,5,4,5,computer_lab,light_reading,mostly_solo,1_2h,morning,1,1,1,1,1,0,1,1,0,1,1,study_room,coding,solo,2_4h,evening,weekday,2.9,clear,indoor,sometimes,5,4,4,4,4,4,4,4,5,4,25,16,20,16,20,20,20,16,4.5,1.1,20,0.0,80.2,84.27904963520176
I0183,U019,quiet_deepwork,P011,library_11,synthetic,train,5,4,5,4,5,3,4,5,4,5,computer_lab,light_reading,mostly_solo,1_2h,morning,1,1,1,1,1,0,1,1,0,1,1,library,deep_study,2,2_4h,evening,weekday,9.9,cloudy,indoor,rarely,5,4,4,4,2,4,4,4,4,3,25,16,20,16,20,16,10,16,5.0,3.7,20,0.0,74.2,74.17957937902145
I0184,U019,quiet_deepwork,P004,library_04,synthetic,train,5,4,5,4,5,3,4,5,4,5,computer_lab,light_reading,mostly_solo,1_2h,morning,1,1,1,1,1,0,1,1,0,1,1,library,deep_study,solo,1_2h,early_morning,weekend,5.6,cloudy,indoor,often,5,3,3,4,2,4,4,5,3,4,25,12,15,16,20,12,10,16,5.0,2.1,25,0.5,83.0,80.24921248392482
I0185,U019,quiet_deepwork,P026,study_room_08,synthetic,train,5,4,5,4,5,3,4,5,4,5,computer_lab,light_reading,mostly_solo,1_2h,morning,1,1,1,1,1,0,1,1,0,1,1,study_room,report_writing,solo,over_4h,evening,weekday,21.8,clear,indoor,often,4,5,4,4,5,4,4,4,4,3,20,20,20,16,20,16,25,16,4.3,8.2,20,0.0,80.8,79.47041827982136
I0186,U019,quiet_deepwork,P001,library_01,synthetic,train,5,4,5,4,5,3,4,5,4,5,computer_lab,light_reading,mostly_solo,1_2h,morning,1,1,1,1,1,0,1,1,0,1,1,library,online_class,solo,2_4h,morning,weekday,12.3,clear,indoor,often,5,4,4,5,2,3,4,3,4,4,25,16,20,20,20,16,10,12,3.3,4.6,9,1.0,85.6,77.62077828886719
I0187,U019,quiet_deepwork,P042,cafe_06,synthetic,train,5,4,5,4,5,3,4,5,4,5,computer_lab,light_reading,mostly_solo,1_2h,morning,1,1,1,1,1,0,1,1,0,1,1,cafe,report_writing,2,1_2h,morning,weekend,9.2,clear,indoor,sometimes,3,4,2,3,2,4,3,4,4,3,15,16,10,12,15,16,10,16,4.3,3.5,20,1.0,53.2,66.5075692779968
I0188,U019,quiet_deepwork,P078,computer_lab_04,synthetic,train,5,4,5,4,5,3,4,5,4,5,computer_lab,light_reading,mostly_solo,1_2h,morning,1,1,1,1,1,0,1,1,0,1,1,computer_lab,report_writing,solo,over_4h,morning,weekday,11.4,cloudy,indoor,sometimes,4,4,4,4,3,3,5,4,4,3,20,16,20,16,25,16,15,12,4.3,4.3,20,1.0,72.7,78.31354340389372
I0189,U019,quiet_deepwork,P047,cafe_11,synthetic,train,5,4,5,4,5,3,4,5,4,5,computer_lab,light_reading,mostly_solo,1_2h,morning,1,1,1,1,1,0,1,1,0,1,1,cafe,team_project,3_4,2_4h,evening,weekday,10.4,cloudy,indoor,sometimes,3,4,3,3,2,4,3,5,4,3,15,16,15,12,15,16,10,16,1.3,3.9,15,0.0,68.4,70.553789390582
I0190,U019,quiet_deepwork,P021,study_room_03,synthetic,train,5,4,5,4,5,3,4,5,4,5,computer_lab,light_reading,mostly_solo,1_2h,morning,1,1,1,1,1,0,1,1,0,1,1,study_room,online_class,solo,1_2h,early_morning,weekday,17.9,clear,indoor,sometimes,5,4,4,4,3,4,4,3,4,2,25,16,20,16,20,16,15,16,3.3,6.7,9,0.5,68.7,75.2967553062052
I0191,U020,convenience_oriented,P019,study_room_01,synthetic,train,4,3,4,3,5,5,2,3,3,3,study_room,coding,mixed,2_4h,evening,1,1,0,0,1,1,1,1,1,0,0,study_room,online_class,2,1_2h,afternoon,weekday,12.0,hot,indoor,sometimes,4,3,4,4,3,4,4,4,4,4,16,9,16,12,20,8,9,12,2.0,7.5,12,0.5,58.3,59.25601480568414
I0192,U020,convenience_oriented,P095,coworking_space_11,synthetic,train,4,3,4,3,5,5,2,3,3,3,study_room,coding,mixed,2_4h,evening,1,1,0,0,1,1,1,1,1,0,0,coworking_space,team_project,3_4,1_2h,afternoon,weekday,7.8,cloudy,indoor,rarely,4,4,3,3,4,4,5,5,4,4,16,12,12,9,25,8,12,12,0.8,4.9,15,0.5,66.8,66.12040069476872
I0193,U020,convenience_oriented,P080,computer_lab_06,synthetic,train,4,3,4,3,5,5,2,3,3,3,study_room,coding,mixed,2_4h,evening,1,1,0,0,1,1,1,1,1,0,0,computer_lab,coding,solo,over_4h,evening,weekend,6.7,clear,indoor,sometimes,4,4,4,3,3,4,4,5,4,3,16,12,16,9,20,8,9,12,2.7,4.2,15,1.0,69.5,66.4475355063102
I0194,U020,convenience_oriented,P020,study_room_02,synthetic,train,4,3,4,3,5,5,2,3,3,3,study_room,coding,mixed,2_4h,evening,1,1,0,0,1,1,1,1,1,0,0,study_room,report_writing,solo,under_1h,evening,weekday,6.4,clear,indoor,rarely,4,4,4,5,3,4,4,4,4,4,16,12,16,15,20,8,9,12,2.6,4.0,12,1.0,70.5,66.14074921141817
I0195,U020,convenience_oriented,P049,cafe_13,synthetic,train,4,3,4,3,5,5,2,3,3,3,study_room,coding,mixed,2_4h,evening,1,1,0,0,1,1,1,1,1,0,0,cafe,deep_study,solo,over_4h,late_night,weekend,11.1,cloudy,indoor,first_time,3,4,2,3,3,3,2,3,4,2,12,12,8,9,10,8,9,9,3.0,6.9,9,0.5,48.5,47.92126824986002
I0196,U020,convenience_oriented,P075,computer_lab_01,synthetic,train,4,3,4,3,5,5,2,3,3,3,study_room,coding,mixed,2_4h,evening,1,1,0,0,1,1,1,1,1,0,0,computer_lab,online_class,solo,under_1h,evening,weekend,6.0,cloudy,indoor,first_time,3,3,3,4,3,4,5,4,3,3,12,9,12,12,25,6,9,12,2.0,3.8,12,1.0,53.3,62.23531895165911
I0197,U020,convenience_oriented,P094,coworking_space_10,synthetic,train,4,3,4,3,5,5,2,3,3,3,study_room,coding,mixed,2_4h,evening,1,1,0,0,1,1,1,1,1,0,0,coworking_space,team_project,5_plus,2_4h,evening,weekend,8.9,clear,indoor,first_time,3,5,3,4,3,4,3,4,4,4,12,15,12,12,15,8,9,12,0.8,5.6,12,1.0,50.1,59.80944203155569
I0198,U020,convenience_oriented,P012,library_12,synthetic,train,4,3,4,3,5,5,2,3,3,3,study_room,coding,mixed,2_4h,evening,1,1,0,0,1,1,1,1,1,0,0,library,coding,solo,2_4h,evening,weekday,7.4,cloudy,indoor,sometimes,5,4,4,4,3,3,3,4,5,4,20,12,16,12,15,10,9,9,2.7,4.6,12,1.0,51.1,65.63530975618312
I0199,U020,convenience_oriented,P029,study_room_11,synthetic,train,4,3,4,3,5,5,2,3,3,3,study_room,coding,mixed,2_4h,evening,1,1,0,0,1,1,1,1,1,0,0,study_room,light_reading,solo,1_2h,evening,weekend,10.8,hot,indoor,sometimes,4,4,3,4,2,4,4,4,4,3,16,12,12,12,20,8,6,12,1.4,6.7,12,1.0,64.9,59.81044346472036
I0200,U020,convenience_oriented,P057,home_03,synthetic,train,4,3,4,3,5,5,2,3,3,3,study_room,coding,mixed,2_4h,evening,1,1,0,0,1,1,1,1,1,0,0,home,light_reading,5_plus,over_4h,morning,weekend,1.0,cloudy,indoor,rarely,3,4,4,4,5,4,5,4,5,4,12,12,16,12,25,10,15,12,1.4,0.6,12,0.0,74.2,65.30287715622728
I0201,U021,social_collaborative,P053,cafe_17,synthetic,test,3,4,2,2,3,3,3,3,5,3,coworking_space,deep_study,mostly_group,1_2h,late_night,0,0,0,0,0,0,0,0,0,1,0,cafe,team_project,3_4,1_2h,morning,weekday,11.0,clear,indoor,first_time,3,4,2,2,2,3,3,4,3,3,9,16,4,4,9,9,6,15,0.8,4.1,12,0.0,51.2,52.914827098982165
I0202,U021,social_collaborative,P087,coworking_space_03,synthetic,test,3,4,2,2,3,3,3,3,5,3,coworking_space,deep_study,mostly_group,1_2h,late_night,0,0,0,0,0,0,0,0,0,1,0,coworking_space,coding,solo,2_4h,evening,weekday,17.6,rainy,indoor,first_time,4,4,3,2,5,4,4,4,4,4,12,16,6,4,12,12,15,20,2.7,6.6,12,0.5,67.9,57.5372370451846
I0203,U021,social_collaborative,P060,home_06,synthetic,test,3,4,2,2,3,3,3,3,5,3,coworking_space,deep_study,mostly_group,1_2h,late_night,0,0,0,0,0,0,0,0,0,1,0,home,team_project,2,over_4h,afternoon,weekday,10.1,rainy,indoor,often,4,3,5,5,4,5,5,3,4,5,12,12,10,10,15,12,12,25,0.8,3.8,9,0.0,65.8,67.46154105859434
I0204,U021,social_collaborative,P024,study_room_06,synthetic,test,3,4,2,2,3,3,3,3,5,3,coworking_space,deep_study,mostly_group,1_2h,late_night,0,0,0,0,0,0,0,0,0,1,0,study_room,meeting,2,under_1h,afternoon,weekday,3.4,cold,indoor,sometimes,4,4,3,4,3,4,4,5,4,3,12,16,6,8,12,12,9,20,0.6,1.3,15,0.0,71.2,64.4828548175671
I0205,U021,social_collaborative,P102,dorm_lounge_06,synthetic,test,3,4,2,2,3,3,3,3,5,3,coworking_space,deep_study,mostly_group,1_2h,late_night,0,0,0,0,0,0,0,0,0,1,0,dorm_lounge,team_project,3_4,over_4h,late_night,weekday,18.5,cloudy,indoor,sometimes,3,3,3,3,3,3,4,4,4,4,9,12,6,6,12,12,9,15,0.8,6.9,12,1.0,54.4,56.843333851251316
I0206,U021,social_collaborative,P030,study_room_12,synthetic,test,3,4,2,2,3,3,3,3,5,3,coworking_space,deep_study,mostly_group,1_2h,late_night,0,0,0,0,0,0,0,0,0,1,0,study_room,meeting,5_plus,1_2h,morning,weekday,13.1,clear,indoor,sometimes,5,4,3,4,3,3,4,5,4,4,15,16,6,8,12,12,9,15,0.6,4.9,15,0.0,63.0,64.27719042387619
I0207,U021,social_collaborative,P003,library_03,synthetic,test,3,4,2,2,3,3,3,3,5,3,coworking_space,deep_study,mostly_group,1_2h,late_night,0,0,0,0,0,0,0,0,0,1,0,library,meeting,3_4,over_4h,early_morning,weekday,1.0,clear,indoor,sometimes,5,3,4,5,3,3,4,3,4,4,15,12,8,10,12,12,9,15,0.6,0.4,9,0.0,72.3,64.95944527601797
I0208,U021,social_collaborative,P075,computer_lab_01,synthetic,test,3,4,2,2,3,3,3,3,5,3,coworking_space,deep_study,mostly_group,1_2h,late_night,0,0,0,0,0,0,0,0,0,1,0,computer_lab,team_project,2,1_2h,late_night,weekend,13.2,rainy,indoor,often,3,3,3,4,3,4,5,2,3,3,9,12,6,8,15,9,9,20,0.8,5.0,6,1.0,68.3,58.144211839509055
I0209,U021,social_collaborative,P077,computer_lab_03,synthetic,test,3,4,2,2,3,3,3,3,5,3,coworking_space,deep_study,mostly_group,1_2h,late_night,0,0,0,0,0,0,0,0,0,1,0,computer_lab,deep_study,solo,2_4h,late_night,weekday,16.6,cold,indoor,often,4,3,3,3,2,3,4,4,4,4,12,12,6,6,12,12,6,15,3.0,6.2,12,1.0,54.6,57.19597698535101
I0210,U021,social_collaborative,P078,computer_lab_04,synthetic,test,3,4,2,2,3,3,3,3,5,3,coworking_space,deep_study,mostly_group,1_2h,late_night,0,0,0,0,0,0,0,0,0,1,0,computer_lab,coding,solo,over_4h,late_night,weekday,6.5,cloudy,indoor,sometimes,4,4,4,4,3,3,5,4,4,3,12,16,8,8,15,12,9,15,2.7,2.4,12,1.0,62.0,61.574649524219765
I0211,U022,balanced,P039,cafe_03,synthetic,valid,5,4,3,4,4,3,4,4,4,4,library,light_reading,mostly_solo,1_2h,afternoon,1,0,1,1,1,0,1,1,0,1,1,cafe,coding,solo,2_4h,afternoon,weekday,7.5,clear,indoor,sometimes,3,4,2,3,2,4,3,3,4,4,15,16,6,12,12,16,8,16,3.6,2.8,12,1.0,60.2,62.64170802465003
I0212,U022,balanced,P048,cafe_12,synthetic,valid,5,4,3,4,4,3,4,4,4,4,library,light_reading,mostly_solo,1_2h,afternoon,1,0,1,1,1,0,1,1,0,1,1,cafe,coding,solo,1_2h,afternoon,weekday,5.6,rainy,indoor,sometimes,2,5,2,3,1,4,3,4,3,3,10,20,6,12,12,12,4,16,3.6,2.1,16,1.0,63.6,59.7409255072072
I0213,U022,balanced,P027,study_room_09,synthetic,valid,5,4,3,4,4,3,4,4,4,4,library,light_reading,mostly_solo,1_2h,afternoon,1,0,1,1,1,0,1,1,0,1,1,study_room,report_writing,solo,2_4h,afternoon,weekday,3.8,rainy,indoor,often,5,3,3,4,4,3,3,4,3,3,25,12,9,16,12,12,16,12,3.4,1.4,16,1.0,61.6,72.41753931864713
I0214,U022,balanced,P035,study_room_17,synthetic,valid,5,4,3,4,4,3,4,4,4,4,library,light_reading,mostly_solo,1_2h,afternoon,1,0,1,1,1,0,1,1,0,1,1,study_room,report_writing,solo,1_2h,afternoon,weekend,1.0,clear,indoor,sometimes,4,4,4,4,3,4,5,5,4,3,20,16,12,16,20,16,12,16,3.4,0.4,20,1.0,84.3,78.19661292301892
I0215,U022,balanced,P042,cafe_06,synthetic,valid,5,4,3,4,4,3,4,4,4,4,library,light_reading,mostly_solo,1_2h,afternoon,1,0,1,1,1,0,1,1,0,1,1,cafe,light_reading,solo,over_4h,afternoon,weekend,14.7,cloudy,indoor,sometimes,3,4,2,3,2,4,3,4,4,3,15,16,6,12,12,16,8,16,1.8,5.5,12,1.0,54.6,60.40196215614806
I0216,U022,balanced,P105,dorm_lounge_09,synthetic,valid,5,4,3,4,4,3,4,4,4,4,library,light_reading,mostly_solo,1_2h,afternoon,1,0,1,1,1,0,1,1,0,1,1,dorm_lounge,report_writing,solo,over_4h,morning,weekend,11.8,cloudy,indoor,first_time,3,3,3,2,3,3,4,4,4,3,15,12,9,8,16,16,12,12,3.4,4.4,16,0.5,52.3,61.87674381624365
I0217,U022,balanced,P017,library_17,synthetic,valid,5,4,3,4,4,3,4,4,4,4,library,light_reading,mostly_solo,1_2h,afternoon,1,0,1,1,1,0,1,1,0,1,1,library,report_writing,solo,1_2h,evening,weekday,13.4,clear,indoor,sometimes,5,4,4,5,3,3,4,4,5,4,25,16,12,20,16,20,12,12,3.4,5.0,16,0.5,74.1,76.44562096593856
I0218,U022,balanced,P022,study_room_04,synthetic,valid,5,4,3,4,4,3,4,4,4,4,library,light_reading,mostly_solo,1_2h,afternoon,1,0,1,1,1,0,1,1,0,1,1,study_room,team_project,5_plus,2_4h,afternoon,weekday,10.8,clear,indoor,often,4,5,3,4,5,3,4,5,4,4,20,20,9,16,16,16,20,12,1.0,4.1,15,1.0,73.6,77.00529563563317
I0219,U022,balanced,P035,study_room_17,synthetic,valid,5,4,3,4,4,3,4,4,4,4,library,light_reading,mostly_solo,1_2h,afternoon,1,0,1,1,1,0,1,1,0,1,1,study_room,light_reading,solo,1_2h,afternoon,weekday,6.2,clear,indoor,sometimes,4,4,4,4,3,4,5,4,4,3,20,16,12,16,20,16,12,16,1.8,2.3,12,1.0,65.9,73.40228249507135
I0220,U022,balanced,P013,library_13,synthetic,valid,5,4,3,4,4,3,4,4,4,4,library,light_reading,mostly_solo,1_2h,afternoon,1,0,1,1,1,0,1,1,0,1,1,library,coding,solo,2_4h,early_morning,weekend,2.2,cloudy,indoor,first_time,5,4,4,4,3,3,5,4,4,4,25,16,12,16,20,16,12,12,3.6,0.8,16,0.0,85.3,74.5374664182354
I0221,U023,social_collaborative,P099,dorm_lounge_03,synthetic,test,2,3,3,3,4,3,3,3,4,2,cafe,coding,mostly_group,2_4h,afternoon,0,0,0,0,1,0,0,1,0,1,0,dorm_lounge,team_project,3_4,1_2h,morning,weekend,14.4,clear,indoor,rarely,4,4,3,3,3,3,4,4,3,3,8,12,9,9,16,9,9,12,0.5,5.4,12,0.5,66.5,55.04730864270259
I0222,U023,social_collaborative,P051,cafe_15,synthetic,test,2,3,3,3,4,3,3,3,4,2,cafe,coding,mostly_group,2_4h,afternoon,0,0,0,0,1,0,0,1,0,1,0,cafe,meeting,2,2_4h,afternoon,weekday,15.3,clear,indoor,often,3,4,2,3,3,4,3,4,4,3,6,12,6,9,12,12,9,16,0.4,5.7,12,1.0,50.0,53.80851107430539
I0223,U023,social_collaborative,P088,coworking_space_04,synthetic,test,2,3,3,3,4,3,3,3,4,2,cafe,coding,mostly_group,2_4h,afternoon,0,0,0,0,1,0,0,1,0,1,0,coworking_space,team_project,2,2_4h,early_morning,weekday,14.5,rainy,indoor,first_time,3,4,3,3,4,4,4,4,5,4,6,12,9,9,16,15,12,16,0.5,5.4,12,0.0,50.1,55.71041009532597
I0224,U023,social_collaborative,P021,study_room_03,synthetic,test,2,3,3,3,4,3,3,3,4,2,cafe,coding,mostly_group,2_4h,afternoon,0,0,0,0,1,0,0,1,0,1,0,study_room,team_project,2,under_1h,afternoon,weekend,15.2,clear,indoor,often,5,4,4,4,3,4,4,4,4,2,10,12,12,12,16,12,9,16,0.5,5.7,12,1.0,53.6,61.36412321800572
I0225,U023,social_collaborative,P035,study_room_17,synthetic,test,2,3,3,3,4,3,3,3,4,2,cafe,coding,mostly_group,2_4h,afternoon,0,0,0,0,1,0,0,1,0,1,0,study_room,team_project,3_4,2_4h,afternoon,weekend,1.0,clear,indoor,often,4,4,4,4,3,4,5,5,4,3,8,12,12,12,20,12,9,16,0.5,0.4,15,1.0,72.9,67.5484930373339
I0226,U023,social_collaborative,P025,study_room_07,synthetic,test,2,3,3,3,4,3,3,3,4,2,cafe,coding,mostly_group,2_4h,afternoon,0,0,0,0,1,0,0,1,0,1,0,study_room,meeting,2,2_4h,afternoon,weekday,1.0,clear,indoor,sometimes,4,4,3,4,4,4,4,5,4,3,8,12,9,12,16,12,12,16,0.4,0.4,15,1.0,61.1,63.56509130476771
I0227,U023,social_collaborative,P102,dorm_lounge_06,synthetic,test,2,3,3,3,4,3,3,3,4,2,cafe,coding,mostly_group,2_4h,afternoon,0,0,0,0,1,0,0,1,0,1,0,dorm_lounge,team_project,2,1_2h,morning,weekday,10.4,clear,indoor,sometimes,3,3,3,3,3,3,4,4,4,4,6,9,9,9,16,12,9,12,0.5,3.9,12,0.5,52.9,56.731613789318615
I0228,U023,social_collaborative,P114,outdoor_06,synthetic,test,2,3,3,3,4,3,3,3,4,2,cafe,coding,mostly_group,2_4h,afternoon,0,0,0,0,1,0,0,1,0,1,0,outdoor,light_reading,solo,under_1h,evening,weekend,11.5,cloudy,outdoor,rarely,3,4,3,3,2,2,1,4,3,3,6,12,9,9,4,9,6,8,0.9,4.3,12,0.5,56.6,42.562979194811746
I0229,U023,social_collaborative,P063,classroom_01,synthetic,test,2,3,3,3,4,3,3,3,4,2,cafe,coding,mostly_group,2_4h,afternoon,0,0,0,0,1,0,0,1,0,1,0,classroom,light_reading,solo,1_2h,late_night,weekday,12.8,cloudy,indoor,first_time,3,4,3,3,2,3,3,2,3,3,6,12,9,9,12,9,6,12,0.9,4.8,6,0.0,42.3,44.155379538049196
I0230,U023,social_collaborative,P117,outdoor_09,synthetic,test,2,3,3,3,4,3,3,3,4,2,cafe,coding,mostly_group,2_4h,afternoon,0,0,0,0,1,0,0,1,0,1,0,outdoor,team_project,2,2_4h,evening,weekday,8.8,hot,outdoor,often,2,5,3,3,2,3,1,3,3,3,4,15,9,9,4,9,6,12,0.5,3.3,9,0.5,37.9,44.853663254248865
I0231,U024,social_collaborative,P034,study_room_16,synthetic,valid,3,4,1,3,4,4,3,3,4,2,library,meeting,mostly_group,under_1h,evening,0,0,0,0,1,1,0,1,1,1,0,study_room,meeting,3_4,2_4h,evening,weekday,9.2,cloudy,indoor,sometimes,4,4,4,4,4,3,4,5,5,3,12,16,4,12,16,15,12,12,0.4,4.6,15,1.0,65.3,62.0442921648161
I0232,U024,social_collaborative,P088,coworking_space_04,synthetic,valid,3,4,1,3,4,4,3,3,4,2,library,meeting,mostly_group,under_1h,evening,0,0,0,0,1,1,0,1,1,1,0,coworking_space,team_project,3_4,1_2h,evening,weekday,16.7,clear,indoor,often,3,4,3,3,4,4,4,4,5,4,9,16,3,9,16,15,12,16,0.5,8.4,12,1.0,50.6,57.589883346276295
I0233,U024,social_collaborative,P090,coworking_space_06,synthetic,valid,3,4,1,3,4,4,3,3,4,2,library,meeting,mostly_group,under_1h,evening,0,0,0,0,1,1,0,1,1,1,0,coworking_space,team_project,3_4,1_2h,afternoon,weekday,10.3,clear,indoor,sometimes,3,4,3,4,4,4,4,4,4,3,9,16,3,12,16,12,12,16,0.5,5.1,12,0.5,67.0,57.81742326385148
I0234,U024,social_collaborative,P020,study_room_02,synthetic,valid,3,4,1,3,4,4,3,3,4,2,library,meeting,mostly_group,under_1h,evening,0,0,0,0,1,1,0,1,1,1,0,study_room,meeting,3_4,1_2h,evening,weekday,5.3,cold,indoor,often,4,4,4,5,3,4,4,5,4,4,12,16,4,15,16,12,9,16,0.4,2.6,15,1.0,66.6,64.65751592372474
I0235,U024,social_collaborative,P053,cafe_17,synthetic,valid,3,4,1,3,4,4,3,3,4,2,library,meeting,mostly_group,under_1h,evening,0,0,0,0,1,1,0,1,1,1,0,cafe,meeting,5_plus,1_2h,morning,weekday,13.6,hot,indoor,often,3,4,2,2,2,3,3,4,3,3,9,16,2,6,12,9,6,12,0.4,6.8,12,0.0,59.4,48.03566170681346
I0236,U024,social_collaborative,P040,cafe_04,synthetic,valid,3,4,1,3,4,4,3,3,4,2,library,meeting,mostly_group,under_1h,evening,0,0,0,0,1,1,0,1,1,1,0,cafe,coding,solo,over_4h,late_night,weekday,8.5,clear,indoor,often,3,4,2,3,3,4,3,3,4,3,9,16,2,9,12,12,9,16,1.8,4.3,6,0.5,53.1,49.30130991910481
I0237,U024,social_collaborative,P033,study_room_15,synthetic,valid,3,4,1,3,4,4,3,3,4,2,library,meeting,mostly_group,under_1h,evening,0,0,0,0,1,1,0,1,1,1,0,study_room,coding,3_4,over_4h,afternoon,weekday,1.5,clear,indoor,often,5,3,4,3,4,4,4,4,5,4,15,12,4,9,16,15,12,16,1.8,0.7,8,0.5,68.0,60.04436871127654
I0238,U024,social_collaborative,P046,cafe_10,synthetic,valid,3,4,1,3,4,4,3,3,4,2,library,meeting,mostly_group,under_1h,evening,0,0,0,0,1,1,0,1,1,1,0,cafe,light_reading,2,2_4h,afternoon,weekend,11.1,cloudy,indoor,often,3,4,2,3,2,4,3,4,3,3,9,16,2,9,12,9,6,16,0.9,5.5,12,0.5,52.1,46.263990839752864
I0239,U024,social_collaborative,P071,classroom_09,synthetic,valid,3,4,1,3,4,4,3,3,4,2,library,meeting,mostly_group,under_1h,evening,0,0,0,0,1,1,0,1,1,1,0,classroom,meeting,3_4,over_4h,evening,weekend,8.9,cloudy,indoor,sometimes,3,3,3,3,3,3,3,3,3,4,9,12,3,9,12,9,9,12,0.4,4.5,9,1.0,44.9,51.3116924232576
I0240,U024,social_collaborative,P039,cafe_03,synthetic,valid,3,4,1,3,4,4,3,3,4,2,library,meeting,mostly_group,under_1h,evening,0,0,0,0,1,1,0,1,1,1,0,cafe,coding,solo,under_1h,afternoon,weekend,10.5,cloudy,indoor,first_time,3,4,2,3,2,4,3,4,4,4,9,16,2,9,12,12,6,16,1.8,5.2,8,0.5,56.3,47.05266215332022
I0241,U025,balanced,P009,library_09,synthetic,train,4,4,4,4,5,3,4,2,3,3,cafe,coding,mixed,1_2h,morning,1,1,1,1,1,0,1,1,0,0,1,library,report_writing,2,under_1h,morning,weekday,6.3,cloudy,indoor,rarely,4,4,3,4,2,4,4,5,4,4,16,16,12,16,20,16,4,12,2.6,2.4,15,1.0,68.7,67.202723421903
I0242,U025,balanced,P114,outdoor_06,synthetic,train,4,4,4,4,5,3,4,2,3,3,cafe,coding,mixed,1_2h,morning,1,1,1,1,1,0,1,1,0,0,1,outdoor,light_reading,solo,2_4h,morning,weekday,10.6,clear,outdoor,rarely,3,4,3,3,2,2,1,4,3,3,12,16,12,12,5,12,4,6,1.4,4.0,12,1.0,53.0,53.421623774661455
I0243,U025,balanced,P105,dorm_lounge_09,synthetic,train,4,4,4,4,5,3,4,2,3,3,cafe,coding,mixed,1_2h,morning,1,1,1,1,1,0,1,1,0,0,1,dorm_lounge,light_reading,solo,over_4h,late_night,weekday,13.1,clear,indoor,first_time,3,3,3,2,3,3,4,4,4,3,12,12,12,8,20,16,6,9,1.4,4.9,12,0.0,56.3,57.38864552594325
I0244,U025,balanced,P050,cafe_14,synthetic,train,4,4,4,4,5,3,4,2,3,3,cafe,coding,mixed,1_2h,morning,1,1,1,1,1,0,1,1,0,0,1,cafe,online_class,solo,1_2h,morning,weekday,14.4,cloudy,indoor,rarely,3,5,2,3,2,4,3,3,4,3,12,20,8,12,15,16,4,12,2.0,5.4,9,1.0,59.9,58.26217505541226
I0245,U025,balanced,P106,dorm_lounge_10,synthetic,train,4,4,4,4,5,3,4,2,3,3,cafe,coding,mixed,1_2h,morning,1,1,1,1,1,0,1,1,0,0,1,dorm_lounge,report_writing,solo,2_4h,afternoon,weekday,4.5,clear,indoor,sometimes,3,3,2,3,3,4,3,3,3,3,12,12,8,12,15,12,6,12,2.6,1.7,9,0.5,59.3,59.86412144889142
I0246,U025,balanced,P059,home_05,synthetic,train,4,4,4,4,5,3,4,2,3,3,cafe,coding,mixed,1_2h,morning,1,1,1,1,1,0,1,1,0,0,1,home,deep_study,solo,1_2h,evening,weekday,7.9,cold,indoor,first_time,4,5,5,4,5,4,4,4,5,5,16,20,20,16,20,20,10,12,3.0,2.9,12,0.0,74.9,71.80116048355325
I0247,U025,balanced,P109,outdoor_01,synthetic,train,4,4,4,4,5,3,4,2,3,3,cafe,coding,mixed,1_2h,morning,1,1,1,1,1,0,1,1,0,0,1,outdoor,coding,solo,2_4h,afternoon,weekday,13.1,clear,outdoor,rarely,2,5,3,3,2,3,1,2,3,3,8,20,12,12,5,12,4,9,2.7,4.9,6,0.5,63.5,48.954035378057426
I0248,U025,balanced,P039,cafe_03,synthetic,train,4,4,4,4,5,3,4,2,3,3,cafe,coding,mixed,1_2h,morning,1,1,1,1,1,0,1,1,0,0,1,cafe,light_reading,2,under_1h,late_night,weekday,8.0,hot,indoor,first_time,3,4,2,3,2,4,3,4,4,4,12,16,8,12,15,16,4,12,1.4,3.0,12,0.0,61.7,54.03504531509149
I0249,U025,balanced,P060,home_06,synthetic,train,4,4,4,4,5,3,4,2,3,3,cafe,coding,mixed,1_2h,morning,1,1,1,1,1,0,1,1,0,0,1,home,report_writing,solo,over_4h,morning,weekend,15.7,hot,indoor,sometimes,4,3,5,5,4,5,5,5,4,5,16,12,20,20,25,16,8,15,2.6,5.9,15,1.0,83.0,74.44998025582247
I0250,U025,balanced,P093,coworking_space_09,synthetic,train,4,4,4,4,5,3,4,2,3,3,cafe,coding,mixed,1_2h,morning,1,1,1,1,1,0,1,1,0,0,1,coworking_space,coding,2,1_2h,afternoon,weekend,9.8,cloudy,indoor,often,3,4,2,3,4,4,4,4,4,3,12,16,8,12,20,16,8,12,2.7,3.7,12,0.5,65.1,59.62873588359693
I0251,U026,comfort_oriented,P053,cafe_17,synthetic,valid,4,4,3,4,3,4,5,5,5,4,study_room,deep_study,mostly_solo,2_4h,early_morning,1,0,1,1,0,1,1,0,1,1,1,cafe,online_class,2,1_2h,morning,weekday,8.4,cloudy,indoor,often,3,4,2,2,2,3,3,3,3,3,12,16,6,8,9,15,10,15,2.6,4.2,9,0.5,68.9,53.437972234896336
I0252,U026,comfort_oriented,P013,library_13,synthetic,valid,4,4,3,4,3,4,5,5,5,4,study_room,deep_study,mostly_solo,2_4h,early_morning,1,0,1,1,0,1,1,0,1,1,1,library,deep_study,solo,2_4h,afternoon,weekday,1.0,clear,indoor,first_time,5,4,4,4,3,3,5,5,4,4,20,16,12,16,15,20,15,15,4.0,0.5,20,0.0,79.8,75.6868938057193
I0253,U026,comfort_oriented,P086,coworking_space_02,synthetic,valid,4,4,3,4,3,4,5,5,5,4,study_room,deep_study,mostly_solo,2_4h,early_morning,1,0,1,1,0,1,1,0,1,1,1,coworking_space,deep_study,solo,over_4h,evening,weekday,16.1,clear,indoor,often,3,4,4,4,5,3,4,4,4,4,12,16,12,16,12,20,25,15,4.0,8.1,16,0.0,74.8,67.08496977168443
I0254,U026,comfort_oriented,P059,home_05,synthetic,valid,4,4,3,4,3,4,5,5,5,4,study_room,deep_study,mostly_solo,2_4h,early_morning,1,0,1,1,0,1,1,0,1,1,1,home,team_project,3_4,1_2h,late_night,weekday,15.4,rainy,indoor,rarely,4,5,5,4,5,4,4,3,5,5,16,20,15,16,12,25,25,20,1.0,7.7,9,0.0,76.5,74.4713861509461
I0255,U026,comfort_oriented,P082,computer_lab_08,synthetic,valid,4,4,3,4,3,4,5,5,5,4,study_room,deep_study,mostly_solo,2_4h,early_morning,1,0,1,1,0,1,1,0,1,1,1,computer_lab,report_writing,3_4,1_2h,evening,weekend,5.9,clear,indoor,sometimes,3,4,4,4,3,3,5,3,3,3,12,16,12,16,15,15,15,15,3.4,2.9,12,0.0,55.4,65.22148826517397
I0256,U026,comfort_oriented,P097,dorm_lounge_01,synthetic,valid,4,4,3,4,3,4,5,5,5,4,study_room,deep_study,mostly_solo,2_4h,early_morning,1,0,1,1,0,1,1,0,1,1,1,dorm_lounge,team_project,2,under_1h,afternoon,weekend,9.4,rainy,indoor,sometimes,3,3,3,2,3,4,5,3,4,2,12,12,9,8,15,20,15,20,1.0,4.7,9,0.0,62.1,64.09620767792204
I0257,U026,comfort_oriented,P080,computer_lab_06,synthetic,valid,4,4,3,4,3,4,5,5,5,4,study_room,deep_study,mostly_solo,2_4h,early_morning,1,0,1,1,0,1,1,0,1,1,1,computer_lab,light_reading,solo,1_2h,early_morning,weekend,7.2,cloudy,indoor,often,4,4,4,3,3,4,4,3,4,3,16,16,12,12,12,20,15,20,1.8,3.6,9,1.0,67.0,70.22355417084765
I0258,U026,comfort_oriented,P063,classroom_01,synthetic,valid,4,4,3,4,3,4,5,5,5,4,study_room,deep_study,mostly_solo,2_4h,early_morning,1,0,1,1,0,1,1,0,1,1,1,classroom,online_class,solo,under_1h,morning,weekday,11.0,cold,indoor,first_time,3,4,3,3,2,3,3,4,3,3,12,16,9,12,9,15,10,15,2.6,5.5,12,0.5,60.5,57.62078332378731
I0259,U026,comfort_oriented,P085,coworking_space_01,synthetic,valid,4,4,3,4,3,4,5,5,5,4,study_room,deep_study,mostly_solo,2_4h,early_morning,1,0,1,1,0,1,1,0,1,1,1,coworking_space,coding,solo,2_4h,evening,weekday,3.3,cloudy,indoor,often,3,5,2,3,4,3,4,4,4,3,12,20,6,12,12,20,20,15,3.6,1.7,16,0.0,70.3,66.67197031640941
I0260,U026,comfort_oriented,P051,cafe_15,synthetic,valid,4,4,3,4,3,4,5,5,5,4,study_room,deep_study,mostly_solo,2_4h,early_morning,1,0,1,1,0,1,1,0,1,1,1,cafe,deep_study,solo,1_2h,early_morning,weekday,16.1,clear,indoor,first_time,3,4,2,3,3,4,3,3,4,3,12,16,6,12,9,20,15,20,4.0,8.1,12,1.0,64.5,58.182688971308124
I0261,U027,balanced,P011,library_11,synthetic,train,4,4,4,3,5,3,4,3,5,4,coworking_space,coding,mostly_solo,1_2h,morning,1,1,0,1,1,0,1,1,0,1,0,library,deep_study,2,1_2h,evening,weekday,16.3,clear,indoor,sometimes,5,4,4,4,2,4,4,5,4,3,20,16,16,12,20,16,6,20,4.0,6.1,20,0.0,75.8,71.41607631146093
I0262,U027,balanced,P006,library_06,synthetic,train,4,4,4,3,5,3,4,3,5,4,coworking_space,coding,mostly_solo,1_2h,morning,1,1,0,1,1,0,1,1,0,1,0,library,deep_study,solo,over_4h,evening,weekday,14.0,cloudy,indoor,sometimes,4,4,4,5,2,3,4,5,5,4,16,16,16,15,20,20,6,15,4.0,5.2,20,0.0,59.5,72.7753891661208
I0263,U027,balanced,P026,study_room_08,synthetic,train,4,4,4,3,5,3,4,3,5,4,coworking_space,coding,mostly_solo,1_2h,morning,1,1,0,1,1,0,1,1,0,1,0,study_room,report_writing,solo,1_2h,morning,weekend,21.7,cold,indoor,sometimes,4,5,4,4,5,4,4,4,4,3,16,20,16,12,20,16,15,20,3.4,8.1,16,1.0,73.7,73.93808029889628
I0264,U027,balanced,P019,study_room_01,synthetic,train,4,4,4,3,5,3,4,3,5,4,coworking_space,coding,mostly_solo,1_2h,morning,1,1,0,1,1,0,1,1,0,1,0,study_room,team_project,5_plus,2_4h,late_night,weekday,14.1,clear,indoor,first_time,4,3,4,4,3,4,4,4,4,4,16,12,16,12,20,16,9,20,1.0,5.3,12,0.0,69.0,70.65981716474633
I0265,U027,balanced,P009,library_09,synthetic,train,4,4,4,3,5,3,4,3,5,4,coworking_space,coding,mostly_solo,1_2h,morning,1,1,0,1,1,0,1,1,0,1,0,library,deep_study,3_4,over_4h,evening,weekend,6.0,cloudy,indoor,sometimes,4,4,3,4,2,4,4,5,4,4,16,16,12,12,20,16,6,20,4.0,2.3,20,0.0,75.0,71.35604021207169
I0266,U027,balanced,P003,library_03,synthetic,train,4,4,4,3,5,3,4,3,5,4,coworking_space,coding,mostly_solo,1_2h,morning,1,1,0,1,1,0,1,1,0,1,0,library,coding,solo,over_4h,morning,weekday,2.6,cloudy,indoor,sometimes,5,3,4,5,3,3,4,4,4,4,20,12,16,15,20,16,9,15,3.6,1.0,16,1.0,74.5,75.02069810202482
I0267,U027,balanced,P041,cafe_05,synthetic,train,4,4,4,3,5,3,4,3,5,4,coworking_space,coding,mostly_solo,1_2h,morning,1,1,0,1,1,0,1,1,0,1,0,cafe,light_reading,solo,1_2h,morning,weekend,10.7,cloudy,indoor,often,2,4,2,3,2,4,4,5,4,3,8,16,8,9,20,16,6,20,1.8,4.0,15,1.0,58.5,64.98917998454903
I0268,U027,balanced,P056,home_02,synthetic,train,4,4,4,3,5,3,4,3,5,4,coworking_space,coding,mostly_solo,1_2h,morning,1,1,0,1,1,0,1,1,0,1,0,home,report_writing,2,over_4h,evening,weekday,9.3,hot,indoor,first_time,4,3,5,4,5,4,5,4,5,5,16,12,20,12,25,20,15,20,3.4,3.5,16,0.0,76.8,71.8689165434865
I0269,U027,balanced,P109,outdoor_01,synthetic,train,4,4,4,3,5,3,4,3,5,4,coworking_space,coding,mostly_solo,1_2h,morning,1,1,0,1,1,0,1,1,0,1,0,outdoor,report_writing,2,2_4h,afternoon,weekday,14.2,cloudy,outdoor,first_time,2,5,3,3,2,3,1,2,3,3,8,20,12,9,5,12,6,15,3.4,5.3,8,0.5,46.3,47.6887025602984
I0270,U027,balanced,P014,library_14,synthetic,train,4,4,4,3,5,3,4,3,5,4,coworking_space,coding,mostly_solo,1_2h,morning,1,1,0,1,1,0,1,1,0,1,0,library,light_reading,solo,under_1h,morning,weekend,5.4,clear,indoor,rarely,5,4,5,4,3,4,4,4,4,4,20,16,20,12,20,16,9,20,1.8,2.0,12,1.0,68.0,77.19630231151866
I0271,U028,quiet_deepwork,P067,classroom_05,synthetic,train,4,5,4,5,5,3,4,4,4,5,library,coding,mostly_solo,2_4h,morning,1,1,1,1,1,0,1,1,0,1,1,classroom,meeting,3_4,2_4h,morning,weekday,7.0,cloudy,indoor,rarely,3,4,3,3,3,2,3,4,3,3,12,20,12,15,15,12,12,8,1.0,2.6,12,1.0,71.3,66.27921611458059
I0272,U028,quiet_deepwork,P014,library_14,synthetic,train,4,5,4,5,5,3,4,4,4,5,library,coding,mostly_solo,2_4h,morning,1,1,1,1,1,0,1,1,0,1,1,library,coding,solo,1_2h,afternoon,weekday,1.9,cloudy,indoor,rarely,5,4,5,4,3,4,4,4,4,4,20,20,20,20,20,16,12,16,4.5,0.7,20,0.5,82.9,80.75313316056796
I0273,U028,quiet_deepwork,P091,coworking_space_07,synthetic,train,4,5,4,5,5,3,4,4,4,5,library,coding,mostly_solo,2_4h,morning,1,1,1,1,1,0,1,1,0,1,1,coworking_space,deep_study,solo,1_2h,late_night,weekday,9.6,clear,indoor,often,4,4,4,3,4,5,4,4,3,4,16,20,16,15,20,12,16,20,5.0,3.6,20,0.0,81.4,76.3527329166491
I0274,U028,quiet_deepwork,P032,study_room_14,synthetic,train,4,5,4,5,5,3,4,4,4,5,library,coding,mostly_solo,2_4h,morning,1,1,1,1,1,0,1,1,0,1,1,study_room,deep_study,solo,2_4h,afternoon,weekday,14.1,cold,indoor,rarely,4,4,4,4,4,3,4,5,4,4,16,20,16,20,20,16,16,12,5.0,5.3,25,0.5,79.6,76.00696861944871
I0275,U028,quiet_deepwork,P014,library_14,synthetic,train,4,5,4,5,5,3,4,4,4,5,library,coding,mostly_solo,2_4h,morning,1,1,1,1,1,0,1,1,0,1,1,library,report_writing,solo,under_1h,afternoon,weekday,5.9,clear,indoor,often,5,4,5,4,3,4,4,5,4,4,20,20,20,20,20,16,12,16,4.3,2.2,25,0.5,88.9,86.05993394615513
I0276,U028,quiet_deepwork,P074,classroom_12,synthetic,train,4,5,4,5,5,3,4,4,4,5,library,coding,mostly_solo,2_4h,morning,1,1,1,1,1,0,1,1,0,1,1,classroom,online_class,solo,1_2h,afternoon,weekend,10.8,clear,indoor,sometimes,3,4,3,3,2,3,3,4,3,3,12,20,12,15,15,12,8,12,3.3,4.0,12,0.5,67.8,64.91319033876232
I0277,U028,quiet_deepwork,P030,study_room_12,synthetic,train,4,5,4,5,5,3,4,4,4,5,library,coding,mostly_solo,2_4h,morning,1,1,1,1,1,0,1,1,0,1,1,study_room,deep_study,solo,under_1h,morning,weekday,9.8,rainy,indoor,sometimes,5,4,3,4,3,3,4,5,4,4,20,20,12,20,20,16,12,12,5.0,3.7,25,1.0,71.8,79.18088931207089
I0278,U028,quiet_deepwork,P014,library_14,synthetic,train,4,5,4,5,5,3,4,4,4,5,library,coding,mostly_solo,2_4h,morning,1,1,1,1,1,0,1,1,0,1,1,library,online_class,solo,1_2h,afternoon,weekday,7.2,rainy,indoor,sometimes,5,4,5,4,3,4,4,3,4,4,20,20,20,20,20,16,12,16,3.3,2.7,9,0.5,72.2,78.07521941044098
I0279,U028,quiet_deepwork,P033,study_room_15,synthetic,train,4,5,4,5,5,3,4,4,4,5,library,coding,mostly_solo,2_4h,morning,1,1,1,1,1,0,1,1,0,1,1,study_room,team_project,5_plus,1_2h,afternoon,weekend,3.7,rainy,indoor,often,5,3,4,3,4,4,4,4,5,4,20,15,16,15,20,20,16,16,1.3,1.4,12,0.5,70.6,80.3447564727829
I0280,U028,quiet_deepwork,P023,study_room_05,synthetic,train,4,5,4,5,5,3,4,4,4,5,library,coding,mostly_solo,2_4h,morning,1,1,1,1,1,0,1,1,0,1,1,study_room,deep_study,solo,over_4h,morning,weekday,18.5,hot,indoor,sometimes,5,4,3,4,4,4,3,4,4,4,20,20,12,20,15,16,16,16,5.0,7.0,20,1.0,77.8,75.26328009447661
I0281,U029,balanced,P033,study_room_15,synthetic,train,4,5,4,3,4,3,4,4,5,4,cafe,online_class,mostly_solo,2_4h,afternoon,1,1,0,1,1,0,1,1,0,1,0,study_room,coding,solo,over_4h,afternoon,weekday,6.0,cold,indoor,rarely,5,3,4,3,4,4,4,4,5,4,20,15,16,9,16,20,16,20,3.6,2.3,16,1.0,75.3,73.61427333071632
I0282,U029,balanced,P098,dorm_lounge_02,synthetic,train,4,5,4,3,4,3,4,4,5,4,cafe,online_class,mostly_solo,2_4h,afternoon,1,1,0,1,1,0,1,1,0,1,0,dorm_lounge,deep_study,solo,1_2h,morning,weekend,25.2,cloudy,indoor,often,3,4,3,2,3,4,4,3,4,3,12,20,12,6,16,16,12,20,4.0,9.4,12,0.5,67.5,63.67153050886753
I0283,U029,balanced,P031,study_room_13,synthetic,train,4,5,4,3,4,3,4,4,5,4,cafe,online_class,mostly_solo,2_4h,afternoon,1,1,0,1,1,0,1,1,0,1,0,study_room,light_reading,3_4,1_2h,late_night,weekend,1.0,clear,indoor,rarely,5,4,4,4,4,4,4,4,5,4,20,20,16,12,16,20,16,20,1.8,0.4,12,0.0,81.7,74.18306239024147
I0284,U029,balanced,P051,cafe_15,synthetic,train,4,5,4,3,4,3,4,4,5,4,cafe,online_class,mostly_solo,2_4h,afternoon,1,1,0,1,1,0,1,1,0,1,0,cafe,coding,solo,2_4h,afternoon,weekday,15.4,cloudy,indoor,rarely,3,4,2,3,3,4,3,3,4,3,12,20,8,9,12,16,12,20,3.6,5.8,12,1.0,60.2,60.48579828117825
I0285,U029,balanced,P032,study_room_14,synthetic,train,4,5,4,3,4,3,4,4,5,4,cafe,online_class,mostly_solo,2_4h,afternoon,1,1,0,1,1,0,1,1,0,1,0,study_room,coding,2,2_4h,early_morning,weekend,17.3,cloudy,indoor,often,4,4,4,4,4,3,4,4,4,4,16,20,16,12,16,16,16,15,3.6,6.5,16,0.0,69.8,67.94745646883803
I0286,U029,balanced,P017,library_17,synthetic,train,4,5,4,3,4,3,4,4,5,4,cafe,online_class,mostly_solo,2_4h,afternoon,1,1,0,1,1,0,1,1,0,1,0,library,coding,solo,2_4h,early_morning,weekday,10.0,cloudy,indoor,often,5,4,4,5,3,3,4,4,5,4,20,20,16,15,16,20,12,15,3.6,3.8,16,0.0,83.1,75.84199536794816
I0287,U029,balanced,P013,library_13,synthetic,train,4,5,4,3,4,3,4,4,5,4,cafe,online_class,mostly_solo,2_4h,afternoon,1,1,0,1,1,0,1,1,0,1,0,library,coding,2,under_1h,morning,weekday,1.0,cloudy,indoor,sometimes,5,4,4,4,3,3,5,4,4,4,20,20,16,12,20,16,12,15,3.6,0.4,16,0.5,82.2,73.70987991935257
I0288,U029,balanced,P066,classroom_04,synthetic,train,4,5,4,3,4,3,4,4,5,4,cafe,online_class,mostly_solo,2_4h,afternoon,1,1,0,1,1,0,1,1,0,1,0,classroom,deep_study,solo,2_4h,evening,weekday,10.5,cloudy,indoor,sometimes,3,4,4,3,3,3,4,3,3,4,12,20,16,9,16,12,12,15,4.0,3.9,12,0.5,63.1,64.61545123066726
I0289,U029,balanced,P082,computer_lab_08,synthetic,train,4,5,4,3,4,3,4,4,5,4,cafe,online_class,mostly_solo,2_4h,afternoon,1,1,0,1,1,0,1,1,0,1,0,computer_lab,report_writing,solo,2_4h,afternoon,weekday,3.5,cloudy,indoor,often,3,4,4,4,3,3,5,4,3,3,12,20,16,12,20,12,12,15,3.4,1.3,16,1.0,79.4,71.9106605504339
I0290,U029,balanced,P013,library_13,synthetic,train,4,5,4,3,4,3,4,4,5,4,cafe,online_class,mostly_solo,2_4h,afternoon,1,1,0,1,1,0,1,1,0,1,0,library,team_project,2,1_2h,afternoon,weekday,6.5,hot,indoor,rarely,5,4,4,4,3,3,5,3,4,4,20,20,16,12,20,16,12,15,1.0,2.4,9,1.0,79.2,72.13279743644595
I0291,U030,social_collaborative,P069,classroom_07,synthetic,train,2,4,2,4,3,3,3,3,4,3,coworking_space,meeting,mostly_group,1_2h,afternoon,0,0,1,0,0,0,0,0,0,1,1,classroom,team_project,2,2_4h,afternoon,weekday,12.3,clear,indoor,first_time,3,4,3,3,3,3,3,5,3,4,6,16,6,12,9,9,9,12,0.8,4.6,15,1.0,52.8,54.91019881008391
I0292,U030,social_collaborative,P034,study_room_16,synthetic,train,2,4,2,4,3,3,3,3,4,3,coworking_space,meeting,mostly_group,1_2h,afternoon,0,0,1,0,0,0,0,0,0,1,1,study_room,meeting,3_4,2_4h,morning,weekday,10.4,clear,indoor,sometimes,4,4,4,4,4,3,4,4,5,3,8,16,8,16,12,15,12,12,0.6,3.9,12,0.5,71.4,63.90928916346897
I0293,U030,social_collaborative,P069,classroom_07,synthetic,train,2,4,2,4,3,3,3,3,4,3,coworking_space,meeting,mostly_group,1_2h,afternoon,0,0,1,0,0,0,0,0,0,1,1,classroom,meeting,2,2_4h,afternoon,weekend,18.5,clear,indoor,sometimes,3,4,3,3,3,3,3,4,3,4,6,16,6,12,9,9,9,12,0.6,6.9,12,1.0,57.1,53.991645903981734
I0294,U030,social_collaborative,P062,home_08,synthetic,train,2,4,2,4,3,3,3,3,4,3,coworking_space,meeting,mostly_group,1_2h,afternoon,0,0,1,0,0,0,0,0,0,1,1,home,meeting,5_plus,over_4h,afternoon,weekday,11.3,clear,indoor,sometimes,4,3,4,4,4,5,5,3,4,5,8,12,8,16,15,12,12,20,0.6,4.2,9,1.0,68.4,64.83886827200098
I0295,U030,social_collaborative,P065,classroom_03,synthetic,train,2,4,2,4,3,3,3,3,4,3,coworking_space,meeting,mostly_group,1_2h,afternoon,0,0,1,0,0,0,0,0,0,1,1,classroom,deep_study,solo,1_2h,afternoon,weekend,10.3,clear,indoor,sometimes,4,4,3,3,3,3,4,4,3,3,8,16,6,12,12,9,9,12,3.0,3.8,12,1.0,68.3,55.63532938192615
I0296,U030,social_collaborative,P094,coworking_space_10,synthetic,train,2,4,2,4,3,3,3,3,4,3,coworking_space,meeting,mostly_group,1_2h,afternoon,0,0,1,0,0,0,0,0,0,1,1,coworking_space,team_project,3_4,2_4h,afternoon,weekday,11.3,clear,indoor,sometimes,3,5,3,4,3,4,3,4,4,4,6,20,6,16,9,12,9,16,0.8,4.2,12,1.0,57.6,60.655688860622966
I0297,U030,social_collaborative,P062,home_08,synthetic,train,2,4,2,4,3,3,3,3,4,3,coworking_space,meeting,mostly_group,1_2h,afternoon,0,0,1,0,0,0,0,0,0,1,1,home,deep_study,solo,1_2h,morning,weekday,7.9,cloudy,indoor,often,4,3,4,4,4,5,5,4,4,5,8,12,8,16,15,12,12,20,3.0,3.0,12,0.5,67.6,65.36290263403495
I0298,U030,social_collaborative,P095,coworking_space_11,synthetic,train,2,4,2,4,3,3,3,3,4,3,coworking_space,meeting,mostly_group,1_2h,afternoon,0,0,1,0,0,0,0,0,0,1,1,coworking_space,coding,2,1_2h,morning,weekday,10.2,clear,indoor,first_time,4,4,3,3,4,4,5,5,4,4,8,16,6,12,15,12,12,16,2.7,3.8,15,0.5,59.0,56.14365763230901
I0299,U030,social_collaborative,P039,cafe_03,synthetic,train,2,4,2,4,3,3,3,3,4,3,coworking_space,meeting,mostly_group,1_2h,afternoon,0,0,1,0,0,0,0,0,0,1,1,cafe,team_project,2,over_4h,afternoon,weekend,10.9,cloudy,indoor,often,3,4,2,3,2,4,3,5,4,4,6,16,4,12,9,12,6,16,0.8,4.1,15,1.0,54.4,56.69320603604313
I0300,U030,social_collaborative,P116,outdoor_08,synthetic,train,2,4,2,4,3,3,3,3,4,3,coworking_space,meeting,mostly_group,1_2h,afternoon,0,0,1,0,0,0,0,0,0,1,1,outdoor,team_project,2,1_2h,late_night,weekend,10.2,cold,outdoor,sometimes,3,5,3,3,2,2,1,3,3,3,6,20,6,12,3,9,6,8,0.8,3.8,9,0.0,29.7,45.32383866518588
I0301,U031,convenience_oriented,P076,computer_lab_02,synthetic,test,3,3,4,2,5,5,3,3,3,4,home,coding,mostly_solo,1_2h,afternoon,0,1,0,0,1,1,0,1,1,0,0,computer_lab,coding,solo,2_4h,morning,weekday,16.5,cloudy,indoor,sometimes,3,5,3,4,4,3,4,5,3,4,9,15,12,8,20,9,12,9,3.6,10.3,20,0.5,55.5,57.387149359520976
I0302,U031,convenience_oriented,P012,library_12,synthetic,test,3,3,4,2,5,5,3,3,3,4,home,coding,mostly_solo,1_2h,afternoon,0,1,0,0,1,1,0,1,1,0,0,library,coding,solo,2_4h,afternoon,weekday,5.6,cloudy,indoor,sometimes,5,4,4,4,3,3,3,4,5,4,15,12,16,8,15,15,9,9,3.6,3.5,16,1.0,59.5,64.66994786669031
I0303,U031,convenience_oriented,P038,cafe_02,synthetic,test,3,3,4,2,5,5,3,3,3,4,home,coding,mostly_solo,1_2h,afternoon,0,1,0,0,1,1,0,1,1,0,0,cafe,light_reading,solo,2_4h,afternoon,weekend,20.3,cloudy,indoor,sometimes,2,4,3,2,2,4,3,4,3,3,6,12,12,4,15,9,6,12,1.8,12.7,12,1.0,48.2,47.1009012188547
I0304,U031,convenience_oriented,P037,cafe_01,synthetic,test,3,3,4,2,5,5,3,3,3,4,home,coding,mostly_solo,1_2h,afternoon,0,1,0,0,1,1,0,1,1,0,0,cafe,deep_study,solo,2_4h,early_morning,weekend,13.2,clear,indoor,rarely,3,4,2,2,2,4,3,3,4,4,9,12,8,4,15,12,6,12,4.0,8.2,12,0.0,37.8,50.31909375783458
I0305,U031,convenience_oriented,P054,cafe_18,synthetic,test,3,3,4,2,5,5,3,3,3,4,home,coding,mostly_solo,1_2h,afternoon,0,1,0,0,1,1,0,1,1,0,0,cafe,light_reading,solo,2_4h,afternoon,weekday,8.1,cloudy,indoor,sometimes,3,5,2,3,2,3,3,4,4,3,9,15,8,6,15,12,6,9,1.8,5.1,12,1.0,52.6,52.12251894674947
I0306,U031,convenience_oriented,P041,cafe_05,synthetic,test,3,3,4,2,5,5,3,3,3,4,home,coding,mostly_solo,1_2h,afternoon,0,1,0,0,1,1,0,1,1,0,0,cafe,online_class,2,under_1h,early_morning,weekday,6.8,rainy,indoor,sometimes,2,4,2,3,2,4,4,3,4,3,6,12,8,6,20,12,6,12,2.6,4.3,9,0.0,44.1,50.04399116981961
I0307,U031,convenience_oriented,P001,library_01,synthetic,test,3,3,4,2,5,5,3,3,3,4,home,coding,mostly_solo,1_2h,afternoon,0,1,0,0,1,1,0,1,1,0,0,library,online_class,solo,1_2h,evening,weekend,4.6,cold,indoor,rarely,5,4,4,5,2,3,4,5,4,4,15,12,16,10,20,12,6,9,2.6,2.9,15,0.5,68.1,63.59447327344204
I0308,U031,convenience_oriented,P012,library_12,synthetic,test,3,3,4,2,5,5,3,3,3,4,home,coding,mostly_solo,1_2h,afternoon,0,1,0,0,1,1,0,1,1,0,0,library,coding,solo,2_4h,late_night,weekday,4.5,hot,indoor,sometimes,5,4,4,4,3,3,3,4,5,4,15,12,16,8,15,15,9,9,3.6,2.8,16,0.0,71.7,63.37451993725246
I0309,U031,convenience_oriented,P049,cafe_13,synthetic,test,3,3,4,2,5,5,3,3,3,4,home,coding,mostly_solo,1_2h,afternoon,0,1,0,0,1,1,0,1,1,0,0,cafe,coding,solo,1_2h,afternoon,weekday,12.4,cold,indoor,first_time,3,4,2,3,3,3,2,3,4,2,9,12,8,6,10,12,9,9,3.6,7.7,12,1.0,42.1,46.5174172061227
I0310,U031,convenience_oriented,P105,dorm_lounge_09,synthetic,test,3,3,4,2,5,5,3,3,3,4,home,coding,mostly_solo,1_2h,afternoon,0,1,0,0,1,1,0,1,1,0,0,dorm_lounge,coding,solo,2_4h,morning,weekday,15.9,hot,indoor,sometimes,3,3,3,2,3,3,4,3,4,3,9,9,12,4,20,12,9,9,3.6,9.9,12,0.5,53.7,51.694558534544804
I0311,U032,social_collaborative,P058,home_04,synthetic,train,3,5,3,3,3,3,3,3,3,3,coworking_space,team_project,mostly_group,over_4h,afternoon,0,0,0,0,0,0,0,0,0,0,0,home,report_writing,solo,2_4h,afternoon,weekend,14.2,clear,indoor,sometimes,4,3,4,3,4,5,4,5,4,4,12,15,12,9,12,12,12,15,2.6,5.3,15,1.0,66.7,64.11806609885042
I0312,U032,social_collaborative,P089,coworking_space_05,synthetic,train,3,5,3,3,3,3,3,3,3,3,coworking_space,team_project,mostly_group,over_4h,afternoon,0,0,0,0,0,0,0,0,0,0,0,coworking_space,team_project,3_4,1_2h,afternoon,weekend,16.8,hot,indoor,rarely,3,5,4,3,4,4,5,4,4,3,9,25,12,9,15,12,12,12,0.8,6.3,12,1.0,58.3,61.958853673976165
I0313,U032,social_collaborative,P005,library_05,synthetic,train,3,5,3,3,3,3,3,3,3,3,coworking_space,team_project,mostly_group,over_4h,afternoon,0,0,0,0,0,0,0,0,0,0,0,library,team_project,3_4,1_2h,afternoon,weekday,5.6,cold,indoor,often,5,4,4,5,3,4,4,3,4,4,15,20,12,15,12,12,9,12,0.8,2.1,9,1.0,64.2,67.84135861906816
I0314,U032,social_collaborative,P052,cafe_16,synthetic,train,3,5,3,3,3,3,3,3,3,3,coworking_space,team_project,mostly_group,over_4h,afternoon,0,0,0,0,0,0,0,0,0,0,0,cafe,report_writing,solo,over_4h,early_morning,weekday,11.4,cloudy,indoor,often,3,5,3,2,2,3,3,4,4,3,9,25,9,6,9,12,6,9,2.6,4.3,12,0.0,43.9,56.19467139021936
I0315,U032,social_collaborative,P004,library_04,synthetic,train,3,5,3,3,3,3,3,3,3,3,coworking_space,team_project,mostly_group,over_4h,afternoon,0,0,0,0,0,0,0,0,0,0,0,library,team_project,3_4,2_4h,morning,weekend,3.1,clear,indoor,often,5,3,3,4,2,4,4,3,3,4,15,15,9,12,12,9,6,12,0.8,1.1,9,0.5,68.8,64.51164228292936
I0316,U032,social_collaborative,P033,study_room_15,synthetic,train,3,5,3,3,3,3,3,3,3,3,coworking_space,team_project,mostly_group,over_4h,afternoon,0,0,0,0,0,0,0,0,0,0,0,study_room,coding,solo,over_4h,afternoon,weekday,8.6,rainy,indoor,rarely,5,3,4,3,4,4,4,4,5,4,15,15,12,9,12,15,12,12,2.7,3.2,12,1.0,71.5,61.60888252587043
I0317,U032,social_collaborative,P022,study_room_04,synthetic,train,3,5,3,3,3,3,3,3,3,3,coworking_space,team_project,mostly_group,over_4h,afternoon,0,0,0,0,0,0,0,0,0,0,0,study_room,team_project,2,under_1h,early_morning,weekend,9.4,cloudy,indoor,sometimes,4,5,3,4,5,3,4,5,4,4,12,25,9,12,12,12,15,9,0.8,3.5,15,0.0,64.0,67.19567433152366
I0318,U032,social_collaborative,P082,computer_lab_08,synthetic,train,3,5,3,3,3,3,3,3,3,3,coworking_space,team_project,mostly_group,over_4h,afternoon,0,0,0,0,0,0,0,0,0,0,0,computer_lab,meeting,3_4,1_2h,afternoon,weekday,3.0,clear,indoor,sometimes,3,4,4,4,3,3,5,3,3,3,9,20,12,12,15,9,9,9,0.6,1.1,9,1.0,56.8,63.314841753807244
I0319,U032,social_collaborative,P050,cafe_14,synthetic,train,3,5,3,3,3,3,3,3,3,3,coworking_space,team_project,mostly_group,over_4h,afternoon,0,0,0,0,0,0,0,0,0,0,0,cafe,report_writing,solo,1_2h,afternoon,weekend,6.8,clear,indoor,rarely,3,5,2,3,2,4,3,3,4,3,9,25,6,9,9,12,6,12,2.6,2.5,9,1.0,61.5,55.033610019569224
I0320,U032,social_collaborative,P095,coworking_space_11,synthetic,train,3,5,3,3,3,3,3,3,3,3,coworking_space,team_project,mostly_group,over_4h,afternoon,0,0,0,0,0,0,0,0,0,0,0,coworking_space,meeting,2,over_4h,evening,weekday,8.5,clear,indoor,often,4,4,3,3,4,4,5,5,4,4,12,20,9,9,15,12,12,12,0.6,3.2,15,0.5,66.4,65.1124612706164
I0321,U033,balanced,P094,coworking_space_10,synthetic,train,4,5,4,4,5,3,3,4,4,3,classroom,light_reading,mixed,2_4h,afternoon,1,1,1,0,1,0,1,1,0,1,1,coworking_space,deep_study,solo,2_4h,afternoon,weekend,4.5,clear,indoor,often,3,5,3,4,3,4,3,3,4,4,12,25,12,16,15,12,12,16,3.0,1.7,9,1.0,68.0,70.8683089039127
I0322,U033,balanced,P022,study_room_04,synthetic,train,4,5,4,4,5,3,3,4,4,3,classroom,light_reading,mixed,2_4h,afternoon,1,1,1,0,1,0,1,1,0,1,1,study_room,light_reading,solo,under_1h,morning,weekday,13.1,cloudy,indoor,often,4,5,3,4,5,3,4,4,4,4,16,25,12,16,20,12,20,12,1.4,4.9,12,0.5,67.5,74.99698214172143
I0323,U033,balanced,P001,library_01,synthetic,train,4,5,4,4,5,3,3,4,4,3,classroom,light_reading,mixed,2_4h,afternoon,1,1,1,0,1,0,1,1,0,1,1,library,light_reading,solo,2_4h,afternoon,weekday,8.2,rainy,indoor,rarely,5,4,4,5,2,3,4,5,4,4,20,20,16,20,20,12,8,12,1.4,3.1,15,1.0,70.8,74.57587114003515
I0324,U033,balanced,P047,cafe_11,synthetic,train,4,5,4,4,5,3,3,4,4,3,classroom,light_reading,mixed,2_4h,afternoon,1,1,1,0,1,0,1,1,0,1,1,cafe,light_reading,solo,2_4h,afternoon,weekday,10.9,cloudy,indoor,rarely,3,4,3,3,2,4,3,4,4,3,12,20,12,12,15,12,8,16,1.4,4.1,12,1.0,58.2,63.51136672638211
I0325,U033,balanced,P033,study_room_15,synthetic,train,4,5,4,4,5,3,3,4,4,3,classroom,light_reading,mixed,2_4h,afternoon,1,1,1,0,1,0,1,1,0,1,1,study_room,deep_study,solo,2_4h,afternoon,weekend,2.3,clear,indoor,rarely,5,3,4,3,4,4,4,5,5,4,20,15,16,12,20,15,16,16,3.0,0.9,15,1.0,76.2,76.70183075577879
I0326,U033,balanced,P004,library_04,synthetic,train,4,5,4,4,5,3,3,4,4,3,classroom,light_reading,mixed,2_4h,afternoon,1,1,1,0,1,0,1,1,0,1,1,library,deep_study,solo,over_4h,evening,weekday,1.0,clear,indoor,first_time,5,3,3,4,2,4,4,5,3,4,20,15,12,16,20,9,8,16,3.0,0.4,15,0.5,69.5,71.72258248634171
I0327,U033,balanced,P108,dorm_lounge_12,synthetic,train,4,5,4,4,5,3,3,4,4,3,classroom,light_reading,mixed,2_4h,afternoon,1,1,1,0,1,0,1,1,0,1,1,dorm_lounge,report_writing,solo,2_4h,evening,weekday,8.0,cloudy,indoor,first_time,2,4,3,3,3,3,3,3,3,3,8,20,12,12,15,9,12,12,2.6,3.0,9,0.5,64.6,59.69624668006186
I0328,U033,balanced,P059,home_05,synthetic,train,4,5,4,4,5,3,3,4,4,3,classroom,light_reading,mixed,2_4h,afternoon,1,1,1,0,1,0,1,1,0,1,1,home,report_writing,solo,2_4h,afternoon,weekday,19.0,clear,indoor,sometimes,4,5,5,4,5,4,4,5,5,5,16,25,20,16,20,15,20,16,2.6,7.1,15,1.0,74.1,80.94918793328151
I0329,U033,balanced,P009,library_09,synthetic,train,4,5,4,4,5,3,3,4,4,3,classroom,light_reading,mixed,2_4h,afternoon,1,1,1,0,1,0,1,1,0,1,1,library,report_writing,solo,1_2h,morning,weekday,8.2,clear,indoor,sometimes,4,4,3,4,2,4,4,4,4,4,16,20,12,16,20,12,8,16,2.6,3.1,12,0.5,68.8,73.4372659349444
I0330,U033,balanced,P029,study_room_11,synthetic,train,4,5,4,4,5,3,3,4,4,3,classroom,light_reading,mixed,2_4h,afternoon,1,1,1,0,1,0,1,1,0,1,1,study_room,meeting,3_4,2_4h,evening,weekday,11.1,rainy,indoor,rarely,4,4,3,4,2,4,4,4,4,3,16,20,12,16,20,12,8,16,0.6,4.2,12,0.5,80.2,71.10257608240579
I0331,U034,convenience_oriented,P055,home_01,synthetic,valid,3,4,3,3,4,5,3,5,4,3,coworking_space,report_writing,mixed,2_4h,afternoon,0,0,0,0,1,1,0,1,1,1,0,home,deep_study,solo,2_4h,afternoon,weekday,11.5,cloudy,indoor,first_time,4,3,5,4,4,5,5,5,4,5,12,12,15,12,20,12,20,20,3.0,7.2,15,1.0,54.2,66.58995140874248
I0332,U034,convenience_oriented,P030,study_room_12,synthetic,valid,3,4,3,3,4,5,3,5,4,3,coworking_space,report_writing,mixed,2_4h,afternoon,0,0,0,0,1,1,0,1,1,1,0,study_room,meeting,2,1_2h,morning,weekday,10.3,clear,indoor,often,5,4,3,4,3,3,4,4,4,4,15,16,9,12,16,12,15,12,0.6,6.4,12,0.5,58.7,64.28895900604999
I0333,U034,convenience_oriented,P068,classroom_06,synthetic,valid,3,4,3,3,4,5,3,5,4,3,coworking_space,report_writing,mixed,2_4h,afternoon,0,0,0,0,1,1,0,1,1,1,0,classroom,coding,solo,1_2h,afternoon,weekday,11.8,hot,indoor,often,3,4,3,3,2,3,3,3,2,4,9,16,9,9,12,6,10,12,2.7,7.4,9,1.0,56.9,50.87768961316431
I0334,U034,convenience_oriented,P006,library_06,synthetic,valid,3,4,3,3,4,5,3,5,4,3,coworking_space,report_writing,mixed,2_4h,afternoon,0,0,0,0,1,1,0,1,1,1,0,library,coding,2,2_4h,evening,weekday,12.3,clear,indoor,sometimes,4,4,4,5,2,3,4,4,5,4,12,16,12,15,16,15,10,12,2.7,7.7,12,0.5,51.5,58.08924365955571
I0335,U034,convenience_oriented,P004,library_04,synthetic,valid,3,4,3,3,4,5,3,5,4,3,coworking_space,report_writing,mixed,2_4h,afternoon,0,0,0,0,1,1,0,1,1,1,0,library,deep_study,solo,2_4h,evening,weekday,5.2,rainy,indoor,often,5,3,3,4,2,4,4,5,3,4,15,12,9,12,16,9,10,16,3.0,3.2,15,0.5,71.0,65.2102846965783
I0336,U034,convenience_oriented,P048,cafe_12,synthetic,valid,3,4,3,3,4,5,3,5,4,3,coworking_space,report_writing,mixed,2_4h,afternoon,0,0,0,0,1,1,0,1,1,1,0,cafe,meeting,5_plus,1_2h,late_night,weekday,10.1,cloudy,indoor,sometimes,2,5,2,3,1,4,3,3,3,3,6,20,6,9,12,9,5,16,0.6,6.3,9,0.0,54.3,51.32450248773115
I0337,U034,convenience_oriented,P022,study_room_04,synthetic,valid,3,4,3,3,4,5,3,5,4,3,coworking_space,report_writing,mixed,2_4h,afternoon,0,0,0,0,1,1,0,1,1,1,0,study_room,deep_study,solo,over_4h,afternoon,weekday,9.1,clear,indoor,often,4,5,3,4,5,3,4,4,4,4,12,20,9,12,16,12,25,12,3.0,5.7,12,1.0,75.5,64.8974249897654
I0338,U034,convenience_oriented,P058,home_04,synthetic,valid,3,4,3,3,4,5,3,5,4,3,coworking_space,report_writing,mixed,2_4h,afternoon,0,0,0,0,1,1,0,1,1,1,0,home,coding,solo,2_4h,late_night,weekday,15.0,clear,indoor,rarely,4,3,4,3,4,5,4,5,4,4,12,12,12,9,16,12,20,20,2.7,9.4,15,0.0,59.9,61.85993734647551
I0339,U034,convenience_oriented,P027,study_room_09,synthetic,valid,3,4,3,3,4,5,3,5,4,3,coworking_space,report_writing,mixed,2_4h,afternoon,0,0,0,0,1,1,0,1,1,1,0,study_room,deep_study,solo,over_4h,evening,weekday,8.3,clear,indoor,often,5,3,3,4,4,3,3,5,3,3,15,12,9,12,12,9,20,12,3.0,5.2,15,0.5,75.5,62.40669995792882
I0340,U034,convenience_oriented,P061,home_07,synthetic,valid,3,4,3,3,4,5,3,5,4,3,coworking_space,report_writing,mixed,2_4h,afternoon,0,0,0,0,1,1,0,1,1,1,0,home,deep_study,solo,1_2h,evening,weekday,7.3,clear,indoor,often,4,4,4,4,4,4,4,5,4,5,12,16,12,12,16,12,20,16,3.0,4.5,15,0.5,71.4,68.44616722580093
I0341,U035,balanced,P029,study_room_11,synthetic,train,4,4,3,3,4,4,4,4,3,4,cafe,report_writing,mostly_solo,2_4h,morning,1,0,0,1,1,1,1,1,1,0,0,study_room,deep_study,solo,over_4h,afternoon,weekday,6.3,clear,indoor,sometimes,4,4,3,4,2,4,4,5,4,3,16,16,9,12,16,16,8,12,4.0,3.1,20,0.5,74.7,65.8132343600781
I0342,U035,balanced,P105,dorm_lounge_09,synthetic,train,4,4,3,3,4,4,4,4,3,4,cafe,report_writing,mostly_solo,2_4h,morning,1,0,0,1,1,1,1,1,1,0,0,dorm_lounge,deep_study,solo,2_4h,morning,weekday,9.9,hot,indoor,often,3,3,3,2,3,3,4,3,4,3,12,12,9,6,16,16,12,9,4.0,5.0,12,1.0,55.6,57.12965832029086
I0343,U035,balanced,P085,coworking_space_01,synthetic,train,4,4,3,3,4,4,4,4,3,4,cafe,report_writing,mostly_solo,2_4h,morning,1,0,0,1,1,1,1,1,1,0,0,coworking_space,light_reading,solo,over_4h,morning,weekend,6.1,clear,indoor,first_time,3,5,2,3,4,3,4,3,4,3,12,20,6,9,16,16,16,9,1.8,3.1,9,1.0,59.7,57.221833437108145
I0344,U035,balanced,P009,library_09,synthetic,train,4,4,3,3,4,4,4,4,3,4,cafe,report_writing,mostly_solo,2_4h,morning,1,0,0,1,1,1,1,1,1,0,0,library,online_class,3_4,1_2h,late_night,weekend,9.8,rainy,indoor,first_time,4,4,3,4,2,4,4,3,4,4,16,16,9,12,16,16,8,12,2.6,4.9,9,0.0,64.0,57.113906135318516
I0345,U035,balanced,P105,dorm_lounge_09,synthetic,train,4,4,3,3,4,4,4,4,3,4,cafe,report_writing,mostly_solo,2_4h,morning,1,0,0,1,1,1,1,1,1,0,0,dorm_lounge,team_project,5_plus,1_2h,morning,weekday,12.4,clear,indoor,first_time,3,3,3,2,3,3,4,3,4,3,12,12,9,6,16,16,12,9,1.0,6.2,9,1.0,53.8,56.522570834789846
I0346,U035,balanced,P031,study_room_13,synthetic,train,4,4,3,3,4,4,4,4,3,4,cafe,report_writing,mostly_solo,2_4h,morning,1,0,0,1,1,1,1,1,1,0,0,study_room,meeting,3_4,2_4h,evening,weekday,1.0,clear,indoor,rarely,5,4,4,4,4,4,4,5,5,4,20,16,12,12,16,20,16,12,0.8,0.5,15,0.0,76.7,74.33967122229956
I0347,U035,balanced,P112,outdoor_04,synthetic,train,4,4,3,3,4,4,4,4,3,4,cafe,report_writing,mostly_solo,2_4h,morning,1,0,0,1,1,1,1,1,1,0,0,outdoor,deep_study,solo,under_1h,morning,weekday,9.9,cloudy,outdoor,often,3,4,3,3,2,3,1,2,3,2,12,16,9,9,4,12,8,9,4.0,4.9,8,1.0,57.9,48.97436636828048
I0348,U035,balanced,P086,coworking_space_02,synthetic,train,4,4,3,3,4,4,4,4,3,4,cafe,report_writing,mostly_solo,2_4h,morning,1,0,0,1,1,1,1,1,1,0,0,coworking_space,deep_study,solo,over_4h,afternoon,weekend,14.9,clear,indoor,rarely,3,4,4,4,5,3,4,4,4,4,12,16,12,12,16,16,20,9,4.0,7.5,16,0.5,47.6,60.4352360107183
I0349,U035,balanced,P070,classroom_08,synthetic,train,4,4,3,3,4,4,4,4,3,4,cafe,report_writing,mostly_solo,2_4h,morning,1,0,0,1,1,1,1,1,1,0,0,classroom,deep_study,solo,2_4h,afternoon,weekend,7.5,clear,indoor,first_time,3,4,3,2,3,2,3,3,2,3,12,16,9,6,12,8,12,6,4.0,3.7,12,0.5,40.0,51.79253917734781
I0350,U035,balanced,P008,library_08,synthetic,train,4,4,3,3,4,4,4,4,3,4,cafe,report_writing,mostly_solo,2_4h,morning,1,0,0,1,1,1,1,1,1,0,0,library,deep_study,solo,1_2h,late_night,weekday,13.5,cold,indoor,first_time,5,5,4,4,2,3,4,5,4,4,20,20,12,12,16,16,8,9,4.0,6.7,20,0.0,63.2,63.989787585514016
I0351,U036,balanced,P088,coworking_space_04,synthetic,valid,4,4,3,4,3,4,4,5,3,5,dorm_lounge,online_class,mostly_solo,2_4h,evening,1,0,1,1,0,1,1,0,1,0,1,coworking_space,online_class,solo,2_4h,morning,weekday,18.7,clear,indoor,first_time,3,4,3,3,4,4,4,4,5,4,12,16,9,12,12,20,20,12,3.3,9.4,12,0.0,59.1,61.931367339928116
I0352,U036,balanced,P026,study_room_08,synthetic,valid,4,4,3,4,3,4,4,5,3,5,dorm_lounge,online_class,mostly_solo,2_4h,evening,1,0,1,1,0,1,1,0,1,0,1,study_room,online_class,3_4,1_2h,morning,weekday,18.3,clear,indoor,often,4,5,4,4,5,4,4,3,4,3,16,20,12,16,12,16,25,12,3.3,9.1,9,0.0,67.7,66.8485980392691
I0353,U036,balanced,P034,study_room_16,synthetic,valid,4,4,3,4,3,4,4,5,3,5,dorm_lounge,online_class,mostly_solo,2_4h,evening,1,0,1,1,0,1,1,0,1,0,1,study_room,online_class,solo,1_2h,evening,weekday,7.0,clear,indoor,sometimes,4,4,4,4,4,3,4,5,5,3,16,16,12,16,12,20,20,9,3.3,3.5,15,1.0,71.1,72.90377109104992
I0354,U036,balanced,P005,library_05,synthetic,valid,4,4,3,4,3,4,4,5,3,5,dorm_lounge,online_class,mostly_solo,2_4h,evening,1,0,1,1,0,1,1,0,1,0,1,library,deep_study,solo,2_4h,evening,weekend,10.0,clear,indoor,sometimes,5,4,4,5,3,4,4,5,4,4,20,16,12,20,12,16,15,12,5.0,5.0,25,1.0,84.6,76.94952050365553
I0355,U036,balanced,P017,library_17,synthetic,valid,4,4,3,4,3,4,4,5,3,5,dorm_lounge,online_class,mostly_solo,2_4h,evening,1,0,1,1,0,1,1,0,1,0,1,library,online_class,3_4,1_2h,early_morning,weekday,12.4,cold,indoor,often,5,4,4,5,3,3,4,3,5,4,20,16,12,20,12,20,15,9,3.3,6.2,9,0.0,61.5,68.64575932852031
I0356,U036,balanced,P039,cafe_03,synthetic,valid,4,4,3,4,3,4,4,5,3,5,dorm_lounge,online_class,mostly_solo,2_4h,evening,1,0,1,1,0,1,1,0,1,0,1,cafe,team_project,3_4,1_2h,afternoon,weekday,8.3,cloudy,indoor,rarely,3,4,2,3,2,4,3,5,4,4,12,16,6,12,9,16,10,12,1.3,4.1,15,0.5,63.3,62.48630218214451
I0357,U036,balanced,P032,study_room_14,synthetic,valid,4,4,3,4,3,4,4,5,3,5,dorm_lounge,online_class,mostly_solo,2_4h,evening,1,0,1,1,0,1,1,0,1,0,1,study_room,coding,solo,2_4h,evening,weekend,16.6,clear,indoor,sometimes,4,4,4,4,4,3,4,4,4,4,16,16,12,16,12,16,20,9,4.5,8.3,20,1.0,58.4,69.20423437390545
I0358,U036,balanced,P062,home_08,synthetic,valid,4,4,3,4,3,4,4,5,3,5,dorm_lounge,online_class,mostly_solo,2_4h,evening,1,0,1,1,0,1,1,0,1,0,1,home,report_writing,solo,2_4h,evening,weekend,12.3,rainy,indoor,sometimes,4,3,4,4,4,5,5,4,4,5,16,12,12,16,15,16,20,15,4.3,6.2,20,1.0,79.3,74.00351255418482
I0359,U036,balanced,P040,cafe_04,synthetic,valid,4,4,3,4,3,4,4,5,3,5,dorm_lounge,online_class,mostly_solo,2_4h,evening,1,0,1,1,0,1,1,0,1,0,1,cafe,team_project,3_4,2_4h,late_night,weekend,5.8,clear,indoor,often,3,4,2,3,3,4,3,4,4,3,12,16,6,12,9,16,15,12,1.3,2.9,12,0.5,68.1,65.30889065773832
I0360,U036,balanced,P045,cafe_09,synthetic,valid,4,4,3,4,3,4,4,5,3,5,dorm_lounge,online_class,mostly_solo,2_4h,evening,1,0,1,1,0,1,1,0,1,0,1,cafe,online_class,solo,1_2h,morning,weekend,10.5,cloudy,indoor,often,2,3,2,2,3,3,3,2,3,3,8,12,6,8,9,12,15,9,3.3,5.3,6,0.0,35.4,52.21261612006056
I0361,U037,comfort_oriented,P108,dorm_lounge_12,synthetic,train,4,4,5,4,4,3,4,4,5,4,study_room,deep_study,mostly_solo,1_2h,evening,1,1,1,1,1,0,1,1,0,1,1,dorm_lounge,report_writing,solo,2_4h,afternoon,weekend,11.4,rainy,indoor,sometimes,2,4,3,3,3,3,3,3,3,3,8,16,15,12,12,12,12,15,3.4,4.3,12,0.5,56.6,61.21328630291039
I0362,U037,comfort_oriented,P007,library_07,synthetic,train,4,4,5,4,4,3,4,4,5,4,study_room,deep_study,mostly_solo,1_2h,evening,1,1,1,1,1,0,1,1,0,1,1,library,report_writing,solo,2_4h,morning,weekend,13.1,rainy,indoor,rarely,5,4,3,4,3,3,4,5,4,4,20,16,15,16,16,16,12,15,3.4,4.9,20,0.0,70.6,74.19322802638197
I0363,U037,comfort_oriented,P034,study_room_16,synthetic,train,4,4,5,4,4,3,4,4,5,4,study_room,deep_study,mostly_solo,1_2h,evening,1,1,1,1,1,0,1,1,0,1,1,study_room,deep_study,solo,2_4h,morning,weekend,8.3,cloudy,indoor,sometimes,4,4,4,4,4,3,4,4,5,3,16,16,20,16,16,20,16,15,4.0,3.1,16,0.0,79.7,74.87326278720417
I0364,U037,comfort_oriented,P102,dorm_lounge_06,synthetic,train,4,4,5,4,4,3,4,4,5,4,study_room,deep_study,mostly_solo,1_2h,evening,1,1,1,1,1,0,1,1,0,1,1,dorm_lounge,online_class,2,1_2h,evening,weekend,15.9,clear,indoor,rarely,3,3,3,3,3,3,4,2,4,4,12,12,15,12,16,16,12,15,2.6,6.0,6,1.0,55.0,57.84899843357299
I0365,U037,comfort_oriented,P052,cafe_16,synthetic,train,4,4,5,4,4,3,4,4,5,4,study_room,deep_study,mostly_solo,1_2h,evening,1,1,1,1,1,0,1,1,0,1,1,cafe,team_project,3_4,1_2h,afternoon,weekday,17.5,cloudy,indoor,often,3,5,3,2,2,3,3,4,4,3,12,20,15,8,12,16,8,15,1.0,6.6,12,0.5,69.1,64.57363647003507
I0366,U037,comfort_oriented,P003,library_03,synthetic,train,4,4,5,4,4,3,4,4,5,4,study_room,deep_study,mostly_solo,1_2h,evening,1,1,1,1,1,0,1,1,0,1,1,library,report_writing,solo,2_4h,late_night,weekday,3.5,cloudy,indoor,sometimes,5,3,4,5,3,3,4,5,4,4,20,12,20,20,16,16,12,15,3.4,1.3,20,0.5,76.5,78.38972227684178
I0367,U037,comfort_oriented,P024,study_room_06,synthetic,train,4,4,5,4,4,3,4,4,5,4,study_room,deep_study,mostly_solo,1_2h,evening,1,1,1,1,1,0,1,1,0,1,1,study_room,deep_study,solo,2_4h,evening,weekday,1.0,cloudy,indoor,first_time,4,4,3,4,3,4,4,4,4,3,16,16,15,16,16,16,12,20,4.0,0.4,16,1.0,71.9,72.36733120328887
I0368,U037,comfort_oriented,P031,study_room_13,synthetic,train,4,4,5,4,4,3,4,4,5,4,study_room,deep_study,mostly_solo,1_2h,evening,1,1,1,1,1,0,1,1,0,1,1,study_room,coding,solo,over_4h,afternoon,weekend,1.0,clear,indoor,often,5,4,4,4,4,4,4,4,5,4,20,16,20,16,16,20,16,20,3.6,0.4,16,0.5,80.7,81.14902108684925
I0369,U037,comfort_oriented,P118,outdoor_10,synthetic,train,4,4,5,4,4,3,4,4,5,4,study_room,deep_study,mostly_solo,1_2h,evening,1,1,1,1,1,0,1,1,0,1,1,outdoor,light_reading,solo,1_2h,late_night,weekday,9.4,rainy,outdoor,often,3,5,3,3,3,3,2,4,3,3,12,20,15,12,8,12,12,15,1.8,3.5,12,0.5,50.6,60.55538964532026
I0370,U037,comfort_oriented,P043,cafe_07,synthetic,train,4,4,5,4,4,3,4,4,5,4,study_room,deep_study,mostly_solo,1_2h,evening,1,1,1,1,1,0,1,1,0,1,1,cafe,team_project,3_4,2_4h,evening,weekend,6.0,hot,indoor,sometimes,2,5,3,3,2,4,3,4,3,3,8,20,15,12,12,12,8,20,1.0,2.2,12,1.0,54.9,65.90600776039818
I0371,U038,quiet_deepwork,P014,library_14,synthetic,train,5,4,5,4,4,4,3,4,5,4,computer_lab,deep_study,mostly_solo,1_2h,morning,1,1,1,0,1,1,1,1,1,1,1,library,light_reading,solo,1_2h,evening,weekday,6.1,cold,indoor,often,5,4,5,4,3,4,4,4,4,4,25,16,25,16,16,12,12,20,1.8,3.1,12,0.0,80.7,77.81010184904068
I0372,U038,quiet_deepwork,P027,study_room_09,synthetic,train,5,4,5,4,4,4,3,4,5,4,computer_lab,deep_study,mostly_solo,1_2h,morning,1,1,1,0,1,1,1,1,1,1,1,study_room,online_class,3_4,2_4h,morning,weekday,5.3,cold,indoor,often,5,3,3,4,4,3,3,4,3,3,25,12,15,16,12,9,16,15,2.6,2.6,12,1.0,77.6,70.55171721714223
I0373,U038,quiet_deepwork,P018,library_18,synthetic,train,5,4,5,4,4,4,3,4,5,4,computer_lab,deep_study,mostly_solo,1_2h,morning,1,1,1,0,1,1,1,1,1,1,1,library,light_reading,solo,1_2h,morning,weekday,11.5,cold,indoor,rarely,5,4,3,4,3,3,4,5,4,3,25,16,15,16,16,12,12,15,1.8,5.8,15,1.0,73.4,71.17486236811911
I0374,U038,quiet_deepwork,P085,coworking_space_01,synthetic,train,5,4,5,4,4,4,3,4,5,4,computer_lab,deep_study,mostly_solo,1_2h,morning,1,1,1,0,1,1,1,1,1,1,1,coworking_space,light_reading,solo,under_1h,evening,weekend,4.0,cloudy,indoor,sometimes,3,5,2,3,4,3,4,4,4,3,15,20,10,12,16,12,16,15,1.8,2.0,12,0.0,70.0,65.92787811926644
I0375,U038,quiet_deepwork,P018,library_18,synthetic,train,5,4,5,4,4,4,3,4,5,4,computer_lab,deep_study,mostly_solo,1_2h,morning,1,1,1,0,1,1,1,1,1,1,1,library,deep_study,solo,2_4h,evening,weekday,5.7,cloudy,indoor,rarely,5,4,3,4,3,3,4,4,4,3,25,16,15,16,16,12,12,15,4.0,2.8,16,0.0,76.9,71.94836083911173
I0376,U038,quiet_deepwork,P011,library_11,synthetic,train,5,4,5,4,4,4,3,4,5,4,computer_lab,deep_study,mostly_solo,1_2h,morning,1,1,1,0,1,1,1,1,1,1,1,library,light_reading,solo,1_2h,evening,weekday,13.7,cloudy,indoor,often,5,4,4,4,2,4,4,4,4,3,25,16,20,16,16,12,8,20,1.8,6.9,12,0.0,73.8,72.39085992930754
I0377,U038,quiet_deepwork,P087,coworking_space_03,synthetic,train,5,4,5,4,4,4,3,4,5,4,computer_lab,deep_study,mostly_solo,1_2h,morning,1,1,1,0,1,1,1,1,1,1,1,coworking_space,report_writing,2,2_4h,morning,weekend,12.4,clear,indoor,often,4,4,3,2,5,4,4,4,4,4,20,16,15,8,16,12,20,20,3.4,6.2,16,1.0,71.6,70.0280484691595
I0378,U038,quiet_deepwork,P050,cafe_14,synthetic,train,5,4,5,4,4,4,3,4,5,4,computer_lab,deep_study,mostly_solo,1_2h,morning,1,1,1,0,1,1,1,1,1,1,1,cafe,deep_study,solo,2_4h,morning,weekday,10.6,cloudy,indoor,sometimes,3,5,2,3,2,4,3,3,4,3,15,20,10,12,12,12,8,20,4.0,5.3,12,1.0,67.0,62.791604983057596
I0379,U038,quiet_deepwork,P074,classroom_12,synthetic,train,5,4,5,4,4,4,3,4,5,4,computer_lab,deep_study,mostly_solo,1_2h,morning,1,1,1,0,1,1,1,1,1,1,1,classroom,deep_study,3_4,2_4h,late_night,weekday,11.5,cloudy,indoor,sometimes,3,4,3,3,2,3,3,3,3,3,15,16,15,12,12,9,8,15,4.0,5.7,12,0.0,47.3,57.59396073906041
I0380,U038,quiet_deepwork,P074,classroom_12,synthetic,train,5,4,5,4,4,4,3,4,5,4,computer_lab,deep_study,mostly_solo,1_2h,morning,1,1,1,0,1,1,1,1,1,1,1,classroom,report_writing,solo,2_4h,morning,weekday,10.1,cloudy,indoor,sometimes,3,4,3,3,2,3,3,4,3,3,15,16,15,12,12,9,8,15,3.4,5.1,16,1.0,68.2,64.04046428981468
I0381,U039,convenience_oriented,P038,cafe_02,synthetic,train,3,3,3,4,5,5,3,4,4,3,study_room,light_reading,mixed,1_2h,morning,0,0,1,0,1,1,0,1,1,1,1,cafe,online_class,solo,under_1h,morning,weekend,27.8,clear,indoor,often,2,4,3,2,2,4,3,2,3,3,6,12,9,8,15,9,8,16,2.0,17.4,6,1.0,52.0,45.38885584866223
I0382,U039,convenience_oriented,P001,library_01,synthetic,train,3,3,3,4,5,5,3,4,4,3,study_room,light_reading,mixed,1_2h,morning,0,0,1,0,1,1,0,1,1,1,1,library,coding,solo,2_4h,morning,weekday,9.6,clear,indoor,sometimes,5,4,4,5,2,3,4,4,4,4,15,12,12,20,20,12,8,12,2.7,6.0,12,1.0,72.9,65.80717702761123
I0383,U039,convenience_oriented,P021,study_room_03,synthetic,train,3,3,3,4,5,5,3,4,4,3,study_room,light_reading,mixed,1_2h,morning,0,0,1,0,1,1,0,1,1,1,1,study_room,meeting,2,2_4h,morning,weekend,15.7,clear,indoor,often,5,4,4,4,3,4,4,4,4,2,15,12,12,16,20,12,12,16,0.6,9.8,12,1.0,75.4,65.38976015041301
I0384,U039,convenience_oriented,P028,study_room_10,synthetic,train,3,3,3,4,5,5,3,4,4,3,study_room,light_reading,mixed,1_2h,morning,0,0,1,0,1,1,0,1,1,1,1,study_room,online_class,solo,1_2h,morning,weekend,14.4,clear,indoor,often,4,4,3,3,4,4,5,4,4,3,12,12,9,12,25,12,16,16,2.0,9.0,12,1.0,65.7,64.28879801410633
I0385,U039,convenience_oriented,P005,library_05,synthetic,train,3,3,3,4,5,5,3,4,4,3,study_room,light_reading,mixed,1_2h,morning,0,0,1,0,1,1,0,1,1,1,1,library,report_writing,solo,2_4h,morning,weekend,4.1,rainy,indoor,often,5,4,4,5,3,4,4,5,4,4,15,12,12,20,20,12,12,16,2.6,2.6,15,1.0,80.6,73.61894236097766
I0386,U039,convenience_oriented,P027,study_room_09,synthetic,train,3,3,3,4,5,5,3,4,4,3,study_room,light_reading,mixed,1_2h,morning,0,0,1,0,1,1,0,1,1,1,1,study_room,coding,solo,2_4h,evening,weekday,9.0,clear,indoor,sometimes,5,3,3,4,4,3,3,4,3,3,15,9,9,16,15,9,16,12,2.7,5.6,12,0.0,50.3,61.82152315154526
I0387,U039,convenience_oriented,P057,home_03,synthetic,train,3,3,3,4,5,5,3,4,4,3,study_room,light_reading,mixed,1_2h,morning,0,0,1,0,1,1,0,1,1,1,1,home,report_writing,solo,1_2h,afternoon,weekday,5.2,rainy,indoor,often,3,4,4,4,5,4,5,4,5,4,9,12,12,16,25,15,20,16,2.6,3.3,12,0.5,64.2,70.0582158615693
I0388,U039,convenience_oriented,P058,home_04,synthetic,train,3,3,3,4,5,5,3,4,4,3,study_room,light_reading,mixed,1_2h,morning,0,0,1,0,1,1,0,1,1,1,1,home,coding,solo,under_1h,morning,weekday,17.7,cold,indoor,often,4,3,4,3,4,5,4,5,4,4,12,9,12,12,20,12,16,20,2.7,11.1,15,1.0,81.3,65.46409414902173
I0389,U039,convenience_oriented,P073,classroom_11,synthetic,train,3,3,3,4,5,5,3,4,4,3,study_room,light_reading,mixed,1_2h,morning,0,0,1,0,1,1,0,1,1,1,1,classroom,light_reading,solo,under_1h,morning,weekday,11.7,cloudy,indoor,often,4,5,3,3,4,3,3,2,3,4,12,15,9,12,15,9,16,12,1.4,7.3,6,1.0,57.8,56.609087725328436
I0390,U039,convenience_oriented,P094,coworking_space_10,synthetic,train,3,3,3,4,5,5,3,4,4,3,study_room,light_reading,mixed,1_2h,morning,0,0,1,0,1,1,0,1,1,1,1,coworking_space,coding,solo,over_4h,afternoon,weekday,9.2,cloudy,indoor,often,3,5,3,4,3,4,3,5,4,4,9,15,9,16,15,12,12,16,2.7,5.8,15,0.5,68.2,60.676291837372965
I0391,U040,social_collaborative,P118,outdoor_10,synthetic,train,3,5,2,3,4,4,3,4,5,2,coworking_space,team_project,mostly_group,2_4h,afternoon,0,0,0,0,1,1,0,1,1,1,0,outdoor,coding,solo,2_4h,afternoon,weekday,4.6,cloudy,outdoor,sometimes,3,5,3,3,3,3,2,2,3,3,9,25,6,9,8,9,12,15,1.8,2.3,4,1.0,54.4,51.590531517860086
I0392,U040,social_collaborative,P099,dorm_lounge_03,synthetic,train,3,5,2,3,4,4,3,4,5,2,coworking_space,team_project,mostly_group,2_4h,afternoon,0,0,0,0,1,1,0,1,1,1,0,dorm_lounge,coding,solo,2_4h,early_morning,weekend,10.0,cold,indoor,rarely,4,4,3,3,3,3,4,3,3,3,12,20,6,9,16,9,12,15,1.8,5.0,6,0.0,62.2,53.646254548033035
I0393,U040,social_collaborative,P092,coworking_space_08,synthetic,train,3,5,2,3,4,4,3,4,5,2,coworking_space,team_project,mostly_group,2_4h,afternoon,0,0,0,0,1,1,0,1,1,1,0,coworking_space,team_project,2,1_2h,evening,weekday,7.0,rainy,indoor,rarely,2,4,3,4,3,4,4,4,4,3,6,20,6,12,16,12,12,20,0.5,3.5,12,0.5,55.9,59.14012312963679
I0394,U040,social_collaborative,P091,coworking_space_07,synthetic,train,3,5,2,3,4,4,3,4,5,2,coworking_space,team_project,mostly_group,2_4h,afternoon,0,0,0,0,1,1,0,1,1,1,0,coworking_space,deep_study,solo,1_2h,evening,weekday,14.9,hot,indoor,sometimes,4,4,4,3,4,5,4,3,3,4,12,20,8,9,16,9,16,25,2.0,7.5,6,0.5,61.5,58.87287042455627
I0395,U040,social_collaborative,P036,study_room_18,synthetic,train,3,5,2,3,4,4,3,4,5,2,coworking_space,team_project,mostly_group,2_4h,afternoon,0,0,0,0,1,1,0,1,1,1,0,study_room,meeting,3_4,under_1h,evening,weekend,13.2,cloudy,indoor,sometimes,5,4,4,4,4,4,5,4,4,4,15,20,8,12,20,12,16,20,0.4,6.6,12,0.5,74.7,68.7186040520936
I0396,U040,social_collaborative,P043,cafe_07,synthetic,train,3,5,2,3,4,4,3,4,5,2,coworking_space,team_project,mostly_group,2_4h,afternoon,0,0,0,0,1,1,0,1,1,1,0,cafe,meeting,2,under_1h,afternoon,weekday,1.0,clear,indoor,often,2,5,3,3,2,4,3,4,3,3,6,25,6,9,12,9,8,20,0.4,0.5,12,1.0,56.7,62.28688912384527
I0397,U040,social_collaborative,P067,classroom_05,synthetic,train,3,5,2,3,4,4,3,4,5,2,coworking_space,team_project,mostly_group,2_4h,afternoon,0,0,0,0,1,1,0,1,1,1,0,classroom,team_project,3_4,2_4h,afternoon,weekday,8.2,cloudy,indoor,first_time,3,4,3,3,3,2,3,4,3,3,9,20,6,9,12,9,12,10,0.5,4.1,12,1.0,49.1,55.05637559025874
I0398,U040,social_collaborative,P054,cafe_18,synthetic,train,3,5,2,3,4,4,3,4,5,2,coworking_space,team_project,mostly_group,2_4h,afternoon,0,0,0,0,1,1,0,1,1,1,0,cafe,deep_study,solo,under_1h,evening,weekday,12.0,rainy,indoor,sometimes,3,5,2,3,2,3,3,3,4,3,9,25,4,9,12,12,8,15,2.0,6.0,6,0.5,62.3,52.25506860478232
I0399,U040,social_collaborative,P025,study_room_07,synthetic,train,3,5,2,3,4,4,3,4,5,2,coworking_space,team_project,mostly_group,2_4h,afternoon,0,0,0,0,1,1,0,1,1,1,0,study_room,team_project,2,1_2h,late_night,weekday,7.6,rainy,indoor,often,4,4,3,4,4,4,4,5,4,3,12,20,6,12,16,12,16,20,0.5,3.8,15,0.0,61.6,66.899792648816
I0400,U040,social_collaborative,P006,library_06,synthetic,train,3,5,2,3,4,4,3,4,5,2,coworking_space,team_project,mostly_group,2_4h,afternoon,0,0,0,0,1,1,0,1,1,1,0,library,coding,solo,1_2h,early_morning,weekend,16.0,clear,indoor,rarely,4,4,4,5,2,3,4,4,5,4,12,20,8,15,16,15,8,15,1.8,8.0,8,0.0,46.5,58.397516307924214
I0401,U041,balanced,P062,home_08,synthetic,train,4,3,4,3,4,5,4,4,4,5,library,deep_study,mostly_solo,over_4h,evening,1,1,0,1,1,1,1,1,1,1,0,home,light_reading,solo,1_2h,afternoon,weekend,11.1,clear,indoor,first_time,4,3,4,4,4,5,5,5,4,5,16,9,16,12,20,16,16,20,2.3,7.0,15,0.5,71.3,70.3748120275522
I0402,U041,balanced,P106,dorm_lounge_10,synthetic,train,4,3,4,3,4,5,4,4,4,5,library,deep_study,mostly_solo,over_4h,evening,1,1,0,1,1,1,1,1,1,1,0,dorm_lounge,coding,solo,1_2h,evening,weekday,4.5,clear,indoor,often,3,3,2,3,3,4,3,3,3,3,12,9,8,9,12,12,12,16,4.5,2.8,15,1.0,77.7,62.30161994365504
I0403,U041,balanced,P076,computer_lab_02,synthetic,train,4,3,4,3,4,5,4,4,4,5,library,deep_study,mostly_solo,over_4h,evening,1,1,0,1,1,1,1,1,1,1,0,computer_lab,light_reading,solo,1_2h,evening,weekday,9.3,cold,indoor,sometimes,3,5,3,4,4,3,4,3,3,4,12,15,12,12,16,12,16,12,2.3,5.8,9,1.0,51.0,60.70305080591713
I0404,U041,balanced,P088,coworking_space_04,synthetic,train,4,3,4,3,4,5,4,4,4,5,library,deep_study,mostly_solo,over_4h,evening,1,1,0,1,1,1,1,1,1,1,0,coworking_space,online_class,solo,2_4h,afternoon,weekday,23.5,cloudy,indoor,sometimes,3,4,3,3,4,4,4,4,5,4,12,12,12,9,16,20,16,16,3.3,14.7,12,0.5,54.8,58.527262263214496
I0405,U041,balanced,P062,home_08,synthetic,train,4,3,4,3,4,5,4,4,4,5,library,deep_study,mostly_solo,over_4h,evening,1,1,0,1,1,1,1,1,1,1,0,home,team_project,3_4,under_1h,evening,weekday,8.8,cold,indoor,sometimes,4,3,4,4,4,5,5,3,4,5,16,9,16,12,20,16,16,20,1.3,5.5,9,1.0,76.8,73.65632218860188
I0406,U041,balanced,P025,study_room_07,synthetic,train,4,3,4,3,4,5,4,4,4,5,library,deep_study,mostly_solo,over_4h,evening,1,1,0,1,1,1,1,1,1,1,0,study_room,coding,solo,over_4h,evening,weekday,5.2,clear,indoor,often,4,4,3,4,4,4,4,4,4,3,16,12,12,12,16,16,16,16,4.5,3.2,20,1.0,59.7,71.62133406826872
I0407,U041,balanced,P042,cafe_06,synthetic,train,4,3,4,3,4,5,4,4,4,5,library,deep_study,mostly_solo,over_4h,evening,1,1,0,1,1,1,1,1,1,1,0,cafe,online_class,2,under_1h,afternoon,weekend,11.6,rainy,indoor,first_time,3,4,2,3,2,4,3,3,4,3,12,12,8,9,12,16,8,16,3.3,7.2,9,0.5,55.6,50.94572604596954
I0408,U041,balanced,P047,cafe_11,synthetic,train,4,3,4,3,4,5,4,4,4,5,library,deep_study,mostly_solo,over_4h,evening,1,1,0,1,1,1,1,1,1,1,0,cafe,team_project,3_4,under_1h,evening,weekday,10.1,clear,indoor,often,3,4,3,3,2,4,3,4,4,3,12,12,12,9,12,16,8,16,1.3,6.3,12,1.0,68.3,63.76618391543571
I0409,U041,balanced,P030,study_room_12,synthetic,train,4,3,4,3,4,5,4,4,4,5,library,deep_study,mostly_solo,over_4h,evening,1,1,0,1,1,1,1,1,1,1,0,study_room,online_class,solo,2_4h,late_night,weekday,13.5,cold,indoor,often,5,4,3,4,3,3,4,4,4,4,20,12,12,12,16,16,12,12,3.3,8.4,12,0.5,72.5,64.86388002584171
I0410,U041,balanced,P004,library_04,synthetic,train,4,3,4,3,4,5,4,4,4,5,library,deep_study,mostly_solo,over_4h,evening,1,1,0,1,1,1,1,1,1,1,0,library,report_writing,2,2_4h,afternoon,weekend,1.0,cloudy,indoor,often,5,3,3,4,2,4,4,5,3,4,20,9,12,12,16,12,8,16,4.3,0.6,25,0.5,72.0,72.68066607447184
I0411,U042,quiet_deepwork,P013,library_13,synthetic,valid,4,4,5,5,3,3,5,4,4,5,computer_lab,deep_study,mostly_solo,2_4h,late_night,1,1,1,1,0,0,1,0,0,1,1,library,deep_study,solo,2_4h,afternoon,weekday,1.0,hot,indoor,sometimes,5,4,4,4,3,3,5,5,4,4,20,16,20,20,15,20,12,12,5.0,0.4,25,0.0,84.0,80.29516669902029
I0412,U042,quiet_deepwork,P009,library_09,synthetic,valid,4,4,5,5,3,3,5,4,4,5,computer_lab,deep_study,mostly_solo,2_4h,late_night,1,1,1,1,0,0,1,0,0,1,1,library,light_reading,solo,1_2h,morning,weekend,4.5,hot,indoor,sometimes,4,4,3,4,2,4,4,4,4,4,16,16,15,20,12,20,8,16,2.3,1.7,12,0.0,82.7,71.8478157837621
I0413,U042,quiet_deepwork,P016,library_16,synthetic,valid,4,4,5,5,3,3,5,4,4,5,computer_lab,deep_study,mostly_solo,2_4h,late_night,1,1,1,1,0,0,1,0,0,1,1,library,report_writing,solo,over_4h,morning,weekday,7.6,hot,indoor,sometimes,5,4,3,5,3,4,3,4,4,4,20,16,15,25,9,20,12,16,4.3,2.8,20,0.0,66.5,77.0264103180428
I0414,U042,quiet_deepwork,P058,home_04,synthetic,valid,4,4,5,5,3,3,5,4,4,5,computer_lab,deep_study,mostly_solo,2_4h,late_night,1,1,1,1,0,0,1,0,0,1,1,home,online_class,solo,1_2h,late_night,weekend,17.6,cloudy,indoor,sometimes,4,3,4,3,4,5,4,5,4,4,16,12,20,15,12,20,16,20,3.3,6.6,15,1.0,61.1,74.26636884459772
I0415,U042,quiet_deepwork,P021,study_room_03,synthetic,valid,4,4,5,5,3,3,5,4,4,5,computer_lab,deep_study,mostly_solo,2_4h,late_night,1,1,1,1,0,0,1,0,0,1,1,study_room,coding,2,over_4h,morning,weekday,14.7,clear,indoor,sometimes,5,4,4,4,3,4,4,4,4,2,20,16,20,20,12,20,12,16,4.5,5.5,20,0.0,66.0,72.44939153372157
I0416,U042,quiet_deepwork,P112,outdoor_04,synthetic,valid,4,4,5,5,3,3,5,4,4,5,computer_lab,deep_study,mostly_solo,2_4h,late_night,1,1,1,1,0,0,1,0,0,1,1,outdoor,report_writing,solo,1_2h,afternoon,weekday,11.6,hot,outdoor,first_time,3,4,3,3,2,3,1,3,3,2,12,16,15,15,3,15,8,12,4.3,4.4,15,0.0,34.9,53.275737174389555
I0417,U042,quiet_deepwork,P039,cafe_03,synthetic,valid,4,4,5,5,3,3,5,4,4,5,computer_lab,deep_study,mostly_solo,2_4h,late_night,1,1,1,1,0,0,1,0,0,1,1,cafe,online_class,solo,1_2h,evening,weekend,11.0,cold,indoor,sometimes,3,4,2,3,2,4,3,3,4,4,12,16,10,15,9,20,8,16,3.3,4.1,9,0.5,59.6,62.08683163465512
I0418,U042,quiet_deepwork,P016,library_16,synthetic,valid,4,4,5,5,3,3,5,4,4,5,computer_lab,deep_study,mostly_solo,2_4h,late_night,1,1,1,1,0,0,1,0,0,1,1,library,coding,5_plus,over_4h,late_night,weekday,7.4,cloudy,indoor,often,5,4,3,5,3,4,3,4,4,4,20,16,15,25,9,20,12,16,4.5,2.8,20,1.0,71.9,75.24075983195856
I0419,U042,quiet_deepwork,P005,library_05,synthetic,valid,4,4,5,5,3,3,5,4,4,5,computer_lab,deep_study,mostly_solo,2_4h,late_night,1,1,1,1,0,0,1,0,0,1,1,library,online_class,solo,under_1h,late_night,weekend,3.0,cloudy,indoor,first_time,5,4,4,5,3,4,4,3,4,4,20,16,20,25,12,20,12,16,3.3,1.1,9,1.0,85.0,75.86516814315033
I0420,U042,quiet_deepwork,P014,library_14,synthetic,valid,4,4,5,5,3,3,5,4,4,5,computer_lab,deep_study,mostly_solo,2_4h,late_night,1,1,1,1,0,0,1,0,0,1,1,library,report_writing,2,2_4h,late_night,weekend,5.4,hot,indoor,often,5,4,5,4,3,4,4,5,4,4,20,16,25,20,12,20,12,16,4.3,2.0,25,1.0,75.3,80.19381600486943
I0421,U043,convenience_oriented,P019,study_room_01,synthetic,train,5,3,3,3,5,5,3,2,4,4,library,deep_study,mostly_solo,over_4h,late_night,1,0,0,0,1,1,1,1,1,1,0,study_room,light_reading,solo,over_4h,afternoon,weekend,12.7,clear,indoor,first_time,4,3,4,4,3,4,4,4,4,4,20,9,12,12,20,12,6,16,1.8,8.0,12,0.0,65.4,62.94446758466474
I0422,U043,convenience_oriented,P064,classroom_02,synthetic,train,5,3,3,3,5,5,3,2,4,4,library,deep_study,mostly_solo,over_4h,late_night,1,0,0,0,1,1,1,1,1,1,0,classroom,online_class,solo,over_4h,evening,weekday,8.6,clear,indoor,sometimes,4,4,3,3,3,3,3,3,3,3,20,12,9,9,15,9,6,12,2.6,5.4,9,0.5,59.5,59.76272407935126
I0423,U043,convenience_oriented,P012,library_12,synthetic,train,5,3,3,3,5,5,3,2,4,4,library,deep_study,mostly_solo,over_4h,late_night,1,0,0,0,1,1,1,1,1,1,0,library,coding,3_4,over_4h,late_night,weekend,1.6,rainy,indoor,first_time,5,4,4,4,3,3,3,4,5,4,25,12,12,12,15,15,6,12,3.6,1.0,16,1.0,69.3,68.0931118510292
I0424,U043,convenience_oriented,P005,library_05,synthetic,train,5,3,3,3,5,5,3,2,4,4,library,deep_study,mostly_solo,over_4h,late_night,1,0,0,0,1,1,1,1,1,1,0,library,coding,2,2_4h,morning,weekend,6.1,clear,indoor,first_time,5,4,4,5,3,4,4,5,4,4,25,12,12,15,20,12,6,16,3.6,3.8,20,0.0,71.9,69.95448504117404
I0425,U043,convenience_oriented,P092,coworking_space_08,synthetic,train,5,3,3,3,5,5,3,2,4,4,library,deep_study,mostly_solo,over_4h,late_night,1,0,0,0,1,1,1,1,1,1,0,coworking_space,team_project,3_4,1_2h,early_morning,weekday,7.5,clear,indoor,rarely,2,4,3,4,3,4,4,4,4,3,10,12,9,12,20,12,6,16,1.0,4.7,12,0.0,63.2,62.12754122186398
I0426,U043,convenience_oriented,P010,library_10,synthetic,train,5,3,3,3,5,5,3,2,4,4,library,deep_study,mostly_solo,over_4h,late_night,1,0,0,0,1,1,1,1,1,1,0,library,light_reading,solo,under_1h,afternoon,weekday,1.0,cloudy,indoor,sometimes,5,5,4,4,3,4,4,5,4,5,25,15,12,12,20,12,6,16,1.8,0.6,15,0.0,72.8,74.99119137084764
I0427,U043,convenience_oriented,P057,home_03,synthetic,train,5,3,3,3,5,5,3,2,4,4,library,deep_study,mostly_solo,over_4h,late_night,1,0,0,0,1,1,1,1,1,1,0,home,deep_study,solo,1_2h,morning,weekend,4.9,clear,indoor,rarely,3,4,4,4,5,4,5,5,5,4,15,12,12,12,25,15,10,16,4.0,3.1,20,0.0,79.6,71.88111831805952
I0428,U043,convenience_oriented,P073,classroom_11,synthetic,train,5,3,3,3,5,5,3,2,4,4,library,deep_study,mostly_solo,over_4h,late_night,1,0,0,0,1,1,1,1,1,1,0,classroom,report_writing,solo,over_4h,afternoon,weekday,2.8,clear,indoor,sometimes,4,5,3,3,4,3,3,3,3,4,20,15,9,9,15,9,8,12,3.4,1.8,12,0.0,53.4,63.85602225606627
I0429,U043,convenience_oriented,P033,study_room_15,synthetic,train,5,3,3,3,5,5,3,2,4,4,library,deep_study,mostly_solo,over_4h,late_night,1,0,0,0,1,1,1,1,1,1,0,study_room,team_project,3_4,2_4h,late_night,weekday,4.0,clear,indoor,sometimes,5,3,4,3,4,4,4,5,5,4,25,9,12,9,20,15,8,16,1.0,2.5,15,1.0,73.6,77.79760426350133
I0430,U043,convenience_oriented,P061,home_07,synthetic,train,5,3,3,3,5,5,3,2,4,4,library,deep_study,mostly_solo,over_4h,late_night,1,0,0,0,1,1,1,1,1,1,0,home,online_class,solo,under_1h,afternoon,weekday,12.4,cloudy,indoor,first_time,4,4,4,4,4,4,4,4,4,5,20,12,12,12,20,12,8,16,2.6,7.7,12,0.0,63.2,64.69734205380232
I0431,U044,quiet_deepwork,P061,home_07,synthetic,train,5,4,5,3,3,4,5,3,5,4,library,report_writing,mostly_solo,1_2h,late_night,1,1,0,1,0,1,1,0,1,1,0,home,team_project,3_4,1_2h,evening,weekend,16.2,cold,indoor,rarely,4,4,4,4,4,4,4,3,4,5,20,16,20,12,12,20,12,20,1.0,8.1,9,0.5,75.0,69.82108883112667
I0432,U044,quiet_deepwork,P003,library_03,synthetic,train,5,4,5,3,3,4,5,3,5,4,library,report_writing,mostly_solo,1_2h,late_night,1,1,0,1,0,1,1,0,1,1,0,library,report_writing,solo,2_4h,late_night,weekend,1.0,cloudy,indoor,rarely,5,3,4,5,3,3,4,4,4,4,25,12,20,15,12,20,9,15,3.4,0.5,16,1.0,76.6,75.0332427588928
I0433,U044,quiet_deepwork,P011,library_11,synthetic,train,5,4,5,3,3,4,5,3,5,4,library,report_writing,mostly_solo,1_2h,late_night,1,1,0,1,0,1,1,0,1,1,0,library,deep_study,solo,2_4h,late_night,weekend,11.4,clear,indoor,first_time,5,4,4,4,2,4,4,5,4,3,25,16,20,12,12,20,6,20,4.0,5.7,20,1.0,87.5,73.50799306662554
I0434,U044,quiet_deepwork,P051,cafe_15,synthetic,train,5,4,5,3,3,4,5,3,5,4,library,report_writing,mostly_solo,1_2h,late_night,1,1,0,1,0,1,1,0,1,1,0,cafe,report_writing,solo,1_2h,afternoon,weekday,16.1,clear,indoor,sometimes,3,4,2,3,3,4,3,4,4,3,15,16,10,9,9,20,9,20,3.4,8.1,16,0.0,66.2,61.64545520035882
I0435,U044,quiet_deepwork,P016,library_16,synthetic,train,5,4,5,3,3,4,5,3,5,4,library,report_writing,mostly_solo,1_2h,late_night,1,1,0,1,0,1,1,0,1,1,0,library,light_reading,solo,1_2h,afternoon,weekend,10.5,clear,indoor,sometimes,5,4,3,5,3,4,3,4,4,4,25,16,15,15,9,20,9,20,1.8,5.3,12,0.0,81.6,71.50764426602902
I0436,U044,quiet_deepwork,P014,library_14,synthetic,train,5,4,5,3,3,4,5,3,5,4,library,report_writing,mostly_solo,1_2h,late_night,1,1,0,1,0,1,1,0,1,1,0,library,team_project,3_4,2_4h,late_night,weekday,5.3,cloudy,indoor,rarely,5,4,5,4,3,4,4,3,4,4,25,16,25,12,12,20,9,20,1.0,2.6,9,1.0,86.0,77.09719517395783
I0437,U044,quiet_deepwork,P011,library_11,synthetic,train,5,4,5,3,3,4,5,3,5,4,library,report_writing,mostly_solo,1_2h,late_night,1,1,0,1,0,1,1,0,1,1,0,library,online_class,solo,1_2h,morning,weekend,7.9,cold,indoor,first_time,5,4,4,4,2,4,4,3,4,3,25,16,20,12,12,20,6,20,2.6,3.9,9,0.0,69.6,70.1809940440869
I0438,U044,quiet_deepwork,P020,study_room_02,synthetic,train,5,4,5,3,3,4,5,3,5,4,library,report_writing,mostly_solo,1_2h,late_night,1,1,0,1,0,1,1,0,1,1,0,study_room,coding,2,2_4h,late_night,weekday,6.0,clear,indoor,sometimes,4,4,4,5,3,4,4,4,4,4,20,16,20,15,12,20,9,20,3.6,3.0,16,1.0,66.8,71.05779856752346
I0439,U044,quiet_deepwork,P018,library_18,synthetic,train,5,4,5,3,3,4,5,3,5,4,library,report_writing,mostly_solo,1_2h,late_night,1,1,0,1,0,1,1,0,1,1,0,library,deep_study,solo,2_4h,evening,weekday,8.3,rainy,indoor,often,5,4,3,4,3,3,4,5,4,3,25,16,15,12,12,20,9,15,4.0,4.2,20,0.5,64.1,73.9920004656628
I0440,U044,quiet_deepwork,P089,coworking_space_05,synthetic,train,5,4,5,3,3,4,5,3,5,4,library,report_writing,mostly_solo,1_2h,late_night,1,1,0,1,0,1,1,0,1,1,0,coworking_space,deep_study,solo,2_4h,morning,weekday,23.0,cloudy,indoor,sometimes,3,5,4,3,4,4,5,3,4,3,15,20,20,9,15,20,12,20,4.0,11.5,12,0.0,60.0,64.31317473279306
I0441,U045,convenience_oriented,P008,library_08,synthetic,test,4,4,2,3,5,4,4,4,4,4,cafe,coding,mostly_solo,2_4h,evening,1,0,0,1,1,1,1,1,1,1,0,library,light_reading,solo,under_1h,evening,weekday,14.9,rainy,indoor,sometimes,5,5,4,4,2,3,4,4,4,4,20,20,8,12,20,16,8,12,1.8,7.4,12,1.0,79.9,67.34455811130154
I0442,U045,convenience_oriented,P071,classroom_09,synthetic,test,4,4,2,3,5,4,4,4,4,4,cafe,coding,mostly_solo,2_4h,evening,1,0,0,1,1,1,1,1,1,1,0,classroom,meeting,2,2_4h,afternoon,weekday,13.1,cold,indoor,sometimes,3,3,3,3,3,3,3,4,3,4,12,12,6,9,15,12,12,12,0.8,6.5,12,0.5,51.1,58.91947834399029
I0443,U045,convenience_oriented,P116,outdoor_08,synthetic,test,4,4,2,3,5,4,4,4,4,4,cafe,coding,mostly_solo,2_4h,evening,1,0,0,1,1,1,1,1,1,1,0,outdoor,deep_study,2,2_4h,evening,weekday,11.5,cloudy,outdoor,sometimes,3,5,3,3,2,2,1,2,3,3,12,20,6,9,5,12,8,8,4.0,5.8,8,1.0,42.4,46.33322675648232
I0444,U045,convenience_oriented,P007,library_07,synthetic,test,4,4,2,3,5,4,4,4,4,4,cafe,coding,mostly_solo,2_4h,evening,1,0,0,1,1,1,1,1,1,1,0,library,light_reading,solo,1_2h,afternoon,weekday,4.5,cloudy,indoor,rarely,5,4,3,4,3,3,4,5,4,4,20,16,6,12,20,16,12,12,1.8,2.3,15,0.5,65.8,69.06944712110302
I0445,U045,convenience_oriented,P105,dorm_lounge_09,synthetic,test,4,4,2,3,5,4,4,4,4,4,cafe,coding,mostly_solo,2_4h,evening,1,0,0,1,1,1,1,1,1,1,0,dorm_lounge,deep_study,solo,1_2h,evening,weekday,12.7,cloudy,indoor,often,3,3,3,2,3,3,4,3,4,3,12,12,6,6,20,16,12,12,4.0,6.4,12,1.0,66.8,59.26149022949682
I0446,U045,convenience_oriented,P105,dorm_lounge_09,synthetic,test,4,4,2,3,5,4,4,4,4,4,cafe,coding,mostly_solo,2_4h,evening,1,0,0,1,1,1,1,1,1,1,0,dorm_lounge,report_writing,solo,2_4h,afternoon,weekday,10.7,clear,indoor,first_time,3,3,3,2,3,3,4,3,4,3,12,12,6,6,20,16,12,12,3.4,5.4,12,0.5,51.9,58.169959700613944
I0447,U045,convenience_oriented,P055,home_01,synthetic,test,4,4,2,3,5,4,4,4,4,4,cafe,coding,mostly_solo,2_4h,evening,1,0,0,1,1,1,1,1,1,1,0,home,coding,solo,1_2h,evening,weekday,14.8,hot,indoor,sometimes,4,3,5,4,4,5,5,5,4,5,16,12,10,12,25,16,16,20,3.6,7.4,20,1.0,72.7,72.63427274407348
I0448,U045,convenience_oriented,P013,library_13,synthetic,test,4,4,2,3,5,4,4,4,4,4,cafe,coding,mostly_solo,2_4h,evening,1,0,0,1,1,1,1,1,1,1,0,library,online_class,solo,2_4h,morning,weekday,1.0,hot,indoor,sometimes,5,4,4,4,3,3,5,3,4,4,20,16,8,12,25,16,12,12,2.6,0.5,9,0.0,75.2,71.26903806382846
I0449,U045,convenience_oriented,P002,library_02,synthetic,test,4,4,2,3,5,4,4,4,4,4,cafe,coding,mostly_solo,2_4h,evening,1,0,0,1,1,1,1,1,1,1,0,library,light_reading,solo,1_2h,afternoon,weekday,7.4,clear,indoor,often,5,5,4,4,2,3,4,4,4,4,20,20,8,12,20,16,8,12,1.8,3.7,12,0.5,69.5,70.31783432007731
I0450,U045,convenience_oriented,P088,coworking_space_04,synthetic,test,4,4,2,3,5,4,4,4,4,4,cafe,coding,mostly_solo,2_4h,evening,1,0,0,1,1,1,1,1,1,1,0,coworking_space,team_project,3_4,2_4h,evening,weekday,23.0,rainy,indoor,sometimes,3,4,3,3,4,4,4,5,5,4,12,16,6,9,20,20,16,16,1.0,11.5,15,1.0,62.2,65.88661590360785
I0451,U046,social_collaborative,P108,dorm_lounge_12,synthetic,train,3,4,3,2,4,3,4,4,4,3,coworking_space,team_project,mostly_group,1_2h,morning,0,0,0,1,1,0,0,1,0,1,0,dorm_lounge,light_reading,solo,under_1h,late_night,weekend,8.4,clear,indoor,sometimes,2,4,3,3,3,3,3,4,3,3,6,16,9,6,12,12,12,12,1.4,3.1,12,0.0,65.1,53.77245685867732
I0452,U046,social_collaborative,P107,dorm_lounge_11,synthetic,train,3,4,3,2,4,3,4,4,4,3,coworking_space,team_project,mostly_group,1_2h,morning,0,0,0,1,1,0,0,1,0,1,0,dorm_lounge,team_project,3_4,2_4h,afternoon,weekend,34.8,clear,indoor,often,3,4,3,3,3,4,3,4,3,3,9,16,9,6,12,12,12,16,0.8,13.0,12,0.5,56.7,55.33237136434241
I0453,U046,social_collaborative,P050,cafe_14,synthetic,train,3,4,3,2,4,3,4,4,4,3,coworking_space,team_project,mostly_group,1_2h,morning,0,0,0,1,1,0,0,1,0,1,0,cafe,light_reading,solo,2_4h,afternoon,weekday,12.0,clear,indoor,often,3,5,2,3,2,4,3,4,4,3,9,20,6,6,12,16,8,16,1.4,4.5,12,0.5,48.3,56.10039825806018
I0454,U046,social_collaborative,P081,computer_lab_07,synthetic,train,3,4,3,2,4,3,4,4,4,3,coworking_space,team_project,mostly_group,1_2h,morning,0,0,0,1,1,0,0,1,0,1,0,computer_lab,team_project,5_plus,2_4h,afternoon,weekday,1.1,clear,indoor,first_time,4,4,2,3,3,3,4,4,4,3,12,16,6,6,16,16,12,12,0.8,0.4,12,0.5,55.3,61.379632740610695
I0455,U046,social_collaborative,P094,coworking_space_10,synthetic,train,3,4,3,2,4,3,4,4,4,3,coworking_space,team_project,mostly_group,1_2h,morning,0,0,0,1,1,0,0,1,0,1,0,coworking_space,team_project,3_4,1_2h,evening,weekday,9.9,cloudy,indoor,rarely,3,5,3,4,3,4,3,5,4,4,9,20,9,8,12,16,12,16,0.8,3.7,15,0.0,59.7,60.98849336395119
I0456,U046,social_collaborative,P094,coworking_space_10,synthetic,train,3,4,3,2,4,3,4,4,4,3,coworking_space,team_project,mostly_group,1_2h,morning,0,0,0,1,1,0,0,1,0,1,0,coworking_space,online_class,3_4,2_4h,morning,weekend,10.5,clear,indoor,often,3,5,3,4,3,4,3,3,4,4,9,20,9,8,12,16,12,16,2.0,3.9,9,1.0,64.7,58.09211282575875
I0457,U046,social_collaborative,P028,study_room_10,synthetic,train,3,4,3,2,4,3,4,4,4,3,coworking_space,team_project,mostly_group,1_2h,morning,0,0,0,1,1,0,0,1,0,1,0,study_room,meeting,3_4,2_4h,afternoon,weekday,10.4,clear,indoor,sometimes,4,4,3,3,4,4,5,5,4,3,12,16,9,6,20,16,16,16,0.6,3.9,15,0.5,69.1,67.4087256230216
I0458,U046,social_collaborative,P037,cafe_01,synthetic,train,3,4,3,2,4,3,4,4,4,3,coworking_space,team_project,mostly_group,1_2h,morning,0,0,0,1,1,0,0,1,0,1,0,cafe,team_project,5_plus,2_4h,early_morning,weekday,10.0,clear,indoor,often,3,4,2,2,2,4,3,4,4,4,9,16,6,4,12,16,8,16,0.8,3.8,12,0.5,62.7,59.411778515811676
I0459,U046,social_collaborative,P075,computer_lab_01,synthetic,train,3,4,3,2,4,3,4,4,4,3,coworking_space,team_project,mostly_group,1_2h,morning,0,0,0,1,1,0,0,1,0,1,0,computer_lab,team_project,3_4,1_2h,afternoon,weekday,9.8,rainy,indoor,often,3,3,3,4,3,4,5,3,3,3,9,12,9,8,20,12,12,16,0.8,3.7,9,0.5,63.9,61.10905334444689
I0460,U046,social_collaborative,P081,computer_lab_07,synthetic,train,3,4,3,2,4,3,4,4,4,3,coworking_space,team_project,mostly_group,1_2h,morning,0,0,0,1,1,0,0,1,0,1,0,computer_lab,meeting,5_plus,1_2h,evening,weekday,3.8,clear,indoor,sometimes,4,4,2,3,3,3,4,3,4,3,12,16,6,6,16,16,12,12,0.6,1.4,9,0.0,59.2,60.54930917805322
I0461,U047,comfort_oriented,P085,coworking_space_01,synthetic,train,4,4,4,4,4,3,5,5,5,4,study_room,deep_study,mostly_solo,2_4h,afternoon,1,1,1,1,1,0,1,1,0,1,1,coworking_space,coding,solo,2_4h,afternoon,weekday,1.4,clear,indoor,sometimes,3,5,2,3,4,3,4,3,4,3,12,20,8,12,16,20,20,15,3.6,0.5,12,1.0,76.5,67.43228837143076
I0462,U047,comfort_oriented,P086,coworking_space_02,synthetic,train,4,4,4,4,4,3,5,5,5,4,study_room,deep_study,mostly_solo,2_4h,afternoon,1,1,1,1,1,0,1,1,0,1,1,coworking_space,report_writing,solo,2_4h,afternoon,weekend,18.5,clear,indoor,often,3,4,4,4,5,3,4,4,4,4,12,16,16,16,16,20,25,15,3.4,6.9,16,1.0,71.6,71.93608069056309
I0463,U047,comfort_oriented,P036,study_room_18,synthetic,train,4,4,4,4,4,3,5,5,5,4,study_room,deep_study,mostly_solo,2_4h,afternoon,1,1,1,1,1,0,1,1,0,1,1,study_room,team_project,3_4,under_1h,evening,weekday,12.5,rainy,indoor,rarely,5,4,4,4,4,4,5,5,4,4,20,16,16,16,20,20,20,20,1.0,4.7,15,0.5,79.4,79.6004638985439
I0464,U047,comfort_oriented,P025,study_room_07,synthetic,train,4,4,4,4,4,3,5,5,5,4,study_room,deep_study,mostly_solo,2_4h,afternoon,1,1,1,1,1,0,1,1,0,1,1,study_room,light_reading,solo,1_2h,evening,weekday,5.0,cloudy,indoor,first_time,4,4,3,4,4,4,4,4,4,3,16,16,12,16,16,20,20,20,1.8,1.9,12,0.5,67.8,70.6353858580093
I0465,U047,comfort_oriented,P114,outdoor_06,synthetic,train,4,4,4,4,4,3,5,5,5,4,study_room,deep_study,mostly_solo,2_4h,afternoon,1,1,1,1,1,0,1,1,0,1,1,outdoor,report_writing,solo,2_4h,afternoon,weekday,16.0,clear,outdoor,often,3,4,3,3,2,2,1,2,3,3,12,16,12,12,4,15,10,10,3.4,6.0,8,1.0,56.0,52.82273585739445
I0466,U047,comfort_oriented,P065,classroom_03,synthetic,train,4,4,4,4,4,3,5,5,5,4,study_room,deep_study,mostly_solo,2_4h,afternoon,1,1,1,1,1,0,1,1,0,1,1,classroom,coding,solo,2_4h,afternoon,weekend,13.2,clear,indoor,rarely,4,4,3,3,3,3,4,4,3,3,16,16,12,12,16,15,15,15,3.6,5.0,16,1.0,66.4,65.24556368907776
I0467,U047,comfort_oriented,P063,classroom_01,synthetic,train,4,4,4,4,4,3,5,5,5,4,study_room,deep_study,mostly_solo,2_4h,afternoon,1,1,1,1,1,0,1,1,0,1,1,classroom,deep_study,solo,2_4h,afternoon,weekday,6.9,clear,indoor,often,3,4,3,3,2,3,3,3,3,3,12,16,12,12,12,15,10,15,4.0,2.6,12,1.0,69.6,62.9766515618972
I0468,U047,comfort_oriented,P070,classroom_08,synthetic,train,4,4,4,4,4,3,5,5,5,4,study_room,deep_study,mostly_solo,2_4h,afternoon,1,1,1,1,1,0,1,1,0,1,1,classroom,light_reading,solo,1_2h,afternoon,weekday,11.7,cloudy,indoor,often,3,4,3,2,3,2,3,2,2,3,12,16,12,8,12,10,15,10,1.8,4.4,6,1.0,60.7,55.32604889775073
I0469,U047,comfort_oriented,P046,cafe_10,synthetic,train,4,4,4,4,4,3,5,5,5,4,study_room,deep_study,mostly_solo,2_4h,afternoon,1,1,1,1,1,0,1,1,0,1,1,cafe,online_class,solo,1_2h,late_night,weekday,9.4,cloudy,indoor,sometimes,3,4,2,3,2,4,3,3,3,3,12,16,8,12,12,15,10,20,2.6,3.5,9,0.0,58.0,59.50755854290384
I0470,U047,comfort_oriented,P030,study_room_12,synthetic,train,4,4,4,4,4,3,5,5,5,4,study_room,deep_study,mostly_solo,2_4h,afternoon,1,1,1,1,1,0,1,1,0,1,1,study_room,report_writing,solo,2_4h,afternoon,weekday,15.0,clear,indoor,sometimes,5,4,3,4,3,3,4,4,4,4,20,16,12,16,16,20,15,15,3.4,5.6,16,1.0,73.2,72.7881169836852
I0471,U048,quiet_deepwork,P073,classroom_11,synthetic,valid,5,4,4,4,4,3,4,3,3,5,study_room,coding,mostly_solo,2_4h,morning,1,1,1,1,1,0,1,1,0,0,1,classroom,deep_study,solo,1_2h,morning,weekend,10.2,clear,indoor,often,4,5,3,3,4,3,3,4,3,4,20,20,12,12,12,12,12,9,5.0,3.8,20,1.0,69.0,69.42254756124323
I0472,U048,quiet_deepwork,P072,classroom_10,synthetic,valid,5,4,4,4,4,3,4,3,3,5,study_room,coding,mostly_solo,2_4h,morning,1,1,1,1,1,0,1,1,0,0,1,classroom,deep_study,solo,2_4h,evening,weekday,7.9,hot,indoor,rarely,3,3,4,3,3,3,4,3,3,3,15,12,16,12,16,12,9,9,5.0,3.0,15,0.0,60.1,60.11543332628033
I0473,U048,quiet_deepwork,P006,library_06,synthetic,valid,5,4,4,4,4,3,4,3,3,5,study_room,coding,mostly_solo,2_4h,morning,1,1,1,1,1,0,1,1,0,0,1,library,coding,solo,1_2h,afternoon,weekday,11.6,cold,indoor,first_time,4,4,4,5,2,3,4,3,5,4,20,16,16,20,16,20,6,9,4.5,4.4,15,0.5,66.0,67.74854642163339
I0474,U048,quiet_deepwork,P073,classroom_11,synthetic,valid,5,4,4,4,4,3,4,3,3,5,study_room,coding,mostly_solo,2_4h,morning,1,1,1,1,1,0,1,1,0,0,1,classroom,report_writing,solo,1_2h,afternoon,weekday,16.1,cloudy,indoor,often,4,5,3,3,4,3,3,5,3,4,20,20,12,12,12,12,12,9,4.3,6.0,25,0.5,86.3,69.24824654965676
I0475,U048,quiet_deepwork,P019,study_room_01,synthetic,valid,5,4,4,4,4,3,4,3,3,5,study_room,coding,mostly_solo,2_4h,morning,1,1,1,1,1,0,1,1,0,0,1,study_room,team_project,5_plus,1_2h,afternoon,weekday,11.0,clear,indoor,first_time,4,3,4,4,3,4,4,5,4,4,20,12,16,16,16,16,9,12,1.3,4.1,15,0.5,70.2,71.12371736629284
I0476,U048,quiet_deepwork,P002,library_02,synthetic,valid,5,4,4,4,4,3,4,3,3,5,study_room,coding,mostly_solo,2_4h,morning,1,1,1,1,1,0,1,1,0,0,1,library,coding,solo,2_4h,early_morning,weekend,1.1,cloudy,indoor,sometimes,5,5,4,4,2,3,4,4,4,4,25,20,16,16,16,16,6,9,4.5,0.4,20,0.5,76.2,76.1463756795044
I0477,U048,quiet_deepwork,P010,library_10,synthetic,valid,5,4,4,4,4,3,4,3,3,5,study_room,coding,mostly_solo,2_4h,morning,1,1,1,1,1,0,1,1,0,0,1,library,online_class,solo,2_4h,afternoon,weekday,8.7,rainy,indoor,often,5,5,4,4,3,4,4,4,4,5,25,20,16,16,16,16,9,12,3.3,3.3,12,0.5,85.2,75.63982921064363
I0478,U048,quiet_deepwork,P036,study_room_18,synthetic,valid,5,4,4,4,4,3,4,3,3,5,study_room,coding,mostly_solo,2_4h,morning,1,1,1,1,1,0,1,1,0,0,1,study_room,coding,solo,1_2h,morning,weekend,15.8,cloudy,indoor,first_time,5,4,4,4,4,4,5,4,4,4,25,16,16,16,20,16,12,12,4.5,5.9,20,1.0,78.7,73.57037318543331
I0479,U048,quiet_deepwork,P069,classroom_07,synthetic,valid,5,4,4,4,4,3,4,3,3,5,study_room,coding,mostly_solo,2_4h,morning,1,1,1,1,1,0,1,1,0,0,1,classroom,coding,solo,1_2h,late_night,weekend,15.9,clear,indoor,often,3,4,3,3,3,3,3,3,3,4,15,16,12,12,12,12,9,9,4.5,6.0,15,0.0,69.2,60.35570965377472
I0480,U048,quiet_deepwork,P033,study_room_15,synthetic,valid,5,4,4,4,4,3,4,3,3,5,study_room,coding,mostly_solo,2_4h,morning,1,1,1,1,1,0,1,1,0,0,1,study_room,report_writing,solo,over_4h,morning,weekday,1.0,cloudy,indoor,often,5,3,4,3,4,4,4,5,5,4,25,12,16,12,16,20,12,12,4.3,0.4,25,1.0,88.5,80.77472278673908
I0481,U049,quiet_deepwork,P028,study_room_10,synthetic,train,5,3,5,5,4,3,4,4,3,5,study_room,deep_study,mostly_solo,1_2h,afternoon,1,1,1,1,1,0,1,1,0,0,1,study_room,report_writing,2,2_4h,late_night,weekday,9.9,clear,indoor,rarely,4,4,3,3,4,4,5,4,4,3,20,12,15,15,20,16,16,12,4.3,3.7,20,0.0,72.6,69.71481546738468
I0482,U049,quiet_deepwork,P033,study_room_15,synthetic,train,5,3,5,5,4,3,4,4,3,5,study_room,deep_study,mostly_solo,1_2h,afternoon,1,1,1,1,1,0,1,1,0,0,1,study_room,light_reading,solo,1_2h,late_night,weekend,1.5,clear,indoor,sometimes,5,3,4,3,4,4,4,4,5,4,25,9,20,15,16,20,16,12,2.3,0.6,12,0.0,67.2,77.60501187330605
I0483,U049,quiet_deepwork,P001,library_01,synthetic,train,5,3,5,5,4,3,4,4,3,5,study_room,deep_study,mostly_solo,1_2h,afternoon,1,1,1,1,1,0,1,1,0,0,1,library,report_writing,2,over_4h,morning,weekday,8.8,clear,indoor,rarely,5,4,4,5,2,3,4,5,4,4,25,12,20,25,16,16,8,9,4.3,3.3,25,0.5,67.4,76.04574037625567
I0484,U049,quiet_deepwork,P094,coworking_space_10,synthetic,train,5,3,5,5,4,3,4,4,3,5,study_room,deep_study,mostly_solo,1_2h,afternoon,1,1,1,1,1,0,1,1,0,0,1,coworking_space,deep_study,solo,2_4h,afternoon,weekend,13.1,cold,indoor,sometimes,3,5,3,4,3,4,3,4,4,4,15,15,15,20,12,16,12,12,5.0,4.9,20,1.0,66.9,67.97913076263637
I0485,U049,quiet_deepwork,P018,library_18,synthetic,train,5,3,5,5,4,3,4,4,3,5,study_room,deep_study,mostly_solo,1_2h,afternoon,1,1,1,1,1,0,1,1,0,0,1,library,online_class,solo,1_2h,afternoon,weekday,8.6,clear,indoor,sometimes,5,4,3,4,3,3,4,4,4,3,25,12,15,20,16,16,12,9,3.3,3.2,12,1.0,63.3,73.92713200557273
I0486,U049,quiet_deepwork,P111,outdoor_03,synthetic,train,5,3,5,5,4,3,4,4,3,5,study_room,deep_study,mostly_solo,1_2h,afternoon,1,1,1,1,1,0,1,1,0,0,1,outdoor,deep_study,solo,1_2h,evening,weekday,9.9,clear,outdoor,rarely,3,5,3,4,2,2,1,2,2,3,15,15,15,20,4,8,8,6,5.0,3.7,10,0.5,54.6,52.20529303404657
I0487,U049,quiet_deepwork,P094,coworking_space_10,synthetic,train,5,3,5,5,4,3,4,4,3,5,study_room,deep_study,mostly_solo,1_2h,afternoon,1,1,1,1,1,0,1,1,0,0,1,coworking_space,report_writing,solo,2_4h,afternoon,weekend,7.9,clear,indoor,often,3,5,3,4,3,4,3,4,4,4,15,15,15,20,12,16,12,12,4.3,3.0,20,1.0,81.3,71.27290357137528
I0488,U049,quiet_deepwork,P055,home_01,synthetic,train,5,3,5,5,4,3,4,4,3,5,study_room,deep_study,mostly_solo,1_2h,afternoon,1,1,1,1,1,0,1,1,0,0,1,home,report_writing,solo,over_4h,morning,weekend,11.2,cloudy,indoor,sometimes,4,3,5,4,4,5,5,4,4,5,20,9,25,20,20,16,16,15,4.3,4.2,20,0.5,83.7,80.99103353061096
I0489,U049,quiet_deepwork,P109,outdoor_01,synthetic,train,5,3,5,5,4,3,4,4,3,5,study_room,deep_study,mostly_solo,1_2h,afternoon,1,1,1,1,1,0,1,1,0,0,1,outdoor,light_reading,solo,under_1h,afternoon,weekend,20.8,clear,outdoor,sometimes,2,5,3,3,2,3,1,4,3,3,10,15,15,15,4,12,8,9,2.3,7.8,12,1.0,48.5,52.913753996419096
I0490,U049,quiet_deepwork,P083,computer_lab_09,synthetic,train,5,3,5,5,4,3,4,4,3,5,study_room,deep_study,mostly_solo,1_2h,afternoon,1,1,1,1,1,0,1,1,0,0,1,computer_lab,report_writing,2,1_2h,afternoon,weekend,3.4,hot,indoor,sometimes,4,4,3,3,4,3,5,4,4,3,20,12,15,15,20,16,16,9,4.3,1.3,20,1.0,63.1,71.18827516237879
I0491,U050,quiet_deepwork,P009,library_09,synthetic,train,5,5,5,5,4,3,3,4,5,5,classroom,report_writing,mostly_solo,1_2h,evening,1,1,1,0,1,0,1,1,0,1,1,library,deep_study,solo,1_2h,morning,weekday,11.0,clear,indoor,first_time,4,4,3,4,2,4,4,5,4,4,20,20,15,20,16,12,8,20,5.0,4.1,25,0.0,87.2,78.85982426098215
I0492,U050,quiet_deepwork,P023,study_room_05,synthetic,train,5,5,5,5,4,3,3,4,5,5,classroom,report_writing,mostly_solo,1_2h,evening,1,1,1,0,1,0,1,1,0,1,1,study_room,coding,2,2_4h,morning,weekday,14.8,cloudy,indoor,often,5,4,3,4,4,4,3,5,4,4,25,20,15,20,12,12,16,20,4.5,5.5,25,0.0,69.8,79.73090055477503
I0493,U050,quiet_deepwork,P002,library_02,synthetic,train,5,5,5,5,4,3,3,4,5,5,classroom,report_writing,mostly_solo,1_2h,evening,1,1,1,0,1,0,1,1,0,1,1,library,deep_study,solo,2_4h,evening,weekday,10.3,cloudy,indoor,sometimes,5,5,4,4,2,3,4,5,4,4,25,25,20,20,16,12,8,15,5.0,3.9,25,1.0,77.4,84.24089425695375
I0494,U050,quiet_deepwork,P098,dorm_lounge_02,synthetic,train,5,5,5,5,4,3,3,4,5,5,classroom,report_writing,mostly_solo,1_2h,evening,1,1,1,0,1,0,1,1,0,1,1,dorm_lounge,deep_study,solo,over_4h,afternoon,weekday,22.0,cloudy,indoor,sometimes,3,4,3,2,3,4,4,2,4,3,15,20,15,10,16,12,12,20,5.0,8.2,10,0.5,69.0,65.397586570578
I0495,U050,quiet_deepwork,P102,dorm_lounge_06,synthetic,train,5,5,5,5,4,3,3,4,5,5,classroom,report_writing,mostly_solo,1_2h,evening,1,1,1,0,1,0,1,1,0,1,1,dorm_lounge,light_reading,solo,under_1h,late_night,weekday,10.6,clear,indoor,sometimes,3,3,3,3,3,3,4,4,4,4,15,15,15,15,16,12,12,15,2.3,4.0,12,0.5,75.3,68.33240850750215
I0496,U050,quiet_deepwork,P032,study_room_14,synthetic,train,5,5,5,5,4,3,3,4,5,5,classroom,report_writing,mostly_solo,1_2h,evening,1,1,1,0,1,0,1,1,0,1,1,study_room,deep_study,solo,2_4h,morning,weekday,19.1,cloudy,indoor,sometimes,4,4,4,4,4,3,4,4,4,4,20,20,20,20,16,12,16,15,5.0,7.2,20,0.0,69.2,77.54004419496107
I0497,U050,quiet_deepwork,P088,coworking_space_04,synthetic,train,5,5,5,5,4,3,3,4,5,5,classroom,report_writing,mostly_solo,1_2h,evening,1,1,1,0,1,0,1,1,0,1,1,coworking_space,coding,solo,2_4h,afternoon,weekend,21.0,clear,indoor,often,3,4,3,3,4,4,4,4,5,4,15,20,15,15,16,15,16,20,4.5,7.9,20,0.5,78.3,74.76296136586907
I0498,U050,quiet_deepwork,P065,classroom_03,synthetic,train,5,5,5,5,4,3,3,4,5,5,classroom,report_writing,mostly_solo,1_2h,evening,1,1,1,0,1,0,1,1,0,1,1,classroom,deep_study,solo,1_2h,early_morning,weekday,9.6,cold,indoor,sometimes,4,4,3,3,3,3,4,3,3,3,20,20,15,15,16,9,12,15,5.0,3.6,15,0.0,77.5,71.11055046651776
I0499,U050,quiet_deepwork,P003,library_03,synthetic,train,5,5,5,5,4,3,3,4,5,5,classroom,report_writing,mostly_solo,1_2h,evening,1,1,1,0,1,0,1,1,0,1,1,library,report_writing,solo,over_4h,evening,weekday,3.9,cloudy,indoor,sometimes,5,3,4,5,3,3,4,4,4,4,25,15,20,25,16,12,12,15,4.3,1.5,20,1.0,79.0,82.32025841177249
I0500,U050,quiet_deepwork,P011,library_11,synthetic,train,5,5,5,5,4,3,3,4,5,5,classroom,report_writing,mostly_solo,1_2h,evening,1,1,1,0,1,0,1,1,0,1,1,library,coding,solo,2_4h,afternoon,weekend,8.0,cloudy,indoor,rarely,5,4,4,4,2,4,4,4,4,3,25,20,20,20,16,12,8,20,4.5,3.0,20,0.5,88.9,80.52090071113545
I0501,U051,comfort_oriented,P029,study_room_11,synthetic,train,4,4,3,4,5,4,5,5,5,4,library,deep_study,mostly_solo,over_4h,evening,1,0,1,1,1,1,1,1,1,1,1,study_room,light_reading,solo,under_1h,evening,weekday,12.2,rainy,indoor,sometimes,4,4,3,4,2,4,4,5,4,3,16,16,9,16,20,20,10,20,1.8,6.1,15,1.0,69.0,71.41750461432224
I0502,U051,comfort_oriented,P028,study_room_10,synthetic,train,4,4,3,4,5,4,5,5,5,4,library,deep_study,mostly_solo,over_4h,evening,1,0,1,1,1,1,1,1,1,1,1,study_room,coding,solo,2_4h,evening,weekend,16.5,cloudy,indoor,sometimes,4,4,3,3,4,4,5,5,4,3,16,16,9,12,25,20,20,20,3.6,8.3,20,1.0,65.9,73.68692871645206
I0503,U051,comfort_oriented,P101,dorm_lounge_05,synthetic,train,4,4,3,4,5,4,5,5,5,4,library,deep_study,mostly_solo,over_4h,evening,1,0,1,1,1,1,1,1,1,1,1,dorm_lounge,light_reading,solo,over_4h,afternoon,weekday,8.4,clear,indoor,often,3,4,2,2,3,4,4,4,4,3,12,16,6,8,20,20,15,20,1.8,4.2,12,0.5,70.6,67.01065169941914
I0504,U051,comfort_oriented,P062,home_08,synthetic,train,4,4,3,4,5,4,5,5,5,4,library,deep_study,mostly_solo,over_4h,evening,1,0,1,1,1,1,1,1,1,1,1,home,light_reading,solo,over_4h,afternoon,weekday,10.5,cold,indoor,often,4,3,4,4,4,5,5,5,4,5,16,12,12,16,25,20,20,25,1.8,5.2,15,0.5,88.0,78.54279278416587
I0505,U051,comfort_oriented,P011,library_11,synthetic,train,4,4,3,4,5,4,5,5,5,4,library,deep_study,mostly_solo,over_4h,evening,1,0,1,1,1,1,1,1,1,1,1,library,team_project,5_plus,2_4h,afternoon,weekend,15.3,hot,indoor,sometimes,5,4,4,4,2,4,4,2,4,3,20,16,12,16,20,20,10,20,1.0,7.6,6,0.5,75.4,71.05920929700036
I0506,U051,comfort_oriented,P100,dorm_lounge_04,synthetic,train,4,4,3,4,5,4,5,5,5,4,library,deep_study,mostly_solo,over_4h,evening,1,0,1,1,1,1,1,1,1,1,1,dorm_lounge,coding,solo,2_4h,late_night,weekday,9.2,rainy,indoor,first_time,3,4,2,3,3,4,3,3,4,4,12,16,6,12,15,20,15,20,3.6,4.6,12,0.5,61.7,63.07079328716934
I0507,U051,comfort_oriented,P050,cafe_14,synthetic,train,4,4,3,4,5,4,5,5,5,4,library,deep_study,mostly_solo,over_4h,evening,1,0,1,1,1,1,1,1,1,1,1,cafe,report_writing,solo,over_4h,afternoon,weekday,6.7,clear,indoor,rarely,3,5,2,3,2,4,3,4,4,3,12,20,6,12,15,20,10,20,3.4,3.4,16,0.5,68.3,65.99721995235726
I0508,U051,comfort_oriented,P050,cafe_14,synthetic,train,4,4,3,4,5,4,5,5,5,4,library,deep_study,mostly_solo,over_4h,evening,1,0,1,1,1,1,1,1,1,1,1,cafe,deep_study,solo,over_4h,evening,weekday,15.1,clear,indoor,often,3,5,2,3,2,4,3,3,4,3,12,20,6,12,15,20,10,20,4.0,7.6,12,1.0,57.1,63.20234909332629
I0509,U051,comfort_oriented,P057,home_03,synthetic,train,4,4,3,4,5,4,5,5,5,4,library,deep_study,mostly_solo,over_4h,evening,1,0,1,1,1,1,1,1,1,1,1,home,report_writing,2,over_4h,evening,weekday,10.0,cloudy,indoor,first_time,3,4,4,4,5,4,5,4,5,4,12,16,12,16,25,25,25,20,3.4,5.0,16,1.0,78.5,72.98364850392748
I0510,U051,comfort_oriented,P024,study_room_06,synthetic,train,4,4,3,4,5,4,5,5,5,4,library,deep_study,mostly_solo,over_4h,evening,1,0,1,1,1,1,1,1,1,1,1,study_room,deep_study,solo,2_4h,evening,weekday,5.6,clear,indoor,first_time,4,4,3,4,3,4,4,4,4,3,16,16,9,16,20,20,15,20,4.0,2.8,16,1.0,70.5,72.77772337202876
I0511,U052,convenience_oriented,P065,classroom_03,synthetic,train,4,4,4,2,4,5,3,3,4,3,home,report_writing,mixed,2_4h,evening,1,1,0,0,1,1,1,1,1,1,0,classroom,team_project,3_4,2_4h,late_night,weekday,13.9,cloudy,indoor,rarely,4,4,3,3,3,3,4,4,3,3,16,16,12,6,16,9,9,12,0.8,8.7,12,0.5,58.1,58.12922750778873
I0512,U052,convenience_oriented,P004,library_04,synthetic,train,4,4,4,2,4,5,3,3,4,3,home,report_writing,mixed,2_4h,evening,1,1,0,0,1,1,1,1,1,1,0,library,coding,solo,under_1h,early_morning,weekend,1.0,rainy,indoor,sometimes,5,3,3,4,2,4,4,4,3,4,20,12,12,8,16,9,6,16,2.7,0.6,12,0.0,58.9,67.0399404627558
I0513,U052,convenience_oriented,P030,study_room_12,synthetic,train,4,4,4,2,4,5,3,3,4,3,home,report_writing,mixed,2_4h,evening,1,1,0,0,1,1,1,1,1,1,0,study_room,online_class,solo,2_4h,evening,weekend,10.6,clear,indoor,first_time,5,4,3,4,3,3,4,3,4,4,20,16,12,8,16,12,9,12,2.0,6.6,9,1.0,65.5,60.423721879514154
I0514,U052,convenience_oriented,P114,outdoor_06,synthetic,train,4,4,4,2,4,5,3,3,4,3,home,report_writing,mixed,2_4h,evening,1,1,0,0,1,1,1,1,1,1,0,outdoor,coding,2,under_1h,evening,weekday,14.7,cloudy,outdoor,often,3,4,3,3,2,2,1,2,3,3,12,16,12,6,4,9,6,8,2.7,9.2,6,1.0,45.6,40.99882740793966
I0515,U052,convenience_oriented,P008,library_08,synthetic,train,4,4,4,2,4,5,3,3,4,3,home,report_writing,mixed,2_4h,evening,1,1,0,0,1,1,1,1,1,1,0,library,coding,solo,2_4h,afternoon,weekday,11.1,rainy,indoor,rarely,5,5,4,4,2,3,4,4,4,4,20,20,16,8,16,12,6,12,2.7,6.9,12,0.5,67.3,62.67622495161887
I0516,U052,convenience_oriented,P046,cafe_10,synthetic,train,4,4,4,2,4,5,3,3,4,3,home,report_writing,mixed,2_4h,evening,1,1,0,0,1,1,1,1,1,1,0,cafe,meeting,3_4,over_4h,evening,weekend,4.5,hot,indoor,sometimes,3,4,2,3,2,4,3,4,3,3,12,16,8,6,12,9,6,16,0.6,2.8,12,1.0,68.5,58.558503060492285
I0517,U052,convenience_oriented,P036,study_room_18,synthetic,train,4,4,4,2,4,5,3,3,4,3,home,report_writing,mixed,2_4h,evening,1,1,0,0,1,1,1,1,1,1,0,study_room,coding,solo,1_2h,evening,weekend,15.5,cold,indoor,sometimes,5,4,4,4,4,4,5,5,4,4,20,16,16,8,20,12,12,16,2.7,9.7,15,1.0,67.7,66.23918205927572
I0518,U052,convenience_oriented,P027,study_room_09,synthetic,train,4,4,4,2,4,5,3,3,4,3,home,report_writing,mixed,2_4h,evening,1,1,0,0,1,1,1,1,1,1,0,study_room,light_reading,solo,under_1h,evening,weekend,7.0,hot,indoor,rarely,5,3,3,4,4,3,3,4,3,3,20,12,12,8,12,9,12,12,1.4,4.4,12,1.0,80.7,59.964152705847965
I0519,U052,convenience_oriented,P091,coworking_space_07,synthetic,train,4,4,4,2,4,5,3,3,4,3,home,report_writing,mixed,2_4h,evening,1,1,0,0,1,1,1,1,1,1,0,coworking_space,coding,solo,2_4h,afternoon,weekday,16.3,cloudy,indoor,often,4,4,4,3,4,5,4,5,3,4,16,16,16,6,16,9,12,20,2.7,10.2,15,0.5,62.2,63.09482532242972
I0520,U052,convenience_oriented,P063,classroom_01,synthetic,train,4,4,4,2,4,5,3,3,4,3,home,report_writing,mixed,2_4h,evening,1,1,0,0,1,1,1,1,1,1,0,classroom,report_writing,2,over_4h,evening,weekend,8.0,clear,indoor,often,3,4,3,3,2,3,3,3,3,3,12,16,12,6,12,9,6,12,2.6,5.0,9,1.0,52.1,53.191789019430516
I0521,U053,quiet_deepwork,P005,library_05,synthetic,train,5,4,4,5,3,3,4,3,4,5,coworking_space,report_writing,mostly_solo,1_2h,evening,1,1,1,1,0,0,1,0,0,1,1,library,coding,solo,1_2h,evening,weekday,9.4,cloudy,indoor,sometimes,5,4,4,5,3,4,4,4,4,4,25,16,16,25,12,16,9,16,4.5,3.5,20,1.0,74.0,80.41985167265389
I0522,U053,quiet_deepwork,P068,classroom_06,synthetic,train,5,4,4,5,3,3,4,3,4,5,coworking_space,report_writing,mostly_solo,1_2h,evening,1,1,1,1,0,0,1,0,0,1,1,classroom,light_reading,solo,1_2h,evening,weekend,15.2,hot,indoor,sometimes,3,4,3,3,2,3,3,3,2,4,15,16,12,15,9,8,6,12,2.3,5.7,9,1.0,55.4,58.700393513904174
I0523,U053,quiet_deepwork,P005,library_05,synthetic,train,5,4,4,5,3,3,4,3,4,5,coworking_space,report_writing,mostly_solo,1_2h,evening,1,1,1,1,0,0,1,0,0,1,1,library,light_reading,solo,under_1h,late_night,weekend,6.3,clear,indoor,often,5,4,4,5,3,4,4,4,4,4,25,16,16,25,12,16,9,16,2.3,2.4,12,0.5,79.7,80.04729015548531
I0524,U053,quiet_deepwork,P082,computer_lab_08,synthetic,train,5,4,4,5,3,3,4,3,4,5,coworking_space,report_writing,mostly_solo,1_2h,evening,1,1,1,1,0,0,1,0,0,1,1,computer_lab,light_reading,solo,2_4h,morning,weekday,3.6,cloudy,indoor,often,3,4,4,4,3,3,5,2,3,3,15,16,16,20,15,12,9,12,2.3,1.4,6,0.0,67.0,68.99825624750366
I0525,U053,quiet_deepwork,P030,study_room_12,synthetic,train,5,4,4,5,3,3,4,3,4,5,coworking_space,report_writing,mostly_solo,1_2h,evening,1,1,1,1,0,0,1,0,0,1,1,study_room,coding,solo,2_4h,afternoon,weekday,17.8,clear,indoor,first_time,5,4,3,4,3,3,4,4,4,4,25,16,12,20,12,16,9,12,4.5,6.7,20,0.5,88.0,71.96779810052666
I0526,U053,quiet_deepwork,P058,home_04,synthetic,train,5,4,4,5,3,3,4,3,4,5,coworking_space,report_writing,mostly_solo,1_2h,evening,1,1,1,1,0,0,1,0,0,1,1,home,online_class,2,1_2h,early_morning,weekend,21.4,cloudy,indoor,rarely,4,3,4,3,4,5,4,4,4,4,20,12,16,15,12,16,12,20,3.3,8.0,12,0.0,66.6,67.85548922306936
I0527,U053,quiet_deepwork,P034,study_room_16,synthetic,train,5,4,4,5,3,3,4,3,4,5,coworking_space,report_writing,mostly_solo,1_2h,evening,1,1,1,1,0,0,1,0,0,1,1,study_room,deep_study,solo,2_4h,late_night,weekday,7.3,clear,indoor,sometimes,4,4,4,4,4,3,4,4,5,3,20,16,16,20,12,20,12,12,5.0,2.7,20,0.5,67.4,77.07867988969682
I0528,U053,quiet_deepwork,P017,library_17,synthetic,train,5,4,4,5,3,3,4,3,4,5,coworking_space,report_writing,mostly_solo,1_2h,evening,1,1,1,1,0,0,1,0,0,1,1,library,report_writing,solo,over_4h,afternoon,weekday,13.3,clear,indoor,rarely,5,4,4,5,3,3,4,4,5,4,25,16,16,25,12,20,9,12,4.3,5.0,20,0.5,86.5,78.80046501324512
I0529,U053,quiet_deepwork,P001,library_01,synthetic,train,5,4,4,5,3,3,4,3,4,5,coworking_space,report_writing,mostly_solo,1_2h,evening,1,1,1,1,0,0,1,0,0,1,1,library,report_writing,solo,2_4h,evening,weekend,6.6,clear,indoor,rarely,5,4,4,5,2,3,4,4,4,4,25,16,16,25,12,16,6,12,4.3,2.5,20,1.0,80.0,78.88143788996237
I0530,U053,quiet_deepwork,P054,cafe_18,synthetic,train,5,4,4,5,3,3,4,3,4,5,coworking_space,report_writing,mostly_solo,1_2h,evening,1,1,1,1,0,0,1,0,0,1,1,cafe,online_class,solo,1_2h,early_morning,weekend,10.4,hot,indoor,rarely,3,5,2,3,2,3,3,3,4,3,15,20,8,15,9,16,6,12,3.3,3.9,9,0.0,62.6,59.53842747132637
I0531,U054,convenience_oriented,P022,study_room_04,synthetic,train,4,3,4,3,5,5,3,3,5,4,cafe,online_class,mostly_solo,1_2h,evening,1,1,0,0,1,1,1,1,1,1,0,study_room,report_writing,solo,over_4h,late_night,weekday,7.0,cloudy,indoor,sometimes,4,5,3,4,5,3,4,4,4,4,16,15,12,12,20,12,15,15,3.4,4.4,16,0.5,67.9,68.34776505896355
I0532,U054,convenience_oriented,P001,library_01,synthetic,train,4,3,4,3,5,5,3,3,5,4,cafe,online_class,mostly_solo,1_2h,evening,1,1,0,0,1,1,1,1,1,1,0,library,team_project,2,1_2h,afternoon,weekday,7.5,clear,indoor,sometimes,5,4,4,5,2,3,4,4,4,4,20,12,16,15,20,12,6,15,1.0,4.7,12,0.5,68.0,71.20259609717313
I0533,U054,convenience_oriented,P114,outdoor_06,synthetic,train,4,3,4,3,5,5,3,3,5,4,cafe,online_class,mostly_solo,1_2h,evening,1,1,0,0,1,1,1,1,1,1,0,outdoor,coding,solo,2_4h,afternoon,weekday,13.0,clear,outdoor,often,3,4,3,3,2,2,1,1,3,3,12,12,12,9,5,9,6,10,3.6,8.1,4,0.5,40.0,46.70655596945895
I0534,U054,convenience_oriented,P060,home_06,synthetic,train,4,3,4,3,5,5,3,3,5,4,cafe,online_class,mostly_solo,1_2h,evening,1,1,0,0,1,1,1,1,1,1,0,home,coding,solo,1_2h,late_night,weekend,17.5,clear,indoor,sometimes,4,3,5,5,4,5,5,5,4,5,16,9,20,15,25,12,12,25,3.6,11.0,20,0.5,75.2,73.83155725973131
I0535,U054,convenience_oriented,P035,study_room_17,synthetic,train,4,3,4,3,5,5,3,3,5,4,cafe,online_class,mostly_solo,1_2h,evening,1,1,0,0,1,1,1,1,1,1,0,study_room,report_writing,solo,2_4h,morning,weekday,1.0,rainy,indoor,first_time,4,4,4,4,3,4,5,5,4,3,16,12,16,12,25,12,9,20,3.4,0.6,20,0.0,78.4,74.4582297323594
I0536,U054,convenience_oriented,P073,classroom_11,synthetic,train,4,3,4,3,5,5,3,3,5,4,cafe,online_class,mostly_solo,1_2h,evening,1,1,0,0,1,1,1,1,1,1,0,classroom,report_writing,solo,under_1h,afternoon,weekday,10.5,clear,indoor,sometimes,4,5,3,3,4,3,3,3,3,4,16,15,12,9,15,9,12,15,3.4,6.6,12,0.5,48.1,62.528018949284004
I0537,U054,convenience_oriented,P009,library_09,synthetic,train,4,3,4,3,5,5,3,3,5,4,cafe,online_class,mostly_solo,1_2h,evening,1,1,0,0,1,1,1,1,1,1,0,library,meeting,5_plus,over_4h,morning,weekday,9.5,clear,indoor,first_time,4,4,3,4,2,4,4,3,4,4,16,12,12,12,20,12,6,20,0.8,6.0,9,0.0,60.9,65.69765453938126
I0538,U054,convenience_oriented,P047,cafe_11,synthetic,train,4,3,4,3,5,5,3,3,5,4,cafe,online_class,mostly_solo,1_2h,evening,1,1,0,0,1,1,1,1,1,1,0,cafe,coding,solo,over_4h,evening,weekday,10.6,clear,indoor,rarely,3,4,3,3,2,4,3,3,4,3,12,12,12,9,15,12,6,20,3.6,6.6,12,1.0,57.6,58.30219958077443
I0539,U054,convenience_oriented,P047,cafe_11,synthetic,train,4,3,4,3,5,5,3,3,5,4,cafe,online_class,mostly_solo,1_2h,evening,1,1,0,0,1,1,1,1,1,1,0,cafe,light_reading,solo,1_2h,morning,weekday,13.8,cloudy,indoor,rarely,3,4,3,3,2,4,3,4,4,3,12,12,12,9,15,12,6,20,1.8,8.6,12,0.0,59.5,57.16071107700024
I0540,U054,convenience_oriented,P035,study_room_17,synthetic,train,4,3,4,3,5,5,3,3,5,4,cafe,online_class,mostly_solo,1_2h,evening,1,1,0,0,1,1,1,1,1,1,0,study_room,team_project,3_4,over_4h,morning,weekday,6.1,clear,indoor,rarely,4,4,4,4,3,4,5,5,4,3,16,12,16,12,25,12,9,20,1.0,3.8,15,0.0,70.7,73.771970523229
I0541,U055,quiet_deepwork,P107,dorm_lounge_11,synthetic,train,4,4,5,3,4,4,4,3,4,5,home,deep_study,mostly_solo,1_2h,early_morning,1,1,0,1,1,1,1,1,1,1,0,dorm_lounge,coding,solo,2_4h,afternoon,weekday,23.4,cloudy,indoor,rarely,3,4,3,3,3,4,3,3,3,3,12,16,15,9,12,12,9,16,4.5,11.7,15,0.0,45.2,55.29116012868019
I0542,U055,quiet_deepwork,P007,library_07,synthetic,train,4,4,5,3,4,4,4,3,4,5,home,deep_study,mostly_solo,1_2h,early_morning,1,1,0,1,1,1,1,1,1,1,0,library,coding,solo,over_4h,evening,weekday,11.5,rainy,indoor,rarely,5,4,3,4,3,3,4,4,4,4,20,16,15,12,16,16,9,12,4.5,5.8,20,0.0,74.3,68.00196976226061
I0543,U055,quiet_deepwork,P085,coworking_space_01,synthetic,train,4,4,5,3,4,4,4,3,4,5,home,deep_study,mostly_solo,1_2h,early_morning,1,1,0,1,1,1,1,1,1,1,0,coworking_space,deep_study,solo,under_1h,early_morning,weekday,1.9,rainy,indoor,sometimes,3,5,2,3,4,3,4,3,4,3,12,20,10,9,16,16,12,12,5.0,1.0,15,1.0,64.8,66.27271889997571
I0544,U055,quiet_deepwork,P083,computer_lab_09,synthetic,train,4,4,5,3,4,4,4,3,4,5,home,deep_study,mostly_solo,1_2h,early_morning,1,1,0,1,1,1,1,1,1,1,0,computer_lab,report_writing,2,2_4h,late_night,weekday,2.9,cloudy,indoor,sometimes,4,4,3,3,4,3,5,4,4,3,16,16,15,9,20,16,12,12,4.3,1.5,20,0.0,65.2,68.94362104248168
I0545,U055,quiet_deepwork,P018,library_18,synthetic,train,4,4,5,3,4,4,4,3,4,5,home,deep_study,mostly_solo,1_2h,early_morning,1,1,0,1,1,1,1,1,1,1,0,library,online_class,2,1_2h,early_morning,weekday,8.6,hot,indoor,sometimes,5,4,3,4,3,3,4,3,4,3,20,16,15,12,16,16,9,12,3.3,4.3,9,1.0,69.9,64.2726406671587
I0546,U055,quiet_deepwork,P103,dorm_lounge_07,synthetic,train,4,4,5,3,4,4,4,3,4,5,home,deep_study,mostly_solo,1_2h,early_morning,1,1,0,1,1,1,1,1,1,1,0,dorm_lounge,deep_study,solo,2_4h,early_morning,weekday,18.5,clear,indoor,sometimes,3,4,3,3,4,4,5,3,3,3,12,16,15,9,20,12,12,16,5.0,9.3,15,1.0,67.7,63.33916250719684
I0547,U055,quiet_deepwork,P030,study_room_12,synthetic,train,4,4,5,3,4,4,4,3,4,5,home,deep_study,mostly_solo,1_2h,early_morning,1,1,0,1,1,1,1,1,1,1,0,study_room,coding,solo,1_2h,early_morning,weekday,16.5,hot,indoor,first_time,5,4,3,4,3,3,4,5,4,4,20,16,15,12,16,16,9,12,4.5,8.2,25,1.0,78.7,67.64012037885333
I0548,U055,quiet_deepwork,P067,classroom_05,synthetic,train,4,4,5,3,4,4,4,3,4,5,home,deep_study,mostly_solo,1_2h,early_morning,1,1,0,1,1,1,1,1,1,1,0,classroom,light_reading,solo,2_4h,morning,weekday,4.8,cloudy,indoor,sometimes,3,4,3,3,3,2,3,3,3,3,12,16,15,9,12,12,9,8,2.3,2.4,9,0.5,54.3,59.381211013883195
I0549,U055,quiet_deepwork,P076,computer_lab_02,synthetic,train,4,4,5,3,4,4,4,3,4,5,home,deep_study,mostly_solo,1_2h,early_morning,1,1,0,1,1,1,1,1,1,1,0,computer_lab,report_writing,solo,2_4h,evening,weekend,14.4,cloudy,indoor,sometimes,3,5,3,4,4,3,4,4,3,4,12,20,15,12,16,12,12,12,4.3,7.2,20,0.0,79.2,66.29504032825685
I0550,U055,quiet_deepwork,P112,outdoor_04,synthetic,train,4,4,5,3,4,4,4,3,4,5,home,deep_study,mostly_solo,1_2h,early_morning,1,1,0,1,1,1,1,1,1,1,0,outdoor,deep_study,solo,over_4h,morning,weekday,11.5,cloudy,outdoor,first_time,3,4,3,3,2,3,1,3,3,2,12,16,15,9,4,12,6,12,5.0,5.8,15,0.5,52.2,51.42968448902312
I0551,U056,balanced,P092,coworking_space_08,synthetic,valid,5,3,3,3,3,4,5,3,4,3,study_room,coding,mixed,1_2h,evening,1,0,0,1,0,1,1,0,1,1,0,coworking_space,coding,solo,2_4h,morning,weekend,10.4,clear,indoor,rarely,2,4,3,4,3,4,4,5,4,3,10,12,9,12,12,20,9,16,2.7,5.2,15,0.0,62.6,59.831602561294176
I0552,U056,balanced,P030,study_room_12,synthetic,valid,5,3,3,3,3,4,5,3,4,3,study_room,coding,mixed,1_2h,evening,1,0,0,1,0,1,1,0,1,1,0,study_room,online_class,2,1_2h,evening,weekday,9.1,cloudy,indoor,sometimes,5,4,3,4,3,3,4,4,4,4,25,12,9,12,12,20,9,12,2.0,4.6,12,1.0,54.7,63.84889288973309
I0553,U056,balanced,P033,study_room_15,synthetic,valid,5,3,3,3,3,4,5,3,4,3,study_room,coding,mixed,1_2h,evening,1,0,0,1,0,1,1,0,1,1,0,study_room,light_reading,solo,over_4h,morning,weekday,7.3,clear,indoor,sometimes,5,3,4,3,4,4,4,4,5,4,25,9,12,9,12,25,12,16,1.4,3.6,12,0.0,68.7,72.71933566552187
I0554,U056,balanced,P018,library_18,synthetic,valid,5,3,3,3,3,4,5,3,4,3,study_room,coding,mixed,1_2h,evening,1,0,0,1,0,1,1,0,1,1,0,library,coding,solo,2_4h,morning,weekday,8.2,clear,indoor,sometimes,5,4,3,4,3,3,4,3,4,3,25,12,9,12,12,20,9,12,2.7,4.1,9,0.0,67.6,66.0841115282584
I0555,U056,balanced,P052,cafe_16,synthetic,valid,5,3,3,3,3,4,5,3,4,3,study_room,coding,mixed,1_2h,evening,1,0,0,1,0,1,1,0,1,1,0,cafe,team_project,5_plus,under_1h,evening,weekday,14.8,cold,indoor,sometimes,3,5,3,2,2,3,3,4,4,3,15,15,9,6,9,20,6,12,0.8,7.4,12,1.0,65.1,57.67112861106274
I0556,U056,balanced,P027,study_room_09,synthetic,valid,5,3,3,3,3,4,5,3,4,3,study_room,coding,mixed,1_2h,evening,1,0,0,1,0,1,1,0,1,1,0,study_room,coding,solo,1_2h,afternoon,weekend,9.3,clear,indoor,first_time,5,3,3,4,4,3,3,5,3,3,25,9,9,12,9,15,12,12,2.7,4.6,15,0.5,64.5,63.64512899138702
I0557,U056,balanced,P085,coworking_space_01,synthetic,valid,5,3,3,3,3,4,5,3,4,3,study_room,coding,mixed,1_2h,evening,1,0,0,1,0,1,1,0,1,1,0,coworking_space,report_writing,solo,over_4h,morning,weekend,1.8,rainy,indoor,sometimes,3,5,2,3,4,3,4,4,4,3,15,15,6,9,12,20,12,12,2.6,0.9,12,0.0,53.5,62.01359459662657
I0558,U056,balanced,P029,study_room_11,synthetic,valid,5,3,3,3,3,4,5,3,4,3,study_room,coding,mixed,1_2h,evening,1,0,0,1,0,1,1,0,1,1,0,study_room,coding,solo,1_2h,morning,weekday,8.1,clear,indoor,often,4,4,3,4,2,4,4,5,4,3,20,12,9,12,12,20,6,16,2.7,4.1,15,0.0,77.3,67.36648339490044
I0559,U056,balanced,P051,cafe_15,synthetic,valid,5,3,3,3,3,4,5,3,4,3,study_room,coding,mixed,1_2h,evening,1,0,0,1,0,1,1,0,1,1,0,cafe,team_project,5_plus,2_4h,morning,weekend,18.7,cloudy,indoor,sometimes,3,4,2,3,3,4,3,4,4,3,15,12,6,9,9,20,9,16,0.8,9.4,12,0.0,67.0,58.24073720399622
I0560,U056,balanced,P008,library_08,synthetic,valid,5,3,3,3,3,4,5,3,4,3,study_room,coding,mixed,1_2h,evening,1,0,0,1,0,1,1,0,1,1,0,library,coding,solo,2_4h,evening,weekday,13.6,cloudy,indoor,often,5,5,4,4,2,3,4,4,4,4,25,15,12,12,12,20,6,12,2.7,6.8,12,1.0,68.4,66.57322368498721
I0561,U057,social_collaborative,P051,cafe_15,synthetic,test,3,4,2,2,5,3,4,3,4,3,cafe,online_class,mostly_group,over_4h,evening,0,0,0,1,1,0,0,1,0,1,0,cafe,team_project,2,over_4h,afternoon,weekday,13.0,cold,indoor,first_time,3,4,2,3,3,4,3,5,4,3,9,16,4,6,15,16,9,16,0.8,4.9,15,0.5,62.3,56.51138821381558
I0562,U057,social_collaborative,P107,dorm_lounge_11,synthetic,test,3,4,2,2,5,3,4,3,4,3,cafe,online_class,mostly_group,over_4h,evening,0,0,0,1,1,0,0,1,0,1,0,dorm_lounge,meeting,2,1_2h,morning,weekend,27.6,clear,indoor,rarely,3,4,3,3,3,4,3,5,3,3,9,16,6,6,15,12,9,16,0.6,10.3,15,0.0,39.7,55.828540692034736
I0563,U057,social_collaborative,P035,study_room_17,synthetic,test,3,4,2,2,5,3,4,3,4,3,cafe,online_class,mostly_group,over_4h,evening,0,0,0,1,1,0,0,1,0,1,0,study_room,online_class,solo,under_1h,afternoon,weekday,8.8,cloudy,indoor,sometimes,4,4,4,4,3,4,5,4,4,3,12,16,8,8,25,16,9,16,2.0,3.3,12,0.5,68.7,65.27458676822117
I0564,U057,social_collaborative,P098,dorm_lounge_02,synthetic,test,3,4,2,2,5,3,4,3,4,3,cafe,online_class,mostly_group,over_4h,evening,0,0,0,1,1,0,0,1,0,1,0,dorm_lounge,team_project,3_4,1_2h,afternoon,weekday,14.5,clear,indoor,often,3,4,3,2,3,4,4,3,4,3,9,16,6,4,20,16,9,16,0.8,5.4,9,0.5,63.5,61.284924651072814
I0565,U057,social_collaborative,P112,outdoor_04,synthetic,test,3,4,2,2,5,3,4,3,4,3,cafe,online_class,mostly_group,over_4h,evening,0,0,0,1,1,0,0,1,0,1,0,outdoor,report_writing,solo,over_4h,afternoon,weekday,9.3,cloudy,outdoor,sometimes,3,4,3,3,2,3,1,2,3,2,9,16,6,6,5,12,6,12,2.6,3.5,6,0.5,49.1,46.86916610149651
I0566,U057,social_collaborative,P020,study_room_02,synthetic,test,3,4,2,2,5,3,4,3,4,3,cafe,online_class,mostly_group,over_4h,evening,0,0,0,1,1,0,0,1,0,1,0,study_room,light_reading,solo,over_4h,morning,weekday,11.5,cloudy,indoor,sometimes,4,4,4,5,3,4,4,3,4,4,12,16,8,10,20,16,9,16,1.4,4.3,9,0.0,64.8,61.76712773036105
I0567,U057,social_collaborative,P040,cafe_04,synthetic,test,3,4,2,2,5,3,4,3,4,3,cafe,online_class,mostly_group,over_4h,evening,0,0,0,1,1,0,0,1,0,1,0,cafe,online_class,2,2_4h,evening,weekday,2.5,clear,indoor,first_time,3,4,2,3,3,4,3,3,4,3,9,16,4,6,15,16,9,16,2.0,0.9,9,1.0,61.4,53.14083318855077
I0568,U057,social_collaborative,P065,classroom_03,synthetic,test,3,4,2,2,5,3,4,3,4,3,cafe,online_class,mostly_group,over_4h,evening,0,0,0,1,1,0,0,1,0,1,0,classroom,report_writing,solo,1_2h,afternoon,weekday,10.1,rainy,indoor,sometimes,4,4,3,3,3,3,4,4,3,3,12,16,6,6,20,12,9,12,2.6,3.8,12,0.5,71.8,58.7262660181827
I0569,U057,social_collaborative,P094,coworking_space_10,synthetic,test,3,4,2,2,5,3,4,3,4,3,cafe,online_class,mostly_group,over_4h,evening,0,0,0,1,1,0,0,1,0,1,0,coworking_space,meeting,2,2_4h,evening,weekday,3.5,rainy,indoor,sometimes,3,5,3,4,3,4,3,5,4,4,9,20,6,8,15,16,9,16,0.6,1.3,15,1.0,59.4,64.23265732645515
I0570,U057,social_collaborative,P100,dorm_lounge_04,synthetic,test,3,4,2,2,5,3,4,3,4,3,cafe,online_class,mostly_group,over_4h,evening,0,0,0,1,1,0,0,1,0,1,0,dorm_lounge,meeting,2,2_4h,late_night,weekday,5.5,hot,indoor,rarely,3,4,2,3,3,4,3,4,4,4,9,16,4,6,15,16,9,16,0.6,2.1,12,0.5,54.8,57.66016862598954
I0571,U058,quiet_deepwork,P017,library_17,synthetic,train,5,4,5,5,3,3,4,5,4,4,study_room,light_reading,mostly_solo,1_2h,late_night,1,1,1,1,0,0,1,0,0,1,1,library,light_reading,solo,over_4h,evening,weekday,8.6,cloudy,indoor,sometimes,5,4,4,5,3,3,4,4,5,4,25,16,20,25,12,20,15,12,1.8,3.2,12,0.5,77.9,78.3250882084964
I0572,U058,quiet_deepwork,P082,computer_lab_08,synthetic,train,5,4,5,5,3,3,4,5,4,4,study_room,light_reading,mostly_solo,1_2h,late_night,1,1,1,1,0,0,1,0,0,1,1,computer_lab,deep_study,3_4,2_4h,morning,weekend,5.9,cold,indoor,often,3,4,4,4,3,3,5,3,3,3,15,16,20,20,15,12,15,12,4.0,2.2,12,0.0,54.0,69.73590673557007
I0573,U058,quiet_deepwork,P014,library_14,synthetic,train,5,4,5,5,3,3,4,5,4,4,study_room,light_reading,mostly_solo,1_2h,late_night,1,1,1,1,0,0,1,0,0,1,1,library,coding,solo,over_4h,early_morning,weekend,11.5,cloudy,indoor,first_time,5,4,5,4,3,4,4,4,4,4,25,16,25,20,12,16,15,16,3.6,4.3,16,0.0,87.1,77.42563682740919
I0574,U058,quiet_deepwork,P025,study_room_07,synthetic,train,5,4,5,5,3,3,4,5,4,4,study_room,light_reading,mostly_solo,1_2h,late_night,1,1,1,1,0,0,1,0,0,1,1,study_room,deep_study,solo,2_4h,late_night,weekend,5.3,clear,indoor,sometimes,4,4,3,4,4,4,4,5,4,3,20,16,15,20,12,16,20,16,4.0,2.0,20,1.0,85.4,78.50368981534746
I0575,U058,quiet_deepwork,P027,study_room_09,synthetic,train,5,4,5,5,3,3,4,5,4,4,study_room,light_reading,mostly_solo,1_2h,late_night,1,1,1,1,0,0,1,0,0,1,1,study_room,report_writing,solo,1_2h,late_night,weekday,7.9,rainy,indoor,first_time,5,3,3,4,4,3,3,5,3,3,25,12,15,20,9,12,20,12,3.4,3.0,20,1.0,75.1,73.1067162884993
I0576,U058,quiet_deepwork,P011,library_11,synthetic,train,5,4,5,5,3,3,4,5,4,4,study_room,light_reading,mostly_solo,1_2h,late_night,1,1,1,1,0,0,1,0,0,1,1,library,deep_study,solo,over_4h,afternoon,weekday,15.7,clear,indoor,rarely,5,4,4,4,2,4,4,5,4,3,25,16,20,20,12,16,10,16,4.0,5.9,20,0.0,74.9,75.94143343852468
I0577,U058,quiet_deepwork,P030,study_room_12,synthetic,train,5,4,5,5,3,3,4,5,4,4,study_room,light_reading,mostly_solo,1_2h,late_night,1,1,1,1,0,0,1,0,0,1,1,study_room,deep_study,solo,over_4h,afternoon,weekday,13.5,hot,indoor,sometimes,5,4,3,4,3,3,4,5,4,4,25,16,15,20,12,16,15,12,4.0,5.1,20,0.0,75.0,74.2426684643193
I0578,U058,quiet_deepwork,P084,computer_lab_10,synthetic,train,5,4,5,5,3,3,4,5,4,4,study_room,light_reading,mostly_solo,1_2h,late_night,1,1,1,1,0,0,1,0,0,1,1,computer_lab,online_class,2,2_4h,late_night,weekday,12.9,clear,indoor,first_time,4,4,3,4,3,3,4,4,3,2,20,16,15,20,12,12,15,12,2.6,4.9,12,1.0,63.0,64.931142249859
I0579,U058,quiet_deepwork,P090,coworking_space_06,synthetic,train,5,4,5,5,3,3,4,5,4,4,study_room,light_reading,mostly_solo,1_2h,late_night,1,1,1,1,0,0,1,0,0,1,1,coworking_space,deep_study,5_plus,2_4h,evening,weekend,11.0,clear,indoor,often,3,4,3,4,4,4,4,4,4,3,15,16,15,20,12,16,20,16,4.0,4.1,16,0.5,74.5,70.43463181261772
I0580,U058,quiet_deepwork,P078,computer_lab_04,synthetic,train,5,4,5,5,3,3,4,5,4,4,study_room,light_reading,mostly_solo,1_2h,late_night,1,1,1,1,0,0,1,0,0,1,1,computer_lab,coding,solo,1_2h,evening,weekday,7.4,cloudy,indoor,sometimes,4,4,4,4,3,3,5,5,4,3,20,16,20,20,15,16,15,12,3.6,2.8,20,0.5,78.0,77.12059746019901
I0581,U059,quiet_deepwork,P044,cafe_08,synthetic,train,5,4,5,5,4,3,4,3,5,4,computer_lab,coding,mostly_solo,2_4h,afternoon,1,1,1,1,1,0,1,1,0,1,1,cafe,coding,2,2_4h,morning,weekday,15.7,clear,indoor,sometimes,3,4,3,4,2,4,3,4,4,2,15,16,15,20,12,16,6,20,3.6,5.9,16,0.5,70.2,64.80909496616735
I0582,U059,quiet_deepwork,P064,classroom_02,synthetic,train,5,4,5,5,4,3,4,3,5,4,computer_lab,coding,mostly_solo,2_4h,afternoon,1,1,1,1,1,0,1,1,0,1,1,classroom,online_class,solo,2_4h,afternoon,weekend,7.1,cold,indoor,sometimes,4,4,3,3,3,3,3,4,3,3,20,16,15,15,12,12,9,15,2.6,2.7,12,1.0,68.0,68.28534086463932
I0583,U059,quiet_deepwork,P098,dorm_lounge_02,synthetic,train,5,4,5,5,4,3,4,3,5,4,computer_lab,coding,mostly_solo,2_4h,afternoon,1,1,1,1,1,0,1,1,0,1,1,dorm_lounge,team_project,3_4,over_4h,afternoon,weekend,20.6,clear,indoor,sometimes,3,4,3,2,3,4,4,4,4,3,15,16,15,10,16,16,9,20,1.0,7.7,12,1.0,75.3,68.96424060020055
I0584,U059,quiet_deepwork,P060,home_06,synthetic,train,5,4,5,5,4,3,4,3,5,4,computer_lab,coding,mostly_solo,2_4h,afternoon,1,1,1,1,1,0,1,1,0,1,1,home,coding,solo,over_4h,morning,weekday,10.5,clear,indoor,sometimes,4,3,5,5,4,5,5,5,4,5,20,12,25,25,20,16,12,25,3.6,3.9,20,0.5,82.2,85.19423600667832
I0585,U059,quiet_deepwork,P018,library_18,synthetic,train,5,4,5,5,4,3,4,3,5,4,computer_lab,coding,mostly_solo,2_4h,afternoon,1,1,1,1,1,0,1,1,0,1,1,library,coding,solo,under_1h,evening,weekday,14.3,hot,indoor,rarely,5,4,3,4,3,3,4,4,4,3,25,16,15,20,16,16,9,15,3.6,5.4,16,0.5,73.8,72.2273288502104
I0586,U059,quiet_deepwork,P099,dorm_lounge_03,synthetic,train,5,4,5,5,4,3,4,3,5,4,computer_lab,coding,mostly_solo,2_4h,afternoon,1,1,1,1,1,0,1,1,0,1,1,dorm_lounge,meeting,5_plus,1_2h,afternoon,weekday,10.7,clear,indoor,often,4,4,3,3,3,3,4,4,3,3,20,16,15,15,16,12,9,15,0.8,4.0,12,1.0,69.8,71.35311891673035
I0587,U059,quiet_deepwork,P080,computer_lab_06,synthetic,train,5,4,5,5,4,3,4,3,5,4,computer_lab,coding,mostly_solo,2_4h,afternoon,1,1,1,1,1,0,1,1,0,1,1,computer_lab,deep_study,solo,1_2h,late_night,weekday,7.8,cold,indoor,sometimes,4,4,4,3,3,4,4,4,4,3,20,16,20,15,16,16,9,20,4.0,2.9,16,0.0,78.6,74.67083492103708
I0588,U059,quiet_deepwork,P059,home_05,synthetic,train,5,4,5,5,4,3,4,3,5,4,computer_lab,coding,mostly_solo,2_4h,afternoon,1,1,1,1,1,0,1,1,0,1,1,home,deep_study,solo,under_1h,afternoon,weekday,14.9,cloudy,indoor,sometimes,4,5,5,4,5,4,4,4,5,5,20,20,25,20,16,20,15,20,4.0,5.6,16,1.0,92.8,81.75452447663659
I0589,U059,quiet_deepwork,P015,library_15,synthetic,train,5,4,5,5,4,3,4,3,5,4,computer_lab,coding,mostly_solo,2_4h,afternoon,1,1,1,1,1,0,1,1,0,1,1,library,report_writing,2,2_4h,afternoon,weekday,14.8,clear,indoor,often,4,4,4,5,2,4,3,5,4,4,20,16,20,25,12,16,6,20,3.4,5.5,20,1.0,83.2,76.51672508480938
I0590,U059,quiet_deepwork,P007,library_07,synthetic,train,5,4,5,5,4,3,4,3,5,4,computer_lab,coding,mostly_solo,2_4h,afternoon,1,1,1,1,1,0,1,1,0,1,1,library,deep_study,solo,2_4h,afternoon,weekday,9.7,hot,indoor,often,5,4,3,4,3,3,4,4,4,4,25,16,15,20,16,16,9,15,4.0,3.6,16,1.0,74.2,76.22787522622373
I0591,U060,quiet_deepwork,P106,dorm_lounge_10,synthetic,train,4,4,5,5,3,3,4,3,3,5,library,deep_study,mostly_solo,1_2h,late_night,1,1,1,1,0,0,1,0,0,0,1,dorm_lounge,online_class,solo,2_4h,late_night,weekend,6.1,clear,indoor,sometimes,3,3,2,3,3,4,3,3,3,3,12,12,10,15,9,12,9,12,3.3,2.3,9,1.0,66.9,60.80903146340381
I0592,U060,quiet_deepwork,P054,cafe_18,synthetic,train,4,4,5,5,3,3,4,3,3,5,library,deep_study,mostly_solo,1_2h,late_night,1,1,1,1,0,0,1,0,0,0,1,cafe,online_class,solo,over_4h,morning,weekday,10.8,cloudy,indoor,often,3,5,2,3,2,3,3,3,4,3,12,20,10,15,9,16,6,9,3.3,4.1,9,0.0,53.2,59.90710733148949
I0593,U060,quiet_deepwork,P073,classroom_11,synthetic,train,4,4,5,5,3,3,4,3,3,5,library,deep_study,mostly_solo,1_2h,late_night,1,1,1,1,0,0,1,0,0,0,1,classroom,coding,solo,over_4h,late_night,weekday,12.2,clear,indoor,rarely,4,5,3,3,4,3,3,4,3,4,16,20,15,15,9,12,12,9,4.5,4.6,20,1.0,69.1,65.96016927131905
I0594,U060,quiet_deepwork,P002,library_02,synthetic,train,4,4,5,5,3,3,4,3,3,5,library,deep_study,mostly_solo,1_2h,late_night,1,1,1,1,0,0,1,0,0,0,1,library,coding,solo,2_4h,late_night,weekday,2.5,clear,indoor,rarely,5,5,4,4,2,3,4,5,4,4,20,20,20,20,12,16,6,9,4.5,0.9,25,1.0,80.0,77.2734039493962
I0595,U060,quiet_deepwork,P052,cafe_16,synthetic,train,4,4,5,5,3,3,4,3,3,5,library,deep_study,mostly_solo,1_2h,late_night,1,1,1,1,0,0,1,0,0,0,1,cafe,deep_study,solo,2_4h,afternoon,weekday,15.7,cloudy,indoor,rarely,3,5,3,2,2,3,3,3,4,3,12,20,15,10,9,16,6,9,5.0,5.9,15,0.0,66.8,57.89339067803404
I0596,U060,quiet_deepwork,P006,library_06,synthetic,train,4,4,5,5,3,3,4,3,3,5,library,deep_study,mostly_solo,1_2h,late_night,1,1,1,1,0,0,1,0,0,0,1,library,report_writing,solo,1_2h,morning,weekday,14.0,clear,indoor,sometimes,4,4,4,5,2,3,4,5,5,4,16,16,20,25,12,20,6,9,4.3,5.2,25,0.0,74.3,77.1626767092879
I0597,U060,quiet_deepwork,P020,study_room_02,synthetic,train,4,4,5,5,3,3,4,3,3,5,library,deep_study,mostly_solo,1_2h,late_night,1,1,1,1,0,0,1,0,0,0,1,study_room,online_class,solo,over_4h,morning,weekend,11.9,cloudy,indoor,often,4,4,4,5,3,4,4,4,4,4,16,16,20,25,12,16,9,12,3.3,4.5,12,0.0,84.3,72.92649370808059
I0598,U060,quiet_deepwork,P030,study_room_12,synthetic,train,4,4,5,5,3,3,4,3,3,5,library,deep_study,mostly_solo,1_2h,late_night,1,1,1,1,0,0,1,0,0,0,1,study_room,deep_study,solo,2_4h,late_night,weekday,12.4,cloudy,indoor,often,5,4,3,4,3,3,4,4,4,4,20,16,15,20,12,16,9,9,5.0,4.6,20,1.0,83.2,72.6652499487027
I0599,U060,quiet_deepwork,P112,outdoor_04,synthetic,train,4,4,5,5,3,3,4,3,3,5,library,deep_study,mostly_solo,1_2h,late_night,1,1,1,1,0,0,1,0,0,0,1,outdoor,deep_study,solo,1_2h,late_night,weekday,8.0,clear,outdoor,often,3,4,3,3,2,3,1,2,3,2,12,16,15,15,3,12,6,9,5.0,3.0,10,1.0,53.1,54.79395338997462
I0600,U060,quiet_deepwork,P019,study_room_01,synthetic,train,4,4,5,5,3,3,4,3,3,5,library,deep_study,mostly_solo,1_2h,late_night,1,1,1,1,0,0,1,0,0,0,1,study_room,online_class,3_4,1_2h,early_morning,weekday,14.3,clear,indoor,sometimes,4,3,4,4,3,4,4,4,4,4,16,12,20,20,12,16,9,12,3.3,5.4,12,0.0,62.3,68.36176954779425
I0601,U061,social_collaborative,P089,coworking_space_05,synthetic,train,3,4,2,3,4,3,3,3,4,4,home,online_class,mostly_group,2_4h,morning,0,0,0,0,1,0,0,1,0,1,0,coworking_space,meeting,3_4,over_4h,morning,weekday,16.9,clear,indoor,first_time,3,5,4,3,4,4,5,5,4,3,9,20,8,9,20,12,12,16,0.8,6.3,15,1.0,66.5,63.67585097659587
I0602,U061,social_collaborative,P069,classroom_07,synthetic,train,3,4,2,3,4,3,3,3,4,4,home,online_class,mostly_group,2_4h,morning,0,0,0,0,1,0,0,1,0,1,0,classroom,team_project,5_plus,1_2h,morning,weekend,16.2,clear,indoor,rarely,3,4,3,3,3,3,3,4,3,4,9,16,6,9,12,9,9,12,1.0,6.1,12,1.0,58.1,57.141803733064194
I0603,U061,social_collaborative,P102,dorm_lounge_06,synthetic,train,3,4,2,3,4,3,3,3,4,4,home,online_class,mostly_group,2_4h,morning,0,0,0,0,1,0,0,1,0,1,0,dorm_lounge,team_project,2,under_1h,afternoon,weekday,13.3,clear,indoor,often,3,3,3,3,3,3,4,4,4,4,9,12,6,9,16,12,9,12,1.0,5.0,12,0.5,57.1,59.14735912836068
I0604,U061,social_collaborative,P059,home_05,synthetic,train,3,4,2,3,4,3,3,3,4,4,home,online_class,mostly_group,2_4h,morning,0,0,0,0,1,0,0,1,0,1,0,home,team_project,2,1_2h,evening,weekday,14.5,hot,indoor,sometimes,4,5,5,4,5,4,4,3,5,5,12,20,10,12,16,15,15,16,1.0,5.4,9,0.0,66.0,65.73187920823977
I0605,U061,social_collaborative,P035,study_room_17,synthetic,train,3,4,2,3,4,3,3,3,4,4,home,online_class,mostly_group,2_4h,morning,0,0,0,0,1,0,0,1,0,1,0,study_room,team_project,2,2_4h,morning,weekday,5.0,clear,indoor,often,4,4,4,4,3,4,5,5,4,3,12,16,8,12,20,12,9,16,1.0,1.9,15,1.0,65.4,69.99545708121984
I0606,U061,social_collaborative,P042,cafe_06,synthetic,train,3,4,2,3,4,3,3,3,4,4,home,online_class,mostly_group,2_4h,morning,0,0,0,0,1,0,0,1,0,1,0,cafe,team_project,5_plus,2_4h,afternoon,weekday,8.7,clear,indoor,first_time,3,4,2,3,2,4,3,4,4,3,9,16,4,9,12,12,6,16,1.0,3.2,12,0.5,48.5,56.18556879643783
I0607,U061,social_collaborative,P092,coworking_space_08,synthetic,train,3,4,2,3,4,3,3,3,4,4,home,online_class,mostly_group,2_4h,morning,0,0,0,0,1,0,0,1,0,1,0,coworking_space,meeting,3_4,1_2h,morning,weekday,5.6,clear,indoor,sometimes,2,4,3,4,3,4,4,4,4,3,6,16,6,12,16,12,9,16,0.8,2.1,12,1.0,71.0,62.22469749093842
I0608,U061,social_collaborative,P067,classroom_05,synthetic,train,3,4,2,3,4,3,3,3,4,4,home,online_class,mostly_group,2_4h,morning,0,0,0,0,1,0,0,1,0,1,0,classroom,light_reading,solo,1_2h,morning,weekend,11.9,cloudy,indoor,first_time,3,4,3,3,3,2,3,3,3,3,9,16,6,9,12,9,9,8,1.8,4.4,9,1.0,43.7,50.42497717490217
I0609,U061,social_collaborative,P118,outdoor_10,synthetic,train,3,4,2,3,4,3,3,3,4,4,home,online_class,mostly_group,2_4h,morning,0,0,0,0,1,0,0,1,0,1,0,outdoor,meeting,3_4,2_4h,evening,weekday,8.0,clear,outdoor,often,3,5,3,3,3,3,2,3,3,3,9,20,6,9,8,9,9,12,0.8,3.0,9,0.0,47.6,54.41098407481169
I0610,U061,social_collaborative,P106,dorm_lounge_10,synthetic,train,3,4,2,3,4,3,3,3,4,4,home,online_class,mostly_group,2_4h,morning,0,0,0,0,1,0,0,1,0,1,0,dorm_lounge,online_class,2,under_1h,afternoon,weekday,9.7,hot,indoor,first_time,3,3,2,3,3,4,3,3,3,3,9,12,4,9,12,9,9,16,2.6,3.6,9,0.5,51.0,47.82970001474133
I0611,U062,comfort_oriented,P075,computer_lab_01,synthetic,valid,4,5,2,4,3,4,5,4,5,3,library,deep_study,mixed,1_2h,evening,1,0,1,1,0,1,1,0,1,1,1,computer_lab,coding,solo,over_4h,evening,weekday,9.2,clear,indoor,often,3,3,3,4,3,4,5,5,3,3,12,15,6,16,15,15,12,20,2.7,4.6,15,1.0,71.4,67.25343232709153
I0612,U062,comfort_oriented,P043,cafe_07,synthetic,valid,4,5,2,4,3,4,5,4,5,3,library,deep_study,mixed,1_2h,evening,1,0,1,1,0,1,1,0,1,1,1,cafe,coding,solo,over_4h,evening,weekday,5.6,cloudy,indoor,sometimes,2,5,3,3,2,4,3,3,3,3,8,25,6,12,9,15,8,20,2.7,2.8,9,1.0,51.9,59.84894559565164
I0613,U062,comfort_oriented,P069,classroom_07,synthetic,valid,4,5,2,4,3,4,5,4,5,3,library,deep_study,mixed,1_2h,evening,1,0,1,1,0,1,1,0,1,1,1,classroom,coding,solo,2_4h,afternoon,weekday,12.8,clear,indoor,sometimes,3,4,3,3,3,3,3,3,3,4,12,20,6,12,9,15,12,15,2.7,6.4,9,0.5,57.3,58.437739837748445
I0614,U062,comfort_oriented,P060,home_06,synthetic,valid,4,5,2,4,3,4,5,4,5,3,library,deep_study,mixed,1_2h,evening,1,0,1,1,0,1,1,0,1,1,1,home,deep_study,solo,over_4h,evening,weekday,13.0,clear,indoor,sometimes,4,3,5,5,4,5,5,4,4,5,16,15,10,20,15,20,16,25,3.0,6.5,12,1.0,66.1,74.22086351510183
I0615,U062,comfort_oriented,P047,cafe_11,synthetic,valid,4,5,2,4,3,4,5,4,5,3,library,deep_study,mixed,1_2h,evening,1,0,1,1,0,1,1,0,1,1,1,cafe,report_writing,solo,2_4h,morning,weekday,9.4,cloudy,indoor,sometimes,3,4,3,3,2,4,3,4,4,3,12,20,6,12,9,20,8,20,2.6,4.7,12,0.0,64.3,63.01225173053485
I0616,U062,comfort_oriented,P062,home_08,synthetic,valid,4,5,2,4,3,4,5,4,5,3,library,deep_study,mixed,1_2h,evening,1,0,1,1,0,1,1,0,1,1,1,home,deep_study,solo,2_4h,morning,weekday,14.2,clear,indoor,often,4,3,4,4,4,5,5,4,4,5,16,15,8,16,15,20,16,25,3.0,7.1,12,0.0,66.8,72.9729098585619
I0617,U062,comfort_oriented,P013,library_13,synthetic,valid,4,5,2,4,3,4,5,4,5,3,library,deep_study,mixed,1_2h,evening,1,0,1,1,0,1,1,0,1,1,1,library,online_class,solo,2_4h,morning,weekend,1.0,clear,indoor,sometimes,5,4,4,4,3,3,5,4,4,4,20,20,8,16,15,20,12,15,2.0,0.5,12,0.0,64.5,76.12727775251736
I0618,U062,comfort_oriented,P009,library_09,synthetic,valid,4,5,2,4,3,4,5,4,5,3,library,deep_study,mixed,1_2h,evening,1,0,1,1,0,1,1,0,1,1,1,library,light_reading,2,under_1h,evening,weekday,9.1,rainy,indoor,rarely,4,4,3,4,2,4,4,4,4,4,16,20,6,16,12,20,8,20,1.4,4.5,12,1.0,58.6,64.80921621165274
I0619,U062,comfort_oriented,P026,study_room_08,synthetic,valid,4,5,2,4,3,4,5,4,5,3,library,deep_study,mixed,1_2h,evening,1,0,1,1,0,1,1,0,1,1,1,study_room,report_writing,solo,over_4h,morning,weekday,18.5,clear,indoor,sometimes,4,5,4,4,5,4,4,4,4,3,16,25,8,16,12,20,20,20,2.6,9.2,12,0.0,63.0,71.70384347684254
I0620,U062,comfort_oriented,P085,coworking_space_01,synthetic,valid,4,5,2,4,3,4,5,4,5,3,library,deep_study,mixed,1_2h,evening,1,0,1,1,0,1,1,0,1,1,1,coworking_space,coding,solo,over_4h,evening,weekend,4.2,hot,indoor,sometimes,3,5,2,3,4,3,4,5,4,3,12,25,4,12,12,20,16,15,2.7,2.1,15,1.0,69.8,66.39387447676219
I0621,U063,quiet_deepwork,P009,library_09,synthetic,train,5,4,4,4,3,3,4,3,4,5,study_room,deep_study,mostly_solo,2_4h,morning,1,1,1,1,0,0,1,0,0,1,1,library,deep_study,3_4,2_4h,afternoon,weekday,8.5,cloudy,indoor,rarely,4,4,3,4,2,4,4,5,4,4,20,16,12,16,12,16,6,16,5.0,3.2,25,0.5,64.5,71.01928255462393
I0622,U063,quiet_deepwork,P012,library_12,synthetic,train,5,4,4,4,3,3,4,3,4,5,study_room,deep_study,mostly_solo,2_4h,morning,1,1,1,1,0,0,1,0,0,1,1,library,report_writing,solo,2_4h,morning,weekend,1.2,hot,indoor,first_time,5,4,4,4,3,3,3,4,5,4,25,16,16,16,9,20,9,12,4.3,0.4,20,1.0,78.9,75.78336655566498
I0623,U063,quiet_deepwork,P030,study_room_12,synthetic,train,5,4,4,4,3,3,4,3,4,5,study_room,deep_study,mostly_solo,2_4h,morning,1,1,1,1,0,0,1,0,0,1,1,study_room,report_writing,solo,1_2h,morning,weekday,8.9,hot,indoor,rarely,5,4,3,4,3,3,4,5,4,4,25,16,12,16,12,16,9,12,4.3,3.3,25,1.0,81.2,74.39834388305734
I0624,U063,quiet_deepwork,P001,library_01,synthetic,train,5,4,4,4,3,3,4,3,4,5,study_room,deep_study,mostly_solo,2_4h,morning,1,1,1,1,0,0,1,0,0,1,1,library,deep_study,solo,1_2h,afternoon,weekend,10.5,rainy,indoor,first_time,5,4,4,5,2,3,4,5,4,4,25,16,16,20,12,16,6,12,5.0,3.9,25,0.5,75.2,74.68715572498269
I0625,U063,quiet_deepwork,P045,cafe_09,synthetic,train,5,4,4,4,3,3,4,3,4,5,study_room,deep_study,mostly_solo,2_4h,morning,1,1,1,1,0,0,1,0,0,1,1,cafe,deep_study,solo,2_4h,early_morning,weekday,5.7,rainy,indoor,sometimes,2,3,2,2,3,3,3,2,3,3,10,12,8,8,9,12,9,12,5.0,2.2,10,0.5,52.4,54.87486948396059
I0626,U063,quiet_deepwork,P056,home_02,synthetic,train,5,4,4,4,3,3,4,3,4,5,study_room,deep_study,mostly_solo,2_4h,morning,1,1,1,1,0,0,1,0,0,1,1,home,light_reading,solo,1_2h,afternoon,weekday,9.0,clear,indoor,sometimes,4,3,5,4,5,4,5,4,5,5,20,12,20,16,15,20,15,16,2.3,3.4,12,0.5,75.9,76.8202148512541
I0627,U063,quiet_deepwork,P007,library_07,synthetic,train,5,4,4,4,3,3,4,3,4,5,study_room,deep_study,mostly_solo,2_4h,morning,1,1,1,1,0,0,1,0,0,1,1,library,light_reading,solo,1_2h,morning,weekday,9.5,cloudy,indoor,rarely,5,4,3,4,3,3,4,4,4,4,25,16,12,16,12,16,9,12,2.3,3.6,12,1.0,75.6,70.58437174247027
I0628,U063,quiet_deepwork,P044,cafe_08,synthetic,train,5,4,4,4,3,3,4,3,4,5,study_room,deep_study,mostly_solo,2_4h,morning,1,1,1,1,0,0,1,0,0,1,1,cafe,online_class,solo,under_1h,afternoon,weekday,19.5,clear,indoor,first_time,3,4,3,4,2,4,3,3,4,2,15,16,12,16,9,16,6,16,3.3,7.3,9,0.5,56.2,58.77391628946114
I0629,U063,quiet_deepwork,P027,study_room_09,synthetic,train,5,4,4,4,3,3,4,3,4,5,study_room,deep_study,mostly_solo,2_4h,morning,1,1,1,1,0,0,1,0,0,1,1,study_room,team_project,5_plus,1_2h,afternoon,weekday,5.6,clear,indoor,often,5,3,3,4,4,3,3,5,3,3,25,12,12,16,9,12,12,12,1.3,2.1,15,0.5,63.7,73.76921528362382
I0630,U063,quiet_deepwork,P075,computer_lab_01,synthetic,train,5,4,4,4,3,3,4,3,4,5,study_room,deep_study,mostly_solo,2_4h,morning,1,1,1,1,0,0,1,0,0,1,1,computer_lab,online_class,3_4,1_2h,afternoon,weekday,11.6,rainy,indoor,sometimes,3,3,3,4,3,4,5,5,3,3,15,12,12,16,15,12,9,16,3.3,4.3,15,0.5,67.6,66.21188448028165
I0631,U064,balanced,P016,library_16,synthetic,train,5,4,3,3,4,4,4,4,4,5,computer_lab,report_writing,mostly_solo,1_2h,afternoon,1,0,0,1,1,1,1,1,1,1,0,library,deep_study,2,1_2h,late_night,weekday,13.3,clear,indoor,sometimes,5,4,3,5,3,4,3,5,4,4,25,16,9,15,12,16,12,16,5.0,6.7,25,0.0,66.0,69.4212207857667
I0632,U064,balanced,P005,library_05,synthetic,train,5,4,3,3,4,4,4,4,4,5,computer_lab,report_writing,mostly_solo,1_2h,afternoon,1,0,0,1,1,1,1,1,1,1,0,library,coding,solo,2_4h,morning,weekend,6.2,cloudy,indoor,sometimes,5,4,4,5,3,4,4,4,4,4,25,16,12,15,16,16,12,16,4.5,3.1,20,0.5,75.2,76.09560509794161
I0633,U064,balanced,P018,library_18,synthetic,train,5,4,3,3,4,4,4,4,4,5,computer_lab,report_writing,mostly_solo,1_2h,afternoon,1,0,0,1,1,1,1,1,1,1,0,library,report_writing,2,2_4h,evening,weekday,6.2,clear,indoor,first_time,5,4,3,4,3,3,4,5,4,3,25,16,9,12,16,16,12,12,4.3,3.1,25,0.5,67.3,69.69032906063207
I0634,U064,balanced,P035,study_room_17,synthetic,train,5,4,3,3,4,4,4,4,4,5,computer_lab,report_writing,mostly_solo,1_2h,afternoon,1,0,0,1,1,1,1,1,1,1,0,study_room,report_writing,solo,1_2h,morning,weekday,2.3,cloudy,indoor,often,4,4,4,4,3,4,5,5,4,3,20,16,12,12,20,16,12,16,4.3,1.2,25,0.5,79.6,77.90334292717131
I0635,U064,balanced,P063,classroom_01,synthetic,train,5,4,3,3,4,4,4,4,4,5,computer_lab,report_writing,mostly_solo,1_2h,afternoon,1,0,0,1,1,1,1,1,1,1,0,classroom,report_writing,solo,over_4h,evening,weekend,11.5,clear,indoor,often,3,4,3,3,2,3,3,4,3,3,15,16,9,9,12,12,8,12,4.3,5.8,20,0.5,58.0,61.676974484152566
I0636,U064,balanced,P085,coworking_space_01,synthetic,train,5,4,3,3,4,4,4,4,4,5,computer_lab,report_writing,mostly_solo,1_2h,afternoon,1,0,0,1,1,1,1,1,1,1,0,coworking_space,coding,solo,over_4h,late_night,weekend,8.8,cloudy,indoor,often,3,5,2,3,4,3,4,4,4,3,15,20,6,9,16,16,16,12,4.5,4.4,20,0.0,60.5,63.99393769276092
I0637,U064,balanced,P015,library_15,synthetic,train,5,4,3,3,4,4,4,4,4,5,computer_lab,report_writing,mostly_solo,1_2h,afternoon,1,0,0,1,1,1,1,1,1,1,0,library,coding,solo,1_2h,afternoon,weekday,9.2,cold,indoor,often,4,4,4,5,2,4,3,4,4,4,20,16,12,15,12,16,8,16,4.5,4.6,20,1.0,58.8,70.70621449924454
I0638,U064,balanced,P033,study_room_15,synthetic,train,5,4,3,3,4,4,4,4,4,5,computer_lab,report_writing,mostly_solo,1_2h,afternoon,1,0,0,1,1,1,1,1,1,1,0,study_room,report_writing,solo,2_4h,evening,weekday,6.2,clear,indoor,often,5,3,4,3,4,4,4,5,5,4,25,12,12,9,16,20,16,16,4.3,3.1,25,0.5,77.8,79.5781121114478
I0639,U064,balanced,P009,library_09,synthetic,train,5,4,3,3,4,4,4,4,4,5,computer_lab,report_writing,mostly_solo,1_2h,afternoon,1,0,0,1,1,1,1,1,1,1,0,library,report_writing,solo,2_4h,evening,weekend,6.3,rainy,indoor,sometimes,4,4,3,4,2,4,4,4,4,4,20,16,9,12,16,16,8,16,4.3,3.2,20,0.5,69.4,71.25516642032983
I0640,U064,balanced,P092,coworking_space_08,synthetic,train,5,4,3,3,4,4,4,4,4,5,computer_lab,report_writing,mostly_solo,1_2h,afternoon,1,0,0,1,1,1,1,1,1,1,0,coworking_space,light_reading,solo,1_2h,morning,weekend,9.9,rainy,indoor,often,2,4,3,4,3,4,4,4,4,3,10,16,9,12,16,16,12,16,2.3,4.9,12,0.5,53.0,62.3236229432177
I0641,U065,convenience_oriented,P044,cafe_08,synthetic,train,2,3,3,4,5,4,4,3,4,4,library,coding,mostly_solo,under_1h,morning,0,0,1,1,1,1,0,1,1,1,1,cafe,light_reading,solo,2_4h,evening,weekday,18.2,hot,indoor,often,3,4,3,4,2,4,3,4,4,2,6,12,9,16,15,16,6,16,1.8,9.1,12,0.0,56.9,53.21069613027855
I0642,U065,convenience_oriented,P107,dorm_lounge_11,synthetic,train,2,3,3,4,5,4,4,3,4,4,library,coding,mostly_solo,under_1h,morning,0,0,1,1,1,1,0,1,1,1,1,dorm_lounge,light_reading,solo,over_4h,evening,weekday,29.1,clear,indoor,sometimes,3,4,3,3,3,4,3,4,3,3,6,12,9,12,15,12,9,16,1.8,14.5,12,0.0,57.4,49.69379462367482
I0643,U065,convenience_oriented,P086,coworking_space_02,synthetic,train,2,3,3,4,5,4,4,3,4,4,library,coding,mostly_solo,under_1h,morning,0,0,1,1,1,1,0,1,1,1,1,coworking_space,meeting,5_plus,2_4h,early_morning,weekday,14.7,clear,indoor,sometimes,3,4,4,4,5,3,4,4,4,4,6,12,12,16,20,16,15,12,0.8,7.3,12,0.5,64.1,63.01705514236887
I0644,U065,convenience_oriented,P006,library_06,synthetic,train,2,3,3,4,5,4,4,3,4,4,library,coding,mostly_solo,under_1h,morning,0,0,1,1,1,1,0,1,1,1,1,library,coding,solo,over_4h,morning,weekend,9.2,cold,indoor,first_time,4,4,4,5,2,3,4,4,5,4,8,12,12,20,20,20,6,12,3.6,4.6,16,1.0,61.1,63.1585682788337
I0645,U065,convenience_oriented,P020,study_room_02,synthetic,train,2,3,3,4,5,4,4,3,4,4,library,coding,mostly_solo,under_1h,morning,0,0,1,1,1,1,0,1,1,1,1,study_room,report_writing,solo,2_4h,morning,weekday,10.6,clear,indoor,often,4,4,4,5,3,4,4,4,4,4,8,12,12,20,20,16,9,16,3.4,5.3,16,1.0,69.9,68.01919406294391
I0646,U065,convenience_oriented,P006,library_06,synthetic,train,2,3,3,4,5,4,4,3,4,4,library,coding,mostly_solo,under_1h,morning,0,0,1,1,1,1,0,1,1,1,1,library,report_writing,solo,under_1h,afternoon,weekday,11.4,cloudy,indoor,first_time,4,4,4,5,2,3,4,4,5,4,8,12,12,20,20,20,6,12,3.4,5.7,16,0.5,59.0,63.03148442017151
I0647,U065,convenience_oriented,P036,study_room_18,synthetic,train,2,3,3,4,5,4,4,3,4,4,library,coding,mostly_solo,under_1h,morning,0,0,1,1,1,1,0,1,1,1,1,study_room,report_writing,2,1_2h,afternoon,weekend,7.1,clear,indoor,often,5,4,4,4,4,4,5,4,4,4,10,12,12,16,25,16,12,16,3.4,3.5,16,0.5,71.2,66.72625676001124
I0648,U065,convenience_oriented,P016,library_16,synthetic,train,2,3,3,4,5,4,4,3,4,4,library,coding,mostly_solo,under_1h,morning,0,0,1,1,1,1,0,1,1,1,1,library,deep_study,solo,2_4h,evening,weekend,15.2,cold,indoor,often,5,4,3,5,3,4,3,4,4,4,10,12,9,20,15,16,9,16,4.0,7.6,16,0.0,64.7,62.93616236912668
I0649,U065,convenience_oriented,P058,home_04,synthetic,train,2,3,3,4,5,4,4,3,4,4,library,coding,mostly_solo,under_1h,morning,0,0,1,1,1,1,0,1,1,1,1,home,coding,2,2_4h,afternoon,weekday,16.7,rainy,indoor,sometimes,4,3,4,3,4,5,4,4,4,4,8,9,12,12,20,16,12,20,3.6,8.3,16,0.5,64.9,60.55758675599118
I0650,U065,convenience_oriented,P021,study_room_03,synthetic,train,2,3,3,4,5,4,4,3,4,4,library,coding,mostly_solo,under_1h,morning,0,0,1,1,1,1,0,1,1,1,1,study_room,report_writing,solo,2_4h,afternoon,weekday,17.7,clear,indoor,rarely,5,4,4,4,3,4,4,5,4,2,10,12,12,16,20,16,9,16,3.4,8.8,20,0.5,69.5,63.24217113680312
I0651,U066,social_collaborative,P040,cafe_04,synthetic,test,2,4,2,2,4,4,4,3,5,2,study_room,team_project,mostly_group,under_1h,late_night,0,0,0,1,1,1,0,1,1,1,0,cafe,light_reading,2,2_4h,evening,weekday,5.1,rainy,indoor,sometimes,3,4,2,3,3,4,3,4,4,3,6,16,4,6,12,16,9,20,0.9,2.5,12,0.5,61.0,50.042156547673166
I0652,U066,social_collaborative,P090,coworking_space_06,synthetic,test,2,4,2,2,4,4,4,3,5,2,study_room,team_project,mostly_group,under_1h,late_night,0,0,0,1,1,1,0,1,1,1,0,coworking_space,team_project,3_4,under_1h,afternoon,weekday,8.7,clear,indoor,often,3,4,3,4,4,4,4,4,4,3,6,16,6,8,16,16,12,20,0.5,4.4,12,0.0,60.4,59.60951465532179
I0653,U066,social_collaborative,P037,cafe_01,synthetic,test,2,4,2,2,4,4,4,3,5,2,study_room,team_project,mostly_group,under_1h,late_night,0,0,0,1,1,1,0,1,1,1,0,cafe,report_writing,solo,1_2h,afternoon,weekday,10.0,cloudy,indoor,rarely,3,4,2,2,2,4,3,4,4,4,6,16,4,4,12,16,6,20,1.7,5.0,8,0.0,44.7,48.642991069448414
I0654,U066,social_collaborative,P102,dorm_lounge_06,synthetic,test,2,4,2,2,4,4,4,3,5,2,study_room,team_project,mostly_group,under_1h,late_night,0,0,0,1,1,1,0,1,1,1,0,dorm_lounge,online_class,solo,2_4h,afternoon,weekend,16.6,cloudy,indoor,rarely,3,3,3,3,3,3,4,3,4,4,6,12,6,6,16,16,9,15,1.3,8.3,9,0.0,45.6,47.36667026587834
I0655,U066,social_collaborative,P013,library_13,synthetic,test,2,4,2,2,4,4,4,3,5,2,study_room,team_project,mostly_group,under_1h,late_night,0,0,0,1,1,1,0,1,1,1,0,library,team_project,2,2_4h,evening,weekday,1.0,clear,indoor,sometimes,5,4,4,4,3,3,5,3,4,4,10,16,8,8,20,16,9,15,0.5,0.5,9,0.5,66.1,62.37956416639666
I0656,U066,social_collaborative,P115,outdoor_07,synthetic,test,2,4,2,2,4,4,4,3,5,2,study_room,team_project,mostly_group,under_1h,late_night,0,0,0,1,1,1,0,1,1,1,0,outdoor,team_project,5_plus,2_4h,late_night,weekend,9.5,clear,outdoor,sometimes,3,4,3,3,1,3,1,4,2,3,6,16,6,6,4,8,3,15,0.5,4.8,12,1.0,55.3,45.62616242528599
I0657,U066,social_collaborative,P068,classroom_06,synthetic,test,2,4,2,2,4,4,4,3,5,2,study_room,team_project,mostly_group,under_1h,late_night,0,0,0,1,1,1,0,1,1,1,0,classroom,team_project,3_4,2_4h,late_night,weekday,13.9,rainy,indoor,rarely,3,4,3,3,2,3,3,4,2,4,6,16,6,6,12,8,6,15,0.5,6.9,12,1.0,60.3,49.030968001470285
I0658,U066,social_collaborative,P050,cafe_14,synthetic,test,2,4,2,2,4,4,4,3,5,2,study_room,team_project,mostly_group,under_1h,late_night,0,0,0,1,1,1,0,1,1,1,0,cafe,report_writing,solo,2_4h,early_morning,weekday,17.3,cold,indoor,often,3,5,2,3,2,4,3,4,4,3,6,20,4,6,12,16,6,20,1.7,8.7,8,0.0,48.4,49.2461938063909
I0659,U066,social_collaborative,P073,classroom_11,synthetic,test,2,4,2,2,4,4,4,3,5,2,study_room,team_project,mostly_group,under_1h,late_night,0,0,0,1,1,1,0,1,1,1,0,classroom,coding,solo,2_4h,late_night,weekend,9.9,clear,indoor,first_time,4,5,3,3,4,3,3,4,3,4,8,20,6,6,12,12,12,15,1.8,4.9,8,1.0,55.6,50.51370273914409
I0660,U066,social_collaborative,P042,cafe_06,synthetic,test,2,4,2,2,4,4,4,3,5,2,study_room,team_project,mostly_group,under_1h,late_night,0,0,0,1,1,1,0,1,1,1,0,cafe,team_project,2,1_2h,late_night,weekend,13.6,clear,indoor,sometimes,3,4,2,3,2,4,3,3,4,3,6,16,4,6,12,16,6,20,0.5,6.8,9,1.0,55.0,50.28537435277295
I0661,U067,balanced,P017,library_17,synthetic,train,4,4,4,3,5,4,4,3,4,4,library,report_writing,mostly_solo,over_4h,afternoon,1,1,0,1,1,1,1,1,1,1,0,library,coding,3_4,2_4h,afternoon,weekday,10.3,rainy,indoor,sometimes,5,4,4,5,3,3,4,4,5,4,20,16,16,15,20,20,9,12,3.6,5.1,16,1.0,62.4,70.54956936430635
I0662,U067,balanced,P074,classroom_12,synthetic,train,4,4,4,3,5,4,4,3,4,4,library,report_writing,mostly_solo,over_4h,afternoon,1,1,0,1,1,1,1,1,1,1,0,classroom,team_project,2,2_4h,late_night,weekend,13.8,clear,indoor,often,3,4,3,3,2,3,3,4,3,3,12,16,12,9,15,12,6,12,1.0,6.9,12,0.0,61.1,60.01527781660772
I0663,U067,balanced,P028,study_room_10,synthetic,train,4,4,4,3,5,4,4,3,4,4,library,report_writing,mostly_solo,over_4h,afternoon,1,1,0,1,1,1,1,1,1,1,0,study_room,report_writing,solo,1_2h,afternoon,weekday,17.1,clear,indoor,sometimes,4,4,3,3,4,4,5,4,4,3,16,16,12,9,25,16,12,16,3.4,8.5,16,1.0,68.8,68.23437184530471
I0664,U067,balanced,P118,outdoor_10,synthetic,train,4,4,4,3,5,4,4,3,4,4,library,report_writing,mostly_solo,over_4h,afternoon,1,1,0,1,1,1,1,1,1,1,0,outdoor,meeting,3_4,over_4h,evening,weekday,6.5,cloudy,outdoor,sometimes,3,5,3,3,3,3,2,3,3,3,12,20,12,9,10,12,9,12,0.8,3.2,9,0.5,61.5,58.27778269912642
I0665,U067,balanced,P102,dorm_lounge_06,synthetic,train,4,4,4,3,5,4,4,3,4,4,library,report_writing,mostly_solo,over_4h,afternoon,1,1,0,1,1,1,1,1,1,1,0,dorm_lounge,online_class,solo,1_2h,early_morning,weekend,14.9,clear,indoor,often,3,3,3,3,3,3,4,2,4,4,12,12,12,9,20,16,9,12,2.6,7.5,6,0.0,62.8,58.90987983111472
I0666,U067,balanced,P008,library_08,synthetic,train,4,4,4,3,5,4,4,3,4,4,library,report_writing,mostly_solo,over_4h,afternoon,1,1,0,1,1,1,1,1,1,1,0,library,report_writing,solo,over_4h,evening,weekday,12.2,rainy,indoor,often,5,5,4,4,2,3,4,4,4,4,20,20,16,12,20,16,6,12,3.4,6.1,16,0.5,65.4,70.79839306519784
I0667,U067,balanced,P030,study_room_12,synthetic,train,4,4,4,3,5,4,4,3,4,4,library,report_writing,mostly_solo,over_4h,afternoon,1,1,0,1,1,1,1,1,1,1,0,study_room,online_class,2,1_2h,evening,weekend,11.7,clear,indoor,often,5,4,3,4,3,3,4,4,4,4,20,16,12,12,20,16,9,12,2.6,5.8,12,0.5,75.7,65.3721475075336
I0668,U067,balanced,P058,home_04,synthetic,train,4,4,4,3,5,4,4,3,4,4,library,report_writing,mostly_solo,over_4h,afternoon,1,1,0,1,1,1,1,1,1,1,0,home,coding,solo,2_4h,morning,weekday,17.8,cloudy,indoor,first_time,4,3,4,3,4,5,4,5,4,4,16,12,16,9,20,16,12,20,3.6,8.9,20,0.5,61.0,68.23599141539026
I0669,U067,balanced,P013,library_13,synthetic,train,4,4,4,3,5,4,4,3,4,4,library,report_writing,mostly_solo,over_4h,afternoon,1,1,0,1,1,1,1,1,1,1,0,library,light_reading,solo,1_2h,afternoon,weekday,5.5,clear,indoor,sometimes,5,4,4,4,3,3,5,4,4,4,20,16,16,12,25,16,9,12,1.8,2.8,12,1.0,76.8,72.54942067802685
I0670,U067,balanced,P106,dorm_lounge_10,synthetic,train,4,4,4,3,5,4,4,3,4,4,library,report_writing,mostly_solo,over_4h,afternoon,1,1,0,1,1,1,1,1,1,1,0,dorm_lounge,team_project,3_4,1_2h,evening,weekend,9.9,cloudy,indoor,often,3,3,2,3,3,4,3,3,3,3,12,12,8,9,15,12,9,16,1.0,4.9,9,0.5,59.6,61.02292351368011
I0671,U068,balanced,P091,coworking_space_07,synthetic,train,3,5,5,5,4,3,4,4,3,4,study_room,light_reading,mostly_solo,over_4h,afternoon,0,1,1,1,1,0,0,1,0,0,1,coworking_space,coding,solo,2_4h,evening,weekday,13.3,clear,indoor,often,4,4,4,3,4,5,4,4,3,4,12,20,20,15,16,12,16,15,3.6,5.0,16,0.5,67.9,70.28742771005379
I0672,U068,balanced,P108,dorm_lounge_12,synthetic,train,3,5,5,5,4,3,4,4,3,4,study_room,light_reading,mostly_solo,over_4h,afternoon,0,1,1,1,1,0,0,1,0,0,1,dorm_lounge,team_project,3_4,2_4h,afternoon,weekend,9.7,clear,indoor,rarely,2,4,3,3,3,3,3,4,3,3,6,20,15,15,12,12,12,9,1.0,3.7,12,1.0,63.3,62.58331007495564
I0673,U068,balanced,P013,library_13,synthetic,train,3,5,5,5,4,3,4,4,3,4,study_room,light_reading,mostly_solo,over_4h,afternoon,0,1,1,1,1,0,0,1,0,0,1,library,light_reading,solo,1_2h,afternoon,weekday,1.0,clear,indoor,sometimes,5,4,4,4,3,3,5,5,4,4,15,20,20,20,20,16,12,9,1.8,0.4,15,1.0,79.0,76.31609169636864
I0674,U068,balanced,P004,library_04,synthetic,train,3,5,5,5,4,3,4,4,3,4,study_room,light_reading,mostly_solo,over_4h,afternoon,0,1,1,1,1,0,0,1,0,0,1,library,deep_study,solo,2_4h,afternoon,weekday,1.6,clear,indoor,often,5,3,3,4,2,4,4,4,3,4,15,15,15,20,16,12,8,12,4.0,0.6,16,1.0,63.8,71.26556236724329
I0675,U068,balanced,P005,library_05,synthetic,train,3,5,5,5,4,3,4,4,3,4,study_room,light_reading,mostly_solo,over_4h,afternoon,0,1,1,1,1,0,0,1,0,0,1,library,team_project,5_plus,2_4h,early_morning,weekday,4.1,cold,indoor,sometimes,5,4,4,5,3,4,4,2,4,4,15,20,20,25,16,16,12,12,1.0,1.5,6,0.0,77.7,74.64136400408874
I0676,U068,balanced,P050,cafe_14,synthetic,train,3,5,5,5,4,3,4,4,3,4,study_room,light_reading,mostly_solo,over_4h,afternoon,0,1,1,1,1,0,0,1,0,0,1,cafe,online_class,2,1_2h,morning,weekend,16.2,cloudy,indoor,first_time,3,5,2,3,2,4,3,4,4,3,9,25,10,15,12,16,8,12,2.6,6.1,12,0.5,63.4,56.8876801883648
I0677,U068,balanced,P030,study_room_12,synthetic,train,3,5,5,5,4,3,4,4,3,4,study_room,light_reading,mostly_solo,over_4h,afternoon,0,1,1,1,1,0,0,1,0,0,1,study_room,deep_study,2,1_2h,evening,weekday,12.8,clear,indoor,sometimes,5,4,3,4,3,3,4,3,4,4,15,20,15,20,16,16,12,9,4.0,4.8,12,0.5,71.0,64.97059217293348
I0678,U068,balanced,P012,library_12,synthetic,train,3,5,5,5,4,3,4,4,3,4,study_room,light_reading,mostly_solo,over_4h,afternoon,0,1,1,1,1,0,0,1,0,0,1,library,coding,solo,2_4h,afternoon,weekend,2.7,cold,indoor,rarely,5,4,4,4,3,3,3,4,5,4,15,20,20,20,12,20,12,9,3.6,1.0,16,1.0,80.3,72.84605977971162
I0679,U068,balanced,P021,study_room_03,synthetic,train,3,5,5,5,4,3,4,4,3,4,study_room,light_reading,mostly_solo,over_4h,afternoon,0,1,1,1,1,0,0,1,0,0,1,study_room,team_project,2,2_4h,evening,weekday,13.9,clear,indoor,sometimes,5,4,4,4,3,4,4,4,4,2,15,20,20,20,16,16,12,12,1.0,5.2,12,0.5,63.0,72.11795778791644
I0680,U068,balanced,P110,outdoor_02,synthetic,train,3,5,5,5,4,3,4,4,3,4,study_room,light_reading,mostly_solo,over_4h,afternoon,0,1,1,1,1,0,0,1,0,0,1,outdoor,light_reading,solo,2_4h,evening,weekday,8.6,cloudy,outdoor,sometimes,3,4,3,3,2,3,2,3,2,3,9,20,15,15,8,8,8,9,1.8,3.2,9,0.5,62.2,53.84241209702243
I0681,U069,comfort_oriented,P047,cafe_11,synthetic,train,4,4,4,4,3,5,4,5,5,4,study_room,deep_study,mostly_solo,2_4h,morning,1,1,1,1,0,1,1,0,1,1,1,cafe,coding,5_plus,2_4h,morning,weekend,12.4,clear,indoor,first_time,3,4,3,3,2,4,3,4,4,3,12,16,12,12,9,16,10,20,3.6,7.8,16,1.0,46.7,57.6755652264104
I0682,U069,comfort_oriented,P092,coworking_space_08,synthetic,train,4,4,4,4,3,5,4,5,5,4,study_room,deep_study,mostly_solo,2_4h,morning,1,1,1,1,0,1,1,0,1,1,1,coworking_space,report_writing,solo,2_4h,evening,weekday,5.7,cloudy,indoor,sometimes,2,4,3,4,3,4,4,4,4,3,8,16,12,16,12,16,15,20,3.4,3.6,16,0.0,71.1,65.73596536634399
I0683,U069,comfort_oriented,P004,library_04,synthetic,train,4,4,4,4,3,5,4,5,5,4,study_room,deep_study,mostly_solo,2_4h,morning,1,1,1,1,0,1,1,0,1,1,1,library,report_writing,solo,over_4h,evening,weekday,6.1,rainy,indoor,often,5,3,3,4,2,4,4,5,3,4,20,12,12,16,12,12,10,20,3.4,3.8,20,0.0,68.7,72.28800696190655
I0684,U069,comfort_oriented,P059,home_05,synthetic,train,4,4,4,4,3,5,4,5,5,4,study_room,deep_study,mostly_solo,2_4h,morning,1,1,1,1,0,1,1,0,1,1,1,home,deep_study,solo,2_4h,morning,weekday,12.1,cloudy,indoor,sometimes,4,5,5,4,5,4,4,3,5,5,16,20,20,16,12,20,25,20,4.0,7.6,12,1.0,80.5,74.91475844102288
I0685,U069,comfort_oriented,P058,home_04,synthetic,train,4,4,4,4,3,5,4,5,5,4,study_room,deep_study,mostly_solo,2_4h,morning,1,1,1,1,0,1,1,0,1,1,1,home,deep_study,solo,over_4h,morning,weekend,18.5,rainy,indoor,first_time,4,3,4,3,4,5,4,4,4,4,16,12,16,12,12,16,20,25,4.0,11.6,16,1.0,58.4,66.45775718732371
I0686,U069,comfort_oriented,P091,coworking_space_07,synthetic,train,4,4,4,4,3,5,4,5,5,4,study_room,deep_study,mostly_solo,2_4h,morning,1,1,1,1,0,1,1,0,1,1,1,coworking_space,report_writing,solo,2_4h,afternoon,weekday,15.8,clear,indoor,often,4,4,4,3,4,5,4,4,3,4,16,16,16,12,12,12,20,25,3.4,9.9,16,0.5,67.1,69.37872582293687
I0687,U069,comfort_oriented,P078,computer_lab_04,synthetic,train,4,4,4,4,3,5,4,5,5,4,study_room,deep_study,mostly_solo,2_4h,morning,1,1,1,1,0,1,1,0,1,1,1,computer_lab,deep_study,2,over_4h,late_night,weekend,7.8,cloudy,indoor,often,4,4,4,4,3,3,5,5,4,3,16,16,16,16,15,16,15,15,4.0,4.9,20,0.0,59.3,68.56380120564845
I0688,U069,comfort_oriented,P070,classroom_08,synthetic,train,4,4,4,4,3,5,4,5,5,4,study_room,deep_study,mostly_solo,2_4h,morning,1,1,1,1,0,1,1,0,1,1,1,classroom,deep_study,solo,2_4h,evening,weekday,13.9,clear,indoor,first_time,3,4,3,2,3,2,3,4,2,3,12,16,12,8,9,8,15,10,4.0,8.7,16,0.0,60.8,52.498548096046974
I0689,U069,comfort_oriented,P056,home_02,synthetic,train,4,4,4,4,3,5,4,5,5,4,study_room,deep_study,mostly_solo,2_4h,morning,1,1,1,1,0,1,1,0,1,1,1,home,report_writing,2,2_4h,afternoon,weekend,10.2,clear,indoor,sometimes,4,3,5,4,5,4,5,5,5,5,16,12,20,16,15,20,25,20,3.4,6.4,20,0.5,72.5,75.98389537400833
I0690,U069,comfort_oriented,P018,library_18,synthetic,train,4,4,4,4,3,5,4,5,5,4,study_room,deep_study,mostly_solo,2_4h,morning,1,1,1,1,0,1,1,0,1,1,1,library,online_class,2,2_4h,evening,weekday,15.6,cloudy,indoor,sometimes,5,4,3,4,3,3,4,4,4,3,20,16,12,16,12,16,15,15,2.6,9.7,12,0.0,58.5,62.09692382527833
I0691,U070,quiet_deepwork,P036,study_room_18,synthetic,test,5,3,5,4,4,3,4,4,4,5,library,coding,mostly_solo,2_4h,afternoon,1,1,1,1,1,0,1,1,0,1,1,study_room,report_writing,2,over_4h,evening,weekday,16.1,cloudy,indoor,rarely,5,4,4,4,4,4,5,4,4,4,25,12,20,16,20,16,16,16,4.3,6.0,20,0.5,72.4,73.51900844235917
I0692,U070,quiet_deepwork,P001,library_01,synthetic,test,5,3,5,4,4,3,4,4,4,5,library,coding,mostly_solo,2_4h,afternoon,1,1,1,1,1,0,1,1,0,1,1,library,coding,3_4,under_1h,afternoon,weekend,6.8,cloudy,indoor,first_time,5,4,4,5,2,3,4,4,4,4,25,12,20,20,16,16,8,12,4.5,2.6,20,1.0,86.1,72.93913168530531
I0693,U070,quiet_deepwork,P010,library_10,synthetic,test,5,3,5,4,4,3,4,4,4,5,library,coding,mostly_solo,2_4h,afternoon,1,1,1,1,1,0,1,1,0,1,1,library,coding,solo,over_4h,afternoon,weekend,6.1,rainy,indoor,sometimes,5,5,4,4,3,4,4,4,4,5,25,15,20,16,16,16,12,16,4.5,2.3,20,1.0,76.5,78.67099931124271
I0694,U070,quiet_deepwork,P005,library_05,synthetic,test,5,3,5,4,4,3,4,4,4,5,library,coding,mostly_solo,2_4h,afternoon,1,1,1,1,1,0,1,1,0,1,1,library,deep_study,solo,under_1h,morning,weekday,8.4,clear,indoor,often,5,4,4,5,3,4,4,4,4,4,25,12,20,20,16,16,12,16,5.0,3.2,20,0.5,83.4,81.15580627857906
I0695,U070,quiet_deepwork,P061,home_07,synthetic,test,5,3,5,4,4,3,4,4,4,5,library,coding,mostly_solo,2_4h,afternoon,1,1,1,1,1,0,1,1,0,1,1,home,report_writing,solo,1_2h,evening,weekday,15.7,clear,indoor,sometimes,4,4,4,4,4,4,4,4,4,5,20,12,20,16,16,16,16,16,4.3,5.9,20,0.5,82.7,76.16861085948575
I0696,U070,quiet_deepwork,P006,library_06,synthetic,test,5,3,5,4,4,3,4,4,4,5,library,coding,mostly_solo,2_4h,afternoon,1,1,1,1,1,0,1,1,0,1,1,library,deep_study,solo,2_4h,late_night,weekday,10.9,clear,indoor,often,4,4,4,5,2,3,4,4,5,4,20,12,20,20,16,20,8,12,5.0,4.1,20,0.0,93.1,75.56034723638047
I0697,U070,quiet_deepwork,P096,coworking_space_12,synthetic,test,5,3,5,4,4,3,4,4,4,5,library,coding,mostly_solo,2_4h,afternoon,1,1,1,1,1,0,1,1,0,1,1,coworking_space,deep_study,3_4,1_2h,evening,weekday,13.9,hot,indoor,sometimes,3,3,4,3,3,5,5,4,4,3,15,9,20,12,20,16,12,20,5.0,5.2,20,0.5,57.4,68.98191525058752
I0698,U070,quiet_deepwork,P077,computer_lab_03,synthetic,test,5,3,5,4,4,3,4,4,4,5,library,coding,mostly_solo,2_4h,afternoon,1,1,1,1,1,0,1,1,0,1,1,computer_lab,deep_study,solo,over_4h,afternoon,weekend,22.5,clear,indoor,sometimes,4,3,3,3,2,3,4,5,4,4,20,9,15,12,16,16,8,12,5.0,8.4,25,1.0,78.2,70.65834851096761
I0699,U070,quiet_deepwork,P088,coworking_space_04,synthetic,test,5,3,5,4,4,3,4,4,4,5,library,coding,mostly_solo,2_4h,afternoon,1,1,1,1,1,0,1,1,0,1,1,coworking_space,light_reading,solo,1_2h,evening,weekend,12.1,clear,indoor,first_time,3,4,3,3,4,4,4,3,5,4,15,12,15,12,16,20,16,16,2.3,4.6,9,0.5,74.7,65.20533533516601
I0700,U070,quiet_deepwork,P078,computer_lab_04,synthetic,test,5,3,5,4,4,3,4,4,4,5,library,coding,mostly_solo,2_4h,afternoon,1,1,1,1,1,0,1,1,0,1,1,computer_lab,light_reading,solo,2_4h,afternoon,weekday,8.6,cold,indoor,often,4,4,4,4,3,3,5,2,4,3,20,12,20,16,20,16,12,12,2.3,3.2,6,1.0,74.2,70.1032685719984
I0701,U071,quiet_deepwork,P059,home_05,synthetic,train,5,4,4,4,4,4,4,4,5,4,dorm_lounge,report_writing,mostly_solo,1_2h,afternoon,1,1,1,1,1,1,1,1,1,1,1,home,coding,solo,over_4h,morning,weekend,12.5,cold,indoor,sometimes,4,5,5,4,5,4,4,5,5,5,20,20,20,16,16,20,20,20,3.6,6.3,20,0.5,77.2,80.25358594246744
I0702,U071,quiet_deepwork,P004,library_04,synthetic,train,5,4,4,4,4,4,4,4,5,4,dorm_lounge,report_writing,mostly_solo,1_2h,afternoon,1,1,1,1,1,1,1,1,1,1,1,library,online_class,solo,under_1h,morning,weekday,10.6,rainy,indoor,first_time,5,3,3,4,2,4,4,3,3,4,25,12,12,16,16,12,8,20,2.6,5.3,9,0.5,76.4,68.43270832246543
I0703,U071,quiet_deepwork,P019,study_room_01,synthetic,train,5,4,4,4,4,4,4,4,5,4,dorm_lounge,report_writing,mostly_solo,1_2h,afternoon,1,1,1,1,1,1,1,1,1,1,1,study_room,deep_study,solo,under_1h,afternoon,weekday,6.9,cloudy,indoor,rarely,4,3,4,4,3,4,4,5,4,4,20,12,16,16,16,16,12,20,4.0,3.5,20,1.0,60.0,74.53913383598837
I0704,U071,quiet_deepwork,P080,computer_lab_06,synthetic,train,5,4,4,4,4,4,4,4,5,4,dorm_lounge,report_writing,mostly_solo,1_2h,afternoon,1,1,1,1,1,1,1,1,1,1,1,computer_lab,report_writing,solo,1_2h,morning,weekday,8.5,clear,indoor,rarely,4,4,4,3,3,4,4,3,4,3,20,16,16,12,16,16,12,20,3.4,4.2,12,0.5,81.1,71.67934031228414
I0705,U071,quiet_deepwork,P017,library_17,synthetic,train,5,4,4,4,4,4,4,4,5,4,dorm_lounge,report_writing,mostly_solo,1_2h,afternoon,1,1,1,1,1,1,1,1,1,1,1,library,report_writing,solo,2_4h,morning,weekday,17.9,rainy,indoor,sometimes,5,4,4,5,3,3,4,4,5,4,25,16,16,20,16,20,12,15,3.4,8.9,16,0.5,84.1,75.29984649681205
I0706,U071,quiet_deepwork,P061,home_07,synthetic,train,5,4,4,4,4,4,4,4,5,4,dorm_lounge,report_writing,mostly_solo,1_2h,afternoon,1,1,1,1,1,1,1,1,1,1,1,home,report_writing,solo,under_1h,morning,weekday,17.0,clear,indoor,sometimes,4,4,4,4,4,4,4,5,4,5,20,16,16,16,16,16,16,20,3.4,8.5,20,0.5,76.5,76.51137812721808
I0707,U071,quiet_deepwork,P053,cafe_17,synthetic,train,5,4,4,4,4,4,4,4,5,4,dorm_lounge,report_writing,mostly_solo,1_2h,afternoon,1,1,1,1,1,1,1,1,1,1,1,cafe,report_writing,solo,2_4h,afternoon,weekday,8.9,clear,indoor,sometimes,3,4,2,2,2,3,3,4,3,3,15,16,8,8,12,12,8,15,3.4,4.5,16,1.0,61.7,60.96718600801532
I0708,U071,quiet_deepwork,P011,library_11,synthetic,train,5,4,4,4,4,4,4,4,5,4,dorm_lounge,report_writing,mostly_solo,1_2h,afternoon,1,1,1,1,1,1,1,1,1,1,1,library,deep_study,solo,over_4h,morning,weekday,9.0,rainy,indoor,often,5,4,4,4,2,4,4,5,4,3,25,16,16,16,16,16,8,20,4.0,4.5,20,0.5,71.9,77.97480631106001
I0709,U071,quiet_deepwork,P085,coworking_space_01,synthetic,train,5,4,4,4,4,4,4,4,5,4,dorm_lounge,report_writing,mostly_solo,1_2h,afternoon,1,1,1,1,1,1,1,1,1,1,1,coworking_space,deep_study,solo,2_4h,evening,weekend,2.5,rainy,indoor,first_time,3,5,2,3,4,3,4,4,4,3,15,20,8,12,16,16,16,15,4.0,1.2,16,0.5,73.6,66.060192064441
I0710,U071,quiet_deepwork,P005,library_05,synthetic,train,5,4,4,4,4,4,4,4,5,4,dorm_lounge,report_writing,mostly_solo,1_2h,afternoon,1,1,1,1,1,1,1,1,1,1,1,library,coding,solo,over_4h,morning,weekend,2.3,clear,indoor,sometimes,5,4,4,5,3,4,4,4,4,4,25,16,16,20,16,16,12,20,3.6,1.2,16,0.5,84.4,80.47707399505666
I0711,U072,quiet_deepwork,P017,library_17,synthetic,train,4,5,5,5,3,4,4,4,4,5,study_room,deep_study,mostly_solo,1_2h,afternoon,1,1,1,1,0,1,1,0,1,1,1,library,report_writing,solo,2_4h,morning,weekend,4.7,clear,indoor,sometimes,5,4,4,5,3,3,4,4,5,4,20,20,20,25,12,20,12,12,4.3,2.3,20,0.5,72.7,82.1509293341321
I0712,U072,quiet_deepwork,P025,study_room_07,synthetic,train,4,5,5,5,3,4,4,4,4,5,study_room,deep_study,mostly_solo,1_2h,afternoon,1,1,1,1,0,1,1,0,1,1,1,study_room,report_writing,solo,2_4h,morning,weekday,4.5,rainy,indoor,sometimes,4,4,3,4,4,4,4,4,4,3,16,20,15,20,12,16,16,16,4.3,2.3,20,0.5,78.2,77.08233994497257
I0713,U072,quiet_deepwork,P030,study_room_12,synthetic,train,4,5,5,5,3,4,4,4,4,5,study_room,deep_study,mostly_solo,1_2h,afternoon,1,1,1,1,0,1,1,0,1,1,1,study_room,light_reading,solo,1_2h,evening,weekday,10.9,clear,indoor,rarely,5,4,3,4,3,3,4,4,4,4,20,20,15,20,12,16,12,12,2.3,5.5,12,0.5,78.1,69.74298904336214
I0714,U072,quiet_deepwork,P063,classroom_01,synthetic,train,4,5,5,5,3,4,4,4,4,5,study_room,deep_study,mostly_solo,1_2h,afternoon,1,1,1,1,0,1,1,0,1,1,1,classroom,coding,solo,2_4h,morning,weekend,8.4,cloudy,indoor,sometimes,3,4,3,3,2,3,3,4,3,3,12,20,15,15,9,12,8,12,4.5,4.2,20,0.5,66.9,65.06147752477898
I0715,U072,quiet_deepwork,P045,cafe_09,synthetic,train,4,5,5,5,3,4,4,4,4,5,study_room,deep_study,mostly_solo,1_2h,afternoon,1,1,1,1,0,1,1,0,1,1,1,cafe,report_writing,solo,over_4h,morning,weekend,9.5,rainy,indoor,often,2,3,2,2,3,3,3,4,3,3,8,15,10,10,9,12,12,12,4.3,4.8,20,0.5,62.6,59.69271523253104
I0716,U072,quiet_deepwork,P003,library_03,synthetic,train,4,5,5,5,3,4,4,4,4,5,study_room,deep_study,mostly_solo,1_2h,afternoon,1,1,1,1,0,1,1,0,1,1,1,library,coding,solo,1_2h,afternoon,weekday,3.1,clear,indoor,often,5,3,4,5,3,3,4,4,4,4,20,15,20,25,12,16,12,12,4.5,1.6,20,1.0,86.0,78.68899246723868
I0717,U072,quiet_deepwork,P035,study_room_17,synthetic,train,4,5,5,5,3,4,4,4,4,5,study_room,deep_study,mostly_solo,1_2h,afternoon,1,1,1,1,0,1,1,0,1,1,1,study_room,online_class,solo,1_2h,morning,weekend,1.0,clear,indoor,first_time,4,4,4,4,3,4,5,4,4,3,16,20,20,20,15,16,12,16,3.3,0.5,12,0.5,81.4,75.6871192494813
I0718,U072,quiet_deepwork,P027,study_room_09,synthetic,train,4,5,5,5,3,4,4,4,4,5,study_room,deep_study,mostly_solo,1_2h,afternoon,1,1,1,1,0,1,1,0,1,1,1,study_room,online_class,2,1_2h,late_night,weekday,10.6,clear,indoor,rarely,5,3,3,4,4,3,3,5,3,3,20,15,15,20,9,12,16,12,3.3,5.3,15,0.0,65.8,64.45761667509623
I0719,U072,quiet_deepwork,P016,library_16,synthetic,train,4,5,5,5,3,4,4,4,4,5,study_room,deep_study,mostly_solo,1_2h,afternoon,1,1,1,1,0,1,1,0,1,1,1,library,deep_study,solo,2_4h,afternoon,weekday,10.7,clear,indoor,first_time,5,4,3,5,3,4,3,5,4,4,20,20,15,25,9,16,12,16,5.0,5.3,25,1.0,77.0,76.67698870287532
I0720,U072,quiet_deepwork,P005,library_05,synthetic,train,4,5,5,5,3,4,4,4,4,5,study_room,deep_study,mostly_solo,1_2h,afternoon,1,1,1,1,0,1,1,0,1,1,1,library,deep_study,5_plus,1_2h,morning,weekend,2.6,hot,indoor,sometimes,5,4,4,5,3,4,4,5,4,4,20,20,20,25,12,16,12,16,5.0,1.3,25,0.5,83.5,80.56922805485203
I0721,U073,balanced,P049,cafe_13,synthetic,train,4,5,4,3,4,5,5,3,4,4,coworking_space,report_writing,mostly_solo,1_2h,late_night,1,1,0,1,1,1,1,1,1,1,0,cafe,team_project,3_4,2_4h,afternoon,weekday,12.1,cold,indoor,sometimes,3,4,2,3,3,3,2,3,4,2,12,20,8,9,8,20,9,12,1.0,7.6,9,0.0,57.8,55.91149223320483
I0722,U073,balanced,P008,library_08,synthetic,train,4,5,4,3,4,5,5,3,4,4,coworking_space,report_writing,mostly_solo,1_2h,late_night,1,1,0,1,1,1,1,1,1,1,0,library,deep_study,solo,2_4h,evening,weekday,14.7,cloudy,indoor,sometimes,5,5,4,4,2,3,4,5,4,4,20,25,16,12,16,20,6,12,4.0,9.2,20,0.5,71.6,70.01610780564522
I0723,U073,balanced,P036,study_room_18,synthetic,train,4,5,4,3,4,5,5,3,4,4,coworking_space,report_writing,mostly_solo,1_2h,late_night,1,1,0,1,1,1,1,1,1,1,0,study_room,online_class,solo,1_2h,evening,weekday,6.3,rainy,indoor,rarely,5,4,4,4,4,4,5,4,4,4,20,20,16,12,20,20,12,16,2.6,3.9,12,0.5,69.2,71.92916631238023
I0724,U073,balanced,P083,computer_lab_09,synthetic,train,4,5,4,3,4,5,5,3,4,4,coworking_space,report_writing,mostly_solo,1_2h,late_night,1,1,0,1,1,1,1,1,1,1,0,computer_lab,online_class,solo,1_2h,morning,weekend,6.7,clear,indoor,first_time,4,4,3,3,4,3,5,5,4,3,16,20,12,9,20,20,12,12,2.6,4.2,15,0.0,65.5,68.10690635020893
I0725,U073,balanced,P024,study_room_06,synthetic,train,4,5,4,3,4,5,5,3,4,4,coworking_space,report_writing,mostly_solo,1_2h,late_night,1,1,0,1,1,1,1,1,1,1,0,study_room,report_writing,solo,over_4h,early_morning,weekday,5.1,cloudy,indoor,sometimes,4,4,3,4,3,4,4,4,4,3,16,20,12,12,16,20,9,16,3.4,3.2,16,0.0,68.9,69.36613606189314
I0726,U073,balanced,P058,home_04,synthetic,train,4,5,4,3,4,5,5,3,4,4,coworking_space,report_writing,mostly_solo,1_2h,late_night,1,1,0,1,1,1,1,1,1,1,0,home,coding,solo,2_4h,late_night,weekday,14.2,clear,indoor,rarely,4,3,4,3,4,5,4,4,4,4,16,15,16,9,16,20,12,20,3.6,8.9,16,1.0,68.8,65.75302890700041
I0727,U073,balanced,P050,cafe_14,synthetic,train,4,5,4,3,4,5,5,3,4,4,coworking_space,report_writing,mostly_solo,1_2h,late_night,1,1,0,1,1,1,1,1,1,1,0,cafe,deep_study,solo,over_4h,early_morning,weekend,15.7,cloudy,indoor,first_time,3,5,2,3,2,4,3,4,4,3,12,25,8,9,12,20,6,16,4.0,9.8,16,0.0,55.1,56.42316670859104
I0728,U073,balanced,P023,study_room_05,synthetic,train,4,5,4,3,4,5,5,3,4,4,coworking_space,report_writing,mostly_solo,1_2h,late_night,1,1,0,1,1,1,1,1,1,1,0,study_room,online_class,solo,under_1h,morning,weekday,17.9,rainy,indoor,often,5,4,3,4,4,4,3,4,4,4,20,20,12,12,12,20,12,16,2.6,11.2,12,0.0,69.5,65.90199715736068
I0729,U073,balanced,P058,home_04,synthetic,train,4,5,4,3,4,5,5,3,4,4,coworking_space,report_writing,mostly_solo,1_2h,late_night,1,1,0,1,1,1,1,1,1,1,0,home,online_class,solo,under_1h,late_night,weekday,17.4,clear,indoor,sometimes,4,3,4,3,4,5,4,5,4,4,16,15,16,9,16,20,12,20,2.6,10.9,15,1.0,64.3,67.01979280159426
I0730,U073,balanced,P035,study_room_17,synthetic,train,4,5,4,3,4,5,5,3,4,4,coworking_space,report_writing,mostly_solo,1_2h,late_night,1,1,0,1,1,1,1,1,1,1,0,study_room,team_project,3_4,2_4h,afternoon,weekday,4.0,clear,indoor,sometimes,4,4,4,4,3,4,5,5,4,3,16,20,16,12,20,20,9,16,1.0,2.5,15,0.0,75.3,75.39153316610572
I0731,U074,balanced,P036,study_room_18,synthetic,train,4,5,3,4,4,4,4,3,5,4,cafe,deep_study,mostly_solo,2_4h,afternoon,1,0,1,1,1,1,1,1,1,1,1,study_room,coding,solo,2_4h,afternoon,weekday,9.0,hot,indoor,often,5,4,4,4,4,4,5,4,4,4,20,20,12,16,20,16,12,20,3.6,4.5,16,1.0,81.4,75.93580573015066
I0732,U074,balanced,P018,library_18,synthetic,train,4,5,3,4,4,4,4,3,5,4,cafe,deep_study,mostly_solo,2_4h,afternoon,1,0,1,1,1,1,1,1,1,1,1,library,deep_study,solo,1_2h,afternoon,weekend,14.5,cloudy,indoor,often,5,4,3,4,3,3,4,5,4,3,20,20,9,16,16,16,9,15,4.0,7.2,20,1.0,76.2,71.81279837260134
I0733,U074,balanced,P062,home_08,synthetic,train,4,5,3,4,4,4,4,3,5,4,cafe,deep_study,mostly_solo,2_4h,afternoon,1,0,1,1,1,1,1,1,1,1,1,home,online_class,solo,1_2h,afternoon,weekday,8.5,hot,indoor,sometimes,4,3,4,4,4,5,5,5,4,5,16,15,12,16,20,16,12,25,2.6,4.2,15,1.0,73.3,75.21817568917153
I0734,U074,balanced,P074,classroom_12,synthetic,train,4,5,3,4,4,4,4,3,5,4,cafe,deep_study,mostly_solo,2_4h,afternoon,1,0,1,1,1,1,1,1,1,1,1,classroom,deep_study,solo,1_2h,afternoon,weekend,8.1,hot,indoor,sometimes,3,4,3,3,2,3,3,4,3,3,12,20,9,12,12,12,6,15,4.0,4.1,16,1.0,55.4,61.37185020738792
I0735,U074,balanced,P112,outdoor_04,synthetic,train,4,5,3,4,4,4,4,3,5,4,cafe,deep_study,mostly_solo,2_4h,afternoon,1,0,1,1,1,1,1,1,1,1,1,outdoor,team_project,3_4,2_4h,evening,weekend,11.1,clear,outdoor,first_time,3,4,3,3,2,3,1,3,3,2,12,20,9,12,4,12,6,15,1.0,5.6,9,0.5,46.2,54.236020310108984
I0736,U074,balanced,P095,coworking_space_11,synthetic,train,4,5,3,4,4,4,4,3,5,4,cafe,deep_study,mostly_solo,2_4h,afternoon,1,0,1,1,1,1,1,1,1,1,1,coworking_space,online_class,solo,1_2h,afternoon,weekday,9.2,clear,indoor,sometimes,4,4,3,3,4,4,5,4,4,4,16,20,9,12,20,16,12,20,2.6,4.6,12,1.0,75.6,70.83911947598071
I0737,U074,balanced,P022,study_room_04,synthetic,train,4,5,3,4,4,4,4,3,5,4,cafe,deep_study,mostly_solo,2_4h,afternoon,1,0,1,1,1,1,1,1,1,1,1,study_room,deep_study,solo,2_4h,afternoon,weekday,10.4,cloudy,indoor,rarely,4,5,3,4,5,3,4,4,4,4,16,25,9,16,16,16,15,15,4.0,5.2,16,1.0,68.6,70.89739765046792
I0738,U074,balanced,P001,library_01,synthetic,train,4,5,3,4,4,4,4,3,5,4,cafe,deep_study,mostly_solo,2_4h,afternoon,1,0,1,1,1,1,1,1,1,1,1,library,light_reading,2,1_2h,evening,weekday,7.5,cold,indoor,sometimes,5,4,4,5,2,3,4,4,4,4,20,20,12,20,16,16,6,15,1.8,3.8,12,0.5,66.1,68.24891461376106
I0739,U074,balanced,P062,home_08,synthetic,train,4,5,3,4,4,4,4,3,5,4,cafe,deep_study,mostly_solo,2_4h,afternoon,1,0,1,1,1,1,1,1,1,1,1,home,online_class,solo,1_2h,afternoon,weekday,9.9,clear,indoor,often,4,3,4,4,4,5,5,5,4,5,16,15,12,16,20,16,12,25,2.6,5.0,15,1.0,81.0,76.86195688548301
I0740,U074,balanced,P027,study_room_09,synthetic,train,4,5,3,4,4,4,4,3,5,4,cafe,deep_study,mostly_solo,2_4h,afternoon,1,0,1,1,1,1,1,1,1,1,1,study_room,team_project,3_4,2_4h,evening,weekend,1.0,clear,indoor,sometimes,5,3,3,4,4,3,3,5,3,3,20,15,9,16,12,12,12,15,1.0,0.5,15,0.5,70.8,73.37290706152358
I0741,U075,balanced,P054,cafe_18,synthetic,train,3,4,3,4,4,3,4,3,3,4,study_room,online_class,mostly_solo,2_4h,evening,0,0,1,1,1,0,0,1,0,0,1,cafe,meeting,2,1_2h,afternoon,weekday,11.9,cloudy,indoor,often,3,5,2,3,2,3,3,5,4,3,9,20,6,12,12,16,6,9,0.8,4.5,15,0.5,58.5,58.953559979591276
I0742,U075,balanced,P013,library_13,synthetic,train,3,4,3,4,4,3,4,3,3,4,study_room,online_class,mostly_solo,2_4h,evening,0,0,1,1,1,0,0,1,0,0,1,library,deep_study,solo,2_4h,evening,weekday,6.7,hot,indoor,often,5,4,4,4,3,3,5,4,4,4,15,16,12,16,20,16,9,9,4.0,2.5,16,1.0,67.7,69.21408238776812
I0743,U075,balanced,P037,cafe_01,synthetic,train,3,4,3,4,4,3,4,3,3,4,study_room,online_class,mostly_solo,2_4h,evening,0,0,1,1,1,0,0,1,0,0,1,cafe,online_class,solo,1_2h,afternoon,weekday,14.5,cold,indoor,often,3,4,2,2,2,4,3,3,4,4,9,16,6,8,12,16,6,12,2.6,5.4,9,0.5,54.3,54.66973638955357
I0744,U075,balanced,P016,library_16,synthetic,train,3,4,3,4,4,3,4,3,3,4,study_room,online_class,mostly_solo,2_4h,evening,0,0,1,1,1,0,0,1,0,0,1,library,report_writing,solo,2_4h,afternoon,weekday,9.6,clear,indoor,rarely,5,4,3,5,3,4,3,5,4,4,15,16,9,20,12,16,9,12,3.4,3.6,20,0.5,61.8,68.6473427385665
I0745,U075,balanced,P075,computer_lab_01,synthetic,train,3,4,3,4,4,3,4,3,3,4,study_room,online_class,mostly_solo,2_4h,evening,0,0,1,1,1,0,0,1,0,0,1,computer_lab,meeting,5_plus,2_4h,morning,weekday,10.4,rainy,indoor,often,3,3,3,4,3,4,5,4,3,3,9,12,9,16,20,12,9,12,0.8,3.9,12,0.0,55.5,64.86955721617626
I0746,U075,balanced,P112,outdoor_04,synthetic,train,3,4,3,4,4,3,4,3,3,4,study_room,online_class,mostly_solo,2_4h,evening,0,0,1,1,1,0,0,1,0,0,1,outdoor,deep_study,3_4,1_2h,evening,weekday,7.1,clear,outdoor,often,3,4,3,3,2,3,1,2,3,2,9,16,9,12,4,12,6,9,4.0,2.7,8,1.0,50.6,48.202295302040085
I0747,U075,balanced,P008,library_08,synthetic,train,3,4,3,4,4,3,4,3,3,4,study_room,online_class,mostly_solo,2_4h,evening,0,0,1,1,1,0,0,1,0,0,1,library,coding,solo,1_2h,evening,weekday,13.3,clear,indoor,first_time,5,5,4,4,2,3,4,4,4,4,15,20,12,16,16,16,6,9,3.6,5.0,16,1.0,63.4,64.87014350905974
I0748,U075,balanced,P033,study_room_15,synthetic,train,3,4,3,4,4,3,4,3,3,4,study_room,online_class,mostly_solo,2_4h,evening,0,0,1,1,1,0,0,1,0,0,1,study_room,report_writing,solo,over_4h,afternoon,weekend,2.9,clear,indoor,rarely,5,3,4,3,4,4,4,5,5,4,15,12,12,12,16,20,12,12,3.4,1.1,20,0.5,68.7,70.93364923844187
I0749,U075,balanced,P007,library_07,synthetic,train,3,4,3,4,4,3,4,3,3,4,study_room,online_class,mostly_solo,2_4h,evening,0,0,1,1,1,0,0,1,0,0,1,library,report_writing,solo,1_2h,evening,weekday,9.9,hot,indoor,first_time,5,4,3,4,3,3,4,5,4,4,15,16,9,16,16,16,9,9,3.4,3.7,20,1.0,62.5,65.59156174969314
I0750,U075,balanced,P081,computer_lab_07,synthetic,train,3,4,3,4,4,3,4,3,3,4,study_room,online_class,mostly_solo,2_4h,evening,0,0,1,1,1,0,0,1,0,0,1,computer_lab,coding,solo,2_4h,morning,weekday,3.8,cloudy,indoor,first_time,4,4,2,3,3,3,4,4,4,3,12,16,6,12,16,16,9,9,3.6,1.4,16,0.0,60.8,61.07830942423822
I0751,U076,quiet_deepwork,P036,study_room_18,synthetic,valid,5,4,4,5,5,3,3,3,3,5,study_room,report_writing,mostly_solo,under_1h,evening,1,1,1,0,1,0,1,1,0,0,1,study_room,team_project,3_4,1_2h,afternoon,weekend,12.1,cloudy,indoor,sometimes,5,4,4,4,4,4,5,5,4,4,25,16,16,20,25,12,12,12,1.3,4.5,15,0.5,78.5,80.32157203762262
I0752,U076,quiet_deepwork,P105,dorm_lounge_09,synthetic,valid,5,4,4,5,5,3,3,3,3,5,study_room,report_writing,mostly_solo,under_1h,evening,1,1,1,0,1,0,1,1,0,0,1,dorm_lounge,coding,solo,over_4h,evening,weekday,16.7,cloudy,indoor,sometimes,3,3,3,2,3,3,4,3,4,3,15,12,12,10,20,12,9,9,4.5,6.2,15,1.0,67.0,61.373993345337645
I0753,U076,quiet_deepwork,P081,computer_lab_07,synthetic,valid,5,4,4,5,5,3,3,3,3,5,study_room,report_writing,mostly_solo,under_1h,evening,1,1,1,0,1,0,1,1,0,0,1,computer_lab,coding,solo,1_2h,morning,weekend,9.0,cloudy,indoor,sometimes,4,4,2,3,3,3,4,4,4,3,20,16,8,15,20,12,9,9,4.5,3.4,20,0.0,67.3,69.66232710217969
I0754,U076,quiet_deepwork,P004,library_04,synthetic,valid,5,4,4,5,5,3,3,3,3,5,study_room,report_writing,mostly_solo,under_1h,evening,1,1,1,0,1,0,1,1,0,0,1,library,team_project,3_4,1_2h,morning,weekday,2.9,hot,indoor,sometimes,5,3,3,4,2,4,4,3,3,4,25,12,12,20,20,9,6,12,1.3,1.1,9,0.0,70.6,73.6153938311094
I0755,U076,quiet_deepwork,P056,home_02,synthetic,valid,5,4,4,5,5,3,3,3,3,5,study_room,report_writing,mostly_solo,under_1h,evening,1,1,1,0,1,0,1,1,0,0,1,home,deep_study,3_4,over_4h,afternoon,weekday,13.3,clear,indoor,sometimes,4,3,5,4,5,4,5,4,5,5,20,12,20,20,25,15,15,12,5.0,5.0,20,0.5,75.6,76.75905881448654
I0756,U076,quiet_deepwork,P084,computer_lab_10,synthetic,valid,5,4,4,5,5,3,3,3,3,5,study_room,report_writing,mostly_solo,under_1h,evening,1,1,1,0,1,0,1,1,0,0,1,computer_lab,coding,2,1_2h,afternoon,weekday,12.0,clear,indoor,sometimes,4,4,3,4,3,3,4,5,3,2,20,16,12,20,20,9,9,9,4.5,4.5,25,0.5,76.9,69.37673174108618
I0757,U076,quiet_deepwork,P077,computer_lab_03,synthetic,valid,5,4,4,5,5,3,3,3,3,5,study_room,report_writing,mostly_solo,under_1h,evening,1,1,1,0,1,0,1,1,0,0,1,computer_lab,coding,solo,under_1h,late_night,weekend,17.1,cold,indoor,first_time,4,3,3,3,2,3,4,5,4,4,20,12,12,15,20,12,6,9,4.5,6.4,25,0.5,68.5,67.85309819368521
I0758,U076,quiet_deepwork,P048,cafe_12,synthetic,valid,5,4,4,5,5,3,3,3,3,5,study_room,report_writing,mostly_solo,under_1h,evening,1,1,1,0,1,0,1,1,0,0,1,cafe,report_writing,solo,under_1h,evening,weekend,10.7,clear,indoor,often,2,5,2,3,1,4,3,3,3,3,10,20,8,15,15,9,3,12,4.3,4.0,15,1.0,64.2,61.674348470870356
I0759,U076,quiet_deepwork,P095,coworking_space_11,synthetic,valid,5,4,4,5,5,3,3,3,3,5,study_room,report_writing,mostly_solo,under_1h,evening,1,1,1,0,1,0,1,1,0,0,1,coworking_space,report_writing,solo,2_4h,evening,weekend,12.4,cloudy,indoor,often,4,4,3,3,4,4,5,4,4,4,20,16,12,15,25,12,12,12,4.3,4.6,20,1.0,83.0,73.99058560990179
I0760,U076,quiet_deepwork,P007,library_07,synthetic,valid,5,4,4,5,5,3,3,3,3,5,study_room,report_writing,mostly_solo,under_1h,evening,1,1,1,0,1,0,1,1,0,0,1,library,light_reading,solo,1_2h,evening,weekday,11.9,rainy,indoor,first_time,5,4,3,4,3,3,4,4,4,4,25,16,12,20,20,12,9,9,2.3,4.5,12,1.0,66.9,70.30989113335318
I0761,U077,comfort_oriented,P004,library_04,synthetic,test,3,5,5,4,4,3,5,3,5,4,home,light_reading,mostly_solo,2_4h,afternoon,0,1,1,1,1,0,0,1,0,1,1,library,report_writing,solo,2_4h,evening,weekday,5.9,cold,indoor,sometimes,5,3,3,4,2,4,4,5,3,4,15,15,15,16,16,15,6,20,3.4,2.2,20,0.5,69.4,72.64081100120552
I0762,U077,comfort_oriented,P003,library_03,synthetic,test,3,5,5,4,4,3,5,3,5,4,home,light_reading,mostly_solo,2_4h,afternoon,0,1,1,1,1,0,0,1,0,1,1,library,report_writing,solo,under_1h,afternoon,weekday,3.1,cloudy,indoor,sometimes,5,3,4,5,3,3,4,5,4,4,15,15,20,20,16,20,9,15,3.4,1.2,20,1.0,81.4,76.87952786920475
I0763,U077,comfort_oriented,P079,computer_lab_05,synthetic,test,3,5,5,4,4,3,5,3,5,4,home,light_reading,mostly_solo,2_4h,afternoon,0,1,1,1,1,0,0,1,0,1,1,computer_lab,report_writing,2,under_1h,morning,weekday,7.4,clear,indoor,sometimes,4,4,3,3,3,4,5,3,4,3,12,20,15,12,20,20,9,20,3.4,2.8,12,0.5,80.6,69.89310161013915
I0764,U077,comfort_oriented,P052,cafe_16,synthetic,test,3,5,5,4,4,3,5,3,5,4,home,light_reading,mostly_solo,2_4h,afternoon,0,1,1,1,1,0,0,1,0,1,1,cafe,online_class,3_4,2_4h,early_morning,weekday,16.4,clear,indoor,sometimes,3,5,3,2,2,3,3,2,4,3,9,25,15,8,12,20,6,15,2.6,6.1,6,0.0,62.1,58.807986419353995
I0765,U077,comfort_oriented,P091,coworking_space_07,synthetic,test,3,5,5,4,4,3,5,3,5,4,home,light_reading,mostly_solo,2_4h,afternoon,0,1,1,1,1,0,0,1,0,1,1,coworking_space,online_class,solo,2_4h,afternoon,weekend,17.7,rainy,indoor,rarely,4,4,4,3,4,5,4,4,3,4,12,20,20,12,16,15,12,25,2.6,6.6,12,1.0,71.8,69.45390761312729
I0766,U077,comfort_oriented,P060,home_06,synthetic,test,3,5,5,4,4,3,5,3,5,4,home,light_reading,mostly_solo,2_4h,afternoon,0,1,1,1,1,0,0,1,0,1,1,home,light_reading,solo,2_4h,early_morning,weekday,16.7,clear,indoor,sometimes,4,3,5,5,4,5,5,4,4,5,12,15,25,20,20,20,12,25,1.8,6.3,12,0.0,83.7,76.55750768383643
I0767,U077,comfort_oriented,P051,cafe_15,synthetic,test,3,5,5,4,4,3,5,3,5,4,home,light_reading,mostly_solo,2_4h,afternoon,0,1,1,1,1,0,0,1,0,1,1,cafe,light_reading,solo,1_2h,morning,weekend,16.5,hot,indoor,sometimes,3,4,2,3,3,4,3,5,4,3,9,20,10,12,12,20,9,20,1.8,6.2,15,0.5,55.7,63.69572570043987
I0768,U077,comfort_oriented,P091,coworking_space_07,synthetic,test,3,5,5,4,4,3,5,3,5,4,home,light_reading,mostly_solo,2_4h,afternoon,0,1,1,1,1,0,0,1,0,1,1,coworking_space,coding,2,2_4h,afternoon,weekend,13.8,clear,indoor,rarely,4,4,4,3,4,5,4,5,3,4,12,20,20,12,16,15,12,25,3.6,5.2,20,1.0,66.0,69.63371692575508
I0769,U077,comfort_oriented,P118,outdoor_10,synthetic,test,3,5,5,4,4,3,5,3,5,4,home,light_reading,mostly_solo,2_4h,afternoon,0,1,1,1,1,0,0,1,0,1,1,outdoor,deep_study,5_plus,over_4h,evening,weekday,7.7,clear,outdoor,often,3,5,3,3,3,3,2,2,3,3,9,25,15,12,8,15,9,15,4.0,2.9,8,0.5,59.9,57.039882359554646
I0770,U077,comfort_oriented,P045,cafe_09,synthetic,test,3,5,5,4,4,3,5,3,5,4,home,light_reading,mostly_solo,2_4h,afternoon,0,1,1,1,1,0,0,1,0,1,1,cafe,light_reading,2,2_4h,morning,weekday,4.3,clear,indoor,sometimes,2,3,2,2,3,3,3,4,3,3,6,15,10,8,12,15,9,15,1.8,1.6,12,0.5,48.3,55.26775735269842
I0771,U078,social_collaborative,P116,outdoor_08,synthetic,train,2,4,3,2,3,3,4,3,3,4,cafe,light_reading,mostly_group,1_2h,afternoon,0,0,0,1,0,0,0,0,0,0,0,outdoor,team_project,3_4,1_2h,afternoon,weekday,13.0,clear,outdoor,often,3,5,3,3,2,2,1,3,3,3,6,20,9,6,3,12,6,6,1.0,4.9,9,1.0,50.7,47.94238465786459
I0772,U078,social_collaborative,P051,cafe_15,synthetic,train,2,4,3,2,3,3,4,3,3,4,cafe,light_reading,mostly_group,1_2h,afternoon,0,0,0,1,0,0,0,0,0,0,0,cafe,team_project,5_plus,under_1h,morning,weekday,16.8,cloudy,indoor,often,3,4,2,3,3,4,3,4,4,3,6,16,6,6,9,16,9,12,1.0,6.3,12,0.5,53.3,55.16441440128037
I0773,U078,social_collaborative,P027,study_room_09,synthetic,train,2,4,3,2,3,3,4,3,3,4,cafe,light_reading,mostly_group,1_2h,afternoon,0,0,0,1,0,0,0,0,0,0,0,study_room,deep_study,solo,2_4h,afternoon,weekday,7.7,clear,indoor,rarely,5,3,3,4,4,3,3,5,3,3,10,12,9,8,9,12,12,9,4.0,2.9,20,1.0,61.8,57.4688051252989
I0774,U078,social_collaborative,P051,cafe_15,synthetic,train,2,4,3,2,3,3,4,3,3,4,cafe,light_reading,mostly_group,1_2h,afternoon,0,0,0,1,0,0,0,0,0,0,0,cafe,team_project,3_4,1_2h,afternoon,weekday,14.6,hot,indoor,rarely,3,4,2,3,3,4,3,5,4,3,6,16,6,6,9,16,9,12,1.0,5.5,15,1.0,58.1,53.64217113597212
I0775,U078,social_collaborative,P064,classroom_02,synthetic,train,2,4,3,2,3,3,4,3,3,4,cafe,light_reading,mostly_group,1_2h,afternoon,0,0,0,1,0,0,0,0,0,0,0,classroom,online_class,solo,2_4h,afternoon,weekday,7.9,cloudy,indoor,often,4,4,3,3,3,3,3,3,3,3,8,16,9,6,9,12,9,9,2.6,2.9,9,1.0,48.5,53.53685667150505
I0776,U078,social_collaborative,P035,study_room_17,synthetic,train,2,4,3,2,3,3,4,3,3,4,cafe,light_reading,mostly_group,1_2h,afternoon,0,0,0,1,0,0,0,0,0,0,0,study_room,team_project,3_4,2_4h,late_night,weekend,3.8,clear,indoor,rarely,4,4,4,4,3,4,5,5,4,3,8,16,12,8,15,16,9,12,1.0,1.4,15,0.0,69.4,63.96505011749813
I0777,U078,social_collaborative,P114,outdoor_06,synthetic,train,2,4,3,2,3,3,4,3,3,4,cafe,light_reading,mostly_group,1_2h,afternoon,0,0,0,1,0,0,0,0,0,0,0,outdoor,team_project,3_4,2_4h,evening,weekday,11.1,hot,outdoor,often,3,4,3,3,2,2,1,3,3,3,6,16,9,6,3,12,6,6,1.0,4.2,9,0.5,33.5,45.90910457346437
I0778,U078,social_collaborative,P030,study_room_12,synthetic,train,2,4,3,2,3,3,4,3,3,4,cafe,light_reading,mostly_group,1_2h,afternoon,0,0,0,1,0,0,0,0,0,0,0,study_room,team_project,2,under_1h,evening,weekday,12.1,rainy,indoor,rarely,5,4,3,4,3,3,4,5,4,4,10,16,9,8,12,16,9,9,1.0,4.6,15,0.5,56.2,58.97128274976826
I0779,U078,social_collaborative,P086,coworking_space_02,synthetic,train,2,4,3,2,3,3,4,3,3,4,cafe,light_reading,mostly_group,1_2h,afternoon,0,0,0,1,0,0,0,0,0,0,0,coworking_space,coding,solo,2_4h,early_morning,weekday,19.5,hot,indoor,rarely,3,4,4,4,5,3,4,5,4,4,6,16,12,8,12,16,15,9,3.6,7.3,20,0.0,52.0,56.11590379463192
I0780,U078,social_collaborative,P052,cafe_16,synthetic,train,2,4,3,2,3,3,4,3,3,4,cafe,light_reading,mostly_group,1_2h,afternoon,0,0,0,1,0,0,0,0,0,0,0,cafe,meeting,2,over_4h,afternoon,weekday,7.1,rainy,indoor,sometimes,3,5,3,2,2,3,3,4,4,3,6,20,9,4,9,16,6,9,0.8,2.7,12,1.0,50.4,54.10413645508804
I0781,U079,convenience_oriented,P020,study_room_02,synthetic,valid,4,4,3,3,4,4,3,4,5,4,study_room,light_reading,mostly_solo,1_2h,late_night,1,0,0,0,1,1,1,1,1,1,0,study_room,team_project,5_plus,under_1h,early_morning,weekday,10.9,cold,indoor,often,4,4,4,5,3,4,4,5,4,4,16,16,12,15,16,12,12,20,1.0,5.5,15,0.0,78.0,72.5635030650306
I0782,U079,convenience_oriented,P077,computer_lab_03,synthetic,valid,4,4,3,3,4,4,3,4,5,4,study_room,light_reading,mostly_solo,1_2h,late_night,1,0,0,0,1,1,1,1,1,1,0,computer_lab,deep_study,solo,2_4h,afternoon,weekday,18.7,cold,indoor,rarely,4,3,3,3,2,3,4,4,4,4,16,12,9,9,16,12,8,15,4.0,9.4,16,0.0,59.4,58.383269971709424
I0783,U079,convenience_oriented,P058,home_04,synthetic,valid,4,4,3,3,4,4,3,4,5,4,study_room,light_reading,mostly_solo,1_2h,late_night,1,0,0,0,1,1,1,1,1,1,0,home,coding,2,2_4h,evening,weekend,17.0,rainy,indoor,sometimes,4,3,4,3,4,5,4,5,4,4,16,12,12,9,16,12,16,25,3.6,8.5,20,0.5,58.0,66.38512218536455
I0784,U079,convenience_oriented,P053,cafe_17,synthetic,valid,4,4,3,3,4,4,3,4,5,4,study_room,light_reading,mostly_solo,1_2h,late_night,1,0,0,0,1,1,1,1,1,1,0,cafe,online_class,solo,1_2h,late_night,weekday,14.4,cold,indoor,rarely,3,4,2,2,2,3,3,3,3,3,12,16,6,6,12,9,8,15,2.6,7.2,9,1.0,52.0,50.829047427711075
I0785,U079,convenience_oriented,P058,home_04,synthetic,valid,4,4,3,3,4,4,3,4,5,4,study_room,light_reading,mostly_solo,1_2h,late_night,1,0,0,0,1,1,1,1,1,1,0,home,team_project,3_4,under_1h,evening,weekday,19.1,clear,indoor,often,4,3,4,3,4,5,4,2,4,4,16,12,12,9,16,12,16,25,1.0,9.6,6,0.5,56.4,67.5770965306112
I0786,U079,convenience_oriented,P021,study_room_03,synthetic,valid,4,4,3,3,4,4,3,4,5,4,study_room,light_reading,mostly_solo,1_2h,late_night,1,0,0,0,1,1,1,1,1,1,0,study_room,online_class,solo,1_2h,evening,weekend,21.4,cloudy,indoor,sometimes,5,4,4,4,3,4,4,5,4,2,20,16,12,12,16,12,12,20,2.6,10.7,15,0.5,67.4,66.15787638276413
I0787,U079,convenience_oriented,P028,study_room_10,synthetic,valid,4,4,3,3,4,4,3,4,5,4,study_room,light_reading,mostly_solo,1_2h,late_night,1,0,0,0,1,1,1,1,1,1,0,study_room,team_project,3_4,under_1h,late_night,weekend,7.9,rainy,indoor,first_time,4,4,3,3,4,4,5,5,4,3,16,16,9,9,20,12,16,20,1.0,3.9,15,1.0,71.8,70.67995322642871
I0788,U079,convenience_oriented,P015,library_15,synthetic,valid,4,4,3,3,4,4,3,4,5,4,study_room,light_reading,mostly_solo,1_2h,late_night,1,0,0,0,1,1,1,1,1,1,0,library,light_reading,solo,1_2h,morning,weekend,15.0,clear,indoor,rarely,4,4,4,5,2,4,3,5,4,4,16,16,12,15,12,12,8,20,1.8,7.5,15,0.0,67.5,65.51661153163936
I0789,U079,convenience_oriented,P004,library_04,synthetic,valid,4,4,3,3,4,4,3,4,5,4,study_room,light_reading,mostly_solo,1_2h,late_night,1,0,0,0,1,1,1,1,1,1,0,library,online_class,solo,1_2h,morning,weekday,1.0,clear,indoor,often,5,3,3,4,2,4,4,3,3,4,20,12,9,12,16,9,8,20,2.6,0.5,9,0.0,69.8,69.4680864651994
I0790,U079,convenience_oriented,P092,coworking_space_08,synthetic,valid,4,4,3,3,4,4,3,4,5,4,study_room,light_reading,mostly_solo,1_2h,late_night,1,0,0,0,1,1,1,1,1,1,0,coworking_space,coding,solo,2_4h,late_night,weekend,7.4,cloudy,indoor,rarely,2,4,3,4,3,4,4,4,4,3,8,16,9,12,16,12,12,20,3.6,3.7,16,1.0,62.0,61.26785244269644
I0791,U080,quiet_deepwork,P014,library_14,synthetic,train,5,4,3,4,4,4,4,4,4,5,home,deep_study,mostly_solo,2_4h,afternoon,1,0,1,1,1,1,1,1,1,1,1,library,online_class,2,1_2h,evening,weekday,6.2,cold,indoor,sometimes,5,4,5,4,3,4,4,4,4,4,25,16,15,16,16,16,12,16,3.3,3.1,12,0.5,79.8,73.65163918648162
I0792,U080,quiet_deepwork,P035,study_room_17,synthetic,train,5,4,3,4,4,4,4,4,4,5,home,deep_study,mostly_solo,2_4h,afternoon,1,0,1,1,1,1,1,1,1,1,1,study_room,deep_study,solo,over_4h,afternoon,weekday,4.7,hot,indoor,often,4,4,4,4,3,4,5,5,4,3,20,16,12,16,20,16,12,16,5.0,2.4,25,1.0,84.3,77.68277938267508
I0793,U080,quiet_deepwork,P070,classroom_08,synthetic,train,5,4,3,4,4,4,4,4,4,5,home,deep_study,mostly_solo,2_4h,afternoon,1,0,1,1,1,1,1,1,1,1,1,classroom,online_class,solo,1_2h,evening,weekday,11.4,clear,indoor,sometimes,3,4,3,2,3,2,3,4,2,3,15,16,9,8,12,8,12,8,3.3,5.7,12,0.5,64.9,58.296541336144585
I0794,U080,quiet_deepwork,P011,library_11,synthetic,train,5,4,3,4,4,4,4,4,4,5,home,deep_study,mostly_solo,2_4h,afternoon,1,0,1,1,1,1,1,1,1,1,1,library,deep_study,solo,1_2h,evening,weekday,9.3,clear,indoor,often,5,4,4,4,2,4,4,5,4,3,25,16,12,16,16,16,8,16,5.0,4.7,25,0.5,81.7,78.33650782742549
I0795,U080,quiet_deepwork,P076,computer_lab_02,synthetic,train,5,4,3,4,4,4,4,4,4,5,home,deep_study,mostly_solo,2_4h,afternoon,1,0,1,1,1,1,1,1,1,1,1,computer_lab,meeting,3_4,over_4h,afternoon,weekday,11.5,rainy,indoor,sometimes,3,5,3,4,4,3,4,3,3,4,15,20,9,16,16,12,16,12,1.0,5.8,9,1.0,66.9,67.63778360698142
I0796,U080,quiet_deepwork,P029,study_room_11,synthetic,train,5,4,3,4,4,4,4,4,4,5,home,deep_study,mostly_solo,2_4h,afternoon,1,0,1,1,1,1,1,1,1,1,1,study_room,coding,2,under_1h,afternoon,weekday,10.7,rainy,indoor,sometimes,4,4,3,4,2,4,4,5,4,3,20,16,9,16,16,16,8,16,4.5,5.3,25,1.0,72.3,69.83251421670963
I0797,U080,quiet_deepwork,P007,library_07,synthetic,train,5,4,3,4,4,4,4,4,4,5,home,deep_study,mostly_solo,2_4h,afternoon,1,0,1,1,1,1,1,1,1,1,1,library,deep_study,solo,2_4h,morning,weekday,1.6,cloudy,indoor,sometimes,5,4,3,4,3,3,4,4,4,4,25,16,9,16,16,16,12,12,5.0,0.8,20,0.5,87.3,77.08927973668739
I0798,U080,quiet_deepwork,P008,library_08,synthetic,train,5,4,3,4,4,4,4,4,4,5,home,deep_study,mostly_solo,2_4h,afternoon,1,0,1,1,1,1,1,1,1,1,1,library,deep_study,solo,over_4h,morning,weekend,6.3,clear,indoor,sometimes,5,5,4,4,2,3,4,5,4,4,25,20,12,16,16,16,8,12,5.0,3.1,25,0.5,69.4,78.91025476674781
I0799,U080,quiet_deepwork,P027,study_room_09,synthetic,train,5,4,3,4,4,4,4,4,4,5,home,deep_study,mostly_solo,2_4h,afternoon,1,0,1,1,1,1,1,1,1,1,1,study_room,deep_study,solo,2_4h,afternoon,weekday,4.4,clear,indoor,first_time,5,3,3,4,4,3,3,4,3,3,25,12,9,16,12,12,16,12,5.0,2.2,20,1.0,74.0,70.92133370909187
I0800,U080,quiet_deepwork,P038,cafe_02,synthetic,train,5,4,3,4,4,4,4,4,4,5,home,deep_study,mostly_solo,2_4h,afternoon,1,0,1,1,1,1,1,1,1,1,1,cafe,report_writing,solo,1_2h,morning,weekend,18.7,cloudy,indoor,first_time,2,4,3,2,2,4,3,3,3,3,10,16,9,8,12,12,8,16,4.3,9.4,15,0.5,49.8,54.46567940288821
I0801,U081,comfort_oriented,P117,outdoor_09,synthetic,test,4,5,4,4,5,4,5,5,4,4,dorm_lounge,light_reading,mostly_solo,2_4h,afternoon,1,1,1,1,1,1,1,1,1,1,1,outdoor,light_reading,solo,2_4h,evening,weekday,13.7,clear,outdoor,often,2,5,3,3,2,3,1,3,3,3,8,25,12,12,5,15,10,12,1.8,6.8,9,0.5,56.8,55.75777519522929
I0802,U081,comfort_oriented,P115,outdoor_07,synthetic,test,4,5,4,4,5,4,5,5,4,4,dorm_lounge,light_reading,mostly_solo,2_4h,afternoon,1,1,1,1,1,1,1,1,1,1,1,outdoor,online_class,solo,1_2h,late_night,weekday,19.0,clear,outdoor,rarely,3,4,3,3,1,3,1,2,2,3,12,20,12,12,5,10,5,12,2.6,9.5,6,0.0,57.4,47.06316599280893
I0803,U081,comfort_oriented,P029,study_room_11,synthetic,test,4,5,4,4,5,4,5,5,4,4,dorm_lounge,light_reading,mostly_solo,2_4h,afternoon,1,1,1,1,1,1,1,1,1,1,1,study_room,coding,solo,over_4h,evening,weekday,15.2,rainy,indoor,sometimes,4,4,3,4,2,4,4,5,4,3,16,20,12,16,20,20,10,16,3.6,7.6,20,0.5,59.1,70.52106433906317
I0804,U081,comfort_oriented,P111,outdoor_03,synthetic,test,4,5,4,4,5,4,5,5,4,4,dorm_lounge,light_reading,mostly_solo,2_4h,afternoon,1,1,1,1,1,1,1,1,1,1,1,outdoor,report_writing,solo,1_2h,afternoon,weekday,12.6,cloudy,outdoor,rarely,3,5,3,4,2,2,1,2,2,3,12,25,12,16,5,10,10,8,3.4,6.3,8,1.0,58.1,52.5509194105657
I0805,U081,comfort_oriented,P013,library_13,synthetic,test,4,5,4,4,5,4,5,5,4,4,dorm_lounge,light_reading,mostly_solo,2_4h,afternoon,1,1,1,1,1,1,1,1,1,1,1,library,online_class,solo,under_1h,morning,weekday,1.0,rainy,indoor,often,5,4,4,4,3,3,5,2,4,4,20,20,16,16,25,20,15,12,2.6,0.5,6,0.5,80.9,77.41115589777084
I0806,U081,comfort_oriented,P088,coworking_space_04,synthetic,test,4,5,4,4,5,4,5,5,4,4,dorm_lounge,light_reading,mostly_solo,2_4h,afternoon,1,1,1,1,1,1,1,1,1,1,1,coworking_space,light_reading,solo,1_2h,afternoon,weekend,13.7,hot,indoor,sometimes,3,4,3,3,4,4,4,3,5,4,12,20,12,12,20,25,20,16,1.8,6.8,9,1.0,65.6,67.41433806455728
I0807,U081,comfort_oriented,P100,dorm_lounge_04,synthetic,test,4,5,4,4,5,4,5,5,4,4,dorm_lounge,light_reading,mostly_solo,2_4h,afternoon,1,1,1,1,1,1,1,1,1,1,1,dorm_lounge,report_writing,solo,over_4h,afternoon,weekend,9.5,clear,indoor,sometimes,3,4,2,3,3,4,3,3,4,4,12,20,8,12,15,20,15,16,3.4,4.7,12,1.0,72.2,66.51752857814186
I0808,U081,comfort_oriented,P001,library_01,synthetic,test,4,5,4,4,5,4,5,5,4,4,dorm_lounge,light_reading,mostly_solo,2_4h,afternoon,1,1,1,1,1,1,1,1,1,1,1,library,deep_study,solo,2_4h,afternoon,weekday,8.9,cloudy,indoor,rarely,5,4,4,5,2,3,4,4,4,4,20,20,16,20,20,20,10,12,4.0,4.4,16,1.0,65.4,74.0700771374975
I0809,U081,comfort_oriented,P031,study_room_13,synthetic,test,4,5,4,4,5,4,5,5,4,4,dorm_lounge,light_reading,mostly_solo,2_4h,afternoon,1,1,1,1,1,1,1,1,1,1,1,study_room,coding,solo,over_4h,morning,weekend,1.0,hot,indoor,sometimes,5,4,4,4,4,4,4,5,5,4,20,20,16,16,20,25,20,16,3.6,0.5,20,0.5,80.4,83.0878261372943
I0810,U081,comfort_oriented,P087,coworking_space_03,synthetic,test,4,5,4,4,5,4,5,5,4,4,dorm_lounge,light_reading,mostly_solo,2_4h,afternoon,1,1,1,1,1,1,1,1,1,1,1,coworking_space,report_writing,solo,under_1h,early_morning,weekend,13.6,cold,indoor,first_time,4,4,3,2,5,4,4,4,4,4,16,20,12,8,20,20,25,16,3.4,6.8,16,0.0,65.1,69.9761776774549
I0811,U082,social_collaborative,P097,dorm_lounge_01,synthetic,train,3,4,3,2,4,3,3,4,4,3,cafe,team_project,mostly_group,1_2h,evening,0,0,0,0,1,0,0,1,0,1,0,dorm_lounge,light_reading,solo,1_2h,afternoon,weekday,7.4,hot,indoor,sometimes,3,3,3,2,3,4,5,4,4,2,9,12,9,4,20,12,12,16,1.4,2.8,12,0.5,58.1,56.99852930896703
I0812,U082,social_collaborative,P023,study_room_05,synthetic,train,3,4,3,2,4,3,3,4,4,3,cafe,team_project,mostly_group,1_2h,evening,0,0,0,0,1,0,0,1,0,1,0,study_room,online_class,solo,2_4h,morning,weekday,19.1,cloudy,indoor,often,5,4,3,4,4,4,3,3,4,4,15,16,9,8,12,12,16,16,2.0,7.2,9,0.0,61.7,60.391939375449915
I0813,U082,social_collaborative,P083,computer_lab_09,synthetic,train,3,4,3,2,4,3,3,4,4,3,cafe,team_project,mostly_group,1_2h,evening,0,0,0,0,1,0,0,1,0,1,0,computer_lab,coding,solo,over_4h,afternoon,weekday,4.3,rainy,indoor,sometimes,4,4,3,3,4,3,5,4,4,3,12,16,9,6,20,12,16,12,2.7,1.6,12,0.5,73.8,61.85011679067321
I0814,U082,social_collaborative,P050,cafe_14,synthetic,train,3,4,3,2,4,3,3,4,4,3,cafe,team_project,mostly_group,1_2h,evening,0,0,0,0,1,0,0,1,0,1,0,cafe,report_writing,solo,2_4h,evening,weekend,12.3,clear,indoor,sometimes,3,5,2,3,2,4,3,3,4,3,9,20,6,6,12,12,8,16,2.6,4.6,9,1.0,53.9,54.41965247100544
I0815,U082,social_collaborative,P081,computer_lab_07,synthetic,train,3,4,3,2,4,3,3,4,4,3,cafe,team_project,mostly_group,1_2h,evening,0,0,0,0,1,0,0,1,0,1,0,computer_lab,team_project,3_4,1_2h,early_morning,weekend,8.7,clear,indoor,often,4,4,2,3,3,3,4,4,4,3,12,16,6,6,16,12,12,12,0.8,3.3,12,0.0,58.8,62.52737975509971
I0816,U082,social_collaborative,P097,dorm_lounge_01,synthetic,train,3,4,3,2,4,3,3,4,4,3,cafe,team_project,mostly_group,1_2h,evening,0,0,0,0,1,0,0,1,0,1,0,dorm_lounge,team_project,2,2_4h,evening,weekend,7.9,clear,indoor,often,3,3,3,2,3,4,5,3,4,2,9,12,9,4,20,12,12,16,0.8,3.0,9,1.0,62.5,60.0014291899763
I0817,U082,social_collaborative,P095,coworking_space_11,synthetic,train,3,4,3,2,4,3,3,4,4,3,cafe,team_project,mostly_group,1_2h,evening,0,0,0,0,1,0,0,1,0,1,0,coworking_space,coding,2,1_2h,afternoon,weekday,13.2,clear,indoor,sometimes,4,4,3,3,4,4,5,5,4,4,12,16,9,6,20,12,16,16,2.7,5.0,15,0.5,58.2,59.253235970802464
I0818,U082,social_collaborative,P036,study_room_18,synthetic,train,3,4,3,2,4,3,3,4,4,3,cafe,team_project,mostly_group,1_2h,evening,0,0,0,0,1,0,0,1,0,1,0,study_room,coding,solo,2_4h,evening,weekday,12.6,hot,indoor,often,5,4,4,4,4,4,5,4,4,4,15,16,12,8,20,12,16,16,2.7,4.7,12,1.0,63.1,65.0054119395286
I0819,U082,social_collaborative,P033,study_room_15,synthetic,train,3,4,3,2,4,3,3,4,4,3,cafe,team_project,mostly_group,1_2h,evening,0,0,0,0,1,0,0,1,0,1,0,study_room,team_project,5_plus,under_1h,afternoon,weekend,4.7,clear,indoor,sometimes,5,3,4,3,4,4,4,5,5,4,15,12,12,6,16,15,16,16,0.8,1.8,15,0.5,80.2,70.52860266430895
I0820,U082,social_collaborative,P021,study_room_03,synthetic,train,3,4,3,2,4,3,3,4,4,3,cafe,team_project,mostly_group,1_2h,evening,0,0,0,0,1,0,0,1,0,1,0,study_room,team_project,5_plus,1_2h,afternoon,weekday,16.0,cloudy,indoor,often,5,4,4,4,3,4,4,5,4,2,15,16,12,8,16,12,12,16,0.8,6.0,15,0.5,58.7,65.7777491986167
I0821,U083,social_collaborative,P106,dorm_lounge_10,synthetic,train,3,4,2,3,3,3,2,1,3,3,cafe,team_project,mostly_group,2_4h,early_morning,0,0,0,0,0,0,0,0,0,0,0,dorm_lounge,coding,solo,over_4h,early_morning,weekend,7.0,cloudy,indoor,often,3,3,2,3,3,4,3,3,3,3,9,12,4,9,9,6,3,12,2.7,2.6,9,1.0,57.6,50.54245521071445
I0822,U083,social_collaborative,P054,cafe_18,synthetic,train,3,4,2,3,3,3,2,1,3,3,cafe,team_project,mostly_group,2_4h,early_morning,0,0,0,0,0,0,0,0,0,0,0,cafe,report_writing,solo,over_4h,afternoon,weekday,11.8,clear,indoor,sometimes,3,5,2,3,2,3,3,5,4,3,9,20,4,9,9,8,2,9,2.6,4.4,15,0.0,51.5,51.57551859208038
I0823,U083,social_collaborative,P018,library_18,synthetic,train,3,4,2,3,3,3,2,1,3,3,cafe,team_project,mostly_group,2_4h,early_morning,0,0,0,0,0,0,0,0,0,0,0,library,deep_study,solo,2_4h,evening,weekend,11.8,hot,indoor,first_time,5,4,3,4,3,3,4,4,4,3,15,16,6,12,12,8,3,9,3.0,4.4,12,0.0,51.6,53.66700729454929
I0824,U083,social_collaborative,P045,cafe_09,synthetic,train,3,4,2,3,3,3,2,1,3,3,cafe,team_project,mostly_group,2_4h,early_morning,0,0,0,0,0,0,0,0,0,0,0,cafe,online_class,2,1_2h,afternoon,weekend,5.3,clear,indoor,often,2,3,2,2,3,3,3,3,3,3,6,12,4,6,9,6,3,9,2.0,2.0,9,0.0,45.8,44.442506164222124
I0825,U083,social_collaborative,P028,study_room_10,synthetic,train,3,4,2,3,3,3,2,1,3,3,cafe,team_project,mostly_group,2_4h,early_morning,0,0,0,0,0,0,0,0,0,0,0,study_room,coding,solo,1_2h,early_morning,weekday,14.7,clear,indoor,first_time,4,4,3,3,4,4,5,4,4,3,12,16,6,9,15,8,4,12,2.7,5.5,12,1.0,59.2,55.519274909193626
I0826,U083,social_collaborative,P112,outdoor_04,synthetic,train,3,4,2,3,3,3,2,1,3,3,cafe,team_project,mostly_group,2_4h,early_morning,0,0,0,0,0,0,0,0,0,0,0,outdoor,online_class,solo,2_4h,evening,weekend,7.4,clear,outdoor,often,3,4,3,3,2,3,1,3,3,2,9,16,6,9,3,6,2,9,2.0,2.8,9,0.0,51.4,45.915367000724295
I0827,U083,social_collaborative,P067,classroom_05,synthetic,train,3,4,2,3,3,3,2,1,3,3,cafe,team_project,mostly_group,2_4h,early_morning,0,0,0,0,0,0,0,0,0,0,0,classroom,team_project,3_4,over_4h,early_morning,weekday,6.1,clear,indoor,sometimes,3,4,3,3,3,2,3,5,3,3,9,16,6,9,9,6,3,6,0.8,2.3,15,1.0,47.7,56.48170762873257
I0828,U083,social_collaborative,P011,library_11,synthetic,train,3,4,2,3,3,3,2,1,3,3,cafe,team_project,mostly_group,2_4h,early_morning,0,0,0,0,0,0,0,0,0,0,0,library,report_writing,solo,under_1h,morning,weekday,7.3,clear,indoor,often,5,4,4,4,2,4,4,5,4,3,15,16,8,12,12,8,2,12,2.6,2.7,15,0.5,66.4,64.188581571947
I0829,U083,social_collaborative,P072,classroom_10,synthetic,train,3,4,2,3,3,3,2,1,3,3,cafe,team_project,mostly_group,2_4h,early_morning,0,0,0,0,0,0,0,0,0,0,0,classroom,team_project,5_plus,over_4h,afternoon,weekday,9.2,cloudy,indoor,sometimes,3,3,4,3,3,3,4,4,3,3,9,12,8,9,12,6,3,9,0.8,3.4,12,0.0,55.1,54.78347795311838
I0830,U083,social_collaborative,P030,study_room_12,synthetic,train,3,4,2,3,3,3,2,1,3,3,cafe,team_project,mostly_group,2_4h,early_morning,0,0,0,0,0,0,0,0,0,0,0,study_room,team_project,3_4,1_2h,afternoon,weekend,11.7,cloudy,indoor,sometimes,5,4,3,4,3,3,4,5,4,4,15,16,6,12,12,8,3,9,0.8,4.4,15,0.0,55.9,60.69133478117613
I0831,U084,convenience_oriented,P022,study_room_04,synthetic,train,4,4,4,2,4,5,3,3,4,3,home,coding,mixed,2_4h,morning,1,1,0,0,1,1,1,1,1,1,0,study_room,coding,solo,2_4h,afternoon,weekday,15.2,clear,indoor,rarely,4,5,3,4,5,3,4,5,4,4,16,20,12,8,16,12,15,12,2.7,9.5,15,0.5,48.3,60.858439889089695
I0832,U084,convenience_oriented,P020,study_room_02,synthetic,train,4,4,4,2,4,5,3,3,4,3,home,coding,mixed,2_4h,morning,1,1,0,0,1,1,1,1,1,1,0,study_room,coding,solo,2_4h,morning,weekday,14.0,clear,indoor,first_time,4,4,4,5,3,4,4,5,4,4,16,16,16,10,16,12,9,16,2.7,8.8,15,1.0,55.2,62.221195618355495
I0833,U084,convenience_oriented,P039,cafe_03,synthetic,train,4,4,4,2,4,5,3,3,4,3,home,coding,mixed,2_4h,morning,1,1,0,0,1,1,1,1,1,1,0,cafe,report_writing,solo,2_4h,morning,weekend,9.2,clear,indoor,often,3,4,2,3,2,4,3,4,4,4,12,16,8,6,12,12,6,16,2.6,5.8,12,1.0,71.5,58.574908631871665
I0834,U084,convenience_oriented,P105,dorm_lounge_09,synthetic,train,4,4,4,2,4,5,3,3,4,3,home,coding,mixed,2_4h,morning,1,1,0,0,1,1,1,1,1,1,0,dorm_lounge,report_writing,solo,2_4h,late_night,weekend,13.8,cold,indoor,first_time,3,3,3,2,3,3,4,3,4,3,12,12,12,4,16,12,9,12,2.6,8.6,9,0.0,66.1,50.62605828393376
I0835,U084,convenience_oriented,P026,study_room_08,synthetic,train,4,4,4,2,4,5,3,3,4,3,home,coding,mixed,2_4h,morning,1,1,0,0,1,1,1,1,1,1,0,study_room,light_reading,solo,under_1h,morning,weekday,18.1,cloudy,indoor,often,4,5,4,4,5,4,4,3,4,3,16,20,16,8,16,12,15,16,1.4,11.3,9,1.0,69.8,62.00464960201007
I0836,U084,convenience_oriented,P013,library_13,synthetic,train,4,4,4,2,4,5,3,3,4,3,home,coding,mixed,2_4h,morning,1,1,0,0,1,1,1,1,1,1,0,library,deep_study,solo,over_4h,afternoon,weekend,3.2,clear,indoor,rarely,5,4,4,4,3,3,5,5,4,4,20,16,16,8,20,12,9,12,3.0,2.0,15,0.5,64.7,68.71231924300582
I0837,U084,convenience_oriented,P057,home_03,synthetic,train,4,4,4,2,4,5,3,3,4,3,home,coding,mixed,2_4h,morning,1,1,0,0,1,1,1,1,1,1,0,home,online_class,solo,under_1h,morning,weekend,6.8,cold,indoor,sometimes,3,4,4,4,5,4,5,5,5,4,12,16,16,8,20,15,15,16,2.0,4.3,15,1.0,68.9,69.78130722844284
I0838,U084,convenience_oriented,P001,library_01,synthetic,train,4,4,4,2,4,5,3,3,4,3,home,coding,mixed,2_4h,morning,1,1,0,0,1,1,1,1,1,1,0,library,deep_study,solo,2_4h,afternoon,weekend,12.3,hot,indoor,sometimes,5,4,4,5,2,3,4,5,4,4,20,16,16,10,16,12,6,12,3.0,7.7,15,0.5,63.1,63.02033751301563
I0839,U084,convenience_oriented,P059,home_05,synthetic,train,4,4,4,2,4,5,3,3,4,3,home,coding,mixed,2_4h,morning,1,1,0,0,1,1,1,1,1,1,0,home,online_class,solo,1_2h,morning,weekday,15.6,cloudy,indoor,often,4,5,5,4,5,4,4,5,5,5,16,20,20,8,16,15,15,16,2.0,9.7,15,1.0,71.2,69.64813047353309
I0840,U084,convenience_oriented,P022,study_room_04,synthetic,train,4,4,4,2,4,5,3,3,4,3,home,coding,mixed,2_4h,morning,1,1,0,0,1,1,1,1,1,1,0,study_room,light_reading,solo,1_2h,afternoon,weekend,7.6,rainy,indoor,rarely,4,5,3,4,5,3,4,4,4,4,16,20,12,8,16,12,15,12,1.4,4.7,12,0.5,69.0,62.46712168196254
I0841,U085,convenience_oriented,P026,study_room_08,synthetic,train,3,4,2,3,5,4,4,3,4,2,cafe,deep_study,mixed,under_1h,evening,0,0,0,1,1,1,0,1,1,1,0,study_room,online_class,solo,under_1h,morning,weekday,20.2,clear,indoor,first_time,4,5,4,4,5,4,4,5,4,3,12,20,8,12,20,16,15,16,1.3,10.1,15,0.0,56.2,63.62355725403371
I0842,U085,convenience_oriented,P091,coworking_space_07,synthetic,train,3,4,2,3,5,4,4,3,4,2,cafe,deep_study,mixed,under_1h,evening,0,0,0,1,1,1,0,1,1,1,0,coworking_space,online_class,2,2_4h,afternoon,weekend,14.8,cloudy,indoor,sometimes,4,4,4,3,4,5,4,4,3,4,12,16,8,9,20,12,12,20,1.3,7.4,12,0.5,67.5,59.17306119152332
I0843,U085,convenience_oriented,P027,study_room_09,synthetic,train,3,4,2,3,5,4,4,3,4,2,cafe,deep_study,mixed,under_1h,evening,0,0,0,1,1,1,0,1,1,1,0,study_room,report_writing,solo,1_2h,afternoon,weekday,9.0,clear,indoor,rarely,5,3,3,4,4,3,3,4,3,3,15,12,6,12,15,12,12,12,1.7,4.5,8,0.5,57.5,58.489896841756924
I0844,U085,convenience_oriented,P052,cafe_16,synthetic,train,3,4,2,3,5,4,4,3,4,2,cafe,deep_study,mixed,under_1h,evening,0,0,0,1,1,1,0,1,1,1,0,cafe,team_project,5_plus,1_2h,early_morning,weekday,15.5,clear,indoor,often,3,5,3,2,2,3,3,4,4,3,9,20,6,6,15,16,6,12,0.5,7.8,12,0.0,64.5,57.84910688523842
I0845,U085,convenience_oriented,P013,library_13,synthetic,train,3,4,2,3,5,4,4,3,4,2,cafe,deep_study,mixed,under_1h,evening,0,0,0,1,1,1,0,1,1,1,0,library,coding,solo,1_2h,afternoon,weekend,2.8,clear,indoor,sometimes,5,4,4,4,3,3,5,5,4,4,15,16,8,12,25,16,9,12,1.8,1.4,10,0.5,58.9,68.06188360753508
I0846,U085,convenience_oriented,P001,library_01,synthetic,train,3,4,2,3,5,4,4,3,4,2,cafe,deep_study,mixed,under_1h,evening,0,0,0,1,1,1,0,1,1,1,0,library,report_writing,solo,1_2h,afternoon,weekday,2.6,cloudy,indoor,sometimes,5,4,4,5,2,3,4,4,4,4,15,16,8,15,20,16,6,12,1.7,1.3,8,0.5,59.7,65.72868555781523
I0847,U085,convenience_oriented,P008,library_08,synthetic,train,3,4,2,3,5,4,4,3,4,2,cafe,deep_study,mixed,under_1h,evening,0,0,0,1,1,1,0,1,1,1,0,library,online_class,solo,1_2h,early_morning,weekend,9.0,clear,indoor,sometimes,5,5,4,4,2,3,4,4,4,4,15,20,8,12,20,16,6,12,1.3,4.5,12,0.0,69.0,66.02716518903458
I0848,U085,convenience_oriented,P112,outdoor_04,synthetic,train,3,4,2,3,5,4,4,3,4,2,cafe,deep_study,mixed,under_1h,evening,0,0,0,1,1,1,0,1,1,1,0,outdoor,light_reading,solo,2_4h,afternoon,weekday,5.4,cloudy,outdoor,rarely,3,4,3,3,2,3,1,5,3,2,9,16,6,9,5,12,6,12,0.9,2.7,15,0.5,56.8,50.95845792206028
I0849,U085,convenience_oriented,P004,library_04,synthetic,train,3,4,2,3,5,4,4,3,4,2,cafe,deep_study,mixed,under_1h,evening,0,0,0,1,1,1,0,1,1,1,0,library,coding,2,over_4h,evening,weekday,1.0,cloudy,indoor,rarely,5,3,3,4,2,4,4,4,3,4,15,12,6,12,20,12,6,16,1.8,0.5,8,1.0,55.8,58.77888443063519
I0850,U085,convenience_oriented,P063,classroom_01,synthetic,train,3,4,2,3,5,4,4,3,4,2,cafe,deep_study,mixed,under_1h,evening,0,0,0,1,1,1,0,1,1,1,0,classroom,coding,solo,over_4h,evening,weekday,3.2,cloudy,indoor,first_time,3,4,3,3,2,3,3,4,3,3,9,16,6,9,15,12,6,12,1.8,1.6,8,1.0,47.7,53.59240381325441
I0851,U086,social_collaborative,P088,coworking_space_04,synthetic,train,3,4,3,2,3,5,3,3,4,2,outdoor,report_writing,mostly_group,1_2h,evening,0,0,0,0,0,1,0,0,1,1,0,coworking_space,team_project,5_plus,2_4h,afternoon,weekday,20.7,clear,indoor,sometimes,3,4,3,3,4,4,4,4,5,4,9,16,9,6,12,15,12,16,0.5,12.9,12,0.5,67.2,54.96626393686607
I0852,U086,social_collaborative,P059,home_05,synthetic,train,3,4,3,2,3,5,3,3,4,2,outdoor,report_writing,mostly_group,1_2h,evening,0,0,0,0,0,1,0,0,1,1,0,home,team_project,2,over_4h,afternoon,weekend,14.2,clear,indoor,rarely,4,5,5,4,5,4,4,4,5,5,12,20,15,8,12,15,15,16,0.5,8.9,12,0.5,65.9,62.525981564113046
I0853,U086,social_collaborative,P097,dorm_lounge_01,synthetic,train,3,4,3,2,3,5,3,3,4,2,outdoor,report_writing,mostly_group,1_2h,evening,0,0,0,0,0,1,0,0,1,1,0,dorm_lounge,meeting,3_4,2_4h,evening,weekend,10.1,clear,indoor,often,3,3,3,2,3,4,5,4,4,2,9,12,9,4,15,12,9,16,0.4,6.3,12,1.0,59.3,58.74032357490584
I0854,U086,social_collaborative,P007,library_07,synthetic,train,3,4,3,2,3,5,3,3,4,2,outdoor,report_writing,mostly_group,1_2h,evening,0,0,0,0,0,1,0,0,1,1,0,library,team_project,3_4,2_4h,afternoon,weekday,16.4,rainy,indoor,sometimes,5,4,3,4,3,3,4,2,4,4,15,16,9,8,12,12,9,12,0.5,10.3,6,0.5,59.1,55.09985556310187
I0855,U086,social_collaborative,P009,library_09,synthetic,train,3,4,3,2,3,5,3,3,4,2,outdoor,report_writing,mostly_group,1_2h,evening,0,0,0,0,0,1,0,0,1,1,0,library,coding,solo,1_2h,morning,weekday,10.5,rainy,indoor,often,4,4,3,4,2,4,4,4,4,4,12,16,9,8,12,12,6,16,1.8,6.6,8,0.0,62.4,56.77333638185326
I0856,U086,social_collaborative,P110,outdoor_02,synthetic,train,3,4,3,2,3,5,3,3,4,2,outdoor,report_writing,mostly_group,1_2h,evening,0,0,0,0,0,1,0,0,1,1,0,outdoor,coding,solo,2_4h,morning,weekday,7.9,rainy,outdoor,first_time,3,4,3,3,2,3,2,3,2,3,9,16,9,6,6,6,6,12,1.8,4.9,6,0.0,29.3,42.293215065772245
I0857,U086,social_collaborative,P037,cafe_01,synthetic,train,3,4,3,2,3,5,3,3,4,2,outdoor,report_writing,mostly_group,1_2h,evening,0,0,0,0,0,1,0,0,1,1,0,cafe,team_project,3_4,2_4h,evening,weekday,16.9,clear,indoor,sometimes,3,4,2,2,2,4,3,4,4,4,9,16,6,4,9,12,6,16,0.5,10.5,12,1.0,46.1,52.07182394590073
I0858,U086,social_collaborative,P095,coworking_space_11,synthetic,train,3,4,3,2,3,5,3,3,4,2,outdoor,report_writing,mostly_group,1_2h,evening,0,0,0,0,0,1,0,0,1,1,0,coworking_space,meeting,3_4,2_4h,evening,weekday,9.2,clear,indoor,rarely,4,4,3,3,4,4,5,5,4,4,12,16,9,6,15,12,12,16,0.4,5.8,15,1.0,62.4,62.090334701196724
I0859,U086,social_collaborative,P008,library_08,synthetic,train,3,4,3,2,3,5,3,3,4,2,outdoor,report_writing,mostly_group,1_2h,evening,0,0,0,0,0,1,0,0,1,1,0,library,team_project,3_4,1_2h,evening,weekday,9.1,rainy,indoor,sometimes,5,5,4,4,2,3,4,3,4,4,15,20,12,8,12,12,6,12,0.5,5.7,9,1.0,60.1,61.36796781887996
I0860,U086,social_collaborative,P054,cafe_18,synthetic,train,3,4,3,2,3,5,3,3,4,2,outdoor,report_writing,mostly_group,1_2h,evening,0,0,0,0,0,1,0,0,1,1,0,cafe,deep_study,solo,over_4h,early_morning,weekday,9.3,clear,indoor,sometimes,3,5,2,3,2,3,3,3,4,3,9,20,6,6,9,12,6,12,2.0,5.8,6,0.0,46.8,48.42148790163923
I0861,U087,social_collaborative,P031,study_room_13,synthetic,train,2,5,2,2,4,4,3,3,4,3,study_room,team_project,mostly_group,2_4h,morning,0,0,0,0,1,1,0,1,1,1,0,study_room,online_class,3_4,1_2h,morning,weekday,1.0,clear,indoor,rarely,5,4,4,4,4,4,4,4,5,4,10,20,8,8,16,15,12,16,2.0,0.5,12,1.0,54.8,61.44528245526531
I0862,U087,social_collaborative,P115,outdoor_07,synthetic,train,2,5,2,2,4,4,3,3,4,3,study_room,team_project,mostly_group,2_4h,morning,0,0,0,0,1,1,0,1,1,1,0,outdoor,online_class,solo,under_1h,morning,weekend,8.3,cloudy,outdoor,often,3,4,3,3,1,3,1,1,2,3,6,20,6,6,4,6,3,12,2.0,4.2,3,1.0,37.3,41.41611831762546
I0863,U087,social_collaborative,P037,cafe_01,synthetic,train,2,5,2,2,4,4,3,3,4,3,study_room,team_project,mostly_group,2_4h,morning,0,0,0,0,1,1,0,1,1,1,0,cafe,report_writing,solo,over_4h,late_night,weekend,15.7,cloudy,indoor,rarely,3,4,2,2,2,4,3,3,4,4,6,20,4,4,12,12,6,16,2.6,7.8,9,0.0,41.1,45.195915754612116
I0864,U087,social_collaborative,P038,cafe_02,synthetic,train,2,5,2,2,4,4,3,3,4,3,study_room,team_project,mostly_group,2_4h,morning,0,0,0,0,1,1,0,1,1,1,0,cafe,team_project,3_4,under_1h,early_morning,weekday,21.8,hot,indoor,rarely,2,4,3,2,2,4,3,4,3,3,4,20,6,4,12,9,6,16,0.8,10.9,12,0.5,52.6,46.767604652582634
I0865,U087,social_collaborative,P025,study_room_07,synthetic,train,2,5,2,2,4,4,3,3,4,3,study_room,team_project,mostly_group,2_4h,morning,0,0,0,0,1,1,0,1,1,1,0,study_room,report_writing,solo,over_4h,afternoon,weekend,8.1,cloudy,indoor,sometimes,4,4,3,4,4,4,4,4,4,3,8,20,6,8,16,12,12,16,2.6,4.0,12,0.5,54.3,57.25751038711188
I0866,U087,social_collaborative,P046,cafe_10,synthetic,train,2,5,2,2,4,4,3,3,4,3,study_room,team_project,mostly_group,2_4h,morning,0,0,0,0,1,1,0,1,1,1,0,cafe,meeting,2,1_2h,evening,weekday,6.9,cloudy,indoor,rarely,3,4,2,3,2,4,3,4,3,3,6,20,4,6,12,9,6,16,0.6,3.5,12,0.0,44.9,49.303688017089556
I0867,U087,social_collaborative,P039,cafe_03,synthetic,train,2,5,2,2,4,4,3,3,4,3,study_room,team_project,mostly_group,2_4h,morning,0,0,0,0,1,1,0,1,1,1,0,cafe,meeting,3_4,2_4h,evening,weekday,9.7,clear,indoor,sometimes,3,4,2,3,2,4,3,4,4,4,6,20,4,6,12,12,6,16,0.6,4.9,12,0.0,47.1,53.206675296011916
I0868,U087,social_collaborative,P093,coworking_space_09,synthetic,train,2,5,2,2,4,4,3,3,4,3,study_room,team_project,mostly_group,2_4h,morning,0,0,0,0,1,1,0,1,1,1,0,coworking_space,meeting,2,2_4h,afternoon,weekend,9.5,cold,indoor,rarely,3,4,2,3,4,4,4,4,4,3,6,20,4,6,16,12,12,16,0.6,4.7,12,0.5,59.5,52.93782451733956
I0869,U087,social_collaborative,P081,computer_lab_07,synthetic,train,2,5,2,2,4,4,3,3,4,3,study_room,team_project,mostly_group,2_4h,morning,0,0,0,0,1,1,0,1,1,1,0,computer_lab,deep_study,solo,2_4h,evening,weekday,6.4,clear,indoor,often,4,4,2,3,3,3,4,4,4,3,8,20,4,6,16,12,9,12,3.0,3.2,12,0.0,51.0,55.313302572687476
I0870,U087,social_collaborative,P074,classroom_12,synthetic,train,2,5,2,2,4,4,3,3,4,3,study_room,team_project,mostly_group,2_4h,morning,0,0,0,0,1,1,0,1,1,1,0,classroom,team_project,3_4,1_2h,morning,weekday,11.6,cold,indoor,sometimes,3,4,3,3,2,3,3,4,3,3,6,20,6,6,12,9,6,12,0.8,5.8,12,1.0,55.1,52.47351906214001
I0871,U088,quiet_deepwork,P063,classroom_01,synthetic,test,5,3,4,4,5,3,5,3,4,5,classroom,deep_study,mostly_solo,2_4h,evening,1,1,1,1,1,0,1,1,0,1,1,classroom,report_writing,solo,over_4h,afternoon,weekday,11.0,clear,indoor,sometimes,3,4,3,3,2,3,3,4,3,3,15,12,12,12,15,15,6,12,4.3,4.1,20,0.5,71.8,66.46657359467842
I0872,U088,quiet_deepwork,P024,study_room_06,synthetic,test,5,3,4,4,5,3,5,3,4,5,classroom,deep_study,mostly_solo,2_4h,evening,1,1,1,1,1,0,1,1,0,1,1,study_room,report_writing,solo,2_4h,afternoon,weekend,6.5,clear,indoor,sometimes,4,4,3,4,3,4,4,4,4,3,20,12,12,16,20,20,9,16,4.3,2.4,20,0.5,71.2,77.03500571431408
I0873,U088,quiet_deepwork,P019,study_room_01,synthetic,test,5,3,4,4,5,3,5,3,4,5,classroom,deep_study,mostly_solo,2_4h,evening,1,1,1,1,1,0,1,1,0,1,1,study_room,light_reading,solo,over_4h,evening,weekend,12.4,clear,indoor,often,4,3,4,4,3,4,4,4,4,4,20,9,16,16,20,20,9,16,2.3,4.7,12,1.0,72.1,75.46147352230648
I0874,U088,quiet_deepwork,P070,classroom_08,synthetic,test,5,3,4,4,5,3,5,3,4,5,classroom,deep_study,mostly_solo,2_4h,evening,1,1,1,1,1,0,1,1,0,1,1,classroom,coding,solo,2_4h,early_morning,weekday,16.8,clear,indoor,rarely,3,4,3,2,3,2,3,3,2,3,15,12,12,8,15,10,9,8,4.5,6.3,15,0.0,46.4,58.153392494341375
I0875,U088,quiet_deepwork,P031,study_room_13,synthetic,test,5,3,4,4,5,3,5,3,4,5,classroom,deep_study,mostly_solo,2_4h,evening,1,1,1,1,1,0,1,1,0,1,1,study_room,meeting,3_4,over_4h,evening,weekend,4.4,clear,indoor,first_time,5,4,4,4,4,4,4,4,5,4,25,12,16,16,20,25,12,16,1.0,1.7,12,1.0,85.3,81.50030609537006
I0876,U088,quiet_deepwork,P081,computer_lab_07,synthetic,test,5,3,4,4,5,3,5,3,4,5,classroom,deep_study,mostly_solo,2_4h,evening,1,1,1,1,1,0,1,1,0,1,1,computer_lab,online_class,3_4,2_4h,early_morning,weekend,9.3,clear,indoor,sometimes,4,4,2,3,3,3,4,4,4,3,20,12,8,12,20,20,9,12,3.3,3.5,12,0.0,56.1,68.93796083069898
I0877,U088,quiet_deepwork,P004,library_04,synthetic,test,5,3,4,4,5,3,5,3,4,5,classroom,deep_study,mostly_solo,2_4h,evening,1,1,1,1,1,0,1,1,0,1,1,library,report_writing,solo,1_2h,afternoon,weekend,7.0,cloudy,indoor,rarely,5,3,3,4,2,4,4,5,3,4,25,9,12,16,20,15,6,16,4.3,2.6,25,0.5,80.9,77.94363487931666
I0878,U088,quiet_deepwork,P008,library_08,synthetic,test,5,3,4,4,5,3,5,3,4,5,classroom,deep_study,mostly_solo,2_4h,evening,1,1,1,1,1,0,1,1,0,1,1,library,coding,solo,over_4h,evening,weekend,14.3,cloudy,indoor,rarely,5,5,4,4,2,3,4,5,4,4,25,15,16,16,20,20,6,12,4.5,5.3,25,1.0,77.6,76.7079539061423
I0879,U088,quiet_deepwork,P082,computer_lab_08,synthetic,test,5,3,4,4,5,3,5,3,4,5,classroom,deep_study,mostly_solo,2_4h,evening,1,1,1,1,1,0,1,1,0,1,1,computer_lab,team_project,3_4,2_4h,afternoon,weekend,2.8,clear,indoor,sometimes,3,4,4,4,3,3,5,3,3,3,15,12,16,16,25,15,9,12,1.3,1.0,9,0.5,76.9,73.58819245232137
I0880,U088,quiet_deepwork,P064,classroom_02,synthetic,test,5,3,4,4,5,3,5,3,4,5,classroom,deep_study,mostly_solo,2_4h,evening,1,1,1,1,1,0,1,1,0,1,1,classroom,deep_study,solo,2_4h,evening,weekend,10.0,clear,indoor,first_time,4,4,3,3,3,3,3,3,3,3,20,12,12,12,15,15,9,12,5.0,3.7,15,1.0,67.9,65.73702125315731
I0881,U089,comfort_oriented,P075,computer_lab_01,synthetic,train,4,4,3,3,3,4,4,4,5,4,home,team_project,mostly_solo,1_2h,late_night,1,0,0,1,0,1,1,0,1,1,0,computer_lab,team_project,2,1_2h,late_night,weekday,8.7,clear,indoor,rarely,3,3,3,4,3,4,5,4,3,3,12,12,9,12,15,12,12,20,1.0,4.4,12,1.0,72.0,64.96712363115799
I0882,U089,comfort_oriented,P079,computer_lab_05,synthetic,train,4,4,3,3,3,4,4,4,5,4,home,team_project,mostly_solo,1_2h,late_night,1,0,0,1,0,1,1,0,1,1,0,computer_lab,report_writing,solo,2_4h,late_night,weekday,6.5,clear,indoor,first_time,4,4,3,3,3,4,5,4,4,3,16,16,9,9,15,16,12,20,3.4,3.2,16,1.0,69.5,68.80493142521766
I0883,U089,comfort_oriented,P067,classroom_05,synthetic,train,4,4,3,3,3,4,4,4,5,4,home,team_project,mostly_solo,1_2h,late_night,1,0,0,1,0,1,1,0,1,1,0,classroom,report_writing,solo,2_4h,morning,weekend,8.8,cloudy,indoor,sometimes,3,4,3,3,3,2,3,3,3,3,12,16,9,9,9,12,12,10,3.4,4.4,12,0.0,65.0,57.37117335426245
I0884,U089,comfort_oriented,P102,dorm_lounge_06,synthetic,train,4,4,3,3,3,4,4,4,5,4,home,team_project,mostly_solo,1_2h,late_night,1,0,0,1,0,1,1,0,1,1,0,dorm_lounge,online_class,2,1_2h,late_night,weekday,19.9,cloudy,indoor,sometimes,3,3,3,3,3,3,4,3,4,4,12,12,9,9,12,16,12,15,2.6,9.9,9,1.0,51.4,53.02212107711536
I0885,U089,comfort_oriented,P044,cafe_08,synthetic,train,4,4,3,3,3,4,4,4,5,4,home,team_project,mostly_solo,1_2h,late_night,1,0,0,1,0,1,1,0,1,1,0,cafe,online_class,solo,2_4h,late_night,weekday,20.8,clear,indoor,sometimes,3,4,3,4,2,4,3,3,4,2,12,16,9,12,9,16,8,20,2.6,10.4,9,1.0,53.8,56.202348519064216
I0886,U089,comfort_oriented,P035,study_room_17,synthetic,train,4,4,3,3,3,4,4,4,5,4,home,team_project,mostly_solo,1_2h,late_night,1,0,0,1,0,1,1,0,1,1,0,study_room,meeting,3_4,1_2h,afternoon,weekday,5.5,clear,indoor,rarely,4,4,4,4,3,4,5,5,4,3,16,16,12,12,15,16,12,20,0.8,2.8,15,0.0,74.4,72.58561018310508
I0887,U089,comfort_oriented,P065,classroom_03,synthetic,train,4,4,3,3,3,4,4,4,5,4,home,team_project,mostly_solo,1_2h,late_night,1,0,0,1,0,1,1,0,1,1,0,classroom,light_reading,2,1_2h,evening,weekday,11.9,clear,indoor,sometimes,4,4,3,3,3,3,4,3,3,3,16,16,9,9,12,12,12,15,1.8,6.0,9,0.5,59.7,56.41037666899061
I0888,U089,comfort_oriented,P005,library_05,synthetic,train,4,4,3,3,3,4,4,4,5,4,home,team_project,mostly_solo,1_2h,late_night,1,0,0,1,0,1,1,0,1,1,0,library,report_writing,solo,2_4h,late_night,weekday,7.8,clear,indoor,sometimes,5,4,4,5,3,4,4,4,4,4,20,16,12,15,12,16,12,20,3.4,3.9,16,1.0,69.9,74.07794891076576
I0889,U089,comfort_oriented,P016,library_16,synthetic,train,4,4,3,3,3,4,4,4,5,4,home,team_project,mostly_solo,1_2h,late_night,1,0,0,1,0,1,1,0,1,1,0,library,report_writing,solo,2_4h,late_night,weekday,13.8,cold,indoor,sometimes,5,4,3,5,3,4,3,4,4,4,20,16,9,15,9,16,12,20,3.4,6.9,16,1.0,65.5,68.90558097409382
I0890,U089,comfort_oriented,P034,study_room_16,synthetic,train,4,4,3,3,3,4,4,4,5,4,home,team_project,mostly_solo,1_2h,late_night,1,0,0,1,0,1,1,0,1,1,0,study_room,light_reading,solo,1_2h,late_night,weekend,6.2,cold,indoor,sometimes,4,4,4,4,4,3,4,3,5,3,16,16,12,12,12,20,16,15,1.8,3.1,9,1.0,71.9,67.14327222729412
I0891,U090,convenience_oriented,P018,library_18,synthetic,train,4,4,3,2,4,5,3,3,3,3,cafe,online_class,mixed,1_2h,evening,1,0,0,0,1,1,1,1,1,0,0,library,report_writing,solo,over_4h,morning,weekday,7.1,clear,indoor,sometimes,5,4,3,4,3,3,4,4,4,3,20,16,9,8,16,12,9,9,2.6,4.4,12,0.0,61.9,63.027233587543535
I0892,U090,convenience_oriented,P089,coworking_space_05,synthetic,train,4,4,3,2,4,5,3,3,3,3,cafe,online_class,mixed,1_2h,evening,1,0,0,0,1,1,1,1,1,0,0,coworking_space,report_writing,solo,2_4h,evening,weekend,17.1,clear,indoor,rarely,3,5,4,3,4,4,5,4,4,3,12,20,12,6,20,12,12,12,2.6,10.7,12,1.0,48.3,56.951271133688074
I0893,U090,convenience_oriented,P031,study_room_13,synthetic,train,4,4,3,2,4,5,3,3,3,3,cafe,online_class,mixed,1_2h,evening,1,0,0,0,1,1,1,1,1,0,0,study_room,light_reading,solo,under_1h,afternoon,weekday,5.9,clear,indoor,sometimes,5,4,4,4,4,4,4,4,5,4,20,16,12,8,16,15,12,12,1.4,3.7,12,0.5,66.9,67.08193237685396
I0894,U090,convenience_oriented,P071,classroom_09,synthetic,train,4,4,3,2,4,5,3,3,3,3,cafe,online_class,mixed,1_2h,evening,1,0,0,0,1,1,1,1,1,0,0,classroom,coding,solo,over_4h,afternoon,weekday,7.7,clear,indoor,sometimes,3,3,3,3,3,3,3,3,3,4,12,12,9,6,12,9,9,9,2.7,4.8,9,0.5,47.8,52.74266516212924
I0895,U090,convenience_oriented,P014,library_14,synthetic,train,4,4,3,2,4,5,3,3,3,3,cafe,online_class,mixed,1_2h,evening,1,0,0,0,1,1,1,1,1,0,0,library,light_reading,solo,1_2h,evening,weekday,4.3,clear,indoor,often,5,4,5,4,3,4,4,5,4,4,20,16,15,8,16,12,9,12,1.4,2.7,15,1.0,70.7,70.25515850754627
I0896,U090,convenience_oriented,P016,library_16,synthetic,train,4,4,3,2,4,5,3,3,3,3,cafe,online_class,mixed,1_2h,evening,1,0,0,0,1,1,1,1,1,0,0,library,report_writing,2,1_2h,evening,weekday,16.3,rainy,indoor,often,5,4,3,5,3,4,3,5,4,4,20,16,9,10,12,12,9,12,2.6,10.2,15,1.0,64.2,58.15422590388344
I0897,U090,convenience_oriented,P004,library_04,synthetic,train,4,4,3,2,4,5,3,3,3,3,cafe,online_class,mixed,1_2h,evening,1,0,0,0,1,1,1,1,1,0,0,library,coding,solo,2_4h,morning,weekday,6.4,rainy,indoor,first_time,5,3,3,4,2,4,4,3,3,4,20,12,9,8,16,9,6,12,2.7,4.0,9,0.0,60.6,57.8838026156497
I0898,U090,convenience_oriented,P065,classroom_03,synthetic,train,4,4,3,2,4,5,3,3,3,3,cafe,online_class,mixed,1_2h,evening,1,0,0,0,1,1,1,1,1,0,0,classroom,coding,2,2_4h,early_morning,weekend,2.4,rainy,indoor,rarely,4,4,3,3,3,3,4,3,3,3,16,16,9,6,16,9,9,9,2.7,1.5,9,0.0,54.2,53.92180364869582
I0899,U090,convenience_oriented,P048,cafe_12,synthetic,train,4,4,3,2,4,5,3,3,3,3,cafe,online_class,mixed,1_2h,evening,1,0,0,0,1,1,1,1,1,0,0,cafe,team_project,5_plus,1_2h,early_morning,weekday,8.6,clear,indoor,sometimes,2,5,2,3,1,4,3,5,3,3,8,20,6,6,12,9,3,12,0.8,5.4,15,0.0,57.6,55.18299631326038
I0900,U090,convenience_oriented,P019,study_room_01,synthetic,train,4,4,3,2,4,5,3,3,3,3,cafe,online_class,mixed,1_2h,evening,1,0,0,0,1,1,1,1,1,0,0,study_room,online_class,3_4,1_2h,late_night,weekday,12.6,cloudy,indoor,often,4,3,4,4,3,4,4,5,4,4,16,12,12,8,16,12,9,12,2.0,7.9,15,0.5,67.9,59.35080730658724
I0901,U091,convenience_oriented,P017,library_17,synthetic,train,3,3,3,3,4,5,4,4,4,4,classroom,report_writing,mostly_solo,under_1h,late_night,0,0,0,1,1,1,0,1,1,1,0,library,online_class,solo,2_4h,morning,weekday,10.4,cloudy,indoor,often,5,4,4,5,3,3,4,4,5,4,15,12,12,15,16,20,12,12,2.6,6.5,12,0.0,67.7,65.55640229405432
I0902,U091,convenience_oriented,P027,study_room_09,synthetic,train,3,3,3,3,4,5,4,4,4,4,classroom,report_writing,mostly_solo,under_1h,late_night,0,0,0,1,1,1,0,1,1,1,0,study_room,report_writing,2,2_4h,late_night,weekday,4.6,rainy,indoor,often,5,3,3,4,4,3,3,5,3,3,15,9,9,12,12,12,16,12,3.4,2.9,20,1.0,68.7,62.484785476856
I0903,U091,convenience_oriented,P023,study_room_05,synthetic,train,3,3,3,3,4,5,4,4,4,4,classroom,report_writing,mostly_solo,under_1h,late_night,0,0,0,1,1,1,0,1,1,1,0,study_room,deep_study,solo,2_4h,afternoon,weekday,19.1,cloudy,indoor,often,5,4,3,4,4,4,3,4,4,4,15,12,9,12,12,16,16,16,4.0,11.9,16,0.0,54.2,59.21333509503347
I0904,U091,convenience_oriented,P024,study_room_06,synthetic,train,3,3,3,3,4,5,4,4,4,4,classroom,report_writing,mostly_solo,under_1h,late_night,0,0,0,1,1,1,0,1,1,1,0,study_room,deep_study,solo,2_4h,late_night,weekday,1.6,clear,indoor,rarely,4,4,3,4,3,4,4,5,4,3,12,12,9,12,16,16,12,16,4.0,1.0,20,1.0,51.8,66.18470669757374
I0905,U091,convenience_oriented,P033,study_room_15,synthetic,train,3,3,3,3,4,5,4,4,4,4,classroom,report_writing,mostly_solo,under_1h,late_night,0,0,0,1,1,1,0,1,1,1,0,study_room,coding,solo,2_4h,afternoon,weekend,1.0,clear,indoor,often,5,3,4,3,4,4,4,4,5,4,15,9,12,9,16,20,16,16,3.6,0.6,16,0.0,72.8,71.5462003927855
I0906,U091,convenience_oriented,P025,study_room_07,synthetic,train,3,3,3,3,4,5,4,4,4,4,classroom,report_writing,mostly_solo,under_1h,late_night,0,0,0,1,1,1,0,1,1,1,0,study_room,online_class,2,1_2h,afternoon,weekend,3.7,cold,indoor,often,4,4,3,4,4,4,4,4,4,3,12,12,9,12,16,16,16,16,2.6,2.3,12,0.0,49.1,61.50545527116933
I0907,U091,convenience_oriented,P110,outdoor_02,synthetic,train,3,3,3,3,4,5,4,4,4,4,classroom,report_writing,mostly_solo,under_1h,late_night,0,0,0,1,1,1,0,1,1,1,0,outdoor,light_reading,solo,1_2h,late_night,weekday,10.4,clear,outdoor,sometimes,3,4,3,3,2,3,2,4,2,3,9,12,9,9,8,8,8,12,1.8,6.5,12,1.0,55.4,47.36520293922669
I0908,U091,convenience_oriented,P034,study_room_16,synthetic,train,3,3,3,3,4,5,4,4,4,4,classroom,report_writing,mostly_solo,under_1h,late_night,0,0,0,1,1,1,0,1,1,1,0,study_room,online_class,solo,over_4h,evening,weekday,4.6,clear,indoor,rarely,4,4,4,4,4,3,4,3,5,3,12,12,12,12,16,20,16,12,2.6,2.9,9,0.5,69.4,62.486242874037345
I0909,U091,convenience_oriented,P062,home_08,synthetic,train,3,3,3,3,4,5,4,4,4,4,classroom,report_writing,mostly_solo,under_1h,late_night,0,0,0,1,1,1,0,1,1,1,0,home,coding,2,2_4h,afternoon,weekend,11.0,cold,indoor,sometimes,4,3,4,4,4,5,5,5,4,5,12,9,12,12,20,16,16,20,3.6,6.8,20,0.0,76.6,64.92295367992628
I0910,U091,convenience_oriented,P090,coworking_space_06,synthetic,train,3,3,3,3,4,5,4,4,4,4,classroom,report_writing,mostly_solo,under_1h,late_night,0,0,0,1,1,1,0,1,1,1,0,coworking_space,online_class,2,under_1h,afternoon,weekday,9.3,cold,indoor,first_time,3,4,3,4,4,4,4,4,4,3,9,12,9,12,16,16,16,16,2.6,5.8,12,0.0,54.5,53.75816202972062
I0911,U092,quiet_deepwork,P007,library_07,synthetic,valid,5,4,4,4,4,3,4,3,3,5,library,coding,mostly_solo,1_2h,evening,1,1,1,1,1,0,1,1,0,0,1,library,coding,solo,2_4h,afternoon,weekday,8.2,clear,indoor,sometimes,5,4,3,4,3,3,4,4,4,4,25,16,12,16,16,16,9,9,4.5,3.1,20,0.5,72.7,74.21049525102094
I0912,U092,quiet_deepwork,P035,study_room_17,synthetic,valid,5,4,4,4,4,3,4,3,3,5,library,coding,mostly_solo,1_2h,evening,1,1,1,1,1,0,1,1,0,0,1,study_room,online_class,solo,1_2h,morning,weekend,2.0,clear,indoor,often,4,4,4,4,3,4,5,4,4,3,20,16,16,16,20,16,9,12,3.3,0.7,12,0.0,73.4,75.09710271784738
I0913,U092,quiet_deepwork,P001,library_01,synthetic,valid,5,4,4,4,4,3,4,3,3,5,library,coding,mostly_solo,1_2h,evening,1,1,1,1,1,0,1,1,0,0,1,library,deep_study,2,over_4h,afternoon,weekday,7.7,rainy,indoor,rarely,5,4,4,5,2,3,4,5,4,4,25,16,16,20,16,16,6,9,5.0,2.9,25,0.5,72.8,72.41518462723486
I0914,U092,quiet_deepwork,P019,study_room_01,synthetic,valid,5,4,4,4,4,3,4,3,3,5,library,coding,mostly_solo,1_2h,evening,1,1,1,1,1,0,1,1,0,0,1,study_room,coding,solo,2_4h,morning,weekend,9.0,cold,indoor,sometimes,4,3,4,4,3,4,4,4,4,4,20,12,16,16,16,16,9,12,4.5,3.4,20,0.0,80.6,72.39291308630197
I0915,U092,quiet_deepwork,P010,library_10,synthetic,valid,5,4,4,4,4,3,4,3,3,5,library,coding,mostly_solo,1_2h,evening,1,1,1,1,1,0,1,1,0,0,1,library,coding,solo,2_4h,evening,weekday,4.9,cloudy,indoor,often,5,5,4,4,3,4,4,3,4,5,25,20,16,16,16,16,9,12,4.5,1.8,15,1.0,72.1,77.21068759623589
I0916,U092,quiet_deepwork,P025,study_room_07,synthetic,valid,5,4,4,4,4,3,4,3,3,5,library,coding,mostly_solo,1_2h,evening,1,1,1,1,1,0,1,1,0,0,1,study_room,deep_study,solo,2_4h,afternoon,weekday,3.0,clear,indoor,rarely,4,4,3,4,4,4,4,4,4,3,20,16,12,16,16,16,12,12,5.0,1.1,20,0.5,72.1,72.65312013724667
I0917,U092,quiet_deepwork,P002,library_02,synthetic,valid,5,4,4,4,4,3,4,3,3,5,library,coding,mostly_solo,1_2h,evening,1,1,1,1,1,0,1,1,0,0,1,library,deep_study,solo,1_2h,evening,weekday,3.4,rainy,indoor,often,5,5,4,4,2,3,4,5,4,4,25,20,16,16,16,16,6,9,5.0,1.3,25,1.0,84.4,79.19674235301098
I0918,U092,quiet_deepwork,P076,computer_lab_02,synthetic,valid,5,4,4,4,4,3,4,3,3,5,library,coding,mostly_solo,1_2h,evening,1,1,1,1,1,0,1,1,0,0,1,computer_lab,deep_study,solo,over_4h,evening,weekday,16.5,clear,indoor,sometimes,3,5,3,4,4,3,4,4,3,4,15,20,12,16,16,12,12,9,5.0,6.2,20,1.0,66.9,68.19352084512478
I0919,U092,quiet_deepwork,P079,computer_lab_05,synthetic,valid,5,4,4,4,4,3,4,3,3,5,library,coding,mostly_solo,1_2h,evening,1,1,1,1,1,0,1,1,0,0,1,computer_lab,online_class,solo,1_2h,evening,weekday,2.7,rainy,indoor,sometimes,4,4,3,3,3,4,5,4,4,3,20,16,12,12,20,16,9,12,3.3,1.0,12,1.0,64.0,71.86389429974237
I0920,U092,quiet_deepwork,P024,study_room_06,synthetic,valid,5,4,4,4,4,3,4,3,3,5,library,coding,mostly_solo,1_2h,evening,1,1,1,1,1,0,1,1,0,0,1,study_room,light_reading,solo,1_2h,evening,weekday,6.1,clear,indoor,sometimes,4,4,3,4,3,4,4,5,4,3,20,16,12,16,16,16,9,12,2.3,2.3,15,1.0,64.0,71.7376746615025
I0921,U093,quiet_deepwork,P055,home_01,synthetic,train,4,3,5,4,4,3,4,4,4,4,dorm_lounge,coding,mostly_solo,1_2h,early_morning,1,1,1,1,1,0,1,1,0,1,1,home,report_writing,solo,2_4h,evening,weekday,13.1,clear,indoor,often,4,3,5,4,4,5,5,4,4,5,16,9,25,16,20,16,16,20,3.4,4.9,16,0.0,77.3,78.15775020256515
I0922,U093,quiet_deepwork,P069,classroom_07,synthetic,train,4,3,5,4,4,3,4,4,4,4,dorm_lounge,coding,mostly_solo,1_2h,early_morning,1,1,1,1,1,0,1,1,0,1,1,classroom,coding,solo,2_4h,early_morning,weekend,17.1,rainy,indoor,first_time,3,4,3,3,3,3,3,4,3,4,12,12,15,12,12,12,12,12,3.6,6.4,16,1.0,61.1,59.603487427720786
I0923,U093,quiet_deepwork,P109,outdoor_01,synthetic,train,4,3,5,4,4,3,4,4,4,4,dorm_lounge,coding,mostly_solo,1_2h,early_morning,1,1,1,1,1,0,1,1,0,1,1,outdoor,report_writing,solo,over_4h,early_morning,weekday,16.0,clear,outdoor,rarely,2,5,3,3,2,3,1,3,3,3,8,15,15,12,4,12,8,12,3.4,6.0,12,1.0,59.8,50.971641325537334
I0924,U093,quiet_deepwork,P027,study_room_09,synthetic,train,4,3,5,4,4,3,4,4,4,4,dorm_lounge,coding,mostly_solo,1_2h,early_morning,1,1,1,1,1,0,1,1,0,1,1,study_room,coding,solo,over_4h,morning,weekday,8.5,clear,indoor,sometimes,5,3,3,4,4,3,3,4,3,3,20,9,15,16,12,12,16,12,3.6,3.2,16,0.5,65.7,69.23118440951609
I0925,U093,quiet_deepwork,P069,classroom_07,synthetic,train,4,3,5,4,4,3,4,4,4,4,dorm_lounge,coding,mostly_solo,1_2h,early_morning,1,1,1,1,1,0,1,1,0,1,1,classroom,deep_study,solo,1_2h,evening,weekday,18.1,cloudy,indoor,sometimes,3,4,3,3,3,3,3,3,3,4,12,12,15,12,12,12,12,12,4.0,6.8,12,0.0,63.0,58.248746329234685
I0926,U093,quiet_deepwork,P027,study_room_09,synthetic,train,4,3,5,4,4,3,4,4,4,4,dorm_lounge,coding,mostly_solo,1_2h,early_morning,1,1,1,1,1,0,1,1,0,1,1,study_room,deep_study,solo,2_4h,early_morning,weekend,5.3,rainy,indoor,rarely,5,3,3,4,4,3,3,4,3,3,20,9,15,16,12,12,16,12,4.0,2.0,16,1.0,62.6,68.95576939703247
I0927,U093,quiet_deepwork,P003,library_03,synthetic,train,4,3,5,4,4,3,4,4,4,4,dorm_lounge,coding,mostly_solo,1_2h,early_morning,1,1,1,1,1,0,1,1,0,1,1,library,report_writing,solo,2_4h,early_morning,weekday,4.3,clear,indoor,rarely,5,3,4,5,3,3,4,4,4,4,20,9,20,20,16,16,12,12,3.4,1.6,16,1.0,69.9,75.25785374130086
I0928,U093,quiet_deepwork,P095,coworking_space_11,synthetic,train,4,3,5,4,4,3,4,4,4,4,dorm_lounge,coding,mostly_solo,1_2h,early_morning,1,1,1,1,1,0,1,1,0,1,1,coworking_space,light_reading,solo,2_4h,early_morning,weekend,14.6,clear,indoor,often,4,4,3,3,4,4,5,4,4,4,16,12,15,12,20,16,16,16,1.8,5.5,12,1.0,64.6,69.8158396543372
I0929,U093,quiet_deepwork,P048,cafe_12,synthetic,train,4,3,5,4,4,3,4,4,4,4,dorm_lounge,coding,mostly_solo,1_2h,early_morning,1,1,1,1,1,0,1,1,0,1,1,cafe,meeting,3_4,2_4h,afternoon,weekday,5.9,clear,indoor,sometimes,2,5,2,3,1,4,3,4,3,3,8,15,10,12,12,12,4,16,0.8,2.2,12,0.0,54.6,59.396183986666145
I0930,U093,quiet_deepwork,P007,library_07,synthetic,train,4,3,5,4,4,3,4,4,4,4,dorm_lounge,coding,mostly_solo,1_2h,early_morning,1,1,1,1,1,0,1,1,0,1,1,library,report_writing,solo,1_2h,afternoon,weekday,9.6,cold,indoor,sometimes,5,4,3,4,3,3,4,5,4,4,20,12,15,16,16,16,12,12,3.4,3.6,20,0.0,72.6,72.36594573758745
I0931,U094,convenience_oriented,P009,library_09,synthetic,train,3,4,3,4,5,5,4,3,4,3,library,coding,mixed,2_4h,afternoon,0,0,1,1,1,1,0,1,1,1,1,library,coding,solo,2_4h,afternoon,weekend,9.4,clear,indoor,often,4,4,3,4,2,4,4,4,4,4,12,16,9,16,20,16,6,16,2.7,5.9,12,1.0,71.2,66.1121475136662
I0932,U094,convenience_oriented,P020,study_room_02,synthetic,train,3,4,3,4,5,5,4,3,4,3,library,coding,mixed,2_4h,afternoon,0,0,1,1,1,1,0,1,1,1,1,study_room,online_class,solo,2_4h,evening,weekday,6.6,clear,indoor,rarely,4,4,4,5,3,4,4,3,4,4,12,16,12,20,20,16,9,16,2.0,4.1,9,0.5,76.4,66.50455836982937
I0933,U094,convenience_oriented,P021,study_room_03,synthetic,train,3,4,3,4,5,5,4,3,4,3,library,coding,mixed,2_4h,afternoon,0,0,1,1,1,1,0,1,1,1,1,study_room,coding,solo,2_4h,evening,weekday,15.7,hot,indoor,first_time,5,4,4,4,3,4,4,4,4,2,15,16,12,16,20,16,9,16,2.7,9.8,12,0.5,61.2,60.09931920568107
I0934,U094,convenience_oriented,P091,coworking_space_07,synthetic,train,3,4,3,4,5,5,4,3,4,3,library,coding,mixed,2_4h,afternoon,0,0,1,1,1,1,0,1,1,1,1,coworking_space,report_writing,solo,1_2h,afternoon,weekday,18.0,clear,indoor,rarely,4,4,4,3,4,5,4,5,3,4,12,16,12,12,20,12,12,20,2.6,11.2,15,1.0,65.5,62.48268284968974
I0935,U094,convenience_oriented,P070,classroom_08,synthetic,train,3,4,3,4,5,5,4,3,4,3,library,coding,mixed,2_4h,afternoon,0,0,1,1,1,1,0,1,1,1,1,classroom,deep_study,solo,2_4h,evening,weekend,13.9,clear,indoor,first_time,3,4,3,2,3,2,3,4,2,3,9,16,9,8,15,8,9,8,3.0,8.7,12,0.5,54.7,49.91480841880411
I0936,U094,convenience_oriented,P048,cafe_12,synthetic,train,3,4,3,4,5,5,4,3,4,3,library,coding,mixed,2_4h,afternoon,0,0,1,1,1,1,0,1,1,1,1,cafe,report_writing,5_plus,1_2h,afternoon,weekday,2.9,cloudy,indoor,sometimes,2,5,2,3,1,4,3,4,3,3,6,20,6,12,15,12,3,16,2.6,1.8,12,1.0,58.5,56.10283478297783
I0937,U094,convenience_oriented,P003,library_03,synthetic,train,3,4,3,4,5,5,4,3,4,3,library,coding,mixed,2_4h,afternoon,0,0,1,1,1,1,0,1,1,1,1,library,deep_study,solo,2_4h,late_night,weekday,4.7,cloudy,indoor,sometimes,5,3,4,5,3,3,4,5,4,4,15,12,12,20,20,16,9,12,3.0,2.9,15,0.0,70.4,69.46781298442451
I0938,U094,convenience_oriented,P079,computer_lab_05,synthetic,train,3,4,3,4,5,5,4,3,4,3,library,coding,mixed,2_4h,afternoon,0,0,1,1,1,1,0,1,1,1,1,computer_lab,team_project,5_plus,1_2h,afternoon,weekday,2.9,rainy,indoor,often,4,4,3,3,3,4,5,4,4,3,12,16,9,12,25,16,9,16,0.8,1.8,12,1.0,74.5,71.53654463007746
I0939,U094,convenience_oriented,P025,study_room_07,synthetic,train,3,4,3,4,5,5,4,3,4,3,library,coding,mixed,2_4h,afternoon,0,0,1,1,1,1,0,1,1,1,1,study_room,coding,solo,2_4h,afternoon,weekend,1.6,cloudy,indoor,rarely,4,4,3,4,4,4,4,4,4,3,12,16,9,16,20,16,12,16,2.7,1.0,12,1.0,69.6,67.44722546452373
I0940,U094,convenience_oriented,P118,outdoor_10,synthetic,train,3,4,3,4,5,5,4,3,4,3,library,coding,mixed,2_4h,afternoon,0,0,1,1,1,1,0,1,1,1,1,outdoor,deep_study,solo,2_4h,morning,weekend,8.8,rainy,outdoor,sometimes,3,5,3,3,3,3,2,3,3,3,9,20,9,12,10,12,9,12,3.0,5.5,9,0.5,44.2,53.68566367909395
I0941,U095,comfort_oriented,P105,dorm_lounge_09,synthetic,valid,4,4,3,4,4,4,5,5,4,4,classroom,coding,mostly_solo,1_2h,morning,1,0,1,1,1,1,1,1,1,1,1,dorm_lounge,coding,solo,1_2h,afternoon,weekend,7.4,hot,indoor,sometimes,3,3,3,2,3,3,4,3,4,3,12,12,9,8,16,20,15,12,3.6,3.7,12,0.5,68.1,59.21068749707223
I0942,U095,comfort_oriented,P086,coworking_space_02,synthetic,valid,4,4,3,4,4,4,5,5,4,4,classroom,coding,mostly_solo,1_2h,morning,1,0,1,1,1,1,1,1,1,1,1,coworking_space,online_class,solo,1_2h,afternoon,weekday,19.4,clear,indoor,often,3,4,4,4,5,3,4,3,4,4,12,16,12,16,16,20,25,12,2.6,9.7,9,0.5,71.5,63.74732959045154
I0943,U095,comfort_oriented,P005,library_05,synthetic,valid,4,4,3,4,4,4,5,5,4,4,classroom,coding,mostly_solo,1_2h,morning,1,0,1,1,1,1,1,1,1,1,1,library,online_class,2,under_1h,afternoon,weekday,3.2,clear,indoor,often,5,4,4,5,3,4,4,4,4,4,20,16,12,20,16,20,15,16,2.6,1.6,12,0.5,73.5,73.4126265533257
I0944,U095,comfort_oriented,P092,coworking_space_08,synthetic,valid,4,4,3,4,4,4,5,5,4,4,classroom,coding,mostly_solo,1_2h,morning,1,0,1,1,1,1,1,1,1,1,1,coworking_space,coding,solo,1_2h,evening,weekday,3.7,hot,indoor,rarely,2,4,3,4,3,4,4,4,4,3,8,16,9,16,16,20,15,16,3.6,1.9,16,0.0,65.6,62.38181364986946
I0945,U095,comfort_oriented,P034,study_room_16,synthetic,valid,4,4,3,4,4,4,5,5,4,4,classroom,coding,mostly_solo,1_2h,morning,1,0,1,1,1,1,1,1,1,1,1,study_room,light_reading,solo,1_2h,evening,weekday,5.5,cloudy,indoor,sometimes,4,4,4,4,4,3,4,4,5,3,16,16,12,16,16,25,20,12,1.8,2.7,12,0.0,77.5,70.61493157056739
I0946,U095,comfort_oriented,P014,library_14,synthetic,valid,4,4,3,4,4,4,5,5,4,4,classroom,coding,mostly_solo,1_2h,morning,1,0,1,1,1,1,1,1,1,1,1,library,report_writing,solo,1_2h,afternoon,weekend,2.7,hot,indoor,first_time,5,4,5,4,3,4,4,4,4,4,20,16,15,16,16,20,15,16,3.4,1.4,16,0.5,74.5,73.65330402882279
I0947,U095,comfort_oriented,P046,cafe_10,synthetic,valid,4,4,3,4,4,4,5,5,4,4,classroom,coding,mostly_solo,1_2h,morning,1,0,1,1,1,1,1,1,1,1,1,cafe,light_reading,solo,1_2h,evening,weekday,10.1,hot,indoor,sometimes,3,4,2,3,2,4,3,3,3,3,12,16,6,12,12,15,10,16,1.8,5.0,9,0.0,47.5,54.42720065888736
I0948,U095,comfort_oriented,P052,cafe_16,synthetic,valid,4,4,3,4,4,4,5,5,4,4,classroom,coding,mostly_solo,1_2h,morning,1,0,1,1,1,1,1,1,1,1,1,cafe,report_writing,solo,1_2h,morning,weekday,10.6,hot,indoor,sometimes,3,5,3,2,2,3,3,5,4,3,12,20,9,8,12,20,10,12,3.4,5.3,20,1.0,66.6,62.14179293337614
I0949,U095,comfort_oriented,P110,outdoor_02,synthetic,valid,4,4,3,4,4,4,5,5,4,4,classroom,coding,mostly_solo,1_2h,morning,1,0,1,1,1,1,1,1,1,1,1,outdoor,light_reading,solo,1_2h,evening,weekend,14.2,cold,outdoor,first_time,3,4,3,3,2,3,2,4,2,3,12,16,9,12,8,10,10,12,1.8,7.1,12,0.0,36.2,47.781040792181905
I0950,U095,comfort_oriented,P032,study_room_14,synthetic,valid,4,4,3,4,4,4,5,5,4,4,classroom,coding,mostly_solo,1_2h,morning,1,0,1,1,1,1,1,1,1,1,1,study_room,online_class,solo,2_4h,evening,weekend,21.8,cloudy,indoor,often,4,4,4,4,4,3,4,4,4,4,16,16,12,16,16,20,20,12,2.6,10.9,12,0.0,68.3,65.5267124577963
I0951,U096,quiet_deepwork,P060,home_06,synthetic,train,4,4,4,4,4,2,4,3,3,5,computer_lab,deep_study,mostly_solo,under_1h,evening,1,1,1,1,1,0,1,1,0,0,1,home,deep_study,3_4,1_2h,evening,weekend,9.8,clear,indoor,often,4,3,5,5,4,5,5,4,4,5,16,12,20,20,20,16,12,15,5.0,2.5,20,1.0,78.9,76.47967525613916
I0952,U096,quiet_deepwork,P009,library_09,synthetic,train,4,4,4,4,4,2,4,3,3,5,computer_lab,deep_study,mostly_solo,under_1h,evening,1,1,1,1,1,0,1,1,0,0,1,library,online_class,solo,1_2h,late_night,weekday,8.7,cold,indoor,sometimes,4,4,3,4,2,4,4,4,4,4,16,16,12,16,16,16,6,12,3.3,2.2,12,0.5,62.7,68.10801489762551
I0953,U096,quiet_deepwork,P036,study_room_18,synthetic,train,4,4,4,4,4,2,4,3,3,5,computer_lab,deep_study,mostly_solo,under_1h,evening,1,1,1,1,1,0,1,1,0,0,1,study_room,coding,solo,over_4h,evening,weekday,11.9,clear,indoor,sometimes,5,4,4,4,4,4,5,4,4,4,20,16,16,16,20,16,12,12,4.5,3.0,20,1.0,71.0,75.75542711927068
I0954,U096,quiet_deepwork,P017,library_17,synthetic,train,4,4,4,4,4,2,4,3,3,5,computer_lab,deep_study,mostly_solo,under_1h,evening,1,1,1,1,1,0,1,1,0,0,1,library,report_writing,solo,2_4h,afternoon,weekday,10.0,clear,indoor,first_time,5,4,4,5,3,3,4,4,5,4,20,16,16,20,16,20,9,9,4.3,2.5,20,0.5,74.0,74.60049198955748
I0955,U096,quiet_deepwork,P073,classroom_11,synthetic,train,4,4,4,4,4,2,4,3,3,5,computer_lab,deep_study,mostly_solo,under_1h,evening,1,1,1,1,1,0,1,1,0,0,1,classroom,light_reading,solo,over_4h,evening,weekday,9.2,cloudy,indoor,sometimes,4,5,3,3,4,3,3,2,3,4,16,20,12,12,12,12,12,9,2.3,2.3,6,1.0,50.4,61.66541501519816
I0956,U096,quiet_deepwork,P112,outdoor_04,synthetic,train,4,4,4,4,4,2,4,3,3,5,computer_lab,deep_study,mostly_solo,under_1h,evening,1,1,1,1,1,0,1,1,0,0,1,outdoor,report_writing,solo,2_4h,afternoon,weekend,9.9,clear,outdoor,sometimes,3,4,3,3,2,3,1,3,3,2,12,16,12,12,4,12,6,9,4.3,2.5,15,0.5,52.9,55.912866434371054
I0957,U096,quiet_deepwork,P013,library_13,synthetic,train,4,4,4,4,4,2,4,3,3,5,computer_lab,deep_study,mostly_solo,under_1h,evening,1,1,1,1,1,0,1,1,0,0,1,library,report_writing,solo,2_4h,evening,weekday,3.8,clear,indoor,rarely,5,4,4,4,3,3,5,4,4,4,20,16,16,16,20,16,9,9,4.3,0.9,20,1.0,76.2,75.15344033602915
I0958,U096,quiet_deepwork,P090,coworking_space_06,synthetic,train,4,4,4,4,4,2,4,3,3,5,computer_lab,deep_study,mostly_solo,under_1h,evening,1,1,1,1,1,0,1,1,0,0,1,coworking_space,coding,solo,1_2h,evening,weekday,15.9,rainy,indoor,sometimes,3,4,3,4,4,4,4,4,4,3,12,16,12,16,16,16,12,12,4.5,4.0,20,1.0,67.5,67.33895759086889
I0959,U096,quiet_deepwork,P008,library_08,synthetic,train,4,4,4,4,4,2,4,3,3,5,computer_lab,deep_study,mostly_solo,under_1h,evening,1,1,1,1,1,0,1,1,0,0,1,library,deep_study,solo,over_4h,morning,weekend,7.7,clear,indoor,sometimes,5,5,4,4,2,3,4,4,4,4,20,20,16,16,16,16,6,9,5.0,1.9,20,0.0,62.8,73.99451245503039
I0960,U096,quiet_deepwork,P093,coworking_space_09,synthetic,train,4,4,4,4,4,2,4,3,3,5,computer_lab,deep_study,mostly_solo,under_1h,evening,1,1,1,1,1,0,1,1,0,0,1,coworking_space,online_class,2,1_2h,evening,weekend,13.7,clear,indoor,rarely,3,4,2,3,4,4,4,4,4,3,12,16,8,12,16,16,12,12,3.3,3.4,12,1.0,62.0,59.78733390923477
I0961,U097,balanced,P031,study_room_13,synthetic,train,4,4,3,4,3,4,5,4,5,5,cafe,report_writing,mostly_solo,2_4h,evening,1,0,1,1,0,1,1,0,1,1,1,study_room,meeting,5_plus,1_2h,morning,weekday,1.0,clear,indoor,often,5,4,4,4,4,4,4,4,5,4,20,16,12,16,12,25,16,20,1.0,0.5,12,0.0,87.4,82.26139676745603
I0962,U097,balanced,P059,home_05,synthetic,train,4,4,3,4,3,4,5,4,5,5,cafe,report_writing,mostly_solo,2_4h,evening,1,0,1,1,0,1,1,0,1,1,1,home,coding,solo,2_4h,evening,weekend,12.8,clear,indoor,sometimes,4,5,5,4,5,4,4,4,5,5,16,20,15,16,12,25,20,20,4.5,6.4,20,1.0,81.0,79.49067783242018
I0963,U097,balanced,P006,library_06,synthetic,train,4,4,3,4,3,4,5,4,5,5,cafe,report_writing,mostly_solo,2_4h,evening,1,0,1,1,0,1,1,0,1,1,1,library,coding,solo,2_4h,evening,weekend,16.8,cloudy,indoor,sometimes,4,4,4,5,2,3,4,4,5,4,16,16,12,20,12,25,8,15,4.5,8.4,20,1.0,60.9,71.38432398146652
I0964,U097,balanced,P057,home_03,synthetic,train,4,4,3,4,3,4,5,4,5,5,cafe,report_writing,mostly_solo,2_4h,evening,1,0,1,1,0,1,1,0,1,1,1,home,light_reading,solo,1_2h,early_morning,weekday,4.8,clear,indoor,sometimes,3,4,4,4,5,4,5,4,5,4,12,16,12,16,15,25,20,20,2.3,2.4,12,0.0,79.0,76.30886818742556
I0965,U097,balanced,P043,cafe_07,synthetic,train,4,4,3,4,3,4,5,4,5,5,cafe,report_writing,mostly_solo,2_4h,evening,1,0,1,1,0,1,1,0,1,1,1,cafe,report_writing,solo,over_4h,evening,weekday,1.0,hot,indoor,often,2,5,3,3,2,4,3,4,3,3,8,20,9,12,9,15,8,20,4.3,0.5,20,1.0,65.5,65.76347999381763
I0966,U097,balanced,P054,cafe_18,synthetic,train,4,4,3,4,3,4,5,4,5,5,cafe,report_writing,mostly_solo,2_4h,evening,1,0,1,1,0,1,1,0,1,1,1,cafe,deep_study,solo,1_2h,evening,weekend,10.9,clear,indoor,sometimes,3,5,2,3,2,3,3,3,4,3,12,20,6,12,9,20,8,15,5.0,5.5,15,1.0,64.9,60.860444170707055
I0967,U097,balanced,P108,dorm_lounge_12,synthetic,train,4,4,3,4,3,4,5,4,5,5,cafe,report_writing,mostly_solo,2_4h,evening,1,0,1,1,0,1,1,0,1,1,1,dorm_lounge,coding,solo,over_4h,afternoon,weekend,6.5,clear,indoor,sometimes,2,4,3,3,3,3,3,3,3,3,8,16,9,12,9,15,12,15,4.5,3.2,15,0.5,65.7,60.282014076107174
I0968,U097,balanced,P083,computer_lab_09,synthetic,train,4,4,3,4,3,4,5,4,5,5,cafe,report_writing,mostly_solo,2_4h,evening,1,0,1,1,0,1,1,0,1,1,1,computer_lab,coding,solo,1_2h,late_night,weekday,2.0,clear,indoor,sometimes,4,4,3,3,4,3,5,5,4,3,16,16,9,12,15,20,16,15,4.5,1.0,25,0.5,76.2,75.87868580061223
I0969,U097,balanced,P015,library_15,synthetic,train,4,4,3,4,3,4,5,4,5,5,cafe,report_writing,mostly_solo,2_4h,evening,1,0,1,1,0,1,1,0,1,1,1,library,coding,solo,2_4h,evening,weekend,13.6,clear,indoor,sometimes,4,4,4,5,2,4,3,4,4,4,16,16,12,20,9,20,8,20,4.5,6.8,20,1.0,62.6,72.26118385213107
I0970,U097,balanced,P035,study_room_17,synthetic,train,4,4,3,4,3,4,5,4,5,5,cafe,report_writing,mostly_solo,2_4h,evening,1,0,1,1,0,1,1,0,1,1,1,study_room,light_reading,solo,1_2h,evening,weekday,2.6,cloudy,indoor,often,4,4,4,4,3,4,5,4,4,3,16,16,12,16,15,20,12,20,2.3,1.3,12,1.0,67.1,74.74283673713325
I0971,U098,balanced,P010,library_10,synthetic,train,4,4,4,4,4,4,4,3,4,3,study_room,online_class,mixed,under_1h,afternoon,1,1,1,1,1,1,1,1,1,1,1,library,report_writing,solo,1_2h,morning,weekday,3.7,clear,indoor,sometimes,5,5,4,4,3,4,4,4,4,5,20,20,16,16,16,16,9,16,2.6,1.9,12,0.5,80.1,75.38055602955609
I0972,U098,balanced,P016,library_16,synthetic,train,4,4,4,4,4,4,4,3,4,3,study_room,online_class,mixed,under_1h,afternoon,1,1,1,1,1,1,1,1,1,1,1,library,online_class,solo,2_4h,afternoon,weekday,14.3,clear,indoor,sometimes,5,4,3,5,3,4,3,3,4,4,20,16,12,20,12,16,9,16,2.0,7.2,9,1.0,74.0,67.32181833981389
I0973,U098,balanced,P036,study_room_18,synthetic,train,4,4,4,4,4,4,4,3,4,3,study_room,online_class,mixed,under_1h,afternoon,1,1,1,1,1,1,1,1,1,1,1,study_room,coding,solo,2_4h,afternoon,weekday,10.2,clear,indoor,rarely,5,4,4,4,4,4,5,4,4,4,20,16,16,16,20,16,12,16,2.7,5.1,12,1.0,59.2,70.74300988551431
I0974,U098,balanced,P031,study_room_13,synthetic,train,4,4,4,4,4,4,4,3,4,3,study_room,online_class,mixed,under_1h,afternoon,1,1,1,1,1,1,1,1,1,1,1,study_room,deep_study,5_plus,2_4h,afternoon,weekday,2.7,cloudy,indoor,first_time,5,4,4,4,4,4,4,5,5,4,20,16,16,16,16,20,12,16,3.0,1.4,15,1.0,70.4,71.5140741371807
I0975,U098,balanced,P068,classroom_06,synthetic,train,4,4,4,4,4,4,4,3,4,3,study_room,online_class,mixed,under_1h,afternoon,1,1,1,1,1,1,1,1,1,1,1,classroom,deep_study,solo,over_4h,afternoon,weekend,10.5,clear,indoor,sometimes,3,4,3,3,2,3,3,4,2,4,12,16,12,12,12,8,6,12,3.0,5.3,12,1.0,59.4,57.20851336775431
I0976,U098,balanced,P024,study_room_06,synthetic,train,4,4,4,4,4,4,4,3,4,3,study_room,online_class,mixed,under_1h,afternoon,1,1,1,1,1,1,1,1,1,1,1,study_room,report_writing,solo,2_4h,afternoon,weekday,5.7,clear,indoor,sometimes,4,4,3,4,3,4,4,4,4,3,16,16,12,16,16,16,9,16,2.6,2.9,12,1.0,60.4,68.8774052448924
I0977,U098,balanced,P041,cafe_05,synthetic,train,4,4,4,4,4,4,4,3,4,3,study_room,online_class,mixed,under_1h,afternoon,1,1,1,1,1,1,1,1,1,1,1,cafe,coding,3_4,2_4h,early_morning,weekday,8.2,cloudy,indoor,first_time,2,4,2,3,2,4,4,4,4,3,8,16,8,12,16,16,6,16,2.7,4.1,12,0.0,62.3,54.11527052897855
I0978,U098,balanced,P024,study_room_06,synthetic,train,4,4,4,4,4,4,4,3,4,3,study_room,online_class,mixed,under_1h,afternoon,1,1,1,1,1,1,1,1,1,1,1,study_room,light_reading,solo,1_2h,late_night,weekday,1.0,cloudy,indoor,sometimes,4,4,3,4,3,4,4,3,4,3,16,16,12,16,16,16,9,16,1.4,0.5,9,0.0,64.1,66.53985081208972
I0979,U098,balanced,P022,study_room_04,synthetic,train,4,4,4,4,4,4,4,3,4,3,study_room,online_class,mixed,under_1h,afternoon,1,1,1,1,1,1,1,1,1,1,1,study_room,light_reading,solo,1_2h,evening,weekday,13.4,clear,indoor,often,4,5,3,4,5,3,4,5,4,4,16,20,12,16,16,16,15,12,1.4,6.7,15,0.5,69.7,68.70343220661795
I0980,U098,balanced,P109,outdoor_01,synthetic,train,4,4,4,4,4,4,4,3,4,3,study_room,online_class,mixed,under_1h,afternoon,1,1,1,1,1,1,1,1,1,1,1,outdoor,report_writing,solo,under_1h,late_night,weekday,14.3,clear,outdoor,sometimes,2,5,3,3,2,3,1,2,3,3,8,20,12,12,4,12,6,12,2.6,7.2,6,0.0,50.3,47.99290691822781
I0981,U099,social_collaborative,P021,study_room_03,synthetic,train,3,4,2,3,4,3,3,4,5,2,cafe,coding,mostly_group,2_4h,evening,0,0,0,0,1,0,0,1,0,1,0,study_room,team_project,5_plus,under_1h,afternoon,weekday,20.5,clear,indoor,sometimes,5,4,4,4,3,4,4,4,4,2,15,16,8,12,16,12,12,20,0.5,7.7,12,0.5,54.3,65.43223745155828
I0982,U099,social_collaborative,P031,study_room_13,synthetic,train,3,4,2,3,4,3,3,4,5,2,cafe,coding,mostly_group,2_4h,evening,0,0,0,0,1,0,0,1,0,1,0,study_room,meeting,3_4,1_2h,afternoon,weekend,1.1,cold,indoor,often,5,4,4,4,4,4,4,5,5,4,15,16,8,12,16,15,16,20,0.4,0.4,15,0.5,84.0,73.43958530565143
I0983,U099,social_collaborative,P045,cafe_09,synthetic,train,3,4,2,3,4,3,3,4,5,2,cafe,coding,mostly_group,2_4h,evening,0,0,0,0,1,0,0,1,0,1,0,cafe,team_project,3_4,under_1h,late_night,weekend,9.6,cold,indoor,sometimes,2,3,2,2,3,3,3,4,3,3,6,12,4,6,12,9,12,15,0.5,3.6,12,0.5,56.8,53.96151203024509
I0984,U099,social_collaborative,P039,cafe_03,synthetic,train,3,4,2,3,4,3,3,4,5,2,cafe,coding,mostly_group,2_4h,evening,0,0,0,0,1,0,0,1,0,1,0,cafe,online_class,solo,1_2h,afternoon,weekday,6.4,clear,indoor,rarely,3,4,2,3,2,4,3,3,4,4,9,16,4,9,12,12,8,20,1.3,2.4,9,0.5,51.4,55.013003114572065
I0985,U099,social_collaborative,P079,computer_lab_05,synthetic,train,3,4,2,3,4,3,3,4,5,2,cafe,coding,mostly_group,2_4h,evening,0,0,0,0,1,0,0,1,0,1,0,computer_lab,online_class,solo,1_2h,evening,weekend,4.4,clear,indoor,often,4,4,3,3,3,4,5,4,4,3,12,16,6,9,20,12,12,20,1.3,1.6,12,1.0,62.4,66.79540407852816
I0986,U099,social_collaborative,P046,cafe_10,synthetic,train,3,4,2,3,4,3,3,4,5,2,cafe,coding,mostly_group,2_4h,evening,0,0,0,0,1,0,0,1,0,1,0,cafe,team_project,5_plus,2_4h,early_morning,weekday,10.8,rainy,indoor,sometimes,3,4,2,3,2,4,3,4,3,3,9,16,4,9,12,9,8,20,0.5,4.0,12,0.0,53.9,57.50722743979747
I0987,U099,social_collaborative,P036,study_room_18,synthetic,train,3,4,2,3,4,3,3,4,5,2,cafe,coding,mostly_group,2_4h,evening,0,0,0,0,1,0,0,1,0,1,0,study_room,report_writing,solo,1_2h,evening,weekday,8.5,cloudy,indoor,often,5,4,4,4,4,4,5,5,4,4,15,16,8,12,20,12,16,20,1.7,3.2,10,1.0,57.7,69.12310739602833
I0988,U099,social_collaborative,P038,cafe_02,synthetic,train,3,4,2,3,4,3,3,4,5,2,cafe,coding,mostly_group,2_4h,evening,0,0,0,0,1,0,0,1,0,1,0,cafe,team_project,3_4,2_4h,evening,weekday,22.6,cloudy,indoor,sometimes,2,4,3,2,2,4,3,4,3,3,6,16,6,6,12,9,8,20,0.5,8.5,12,1.0,57.7,54.66165612548555
I0989,U099,social_collaborative,P056,home_02,synthetic,train,3,4,2,3,4,3,3,4,5,2,cafe,coding,mostly_group,2_4h,evening,0,0,0,0,1,0,0,1,0,1,0,home,coding,solo,2_4h,early_morning,weekday,8.0,clear,indoor,often,4,3,5,4,5,4,5,5,5,5,12,12,10,12,20,15,20,20,1.8,3.0,10,0.0,76.0,70.49089651762588
I0990,U099,social_collaborative,P047,cafe_11,synthetic,train,3,4,2,3,4,3,3,4,5,2,cafe,coding,mostly_group,2_4h,evening,0,0,0,0,1,0,0,1,0,1,0,cafe,team_project,2,1_2h,evening,weekend,10.3,cold,indoor,sometimes,3,4,3,3,2,4,3,4,4,3,9,16,6,9,12,12,8,20,0.5,3.9,12,1.0,47.4,58.29994673058232
I0991,U100,quiet_deepwork,P017,library_17,synthetic,train,5,4,4,5,4,4,4,3,4,4,library,team_project,mostly_solo,2_4h,evening,1,1,1,1,1,1,1,1,1,1,1,library,report_writing,solo,1_2h,morning,weekend,8.3,clear,indoor,sometimes,5,4,4,5,3,3,4,4,5,4,25,16,16,25,16,20,9,12,3.4,4.2,16,0.0,80.6,78.9292618430955
I0992,U100,quiet_deepwork,P090,coworking_space_06,synthetic,train,5,4,4,5,4,4,4,3,4,4,library,team_project,mostly_solo,2_4h,evening,1,1,1,1,1,1,1,1,1,1,1,coworking_space,coding,solo,1_2h,afternoon,weekday,14.8,rainy,indoor,sometimes,3,4,3,4,4,4,4,4,4,3,15,16,12,20,16,16,12,16,3.6,7.4,16,0.5,59.3,66.46884764267729
I0993,U100,quiet_deepwork,P018,library_18,synthetic,train,5,4,4,5,4,4,4,3,4,4,library,team_project,mostly_solo,2_4h,evening,1,1,1,1,1,1,1,1,1,1,1,library,online_class,solo,1_2h,evening,weekday,14.4,cloudy,indoor,sometimes,5,4,3,4,3,3,4,3,4,3,25,16,12,20,16,16,9,12,2.6,7.2,9,1.0,63.4,69.11998310530214
I0994,U100,quiet_deepwork,P035,study_room_17,synthetic,train,5,4,4,5,4,4,4,3,4,4,library,team_project,mostly_solo,2_4h,evening,1,1,1,1,1,1,1,1,1,1,1,study_room,coding,solo,2_4h,evening,weekday,6.7,cloudy,indoor,rarely,4,4,4,4,3,4,5,4,4,3,20,16,16,20,20,16,9,16,3.6,3.4,16,1.0,71.9,73.35466321964253
I0995,U100,quiet_deepwork,P028,study_room_10,synthetic,train,5,4,4,5,4,4,4,3,4,4,library,team_project,mostly_solo,2_4h,evening,1,1,1,1,1,1,1,1,1,1,1,study_room,online_class,solo,2_4h,late_night,weekday,16.3,cold,indoor,first_time,4,4,3,3,4,4,5,4,4,3,20,16,12,15,20,16,12,16,2.6,8.2,12,0.5,58.7,66.44016761456189
I0996,U100,quiet_deepwork,P081,computer_lab_07,synthetic,train,5,4,4,5,4,4,4,3,4,4,library,team_project,mostly_solo,2_4h,evening,1,1,1,1,1,1,1,1,1,1,1,computer_lab,online_class,solo,2_4h,evening,weekday,6.8,clear,indoor,sometimes,4,4,2,3,3,3,4,4,4,3,20,16,8,15,16,16,9,12,2.6,3.4,12,1.0,63.5,68.88141693237226
I0997,U100,quiet_deepwork,P023,study_room_05,synthetic,train,5,4,4,5,4,4,4,3,4,4,library,team_project,mostly_solo,2_4h,evening,1,1,1,1,1,1,1,1,1,1,1,study_room,coding,solo,2_4h,morning,weekday,15.0,cold,indoor,rarely,5,4,3,4,4,4,3,5,4,4,25,16,12,20,12,16,12,16,3.6,7.5,20,0.0,71.5,72.28198478578315
I0998,U100,quiet_deepwork,P063,classroom_01,synthetic,train,5,4,4,5,4,4,4,3,4,4,library,team_project,mostly_solo,2_4h,evening,1,1,1,1,1,1,1,1,1,1,1,classroom,report_writing,solo,2_4h,evening,weekday,9.8,clear,indoor,first_time,3,4,3,3,2,3,3,4,3,3,15,16,12,15,12,12,6,12,3.4,4.9,16,1.0,66.3,61.586355832432425
I0999,U100,quiet_deepwork,P108,dorm_lounge_12,synthetic,train,5,4,4,5,4,4,4,3,4,4,library,team_project,mostly_solo,2_4h,evening,1,1,1,1,1,1,1,1,1,1,1,dorm_lounge,light_reading,solo,2_4h,afternoon,weekday,11.3,hot,indoor,often,2,4,3,3,3,3,3,4,3,3,10,16,12,15,12,12,9,12,1.8,5.7,12,0.5,54.5,58.58130283567106
I1000,U100,quiet_deepwork,P036,study_room_18,synthetic,train,5,4,4,5,4,4,4,3,4,4,library,team_project,mostly_solo,2_4h,evening,1,1,1,1,1,1,1,1,1,1,1,study_room,report_writing,solo,2_4h,early_morning,weekday,18.1,clear,indoor,sometimes,5,4,4,4,4,4,5,4,4,4,25,16,16,20,20,16,12,16,3.4,9.0,16,0.0,78.3,75.97483543967036
I1001,U101,comfort_oriented,P001,library_01,synthetic,train,4,4,4,3,5,3,5,5,5,4,library,light_reading,mostly_solo,under_1h,afternoon,1,1,0,1,1,0,1,1,0,1,0,library,report_writing,2,over_4h,early_morning,weekday,7.5,clear,indoor,sometimes,5,4,4,5,2,3,4,4,4,4,20,16,16,15,20,20,10,15,3.4,2.8,16,0.0,72.5,71.73574096825791
I1002,U101,comfort_oriented,P047,cafe_11,synthetic,train,4,4,4,3,5,3,5,5,5,4,library,light_reading,mostly_solo,under_1h,afternoon,1,1,0,1,1,0,1,1,0,1,0,cafe,coding,solo,over_4h,afternoon,weekday,8.9,rainy,indoor,rarely,3,4,3,3,2,4,3,4,4,3,12,16,12,9,15,20,10,20,3.6,3.3,16,1.0,68.3,64.31261507781058
I1003,U101,comfort_oriented,P097,dorm_lounge_01,synthetic,train,4,4,4,3,5,3,5,5,5,4,library,light_reading,mostly_solo,under_1h,afternoon,1,1,0,1,1,0,1,1,0,1,0,dorm_lounge,report_writing,solo,1_2h,afternoon,weekday,9.1,clear,indoor,sometimes,3,3,3,2,3,4,5,3,4,2,12,12,12,6,25,20,15,20,3.4,3.4,12,1.0,57.7,67.68570056981004
I1004,U101,comfort_oriented,P047,cafe_11,synthetic,train,4,4,4,3,5,3,5,5,5,4,library,light_reading,mostly_solo,under_1h,afternoon,1,1,0,1,1,0,1,1,0,1,0,cafe,report_writing,solo,2_4h,morning,weekend,9.0,clear,indoor,often,3,4,3,3,2,4,3,4,4,3,12,16,12,9,15,20,10,20,3.4,3.4,16,0.5,77.5,68.60168465044714
I1005,U101,comfort_oriented,P037,cafe_01,synthetic,train,4,4,4,3,5,3,5,5,5,4,library,light_reading,mostly_solo,under_1h,afternoon,1,1,0,1,1,0,1,1,0,1,0,cafe,coding,solo,2_4h,afternoon,weekday,15.1,rainy,indoor,sometimes,3,4,2,2,2,4,3,4,4,4,12,16,8,6,15,20,10,20,3.6,5.7,16,1.0,66.1,63.417333733943465
I1006,U101,comfort_oriented,P024,study_room_06,synthetic,train,4,4,4,3,5,3,5,5,5,4,library,light_reading,mostly_solo,under_1h,afternoon,1,1,0,1,1,0,1,1,0,1,0,study_room,online_class,2,1_2h,morning,weekend,7.4,cloudy,indoor,often,4,4,3,4,3,4,4,4,4,3,16,16,12,12,20,20,15,20,2.6,2.8,12,0.5,68.5,69.8586204232792
I1007,U101,comfort_oriented,P086,coworking_space_02,synthetic,train,4,4,4,3,5,3,5,5,5,4,library,light_reading,mostly_solo,under_1h,afternoon,1,1,0,1,1,0,1,1,0,1,0,coworking_space,report_writing,solo,over_4h,afternoon,weekend,16.5,hot,indoor,often,3,4,4,4,5,3,4,4,4,4,12,16,16,12,20,20,25,15,3.4,6.2,16,1.0,77.1,70.26332397381628
I1008,U101,comfort_oriented,P092,coworking_space_08,synthetic,train,4,4,4,3,5,3,5,5,5,4,library,light_reading,mostly_solo,under_1h,afternoon,1,1,0,1,1,0,1,1,0,1,0,coworking_space,report_writing,solo,over_4h,early_morning,weekday,2.1,clear,indoor,often,2,4,3,4,3,4,4,4,4,3,8,16,12,12,20,20,15,20,3.4,0.8,16,0.0,64.3,70.41951303988131
I1009,U101,comfort_oriented,P068,classroom_06,synthetic,train,4,4,4,3,5,3,5,5,5,4,library,light_reading,mostly_solo,under_1h,afternoon,1,1,0,1,1,0,1,1,0,1,0,classroom,online_class,solo,1_2h,evening,weekday,14.4,clear,indoor,often,3,4,3,3,2,3,3,4,2,4,12,16,12,9,15,10,10,15,2.6,5.4,12,0.5,65.0,61.11086238814462
I1010,U101,comfort_oriented,P076,computer_lab_02,synthetic,train,4,4,4,3,5,3,5,5,5,4,library,light_reading,mostly_solo,under_1h,afternoon,1,1,0,1,1,0,1,1,0,1,0,computer_lab,deep_study,solo,2_4h,afternoon,weekend,15.1,clear,indoor,sometimes,3,5,3,4,4,3,4,3,3,4,12,20,12,12,20,15,20,15,4.0,5.7,12,1.0,69.2,67.38307917135185
I1011,U102,convenience_oriented,P079,computer_lab_05,synthetic,train,3,4,3,4,5,5,4,3,4,3,classroom,online_class,mixed,2_4h,afternoon,0,0,1,1,1,1,0,1,1,1,1,computer_lab,report_writing,solo,over_4h,afternoon,weekday,11.1,cloudy,indoor,often,4,4,3,3,3,4,5,4,4,3,12,16,9,12,25,16,9,16,2.6,6.9,12,1.0,57.2,66.19034473848816
I1012,U102,convenience_oriented,P098,dorm_lounge_02,synthetic,train,3,4,3,4,5,5,4,3,4,3,classroom,online_class,mixed,2_4h,afternoon,0,0,1,1,1,1,0,1,1,1,1,dorm_lounge,team_project,3_4,1_2h,afternoon,weekend,11.3,cloudy,indoor,sometimes,3,4,3,2,3,4,4,4,4,3,9,16,9,8,20,16,9,16,0.8,7.0,12,1.0,64.2,63.307748855286
I1013,U102,convenience_oriented,P001,library_01,synthetic,train,3,4,3,4,5,5,4,3,4,3,classroom,online_class,mixed,2_4h,afternoon,0,0,1,1,1,1,0,1,1,1,1,library,report_writing,solo,2_4h,afternoon,weekday,10.4,hot,indoor,sometimes,5,4,4,5,2,3,4,5,4,4,15,16,12,20,20,16,6,12,2.6,6.5,15,1.0,57.6,68.31398392460407
I1014,U102,convenience_oriented,P083,computer_lab_09,synthetic,train,3,4,3,4,5,5,4,3,4,3,classroom,online_class,mixed,2_4h,afternoon,0,0,1,1,1,1,0,1,1,1,1,computer_lab,light_reading,solo,under_1h,late_night,weekday,1.0,cold,indoor,rarely,4,4,3,3,4,3,5,3,4,3,12,16,9,12,25,16,12,12,1.4,0.6,9,0.0,69.8,65.27956163463517
I1015,U102,convenience_oriented,P115,outdoor_07,synthetic,train,3,4,3,4,5,5,4,3,4,3,classroom,online_class,mixed,2_4h,afternoon,0,0,1,1,1,1,0,1,1,1,1,outdoor,team_project,3_4,2_4h,morning,weekend,18.3,clear,outdoor,often,3,4,3,3,1,3,1,3,2,3,9,16,9,12,5,8,3,12,0.8,11.4,9,0.5,52.8,49.52039403953435
I1016,U102,convenience_oriented,P053,cafe_17,synthetic,train,3,4,3,4,5,5,4,3,4,3,classroom,online_class,mixed,2_4h,afternoon,0,0,1,1,1,1,0,1,1,1,1,cafe,online_class,solo,over_4h,afternoon,weekday,17.6,clear,indoor,often,3,4,2,2,2,3,3,3,3,3,9,16,6,8,15,12,6,12,2.0,11.0,9,1.0,52.0,50.85317991547076
I1017,U102,convenience_oriented,P089,coworking_space_05,synthetic,train,3,4,3,4,5,5,4,3,4,3,classroom,online_class,mixed,2_4h,afternoon,0,0,1,1,1,1,0,1,1,1,1,coworking_space,light_reading,2,under_1h,afternoon,weekday,14.6,cloudy,indoor,rarely,3,5,4,3,4,4,5,3,4,3,9,20,12,12,25,16,12,16,1.4,9.1,9,1.0,57.3,57.460436262836105
I1018,U102,convenience_oriented,P086,coworking_space_02,synthetic,train,3,4,3,4,5,5,4,3,4,3,classroom,online_class,mixed,2_4h,afternoon,0,0,1,1,1,1,0,1,1,1,1,coworking_space,light_reading,solo,1_2h,morning,weekday,20.1,clear,indoor,first_time,3,4,4,4,5,3,4,4,4,4,9,16,12,16,20,16,15,12,1.4,12.5,12,0.5,58.5,58.177301208571436
I1019,U102,convenience_oriented,P003,library_03,synthetic,train,3,4,3,4,5,5,4,3,4,3,classroom,online_class,mixed,2_4h,afternoon,0,0,1,1,1,1,0,1,1,1,1,library,report_writing,solo,2_4h,afternoon,weekday,1.0,rainy,indoor,often,5,3,4,5,3,3,4,4,4,4,15,12,12,20,20,16,9,12,2.6,0.6,12,1.0,79.5,72.95822128472922
I1020,U102,convenience_oriented,P101,dorm_lounge_05,synthetic,train,3,4,3,4,5,5,4,3,4,3,classroom,online_class,mixed,2_4h,afternoon,0,0,1,1,1,1,0,1,1,1,1,dorm_lounge,light_reading,solo,1_2h,evening,weekday,10.5,cloudy,indoor,often,3,4,2,2,3,4,4,3,4,3,9,16,6,8,20,16,9,16,1.4,6.6,9,0.5,56.8,58.14118440457361
I1021,U103,quiet_deepwork,P035,study_room_17,synthetic,train,5,4,3,4,4,3,4,4,4,4,library,coding,mostly_solo,2_4h,evening,1,0,1,1,1,0,1,1,0,1,1,study_room,light_reading,solo,2_4h,morning,weekend,1.0,clear,indoor,often,4,4,4,4,3,4,5,3,4,3,20,16,12,16,20,16,12,16,1.8,0.4,9,0.0,61.5,73.69615743069201
I1022,U103,quiet_deepwork,P079,computer_lab_05,synthetic,train,5,4,3,4,4,3,4,4,4,4,library,coding,mostly_solo,2_4h,evening,1,0,1,1,1,0,1,1,0,1,1,computer_lab,coding,solo,2_4h,evening,weekend,1.0,hot,indoor,first_time,4,4,3,3,3,4,5,4,4,3,20,16,9,12,20,16,12,16,3.6,0.4,16,1.0,78.0,70.27057947529819
I1023,U103,quiet_deepwork,P016,library_16,synthetic,train,5,4,3,4,4,3,4,4,4,4,library,coding,mostly_solo,2_4h,evening,1,0,1,1,1,0,1,1,0,1,1,library,coding,solo,under_1h,afternoon,weekday,8.3,cloudy,indoor,sometimes,5,4,3,5,3,4,3,3,4,4,25,16,9,20,12,16,12,16,3.6,3.1,12,0.5,79.8,72.35693443532654
I1024,U103,quiet_deepwork,P080,computer_lab_06,synthetic,train,5,4,3,4,4,3,4,4,4,4,library,coding,mostly_solo,2_4h,evening,1,0,1,1,1,0,1,1,0,1,1,computer_lab,coding,solo,over_4h,afternoon,weekday,7.3,clear,indoor,sometimes,4,4,4,3,3,4,4,5,4,3,20,16,12,12,16,16,12,16,3.6,2.7,20,0.5,81.0,73.7315385774815
I1025,U103,quiet_deepwork,P059,home_05,synthetic,train,5,4,3,4,4,3,4,4,4,4,library,coding,mostly_solo,2_4h,evening,1,0,1,1,1,0,1,1,0,1,1,home,report_writing,3_4,2_4h,morning,weekday,7.4,cloudy,indoor,rarely,4,5,5,4,5,4,4,4,5,5,20,20,15,16,16,20,20,16,3.4,2.8,16,0.0,73.0,76.34963016853109
I1026,U103,quiet_deepwork,P110,outdoor_02,synthetic,train,5,4,3,4,4,3,4,4,4,4,library,coding,mostly_solo,2_4h,evening,1,0,1,1,1,0,1,1,0,1,1,outdoor,deep_study,solo,over_4h,afternoon,weekend,10.7,cloudy,outdoor,sometimes,3,4,3,3,2,3,2,1,2,3,15,16,9,12,8,8,8,12,4.0,4.0,4,0.5,50.1,50.34384052797543
I1027,U103,quiet_deepwork,P058,home_04,synthetic,train,5,4,3,4,4,3,4,4,4,4,library,coding,mostly_solo,2_4h,evening,1,0,1,1,1,0,1,1,0,1,1,home,coding,2,1_2h,evening,weekend,14.4,cloudy,indoor,sometimes,4,3,4,3,4,5,4,4,4,4,20,12,12,12,16,16,16,20,3.6,5.4,16,1.0,67.7,69.0699317235139
I1028,U103,quiet_deepwork,P029,study_room_11,synthetic,train,5,4,3,4,4,3,4,4,4,4,library,coding,mostly_solo,2_4h,evening,1,0,1,1,1,0,1,1,0,1,1,study_room,report_writing,solo,2_4h,morning,weekday,14.2,clear,indoor,sometimes,4,4,3,4,2,4,4,5,4,3,20,16,9,16,16,16,8,16,3.4,5.3,20,0.0,70.7,71.93537299948564
I1029,U103,quiet_deepwork,P028,study_room_10,synthetic,train,5,4,3,4,4,3,4,4,4,4,library,coding,mostly_solo,2_4h,evening,1,0,1,1,1,0,1,1,0,1,1,study_room,report_writing,solo,2_4h,afternoon,weekday,10.9,clear,indoor,first_time,4,4,3,3,4,4,5,4,4,3,20,16,9,12,20,16,16,16,3.4,4.1,16,0.5,72.4,70.63952406703041
I1030,U103,quiet_deepwork,P034,study_room_16,synthetic,train,5,4,3,4,4,3,4,4,4,4,library,coding,mostly_solo,2_4h,evening,1,0,1,1,1,0,1,1,0,1,1,study_room,report_writing,solo,over_4h,afternoon,weekday,6.3,rainy,indoor,rarely,4,4,4,4,4,3,4,4,5,3,20,16,12,16,16,20,16,12,3.4,2.4,16,0.5,78.6,72.1602136674064
I1031,U104,quiet_deepwork,P025,study_room_07,synthetic,test,5,3,5,4,4,3,4,3,4,5,library,report_writing,mostly_solo,1_2h,afternoon,1,1,1,1,1,0,1,1,0,1,1,study_room,online_class,2,1_2h,early_morning,weekend,1.3,cloudy,indoor,sometimes,4,4,3,4,4,4,4,3,4,3,20,12,15,16,16,16,12,16,3.3,0.5,9,0.0,71.2,68.14167955447577
I1032,U104,quiet_deepwork,P075,computer_lab_01,synthetic,test,5,3,5,4,4,3,4,3,4,5,library,report_writing,mostly_solo,1_2h,afternoon,1,1,1,1,1,0,1,1,0,1,1,computer_lab,deep_study,solo,1_2h,evening,weekday,12.7,hot,indoor,sometimes,3,3,3,4,3,4,5,4,3,3,15,9,15,16,20,12,9,16,5.0,4.8,20,0.5,69.5,68.433769516806
I1033,U104,quiet_deepwork,P054,cafe_18,synthetic,test,5,3,5,4,4,3,4,3,4,5,library,report_writing,mostly_solo,1_2h,afternoon,1,1,1,1,1,0,1,1,0,1,1,cafe,online_class,solo,1_2h,afternoon,weekday,11.4,clear,indoor,sometimes,3,5,2,3,2,3,3,3,4,3,15,15,10,12,12,16,6,12,3.3,4.3,9,1.0,60.9,59.0419684596753
I1034,U104,quiet_deepwork,P016,library_16,synthetic,test,5,3,5,4,4,3,4,3,4,5,library,report_writing,mostly_solo,1_2h,afternoon,1,1,1,1,1,0,1,1,0,1,1,library,report_writing,solo,over_4h,afternoon,weekday,9.6,hot,indoor,rarely,5,4,3,5,3,4,3,5,4,4,25,12,15,20,12,16,9,16,4.3,3.6,25,1.0,86.0,75.65014321207603
I1035,U104,quiet_deepwork,P010,library_10,synthetic,test,5,3,5,4,4,3,4,3,4,5,library,report_writing,mostly_solo,1_2h,afternoon,1,1,1,1,1,0,1,1,0,1,1,library,light_reading,solo,2_4h,morning,weekday,8.0,clear,indoor,rarely,5,5,4,4,3,4,4,4,4,5,25,15,20,16,16,16,9,16,2.3,3.0,12,0.5,79.9,74.94772678207116
I1036,U104,quiet_deepwork,P081,computer_lab_07,synthetic,test,5,3,5,4,4,3,4,3,4,5,library,report_writing,mostly_solo,1_2h,afternoon,1,1,1,1,1,0,1,1,0,1,1,computer_lab,meeting,3_4,over_4h,evening,weekday,3.4,cloudy,indoor,sometimes,4,4,2,3,3,3,4,3,4,3,20,12,10,12,16,16,9,12,1.0,1.3,9,0.5,67.2,68.06942529306014
I1037,U104,quiet_deepwork,P051,cafe_15,synthetic,test,5,3,5,4,4,3,4,3,4,5,library,report_writing,mostly_solo,1_2h,afternoon,1,1,1,1,1,0,1,1,0,1,1,cafe,online_class,solo,2_4h,morning,weekday,9.4,cloudy,indoor,sometimes,3,4,2,3,3,4,3,3,4,3,15,12,10,12,12,16,9,16,3.3,3.5,9,0.5,66.2,62.137428987837566
I1038,U104,quiet_deepwork,P005,library_05,synthetic,test,5,3,5,4,4,3,4,3,4,5,library,report_writing,mostly_solo,1_2h,afternoon,1,1,1,1,1,0,1,1,0,1,1,library,coding,solo,under_1h,afternoon,weekday,10.8,cloudy,indoor,sometimes,5,4,4,5,3,4,4,4,4,4,25,12,20,20,16,16,9,16,4.5,4.1,20,1.0,83.0,77.8334474141823
I1039,U104,quiet_deepwork,P072,classroom_10,synthetic,test,5,3,5,4,4,3,4,3,4,5,library,report_writing,mostly_solo,1_2h,afternoon,1,1,1,1,1,0,1,1,0,1,1,classroom,deep_study,solo,over_4h,afternoon,weekday,5.3,cold,indoor,sometimes,3,3,4,3,3,3,4,4,3,3,15,9,20,12,16,12,9,12,5.0,2.0,20,1.0,63.1,67.49902068920031
I1040,U104,quiet_deepwork,P062,home_08,synthetic,test,5,3,5,4,4,3,4,3,4,5,library,report_writing,mostly_solo,1_2h,afternoon,1,1,1,1,1,0,1,1,0,1,1,home,deep_study,solo,2_4h,morning,weekday,9.0,clear,indoor,first_time,4,3,4,4,4,5,5,4,4,5,20,9,20,16,20,16,12,20,5.0,3.4,20,0.5,68.1,77.38993751981386
I1041,U105,convenience_oriented,P098,dorm_lounge_02,synthetic,valid,3,3,3,3,5,4,4,3,3,4,cafe,deep_study,mostly_solo,over_4h,late_night,0,0,0,1,1,1,0,1,1,0,0,dorm_lounge,deep_study,solo,1_2h,afternoon,weekday,18.5,rainy,indoor,sometimes,3,4,3,2,3,4,4,3,4,3,9,12,9,6,20,16,9,12,4.0,9.3,12,0.0,45.8,54.45031199873044
I1042,U105,convenience_oriented,P043,cafe_07,synthetic,valid,3,3,3,3,5,4,4,3,3,4,cafe,deep_study,mostly_solo,over_4h,late_night,0,0,0,1,1,1,0,1,1,0,0,cafe,deep_study,2,2_4h,late_night,weekday,6.3,cloudy,indoor,sometimes,2,5,3,3,2,4,3,4,3,3,6,15,9,9,15,12,6,12,4.0,3.1,16,1.0,56.1,52.79302273284174
I1043,U105,convenience_oriented,P078,computer_lab_04,synthetic,valid,3,3,3,3,5,4,4,3,3,4,cafe,deep_study,mostly_solo,over_4h,late_night,0,0,0,1,1,1,0,1,1,0,0,computer_lab,deep_study,solo,2_4h,early_morning,weekday,7.0,cloudy,indoor,sometimes,4,4,4,4,3,3,5,4,4,3,12,12,12,12,25,16,9,9,4.0,3.5,16,0.0,65.8,65.73314601958273
I1044,U105,convenience_oriented,P074,classroom_12,synthetic,valid,3,3,3,3,5,4,4,3,3,4,cafe,deep_study,mostly_solo,over_4h,late_night,0,0,0,1,1,1,0,1,1,0,0,classroom,report_writing,solo,2_4h,late_night,weekday,13.8,clear,indoor,sometimes,3,4,3,3,2,3,3,4,3,3,9,12,9,9,15,12,6,9,3.4,6.9,16,1.0,57.4,56.08364078190638
I1045,U105,convenience_oriented,P055,home_01,synthetic,valid,3,3,3,3,5,4,4,3,3,4,cafe,deep_study,mostly_solo,over_4h,late_night,0,0,0,1,1,1,0,1,1,0,0,home,team_project,2,over_4h,late_night,weekday,7.8,cloudy,indoor,often,4,3,5,4,4,5,5,3,4,5,12,9,15,12,25,16,12,15,1.0,3.9,9,1.0,60.9,69.87044288946126
I1046,U105,convenience_oriented,P046,cafe_10,synthetic,valid,3,3,3,3,5,4,4,3,3,4,cafe,deep_study,mostly_solo,over_4h,late_night,0,0,0,1,1,1,0,1,1,0,0,cafe,coding,solo,over_4h,late_night,weekday,12.7,clear,indoor,often,3,4,2,3,2,4,3,4,3,3,9,12,6,9,15,12,6,12,3.6,6.3,16,1.0,62.9,54.946042930753165
I1047,U105,convenience_oriented,P014,library_14,synthetic,valid,3,3,3,3,5,4,4,3,3,4,cafe,deep_study,mostly_solo,over_4h,late_night,0,0,0,1,1,1,0,1,1,0,0,library,report_writing,solo,1_2h,late_night,weekday,4.3,cloudy,indoor,sometimes,5,4,5,4,3,4,4,5,4,4,15,12,15,12,20,16,9,12,3.4,2.2,20,1.0,69.9,72.13734342126581
I1048,U105,convenience_oriented,P048,cafe_12,synthetic,valid,3,3,3,3,5,4,4,3,3,4,cafe,deep_study,mostly_solo,over_4h,late_night,0,0,0,1,1,1,0,1,1,0,0,cafe,coding,solo,over_4h,morning,weekend,1.0,cold,indoor,often,2,5,2,3,1,4,3,3,3,3,6,15,6,9,15,12,3,12,3.6,0.5,12,0.0,61.3,54.116494602094676
I1049,U105,convenience_oriented,P059,home_05,synthetic,valid,3,3,3,3,5,4,4,3,3,4,cafe,deep_study,mostly_solo,over_4h,late_night,0,0,0,1,1,1,0,1,1,0,0,home,online_class,solo,1_2h,afternoon,weekday,11.2,clear,indoor,sometimes,4,5,5,4,5,4,4,4,5,5,12,15,15,12,20,20,15,12,2.6,5.6,12,0.0,69.6,68.20671882713128
I1050,U105,convenience_oriented,P064,classroom_02,synthetic,valid,3,3,3,3,5,4,4,3,3,4,cafe,deep_study,mostly_solo,over_4h,late_night,0,0,0,1,1,1,0,1,1,0,0,classroom,report_writing,2,1_2h,late_night,weekend,7.8,cold,indoor,rarely,4,4,3,3,3,3,3,3,3,3,12,12,9,9,15,12,9,9,3.4,3.9,12,1.0,37.6,52.9523676305804
I1051,U106,quiet_deepwork,P018,library_18,synthetic,train,4,3,5,4,4,3,4,4,5,5,library,light_reading,mostly_solo,over_4h,afternoon,1,1,1,1,1,0,1,1,0,1,1,library,deep_study,solo,1_2h,evening,weekend,5.9,clear,indoor,first_time,5,4,3,4,3,3,4,5,4,3,20,12,15,16,16,16,12,15,5.0,2.2,25,0.5,74.3,74.68581803728077
I1052,U106,quiet_deepwork,P065,classroom_03,synthetic,train,4,3,5,4,4,3,4,4,5,5,library,light_reading,mostly_solo,over_4h,afternoon,1,1,1,1,1,0,1,1,0,1,1,classroom,deep_study,2,1_2h,afternoon,weekday,10.4,hot,indoor,often,4,4,3,3,3,3,4,3,3,3,16,12,15,12,16,12,12,15,5.0,3.9,15,1.0,60.6,62.64508163854529
I1053,U106,quiet_deepwork,P008,library_08,synthetic,train,4,3,5,4,4,3,4,4,5,5,library,light_reading,mostly_solo,over_4h,afternoon,1,1,1,1,1,0,1,1,0,1,1,library,team_project,2,2_4h,morning,weekday,8.9,hot,indoor,rarely,5,5,4,4,2,3,4,2,4,4,20,15,20,16,16,16,8,15,1.3,3.3,6,0.5,60.3,69.21552577651019
I1054,U106,quiet_deepwork,P060,home_06,synthetic,train,4,3,5,4,4,3,4,4,5,5,library,light_reading,mostly_solo,over_4h,afternoon,1,1,1,1,1,0,1,1,0,1,1,home,report_writing,2,over_4h,afternoon,weekday,13.6,clear,indoor,often,4,3,5,5,4,5,5,4,4,5,16,9,25,20,20,16,16,25,4.3,5.1,20,1.0,89.2,80.21594232387247
I1055,U106,quiet_deepwork,P032,study_room_14,synthetic,train,4,3,5,4,4,3,4,4,5,5,library,light_reading,mostly_solo,over_4h,afternoon,1,1,1,1,1,0,1,1,0,1,1,study_room,deep_study,solo,2_4h,early_morning,weekend,22.2,cloudy,indoor,sometimes,4,4,4,4,4,3,4,3,4,4,16,12,20,16,16,16,16,15,5.0,8.3,15,0.0,69.8,69.62257664922953
I1056,U106,quiet_deepwork,P057,home_03,synthetic,train,4,3,5,4,4,3,4,4,5,5,library,light_reading,mostly_solo,over_4h,afternoon,1,1,1,1,1,0,1,1,0,1,1,home,report_writing,solo,over_4h,evening,weekday,8.6,cloudy,indoor,sometimes,3,4,4,4,5,4,5,4,5,4,12,12,20,16,20,20,20,20,4.3,3.2,20,0.5,83.2,78.17491328097344
I1057,U106,quiet_deepwork,P100,dorm_lounge_04,synthetic,train,4,3,5,4,4,3,4,4,5,5,library,light_reading,mostly_solo,over_4h,afternoon,1,1,1,1,1,0,1,1,0,1,1,dorm_lounge,deep_study,solo,2_4h,afternoon,weekday,13.4,clear,indoor,sometimes,3,4,2,3,3,4,3,2,4,4,12,12,10,12,12,16,12,20,5.0,5.0,10,1.0,61.5,63.40461166787504
I1058,U106,quiet_deepwork,P010,library_10,synthetic,train,4,3,5,4,4,3,4,4,5,5,library,light_reading,mostly_solo,over_4h,afternoon,1,1,1,1,1,0,1,1,0,1,1,library,deep_study,solo,under_1h,afternoon,weekend,8.3,cloudy,indoor,often,5,5,4,4,3,4,4,5,4,5,20,15,20,16,16,16,12,20,5.0,3.1,25,1.0,78.5,81.56488663208418
I1059,U106,quiet_deepwork,P018,library_18,synthetic,train,4,3,5,4,4,3,4,4,5,5,library,light_reading,mostly_solo,over_4h,afternoon,1,1,1,1,1,0,1,1,0,1,1,library,deep_study,solo,2_4h,late_night,weekend,14.3,clear,indoor,first_time,5,4,3,4,3,3,4,4,4,3,20,12,15,16,16,16,12,15,5.0,5.3,20,0.0,66.1,70.4719491438258
I1060,U106,quiet_deepwork,P013,library_13,synthetic,train,4,3,5,4,4,3,4,4,5,5,library,light_reading,mostly_solo,over_4h,afternoon,1,1,1,1,1,0,1,1,0,1,1,library,report_writing,solo,over_4h,afternoon,weekday,3.2,cold,indoor,first_time,5,4,4,4,3,3,5,5,4,4,20,12,20,16,20,16,12,15,4.3,1.2,25,1.0,79.0,78.23615032143533
I1061,U107,comfort_oriented,P012,library_12,synthetic,train,3,5,4,4,5,5,5,5,3,4,home,coding,mostly_solo,1_2h,evening,0,1,1,1,1,1,0,1,1,0,1,library,deep_study,2,2_4h,afternoon,weekday,2.7,hot,indoor,sometimes,5,4,4,4,3,3,3,5,5,4,15,20,16,16,15,25,15,9,4.0,1.7,20,0.5,73.6,72.44679701546906
I1062,U107,comfort_oriented,P035,study_room_17,synthetic,train,3,5,4,4,5,5,5,5,3,4,home,coding,mostly_solo,1_2h,evening,0,1,1,1,1,1,0,1,1,0,1,study_room,light_reading,solo,1_2h,evening,weekday,4.2,clear,indoor,sometimes,4,4,4,4,3,4,5,3,4,3,12,20,16,16,25,20,15,12,1.8,2.6,9,1.0,70.1,71.03720837715589
I1063,U107,comfort_oriented,P041,cafe_05,synthetic,train,3,5,4,4,5,5,5,5,3,4,home,coding,mostly_solo,1_2h,evening,0,1,1,1,1,1,0,1,1,0,1,cafe,coding,solo,2_4h,afternoon,weekday,9.4,clear,indoor,rarely,2,4,2,3,2,4,4,3,4,3,6,20,8,12,20,20,10,12,3.6,5.8,12,0.5,62.6,57.71051433070801
I1064,U107,comfort_oriented,P060,home_06,synthetic,train,3,5,4,4,5,5,5,5,3,4,home,coding,mostly_solo,1_2h,evening,0,1,1,1,1,1,0,1,1,0,1,home,light_reading,solo,1_2h,afternoon,weekday,15.7,hot,indoor,rarely,4,3,5,5,4,5,5,4,4,5,12,15,20,20,25,20,20,15,1.8,9.8,12,0.5,70.5,67.72887112161202
I1065,U107,comfort_oriented,P026,study_room_08,synthetic,train,3,5,4,4,5,5,5,5,3,4,home,coding,mostly_solo,1_2h,evening,0,1,1,1,1,1,0,1,1,0,1,study_room,report_writing,solo,over_4h,afternoon,weekday,23.1,cloudy,indoor,sometimes,4,5,4,4,5,4,4,4,4,3,12,25,16,16,20,20,25,12,3.4,14.4,16,0.5,62.3,67.7960544649658
I1066,U107,comfort_oriented,P085,coworking_space_01,synthetic,train,3,5,4,4,5,5,5,5,3,4,home,coding,mostly_solo,1_2h,evening,0,1,1,1,1,1,0,1,1,0,1,coworking_space,light_reading,5_plus,over_4h,evening,weekday,4.3,clear,indoor,rarely,3,5,2,3,4,3,4,3,4,3,9,25,8,12,20,20,20,9,1.8,2.7,9,1.0,59.1,61.80291076457772
I1067,U107,comfort_oriented,P104,dorm_lounge_08,synthetic,train,3,5,4,4,5,5,5,5,3,4,home,coding,mostly_solo,1_2h,evening,0,1,1,1,1,1,0,1,1,0,1,dorm_lounge,online_class,solo,1_2h,evening,weekday,14.2,cloudy,indoor,sometimes,3,4,3,3,4,4,4,3,4,3,9,20,12,12,20,20,20,12,2.6,8.9,9,1.0,52.5,62.132805895844086
I1068,U107,comfort_oriented,P093,coworking_space_09,synthetic,train,3,5,4,4,5,5,5,5,3,4,home,coding,mostly_solo,1_2h,evening,0,1,1,1,1,1,0,1,1,0,1,coworking_space,team_project,2,1_2h,morning,weekday,10.0,clear,indoor,often,3,4,2,3,4,4,4,4,4,3,9,20,8,12,20,20,20,12,1.0,6.3,12,0.0,74.4,66.25079779825354
I1069,U107,comfort_oriented,P076,computer_lab_02,synthetic,train,3,5,4,4,5,5,5,5,3,4,home,coding,mostly_solo,1_2h,evening,0,1,1,1,1,1,0,1,1,0,1,computer_lab,meeting,2,2_4h,afternoon,weekday,9.4,clear,indoor,sometimes,3,5,3,4,4,3,4,3,3,4,9,25,12,16,20,15,20,9,0.8,5.9,9,0.5,60.9,67.28180893629849
I1070,U107,comfort_oriented,P081,computer_lab_07,synthetic,train,3,5,4,4,5,5,5,5,3,4,home,coding,mostly_solo,1_2h,evening,0,1,1,1,1,1,0,1,1,0,1,computer_lab,report_writing,solo,2_4h,evening,weekday,7.0,cloudy,indoor,often,4,4,2,3,3,3,4,4,4,3,12,20,8,12,20,20,15,9,3.4,4.4,16,1.0,63.3,68.13042031509923
I1071,U108,comfort_oriented,P044,cafe_08,synthetic,train,4,4,4,4,4,5,4,4,5,4,cafe,light_reading,mostly_solo,over_4h,morning,1,1,1,1,1,1,1,1,1,1,1,cafe,light_reading,solo,1_2h,afternoon,weekend,12.3,cloudy,indoor,rarely,3,4,3,4,2,4,3,4,4,2,12,16,12,16,12,16,8,20,1.8,7.7,12,0.5,56.3,58.861234846423024
I1072,U108,comfort_oriented,P118,outdoor_10,synthetic,train,4,4,4,4,4,5,4,4,5,4,cafe,light_reading,mostly_solo,over_4h,morning,1,1,1,1,1,1,1,1,1,1,1,outdoor,report_writing,2,2_4h,afternoon,weekend,8.6,hot,outdoor,sometimes,3,5,3,3,3,3,2,3,3,3,12,20,12,12,8,12,12,15,3.4,5.4,12,0.5,52.1,53.15658011208154
I1073,U108,comfort_oriented,P073,classroom_11,synthetic,train,4,4,4,4,4,5,4,4,5,4,cafe,light_reading,mostly_solo,over_4h,morning,1,1,1,1,1,1,1,1,1,1,1,classroom,report_writing,solo,2_4h,afternoon,weekday,17.3,hot,indoor,first_time,4,5,3,3,4,3,3,3,3,4,16,20,12,12,12,12,16,15,3.4,10.8,12,0.5,62.4,57.553944686788064
I1074,U108,comfort_oriented,P057,home_03,synthetic,train,4,4,4,4,4,5,4,4,5,4,cafe,light_reading,mostly_solo,over_4h,morning,1,1,1,1,1,1,1,1,1,1,1,home,deep_study,solo,2_4h,morning,weekend,1.0,rainy,indoor,sometimes,3,4,4,4,5,4,5,4,5,4,12,16,16,16,20,20,20,20,4.0,0.6,16,1.0,85.1,78.6364132087836
I1075,U108,comfort_oriented,P056,home_02,synthetic,train,4,4,4,4,4,5,4,4,5,4,cafe,light_reading,mostly_solo,over_4h,morning,1,1,1,1,1,1,1,1,1,1,1,home,coding,2,2_4h,afternoon,weekend,13.1,cold,indoor,often,4,3,5,4,5,4,5,4,5,5,16,12,20,16,20,20,20,20,3.6,8.2,16,0.5,75.9,71.90006725258621
I1076,U108,comfort_oriented,P074,classroom_12,synthetic,train,4,4,4,4,4,5,4,4,5,4,cafe,light_reading,mostly_solo,over_4h,morning,1,1,1,1,1,1,1,1,1,1,1,classroom,coding,solo,1_2h,morning,weekend,13.2,hot,indoor,rarely,3,4,3,3,2,3,3,3,3,3,12,16,12,12,12,12,8,15,3.6,8.3,12,1.0,42.7,55.01935922173364
I1077,U108,comfort_oriented,P075,computer_lab_01,synthetic,train,4,4,4,4,4,5,4,4,5,4,cafe,light_reading,mostly_solo,over_4h,morning,1,1,1,1,1,1,1,1,1,1,1,computer_lab,online_class,solo,1_2h,afternoon,weekday,8.7,clear,indoor,sometimes,3,3,3,4,3,4,5,4,3,3,12,12,12,16,20,12,12,20,2.6,5.5,12,0.5,73.4,66.79492669123293
I1078,U108,comfort_oriented,P002,library_02,synthetic,train,4,4,4,4,4,5,4,4,5,4,cafe,light_reading,mostly_solo,over_4h,morning,1,1,1,1,1,1,1,1,1,1,1,library,report_writing,solo,1_2h,afternoon,weekend,10.5,rainy,indoor,sometimes,5,5,4,4,2,3,4,5,4,4,20,20,16,16,16,16,8,15,3.4,6.6,20,0.5,71.5,72.93188569094049
I1079,U108,comfort_oriented,P040,cafe_04,synthetic,train,4,4,4,4,4,5,4,4,5,4,cafe,light_reading,mostly_solo,over_4h,morning,1,1,1,1,1,1,1,1,1,1,1,cafe,online_class,solo,1_2h,evening,weekday,12.5,clear,indoor,rarely,3,4,2,3,3,4,3,3,4,3,12,16,8,12,12,16,12,20,2.6,7.8,9,0.0,56.3,57.511705281619896
I1080,U108,comfort_oriented,P055,home_01,synthetic,train,4,4,4,4,4,5,4,4,5,4,cafe,light_reading,mostly_solo,over_4h,morning,1,1,1,1,1,1,1,1,1,1,1,home,team_project,2,2_4h,evening,weekday,6.3,clear,indoor,rarely,4,3,5,4,4,5,5,3,4,5,16,12,20,16,20,16,16,25,1.0,3.9,9,0.0,82.1,75.49692682358088
I1081,U109,convenience_oriented,P100,dorm_lounge_04,synthetic,train,3,4,4,4,5,4,5,4,4,4,home,online_class,mostly_solo,2_4h,evening,0,1,1,1,1,1,0,1,1,1,1,dorm_lounge,coding,2,2_4h,afternoon,weekday,15.5,rainy,indoor,often,3,4,2,3,3,4,3,3,4,4,9,16,8,12,15,20,12,16,3.6,7.7,12,0.5,63.1,58.47617322409085
I1082,U109,convenience_oriented,P073,classroom_11,synthetic,train,3,4,4,4,5,4,5,4,4,4,home,online_class,mostly_solo,2_4h,evening,0,1,1,1,1,1,0,1,1,1,1,classroom,online_class,solo,under_1h,afternoon,weekday,9.9,clear,indoor,sometimes,4,5,3,3,4,3,3,4,3,4,12,20,12,12,15,15,16,12,2.6,4.9,12,0.5,68.3,66.40313558992406
I1083,U109,convenience_oriented,P113,outdoor_05,synthetic,train,3,4,4,4,5,4,5,4,4,4,home,online_class,mostly_solo,2_4h,evening,0,1,1,1,1,1,0,1,1,1,1,outdoor,online_class,solo,1_2h,early_morning,weekday,17.3,cloudy,outdoor,often,3,3,4,2,2,3,2,2,3,3,9,12,16,8,10,15,8,12,2.6,8.6,6,0.0,64.7,51.90043785996563
I1084,U109,convenience_oriented,P011,library_11,synthetic,train,3,4,4,4,5,4,5,4,4,4,home,online_class,mostly_solo,2_4h,evening,0,1,1,1,1,1,0,1,1,1,1,library,report_writing,solo,2_4h,afternoon,weekend,12.0,cloudy,indoor,often,5,4,4,4,2,4,4,4,4,3,15,16,16,16,20,20,8,16,3.4,6.0,16,0.5,70.1,72.86411534806557
I1085,U109,convenience_oriented,P086,coworking_space_02,synthetic,train,3,4,4,4,5,4,5,4,4,4,home,online_class,mostly_solo,2_4h,evening,0,1,1,1,1,1,0,1,1,1,1,coworking_space,light_reading,solo,1_2h,evening,weekday,15.3,cold,indoor,often,3,4,4,4,5,3,4,3,4,4,9,16,16,16,20,20,20,12,1.8,7.7,9,1.0,68.8,65.63887684333972
I1086,U109,convenience_oriented,P036,study_room_18,synthetic,train,3,4,4,4,5,4,5,4,4,4,home,online_class,mostly_solo,2_4h,evening,0,1,1,1,1,1,0,1,1,1,1,study_room,deep_study,solo,over_4h,late_night,weekday,15.0,clear,indoor,sometimes,5,4,4,4,4,4,5,4,4,4,15,16,16,16,25,20,16,16,4.0,7.5,16,0.5,70.9,73.16898026920312
I1087,U109,convenience_oriented,P024,study_room_06,synthetic,train,3,4,4,4,5,4,5,4,4,4,home,online_class,mostly_solo,2_4h,evening,0,1,1,1,1,1,0,1,1,1,1,study_room,coding,solo,2_4h,evening,weekday,3.7,hot,indoor,often,4,4,3,4,3,4,4,4,4,3,12,16,12,16,20,20,12,16,3.6,1.9,16,1.0,79.4,71.80673248272159
I1088,U109,convenience_oriented,P012,library_12,synthetic,train,3,4,4,4,5,4,5,4,4,4,home,online_class,mostly_solo,2_4h,evening,0,1,1,1,1,1,0,1,1,1,1,library,report_writing,2,2_4h,afternoon,weekday,13.0,cloudy,indoor,sometimes,5,4,4,4,3,3,3,5,5,4,15,16,16,16,15,25,12,12,3.4,6.5,20,0.5,61.7,70.95913072848651
I1089,U109,convenience_oriented,P023,study_room_05,synthetic,train,3,4,4,4,5,4,5,4,4,4,home,online_class,mostly_solo,2_4h,evening,0,1,1,1,1,1,0,1,1,1,1,study_room,online_class,2,1_2h,afternoon,weekday,13.7,clear,indoor,often,5,4,3,4,4,4,3,4,4,4,15,16,12,16,15,20,16,16,2.6,6.9,12,0.5,64.2,67.62634533977507
I1090,U109,convenience_oriented,P070,classroom_08,synthetic,train,3,4,4,4,5,4,5,4,4,4,home,online_class,mostly_solo,2_4h,evening,0,1,1,1,1,1,0,1,1,1,1,classroom,coding,solo,2_4h,late_night,weekday,8.4,cloudy,indoor,rarely,3,4,3,2,3,2,3,4,2,3,9,16,12,8,15,10,12,8,3.6,4.2,16,0.5,47.8,56.78860197886759
I1091,U110,quiet_deepwork,P099,dorm_lounge_03,synthetic,train,5,4,4,5,4,3,3,4,4,5,classroom,meeting,mostly_solo,1_2h,evening,1,1,1,0,1,0,1,1,0,1,1,dorm_lounge,coding,2,2_4h,late_night,weekday,10.0,clear,indoor,rarely,4,4,3,3,3,3,4,3,3,3,20,16,12,15,16,9,12,12,4.5,3.7,15,0.5,64.1,62.73722851813147
I1092,U110,quiet_deepwork,P017,library_17,synthetic,train,5,4,4,5,4,3,3,4,4,5,classroom,meeting,mostly_solo,1_2h,evening,1,1,1,0,1,0,1,1,0,1,1,library,coding,solo,over_4h,evening,weekday,12.4,rainy,indoor,sometimes,5,4,4,5,3,3,4,4,5,4,25,16,16,25,16,15,12,12,4.5,4.7,20,1.0,76.0,78.54103158116425
I1093,U110,quiet_deepwork,P019,study_room_01,synthetic,train,5,4,4,5,4,3,3,4,4,5,classroom,meeting,mostly_solo,1_2h,evening,1,1,1,0,1,0,1,1,0,1,1,study_room,online_class,solo,under_1h,morning,weekend,9.8,clear,indoor,sometimes,4,3,4,4,3,4,4,3,4,4,20,12,16,20,16,12,12,16,3.3,3.7,9,0.0,80.1,73.04514307876549
I1094,U110,quiet_deepwork,P021,study_room_03,synthetic,train,5,4,4,5,4,3,3,4,4,5,classroom,meeting,mostly_solo,1_2h,evening,1,1,1,0,1,0,1,1,0,1,1,study_room,light_reading,solo,under_1h,afternoon,weekend,16.3,cloudy,indoor,often,5,4,4,4,3,4,4,4,4,2,25,16,16,20,16,12,12,16,2.3,6.1,12,0.5,69.4,74.36561204923306
I1095,U110,quiet_deepwork,P073,classroom_11,synthetic,train,5,4,4,5,4,3,3,4,4,5,classroom,meeting,mostly_solo,1_2h,evening,1,1,1,0,1,0,1,1,0,1,1,classroom,deep_study,2,over_4h,afternoon,weekend,9.9,cloudy,indoor,rarely,4,5,3,3,4,3,3,3,3,4,20,20,12,15,12,9,16,12,5.0,3.7,15,0.5,61.7,63.71823779396806
I1096,U110,quiet_deepwork,P016,library_16,synthetic,train,5,4,4,5,4,3,3,4,4,5,classroom,meeting,mostly_solo,1_2h,evening,1,1,1,0,1,0,1,1,0,1,1,library,meeting,3_4,1_2h,afternoon,weekday,13.4,clear,indoor,first_time,5,4,3,5,3,4,3,3,4,4,25,16,12,25,12,12,12,16,1.0,5.0,9,0.5,69.8,73.93962223887195
I1097,U110,quiet_deepwork,P023,study_room_05,synthetic,train,5,4,4,5,4,3,3,4,4,5,classroom,meeting,mostly_solo,1_2h,evening,1,1,1,0,1,0,1,1,0,1,1,study_room,report_writing,3_4,2_4h,early_morning,weekday,14.5,cloudy,indoor,often,5,4,3,4,4,4,3,4,4,4,25,16,12,20,12,12,16,16,4.3,5.4,20,0.0,74.0,75.46904696510411
I1098,U110,quiet_deepwork,P025,study_room_07,synthetic,train,5,4,4,5,4,3,3,4,4,5,classroom,meeting,mostly_solo,1_2h,evening,1,1,1,0,1,0,1,1,0,1,1,study_room,report_writing,solo,2_4h,late_night,weekday,5.1,clear,indoor,first_time,4,4,3,4,4,4,4,4,4,3,20,16,12,20,16,12,16,16,4.3,1.9,20,0.5,79.0,74.87866218270602
I1099,U110,quiet_deepwork,P039,cafe_03,synthetic,train,5,4,4,5,4,3,3,4,4,5,classroom,meeting,mostly_solo,1_2h,evening,1,1,1,0,1,0,1,1,0,1,1,cafe,deep_study,solo,2_4h,evening,weekday,12.9,hot,indoor,rarely,3,4,2,3,2,4,3,3,4,4,15,16,8,15,12,12,8,16,5.0,4.8,15,1.0,69.5,61.268595970787295
I1100,U110,quiet_deepwork,P032,study_room_14,synthetic,train,5,4,4,5,4,3,3,4,4,5,classroom,meeting,mostly_solo,1_2h,evening,1,1,1,0,1,0,1,1,0,1,1,study_room,light_reading,solo,2_4h,evening,weekend,19.5,clear,indoor,rarely,4,4,4,4,4,3,4,3,4,4,20,16,16,20,16,12,16,12,2.3,7.3,9,1.0,69.2,69.03594900001144
I1101,U111,convenience_oriented,P002,library_02,synthetic,test,3,3,3,3,5,5,5,4,4,4,classroom,deep_study,mostly_solo,1_2h,early_morning,0,0,0,1,1,1,0,1,1,1,0,library,report_writing,3_4,2_4h,evening,weekday,3.6,rainy,indoor,first_time,5,5,4,4,2,3,4,5,4,4,15,15,12,12,20,20,8,12,3.4,2.3,20,0.0,68.5,66.27874672967332
I1102,U111,convenience_oriented,P038,cafe_02,synthetic,test,3,3,3,3,5,5,5,4,4,4,classroom,deep_study,mostly_solo,1_2h,early_morning,0,0,0,1,1,1,0,1,1,1,0,cafe,online_class,solo,over_4h,evening,weekday,18.1,rainy,indoor,rarely,2,4,3,2,2,4,3,2,3,3,6,12,9,6,15,15,8,16,2.6,11.3,6,0.0,46.3,46.01380807195727
I1103,U111,convenience_oriented,P062,home_08,synthetic,test,3,3,3,3,5,5,5,4,4,4,classroom,deep_study,mostly_solo,1_2h,early_morning,0,0,0,1,1,1,0,1,1,1,0,home,light_reading,3_4,2_4h,early_morning,weekend,13.2,clear,indoor,sometimes,4,3,4,4,4,5,5,5,4,5,12,9,12,12,25,20,16,20,1.8,8.2,15,1.0,71.8,69.10406120798969
I1104,U111,convenience_oriented,P094,coworking_space_10,synthetic,test,3,3,3,3,5,5,5,4,4,4,classroom,deep_study,mostly_solo,1_2h,early_morning,0,0,0,1,1,1,0,1,1,1,0,coworking_space,deep_study,solo,1_2h,morning,weekday,7.1,clear,indoor,sometimes,3,5,3,4,3,4,3,3,4,4,9,15,9,12,15,20,12,16,4.0,4.4,12,0.5,59.1,61.694356718962
I1105,U111,convenience_oriented,P062,home_08,synthetic,test,3,3,3,3,5,5,5,4,4,4,classroom,deep_study,mostly_solo,1_2h,early_morning,0,0,0,1,1,1,0,1,1,1,0,home,team_project,3_4,1_2h,afternoon,weekday,9.1,clear,indoor,first_time,4,3,4,4,4,5,5,3,4,5,12,9,12,12,25,20,16,20,1.0,5.7,9,0.0,63.3,69.25498693971011
I1106,U111,convenience_oriented,P037,cafe_01,synthetic,test,3,3,3,3,5,5,5,4,4,4,classroom,deep_study,mostly_solo,1_2h,early_morning,0,0,0,1,1,1,0,1,1,1,0,cafe,meeting,5_plus,2_4h,early_morning,weekday,14.5,clear,indoor,often,3,4,2,2,2,4,3,4,4,4,9,12,6,6,15,20,8,16,0.8,9.1,12,1.0,56.9,58.99711861531712
I1107,U111,convenience_oriented,P061,home_07,synthetic,test,3,3,3,3,5,5,5,4,4,4,classroom,deep_study,mostly_solo,1_2h,early_morning,0,0,0,1,1,1,0,1,1,1,0,home,light_reading,solo,under_1h,evening,weekday,16.7,clear,indoor,first_time,4,4,4,4,4,4,4,4,4,5,12,12,12,12,20,20,16,16,1.8,10.4,12,0.0,54.2,61.73940415424189
I1108,U111,convenience_oriented,P017,library_17,synthetic,test,3,3,3,3,5,5,5,4,4,4,classroom,deep_study,mostly_solo,1_2h,early_morning,0,0,0,1,1,1,0,1,1,1,0,library,team_project,2,2_4h,late_night,weekend,14.0,cold,indoor,sometimes,5,4,4,5,3,3,4,3,5,4,15,12,12,15,20,25,12,12,1.0,8.8,9,0.0,69.1,65.29080965129572
I1109,U111,convenience_oriented,P003,library_03,synthetic,test,3,3,3,3,5,5,5,4,4,4,classroom,deep_study,mostly_solo,1_2h,early_morning,0,0,0,1,1,1,0,1,1,1,0,library,coding,solo,1_2h,early_morning,weekday,4.0,cloudy,indoor,rarely,5,3,4,5,3,3,4,4,4,4,15,9,12,15,20,20,12,12,3.6,2.5,16,1.0,67.9,69.30924405151362
I1110,U111,convenience_oriented,P050,cafe_14,synthetic,test,3,3,3,3,5,5,5,4,4,4,classroom,deep_study,mostly_solo,1_2h,early_morning,0,0,0,1,1,1,0,1,1,1,0,cafe,report_writing,solo,2_4h,early_morning,weekday,7.9,clear,indoor,rarely,3,5,2,3,2,4,3,4,4,3,9,15,6,9,15,20,8,16,3.4,5.0,16,1.0,49.6,59.13634839520311
I1111,U112,convenience_oriented,P047,cafe_11,synthetic,train,4,4,4,3,5,5,4,4,4,4,classroom,coding,mostly_solo,2_4h,morning,1,1,0,1,1,1,1,1,1,1,0,cafe,light_reading,solo,1_2h,afternoon,weekend,12.2,cold,indoor,sometimes,3,4,3,3,2,4,3,3,4,3,12,16,12,9,15,16,8,16,1.8,7.6,9,0.5,64.5,57.520458328868344
I1112,U112,convenience_oriented,P003,library_03,synthetic,train,4,4,4,3,5,5,4,4,4,4,classroom,coding,mostly_solo,2_4h,morning,1,1,0,1,1,1,1,1,1,1,0,library,online_class,solo,2_4h,early_morning,weekend,1.0,clear,indoor,often,5,3,4,5,3,3,4,3,4,4,20,12,16,15,20,16,12,12,2.6,0.6,9,0.5,70.4,74.18034301632656
I1113,U112,convenience_oriented,P050,cafe_14,synthetic,train,4,4,4,3,5,5,4,4,4,4,classroom,coding,mostly_solo,2_4h,morning,1,1,0,1,1,1,1,1,1,1,0,cafe,online_class,solo,1_2h,late_night,weekday,12.6,hot,indoor,sometimes,3,5,2,3,2,4,3,3,4,3,12,20,8,9,15,16,8,16,2.6,7.9,9,0.0,49.1,56.043514354063625
I1114,U112,convenience_oriented,P056,home_02,synthetic,train,4,4,4,3,5,5,4,4,4,4,classroom,coding,mostly_solo,2_4h,morning,1,1,0,1,1,1,1,1,1,1,0,home,report_writing,solo,2_4h,morning,weekday,7.6,clear,indoor,often,4,3,5,4,5,4,5,4,5,5,16,12,20,12,25,20,20,16,3.4,4.7,16,1.0,78.1,79.13266336096484
I1115,U112,convenience_oriented,P031,study_room_13,synthetic,train,4,4,4,3,5,5,4,4,4,4,classroom,coding,mostly_solo,2_4h,morning,1,1,0,1,1,1,1,1,1,1,0,study_room,team_project,3_4,1_2h,afternoon,weekend,7.4,hot,indoor,first_time,5,4,4,4,4,4,4,5,5,4,20,16,16,12,20,20,16,16,1.0,4.6,15,0.5,78.4,74.9437300278615
I1116,U112,convenience_oriented,P115,outdoor_07,synthetic,train,4,4,4,3,5,5,4,4,4,4,classroom,coding,mostly_solo,2_4h,morning,1,1,0,1,1,1,1,1,1,1,0,outdoor,light_reading,solo,1_2h,early_morning,weekday,12.5,cloudy,outdoor,often,3,4,3,3,1,3,1,4,2,3,12,16,12,9,5,8,4,12,1.8,7.8,12,0.5,53.7,50.84993514837789
I1117,U112,convenience_oriented,P017,library_17,synthetic,train,4,4,4,3,5,5,4,4,4,4,classroom,coding,mostly_solo,2_4h,morning,1,1,0,1,1,1,1,1,1,1,0,library,report_writing,solo,1_2h,evening,weekend,12.3,clear,indoor,sometimes,5,4,4,5,3,3,4,5,5,4,20,16,16,15,20,20,12,12,3.4,7.7,20,0.0,69.9,73.59014891008766
I1118,U112,convenience_oriented,P016,library_16,synthetic,train,4,4,4,3,5,5,4,4,4,4,classroom,coding,mostly_solo,2_4h,morning,1,1,0,1,1,1,1,1,1,1,0,library,coding,2,over_4h,evening,weekday,13.5,clear,indoor,sometimes,5,4,3,5,3,4,3,3,4,4,20,16,12,15,15,16,12,16,3.6,8.5,12,0.0,74.7,62.88282847995637
I1119,U112,convenience_oriented,P029,study_room_11,synthetic,train,4,4,4,3,5,5,4,4,4,4,classroom,coding,mostly_solo,2_4h,morning,1,1,0,1,1,1,1,1,1,1,0,study_room,online_class,solo,2_4h,afternoon,weekday,11.3,cold,indoor,sometimes,4,4,3,4,2,4,4,4,4,3,16,16,12,12,20,16,8,16,2.6,7.1,12,0.5,57.2,65.06977350625125
I1120,U112,convenience_oriented,P053,cafe_17,synthetic,train,4,4,4,3,5,5,4,4,4,4,classroom,coding,mostly_solo,2_4h,morning,1,1,0,1,1,1,1,1,1,1,0,cafe,online_class,solo,1_2h,morning,weekday,11.4,hot,indoor,often,3,4,2,2,2,3,3,3,3,3,12,16,8,6,15,12,8,12,2.6,7.1,9,1.0,45.7,54.867602307970394
I1121,U113,convenience_oriented,P040,cafe_04,synthetic,test,3,4,4,3,5,5,4,3,3,3,computer_lab,meeting,mixed,2_4h,afternoon,0,1,0,1,1,1,0,1,1,0,0,cafe,report_writing,2,2_4h,afternoon,weekday,7.5,rainy,indoor,sometimes,3,4,2,3,3,4,3,4,4,3,9,16,8,9,15,16,9,12,2.6,4.7,12,1.0,64.4,53.77801638964754
I1122,U113,convenience_oriented,P054,cafe_18,synthetic,test,3,4,4,3,5,5,4,3,3,3,computer_lab,meeting,mixed,2_4h,afternoon,0,1,0,1,1,1,0,1,1,0,0,cafe,online_class,2,2_4h,afternoon,weekend,12.4,cloudy,indoor,often,3,5,2,3,2,3,3,2,4,3,9,20,8,9,15,16,6,9,2.0,7.7,6,1.0,56.9,48.165282892881955
I1123,U113,convenience_oriented,P011,library_11,synthetic,test,3,4,4,3,5,5,4,3,3,3,computer_lab,meeting,mixed,2_4h,afternoon,0,1,0,1,1,1,0,1,1,0,0,library,light_reading,solo,1_2h,afternoon,weekday,9.0,rainy,indoor,sometimes,5,4,4,4,2,4,4,5,4,3,15,16,16,12,20,16,6,12,1.4,5.6,15,1.0,63.1,65.30909471276149
I1124,U113,convenience_oriented,P103,dorm_lounge_07,synthetic,test,3,4,4,3,5,5,4,3,3,3,computer_lab,meeting,mixed,2_4h,afternoon,0,1,0,1,1,1,0,1,1,0,0,dorm_lounge,meeting,5_plus,1_2h,afternoon,weekend,21.9,cloudy,indoor,sometimes,3,4,3,3,4,4,5,4,3,3,9,16,12,9,25,12,12,12,0.6,13.7,12,1.0,59.1,55.36220225513132
I1125,U113,convenience_oriented,P044,cafe_08,synthetic,test,3,4,4,3,5,5,4,3,3,3,computer_lab,meeting,mixed,2_4h,afternoon,0,1,0,1,1,1,0,1,1,0,0,cafe,online_class,solo,1_2h,afternoon,weekday,14.1,clear,indoor,rarely,3,4,3,4,2,4,3,2,4,2,9,16,12,12,15,16,6,12,2.0,8.8,6,1.0,55.2,50.45721499925607
I1126,U113,convenience_oriented,P075,computer_lab_01,synthetic,test,3,4,4,3,5,5,4,3,3,3,computer_lab,meeting,mixed,2_4h,afternoon,0,1,0,1,1,1,0,1,1,0,0,computer_lab,deep_study,solo,2_4h,afternoon,weekday,14.2,clear,indoor,sometimes,3,3,3,4,3,4,5,5,3,3,9,12,12,12,25,12,9,12,3.0,8.9,15,1.0,69.2,59.15112038373273
I1127,U113,convenience_oriented,P092,coworking_space_08,synthetic,test,3,4,4,3,5,5,4,3,3,3,computer_lab,meeting,mixed,2_4h,afternoon,0,1,0,1,1,1,0,1,1,0,0,coworking_space,coding,solo,1_2h,afternoon,weekday,3.9,clear,indoor,sometimes,2,4,3,4,3,4,4,4,4,3,6,16,12,12,20,16,9,12,2.7,2.4,12,1.0,62.1,60.09923248422528
I1128,U113,convenience_oriented,P077,computer_lab_03,synthetic,test,3,4,4,3,5,5,4,3,3,3,computer_lab,meeting,mixed,2_4h,afternoon,0,1,0,1,1,1,0,1,1,0,0,computer_lab,coding,solo,2_4h,evening,weekday,16.2,cloudy,indoor,often,4,3,3,3,2,3,4,5,4,4,12,12,12,9,20,16,6,9,2.7,10.1,15,0.5,51.1,57.52053152152162
I1129,U113,convenience_oriented,P001,library_01,synthetic,test,3,4,4,3,5,5,4,3,3,3,computer_lab,meeting,mixed,2_4h,afternoon,0,1,0,1,1,1,0,1,1,0,0,library,online_class,solo,1_2h,afternoon,weekday,7.9,cold,indoor,sometimes,5,4,4,5,2,3,4,3,4,4,15,16,16,15,20,16,6,9,2.0,4.9,9,1.0,66.5,63.14358861909808
I1130,U113,convenience_oriented,P042,cafe_06,synthetic,test,3,4,4,3,5,5,4,3,3,3,computer_lab,meeting,mixed,2_4h,afternoon,0,1,0,1,1,1,0,1,1,0,0,cafe,coding,solo,2_4h,afternoon,weekday,12.2,cloudy,indoor,often,3,4,2,3,2,4,3,4,4,3,9,16,8,9,15,16,6,12,2.7,7.6,12,1.0,52.3,53.82428689982093
I1131,U114,social_collaborative,P085,coworking_space_01,synthetic,test,2,4,2,3,4,4,4,4,4,3,outdoor,meeting,mostly_group,2_4h,late_night,0,0,0,1,1,1,0,1,1,1,0,coworking_space,deep_study,solo,2_4h,afternoon,weekday,4.5,clear,indoor,rarely,3,5,2,3,4,3,4,3,4,3,6,20,4,9,16,16,16,12,3.0,2.2,9,0.0,59.4,54.76507706361106
I1132,U114,social_collaborative,P064,classroom_02,synthetic,test,2,4,2,3,4,4,4,4,4,3,outdoor,meeting,mostly_group,2_4h,late_night,0,0,0,1,1,1,0,1,1,1,0,classroom,online_class,3_4,under_1h,evening,weekday,9.6,rainy,indoor,first_time,4,4,3,3,3,3,3,4,3,3,8,16,6,9,12,12,12,12,2.0,4.8,12,0.5,53.0,50.8035822347409
I1133,U114,social_collaborative,P096,coworking_space_12,synthetic,test,2,4,2,3,4,4,4,4,4,3,outdoor,meeting,mostly_group,2_4h,late_night,0,0,0,1,1,1,0,1,1,1,0,coworking_space,meeting,3_4,1_2h,morning,weekend,18.2,clear,indoor,often,3,3,4,3,3,5,5,5,4,3,6,12,8,9,20,16,12,20,0.6,9.1,15,0.0,49.5,62.279037177776885
I1134,U114,social_collaborative,P068,classroom_06,synthetic,test,2,4,2,3,4,4,4,4,4,3,outdoor,meeting,mostly_group,2_4h,late_night,0,0,0,1,1,1,0,1,1,1,0,classroom,team_project,3_4,2_4h,afternoon,weekday,13.6,cloudy,indoor,often,3,4,3,3,2,3,3,4,2,4,6,16,6,9,12,8,8,12,0.8,6.8,12,0.0,48.2,53.24898254476926
I1135,U114,social_collaborative,P111,outdoor_03,synthetic,test,2,4,2,3,4,4,4,4,4,3,outdoor,meeting,mostly_group,2_4h,late_night,0,0,0,1,1,1,0,1,1,1,0,outdoor,team_project,5_plus,1_2h,late_night,weekday,15.7,cloudy,outdoor,sometimes,3,5,3,4,2,2,1,3,2,3,6,20,6,12,4,8,8,8,0.8,7.9,9,1.0,51.3,44.25889068628348
I1136,U114,social_collaborative,P022,study_room_04,synthetic,test,2,4,2,3,4,4,4,4,4,3,outdoor,meeting,mostly_group,2_4h,late_night,0,0,0,1,1,1,0,1,1,1,0,study_room,coding,solo,1_2h,morning,weekday,6.3,cold,indoor,often,4,5,3,4,5,3,4,4,4,4,8,20,6,12,16,16,20,12,2.7,3.1,12,0.0,51.6,62.579230205194754
I1137,U114,social_collaborative,P003,library_03,synthetic,test,2,4,2,3,4,4,4,4,4,3,outdoor,meeting,mostly_group,2_4h,late_night,0,0,0,1,1,1,0,1,1,1,0,library,coding,solo,2_4h,late_night,weekend,4.8,clear,indoor,often,5,3,4,5,3,3,4,4,4,4,10,12,8,15,16,16,12,12,2.7,2.4,12,1.0,65.3,63.38168670775951
I1138,U114,social_collaborative,P023,study_room_05,synthetic,test,2,4,2,3,4,4,4,4,4,3,outdoor,meeting,mostly_group,2_4h,late_night,0,0,0,1,1,1,0,1,1,1,0,study_room,team_project,5_plus,over_4h,late_night,weekday,15.1,clear,indoor,rarely,5,4,3,4,4,4,3,5,4,4,10,16,6,12,12,16,16,16,0.8,7.6,15,1.0,64.3,61.61256874193184
I1139,U114,social_collaborative,P089,coworking_space_05,synthetic,test,2,4,2,3,4,4,4,4,4,3,outdoor,meeting,mostly_group,2_4h,late_night,0,0,0,1,1,1,0,1,1,1,0,coworking_space,light_reading,2,1_2h,afternoon,weekend,18.7,cloudy,indoor,often,3,5,4,3,4,4,5,3,4,3,6,20,8,9,20,16,16,16,1.4,9.4,9,0.0,50.3,52.99431813438181
I1140,U114,social_collaborative,P044,cafe_08,synthetic,test,2,4,2,3,4,4,4,4,4,3,outdoor,meeting,mostly_group,2_4h,late_night,0,0,0,1,1,1,0,1,1,1,0,cafe,coding,3_4,2_4h,evening,weekday,17.7,cloudy,indoor,rarely,3,4,3,4,2,4,3,4,4,2,6,16,6,12,12,16,8,16,2.7,8.9,12,0.5,46.3,47.71127128627013
I1141,U115,balanced,P034,study_room_16,synthetic,train,5,4,4,5,4,4,4,4,5,3,study_room,light_reading,mixed,over_4h,morning,1,1,1,1,1,1,1,1,1,1,1,study_room,coding,solo,2_4h,evening,weekday,10.4,clear,indoor,rarely,4,4,4,4,4,3,4,4,5,3,20,16,16,20,16,20,16,15,2.7,5.2,12,0.0,70.2,72.57529281775096
I1142,U115,balanced,P013,library_13,synthetic,train,5,4,4,5,4,4,4,4,5,3,study_room,light_reading,mixed,over_4h,morning,1,1,1,1,1,1,1,1,1,1,1,library,team_project,3_4,1_2h,afternoon,weekend,1.0,rainy,indoor,rarely,5,4,4,4,3,3,5,3,4,4,25,16,16,20,20,16,12,15,0.8,0.5,9,0.5,77.3,79.32697632239177
I1143,U115,balanced,P080,computer_lab_06,synthetic,train,5,4,4,5,4,4,4,4,5,3,study_room,light_reading,mixed,over_4h,morning,1,1,1,1,1,1,1,1,1,1,1,computer_lab,deep_study,3_4,1_2h,evening,weekday,7.5,clear,indoor,rarely,4,4,4,3,3,4,4,4,4,3,20,16,16,15,16,16,12,20,3.0,3.7,12,0.0,70.6,70.60298137915494
I1144,U115,balanced,P048,cafe_12,synthetic,train,5,4,4,5,4,4,4,4,5,3,study_room,light_reading,mixed,over_4h,morning,1,1,1,1,1,1,1,1,1,1,1,cafe,coding,solo,1_2h,evening,weekday,11.5,cloudy,indoor,sometimes,2,5,2,3,1,4,3,3,3,3,10,20,8,15,12,12,4,20,2.7,5.7,9,0.0,64.2,57.21816578791798
I1145,U115,balanced,P092,coworking_space_08,synthetic,train,5,4,4,5,4,4,4,4,5,3,study_room,light_reading,mixed,over_4h,morning,1,1,1,1,1,1,1,1,1,1,1,coworking_space,deep_study,solo,1_2h,afternoon,weekend,3.4,clear,indoor,sometimes,2,4,3,4,3,4,4,3,4,3,10,16,12,20,16,16,12,20,3.0,1.7,9,0.5,70.2,67.79071513744714
I1146,U115,balanced,P065,classroom_03,synthetic,train,5,4,4,5,4,4,4,4,5,3,study_room,light_reading,mixed,over_4h,morning,1,1,1,1,1,1,1,1,1,1,1,classroom,team_project,3_4,over_4h,evening,weekend,9.0,cloudy,indoor,sometimes,4,4,3,3,3,3,4,4,3,3,20,16,12,15,16,12,12,15,0.8,4.5,12,0.0,78.1,69.577574503503
I1147,U115,balanced,P066,classroom_04,synthetic,train,5,4,4,5,4,4,4,4,5,3,study_room,light_reading,mixed,over_4h,morning,1,1,1,1,1,1,1,1,1,1,1,classroom,deep_study,3_4,2_4h,evening,weekend,11.6,clear,indoor,first_time,3,4,4,3,3,3,4,4,3,4,15,16,16,15,16,12,12,15,3.0,5.8,12,0.0,58.7,62.30599836423516
I1148,U115,balanced,P024,study_room_06,synthetic,train,5,4,4,5,4,4,4,4,5,3,study_room,light_reading,mixed,over_4h,morning,1,1,1,1,1,1,1,1,1,1,1,study_room,deep_study,solo,over_4h,early_morning,weekday,3.5,clear,indoor,rarely,4,4,3,4,3,4,4,5,4,3,20,16,12,20,16,16,12,20,3.0,1.8,15,0.5,78.7,75.34029609814189
I1149,U115,balanced,P032,study_room_14,synthetic,train,5,4,4,5,4,4,4,4,5,3,study_room,light_reading,mixed,over_4h,morning,1,1,1,1,1,1,1,1,1,1,1,study_room,coding,2,2_4h,afternoon,weekend,15.9,rainy,indoor,rarely,4,4,4,4,4,3,4,5,4,4,20,16,16,20,16,16,16,15,2.7,7.9,15,0.5,74.1,68.12017341228909
I1150,U115,balanced,P019,study_room_01,synthetic,train,5,4,4,5,4,4,4,4,5,3,study_room,light_reading,mixed,over_4h,morning,1,1,1,1,1,1,1,1,1,1,1,study_room,light_reading,2,1_2h,afternoon,weekday,16.0,clear,indoor,rarely,4,3,4,4,3,4,4,4,4,4,20,12,16,20,16,16,12,20,1.4,8.0,12,0.5,70.3,67.19332718356624
I1151,U116,social_collaborative,P095,coworking_space_11,synthetic,valid,3,3,3,3,3,2,3,3,5,4,library,meeting,mostly_group,1_2h,afternoon,0,0,0,0,0,0,0,0,0,1,0,coworking_space,team_project,3_4,2_4h,evening,weekend,7.3,rainy,indoor,rarely,4,4,3,3,4,4,5,4,4,4,12,12,9,9,15,12,12,20,1.0,1.8,12,0.5,72.5,65.0062461218171
I1152,U116,social_collaborative,P053,cafe_17,synthetic,valid,3,3,3,3,3,2,3,3,5,4,library,meeting,mostly_group,1_2h,afternoon,0,0,0,0,0,0,0,0,0,1,0,cafe,coding,solo,2_4h,afternoon,weekend,16.1,cloudy,indoor,sometimes,3,4,2,2,2,3,3,4,3,3,9,12,6,6,9,9,6,15,3.6,4.0,16,1.0,69.5,53.22931112348786
I1153,U116,social_collaborative,P007,library_07,synthetic,valid,3,3,3,3,3,2,3,3,5,4,library,meeting,mostly_group,1_2h,afternoon,0,0,0,0,0,0,0,0,0,1,0,library,meeting,2,under_1h,evening,weekday,15.7,clear,indoor,rarely,5,4,3,4,3,3,4,2,4,4,15,12,9,12,12,12,9,15,0.8,3.9,6,0.5,56.8,60.19619540149076
I1154,U116,social_collaborative,P011,library_11,synthetic,valid,3,3,3,3,3,2,3,3,5,4,library,meeting,mostly_group,1_2h,afternoon,0,0,0,0,0,0,0,0,0,1,0,library,meeting,3_4,2_4h,evening,weekday,6.9,clear,indoor,rarely,5,4,4,4,2,4,4,3,4,3,15,12,12,12,12,12,6,20,0.8,1.7,9,0.5,61.7,65.39276925353855
I1155,U116,social_collaborative,P042,cafe_06,synthetic,valid,3,3,3,3,3,2,3,3,5,4,library,meeting,mostly_group,1_2h,afternoon,0,0,0,0,0,0,0,0,0,1,0,cafe,light_reading,solo,1_2h,morning,weekday,9.4,cold,indoor,sometimes,3,4,2,3,2,4,3,4,4,3,9,12,6,9,9,12,6,20,1.8,2.4,12,0.5,53.9,55.94298078991301
I1156,U116,social_collaborative,P087,coworking_space_03,synthetic,valid,3,3,3,3,3,2,3,3,5,4,library,meeting,mostly_group,1_2h,afternoon,0,0,0,0,0,0,0,0,0,1,0,coworking_space,team_project,3_4,1_2h,afternoon,weekday,23.0,clear,indoor,often,4,4,3,2,5,4,4,4,4,4,12,12,9,6,12,12,15,20,1.0,5.7,12,1.0,56.6,65.78461013544381
I1157,U116,social_collaborative,P025,study_room_07,synthetic,valid,3,3,3,3,3,2,3,3,5,4,library,meeting,mostly_group,1_2h,afternoon,0,0,0,0,0,0,0,0,0,1,0,study_room,light_reading,solo,2_4h,evening,weekend,4.6,clear,indoor,first_time,4,4,3,4,4,4,4,4,4,3,12,12,9,12,12,12,12,20,1.8,1.1,12,0.5,61.2,62.141619351985845
I1158,U116,social_collaborative,P116,outdoor_08,synthetic,valid,3,3,3,3,3,2,3,3,5,4,library,meeting,mostly_group,1_2h,afternoon,0,0,0,0,0,0,0,0,0,1,0,outdoor,meeting,2,2_4h,morning,weekday,8.6,rainy,outdoor,sometimes,3,5,3,3,2,2,1,3,3,3,9,15,9,9,3,9,6,10,0.8,2.2,9,0.5,46.9,48.10292344205957
I1159,U116,social_collaborative,P041,cafe_05,synthetic,valid,3,3,3,3,3,2,3,3,5,4,library,meeting,mostly_group,1_2h,afternoon,0,0,0,0,0,0,0,0,0,1,0,cafe,online_class,solo,under_1h,morning,weekday,7.0,clear,indoor,rarely,2,4,2,3,2,4,4,3,4,3,6,12,6,9,12,12,6,20,2.6,1.8,9,0.5,48.8,54.98474217865051
I1160,U116,social_collaborative,P060,home_06,synthetic,valid,3,3,3,3,3,2,3,3,5,4,library,meeting,mostly_group,1_2h,afternoon,0,0,0,0,0,0,0,0,0,1,0,home,coding,2,over_4h,evening,weekday,13.2,cold,indoor,rarely,4,3,5,5,4,5,5,4,4,5,12,9,15,15,15,12,12,25,3.6,3.3,16,0.5,72.7,66.04081058049071
I1161,U117,quiet_deepwork,P007,library_07,synthetic,valid,5,4,5,4,4,3,5,4,5,4,library,deep_study,mostly_solo,2_4h,late_night,1,1,1,1,1,0,1,1,0,1,1,library,coding,3_4,2_4h,morning,weekday,8.9,clear,indoor,sometimes,5,4,3,4,3,3,4,4,4,4,25,16,15,16,16,20,12,15,3.6,3.4,16,0.0,77.8,74.92821887614653
I1162,U117,quiet_deepwork,P094,coworking_space_10,synthetic,valid,5,4,5,4,4,3,5,4,5,4,library,deep_study,mostly_solo,2_4h,late_night,1,1,1,1,1,0,1,1,0,1,1,coworking_space,report_writing,solo,1_2h,afternoon,weekday,4.4,clear,indoor,often,3,5,3,4,3,4,3,4,4,4,15,20,15,16,12,20,12,20,3.4,1.7,16,0.0,84.4,73.87085768547131
I1163,U117,quiet_deepwork,P024,study_room_06,synthetic,valid,5,4,5,4,4,3,5,4,5,4,library,deep_study,mostly_solo,2_4h,late_night,1,1,1,1,1,0,1,1,0,1,1,study_room,online_class,solo,1_2h,afternoon,weekend,7.2,cold,indoor,first_time,4,4,3,4,3,4,4,4,4,3,20,16,15,16,16,20,12,20,2.6,2.7,12,0.0,82.6,71.78350996549466
I1164,U117,quiet_deepwork,P031,study_room_13,synthetic,valid,5,4,5,4,4,3,5,4,5,4,library,deep_study,mostly_solo,2_4h,late_night,1,1,1,1,1,0,1,1,0,1,1,study_room,report_writing,solo,over_4h,late_night,weekday,7.3,clear,indoor,sometimes,5,4,4,4,4,4,4,4,5,4,25,16,20,16,16,25,16,20,3.4,2.7,16,1.0,86.0,83.18935552097744
I1165,U117,quiet_deepwork,P023,study_room_05,synthetic,valid,5,4,5,4,4,3,5,4,5,4,library,deep_study,mostly_solo,2_4h,late_night,1,1,1,1,1,0,1,1,0,1,1,study_room,online_class,solo,under_1h,afternoon,weekday,21.3,rainy,indoor,sometimes,5,4,3,4,4,4,3,5,4,4,25,16,15,16,12,20,16,20,2.6,8.0,15,0.0,75.9,75.81861449400017
I1166,U117,quiet_deepwork,P058,home_04,synthetic,valid,5,4,5,4,4,3,5,4,5,4,library,deep_study,mostly_solo,2_4h,late_night,1,1,1,1,1,0,1,1,0,1,1,home,report_writing,solo,1_2h,late_night,weekday,17.7,rainy,indoor,first_time,4,3,4,3,4,5,4,4,4,4,20,12,20,12,16,20,16,25,3.4,6.6,16,1.0,69.5,74.90847943339661
I1167,U117,quiet_deepwork,P017,library_17,synthetic,valid,5,4,5,4,4,3,5,4,5,4,library,deep_study,mostly_solo,2_4h,late_night,1,1,1,1,1,0,1,1,0,1,1,library,light_reading,solo,2_4h,afternoon,weekend,10.7,cloudy,indoor,sometimes,5,4,4,5,3,3,4,4,5,4,25,16,20,20,16,25,12,15,1.8,4.0,12,0.0,82.5,78.46507264493107
I1168,U117,quiet_deepwork,P077,computer_lab_03,synthetic,valid,5,4,5,4,4,3,5,4,5,4,library,deep_study,mostly_solo,2_4h,late_night,1,1,1,1,1,0,1,1,0,1,1,computer_lab,deep_study,solo,2_4h,evening,weekday,8.2,cold,indoor,first_time,4,3,3,3,2,3,4,4,4,4,20,12,15,12,16,20,8,15,4.0,3.1,16,0.5,76.9,68.81514224169266
I1169,U117,quiet_deepwork,P004,library_04,synthetic,valid,5,4,5,4,4,3,5,4,5,4,library,deep_study,mostly_solo,2_4h,late_night,1,1,1,1,1,0,1,1,0,1,1,library,deep_study,2,2_4h,afternoon,weekday,3.4,clear,indoor,often,5,3,3,4,2,4,4,4,3,4,25,12,15,16,16,15,8,20,4.0,1.3,16,0.0,76.3,73.5404649183499
I1170,U117,quiet_deepwork,P033,study_room_15,synthetic,valid,5,4,5,4,4,3,5,4,5,4,library,deep_study,mostly_solo,2_4h,late_night,1,1,1,1,1,0,1,1,0,1,1,study_room,light_reading,3_4,under_1h,morning,weekday,1.0,rainy,indoor,often,5,3,4,3,4,4,4,4,5,4,25,12,20,12,16,25,16,20,1.8,0.4,12,0.0,77.3,80.06189982676119
I1171,U118,comfort_oriented,P027,study_room_09,synthetic,test,4,3,4,4,5,4,5,5,5,4,classroom,deep_study,mostly_solo,over_4h,evening,1,1,1,1,1,1,1,1,1,1,1,study_room,online_class,2,2_4h,evening,weekday,2.3,clear,indoor,sometimes,5,3,3,4,4,3,3,5,3,3,20,9,12,16,15,15,20,15,2.6,1.1,15,1.0,64.7,72.79849252649933
I1172,U118,comfort_oriented,P017,library_17,synthetic,test,4,3,4,4,5,4,5,5,5,4,classroom,deep_study,mostly_solo,over_4h,evening,1,1,1,1,1,1,1,1,1,1,1,library,report_writing,2,2_4h,evening,weekday,11.1,cloudy,indoor,sometimes,5,4,4,5,3,3,4,5,5,4,20,12,16,20,20,25,15,15,3.4,5.6,20,1.0,71.2,77.18961886354685
I1173,U118,comfort_oriented,P019,study_room_01,synthetic,test,4,3,4,4,5,4,5,5,5,4,classroom,deep_study,mostly_solo,over_4h,evening,1,1,1,1,1,1,1,1,1,1,1,study_room,online_class,solo,under_1h,early_morning,weekend,11.9,cloudy,indoor,rarely,4,3,4,4,3,4,4,4,4,4,16,9,16,16,20,20,15,20,2.6,6.0,12,0.0,72.0,73.14383151368835
I1174,U118,comfort_oriented,P078,computer_lab_04,synthetic,test,4,3,4,4,5,4,5,5,5,4,classroom,deep_study,mostly_solo,over_4h,evening,1,1,1,1,1,1,1,1,1,1,1,computer_lab,deep_study,solo,1_2h,evening,weekday,7.9,clear,indoor,often,4,4,4,4,3,3,5,4,4,3,16,12,16,16,25,20,15,15,4.0,4.0,16,1.0,79.9,76.0885161460033
I1175,U118,comfort_oriented,P093,coworking_space_09,synthetic,test,4,3,4,4,5,4,5,5,5,4,classroom,deep_study,mostly_solo,over_4h,evening,1,1,1,1,1,1,1,1,1,1,1,coworking_space,report_writing,solo,1_2h,morning,weekday,11.1,clear,indoor,sometimes,3,4,2,3,4,4,4,3,4,3,12,12,8,12,20,20,20,20,3.4,5.6,12,0.0,70.4,68.21096029075542
I1176,U118,comfort_oriented,P043,cafe_07,synthetic,test,4,3,4,4,5,4,5,5,5,4,classroom,deep_study,mostly_solo,over_4h,evening,1,1,1,1,1,1,1,1,1,1,1,cafe,coding,2,2_4h,evening,weekday,7.2,clear,indoor,sometimes,2,5,3,3,2,4,3,3,3,3,8,15,12,12,15,15,10,20,3.6,3.6,12,1.0,69.4,59.36257310737865
I1177,U118,comfort_oriented,P023,study_room_05,synthetic,test,4,3,4,4,5,4,5,5,5,4,classroom,deep_study,mostly_solo,over_4h,evening,1,1,1,1,1,1,1,1,1,1,1,study_room,coding,solo,2_4h,evening,weekday,19.6,clear,indoor,sometimes,5,4,3,4,4,4,3,4,4,4,20,12,12,16,15,20,20,20,3.6,9.8,16,1.0,78.1,73.10484117161441
I1178,U118,comfort_oriented,P017,library_17,synthetic,test,4,3,4,4,5,4,5,5,5,4,classroom,deep_study,mostly_solo,over_4h,evening,1,1,1,1,1,1,1,1,1,1,1,library,online_class,2,under_1h,evening,weekday,12.9,clear,indoor,often,5,4,4,5,3,3,4,3,5,4,20,12,16,20,20,25,15,15,2.6,6.4,9,1.0,76.7,73.8288699368363
I1179,U118,comfort_oriented,P050,cafe_14,synthetic,test,4,3,4,4,5,4,5,5,5,4,classroom,deep_study,mostly_solo,over_4h,evening,1,1,1,1,1,1,1,1,1,1,1,cafe,deep_study,solo,1_2h,morning,weekday,14.4,clear,indoor,sometimes,3,5,2,3,2,4,3,3,4,3,12,15,8,12,15,20,10,20,4.0,7.2,12,0.0,61.2,62.312545468563016
I1180,U118,comfort_oriented,P107,dorm_lounge_11,synthetic,test,4,3,4,4,5,4,5,5,5,4,classroom,deep_study,mostly_solo,over_4h,evening,1,1,1,1,1,1,1,1,1,1,1,dorm_lounge,team_project,3_4,1_2h,afternoon,weekday,34.2,clear,indoor,first_time,3,4,3,3,3,4,3,4,3,3,12,12,12,12,15,15,15,20,1.0,17.1,12,0.5,50.6,58.57082950110808
I1181,U119,quiet_deepwork,P036,study_room_18,synthetic,valid,5,4,5,4,4,4,4,4,4,5,computer_lab,light_reading,mostly_solo,over_4h,afternoon,1,1,1,1,1,1,1,1,1,1,1,study_room,coding,solo,under_1h,afternoon,weekend,15.1,cloudy,indoor,often,5,4,4,4,4,4,5,4,4,4,25,16,20,16,20,16,16,16,4.5,7.5,20,1.0,73.5,78.74370428967313
I1182,U119,quiet_deepwork,P049,cafe_13,synthetic,valid,5,4,5,4,4,4,4,4,4,5,computer_lab,light_reading,mostly_solo,over_4h,afternoon,1,1,1,1,1,1,1,1,1,1,1,cafe,deep_study,solo,1_2h,morning,weekend,7.1,rainy,indoor,sometimes,3,4,2,3,3,3,2,3,4,2,15,16,10,12,8,16,12,12,5.0,3.6,15,0.5,58.6,61.815410858729116
I1183,U119,quiet_deepwork,P068,classroom_06,synthetic,valid,5,4,5,4,4,4,4,4,4,5,computer_lab,light_reading,mostly_solo,over_4h,afternoon,1,1,1,1,1,1,1,1,1,1,1,classroom,coding,solo,2_4h,morning,weekend,10.9,clear,indoor,sometimes,3,4,3,3,2,3,3,3,2,4,15,16,15,12,12,8,8,12,4.5,5.5,15,0.5,67.0,61.85335357214018
I1184,U119,quiet_deepwork,P025,study_room_07,synthetic,valid,5,4,5,4,4,4,4,4,4,5,computer_lab,light_reading,mostly_solo,over_4h,afternoon,1,1,1,1,1,1,1,1,1,1,1,study_room,online_class,solo,2_4h,evening,weekday,1.0,clear,indoor,sometimes,4,4,3,4,4,4,4,4,4,3,20,16,15,16,16,16,16,16,3.3,0.5,12,0.5,77.5,75.75600249328552
I1185,U119,quiet_deepwork,P065,classroom_03,synthetic,valid,5,4,5,4,4,4,4,4,4,5,computer_lab,light_reading,mostly_solo,over_4h,afternoon,1,1,1,1,1,1,1,1,1,1,1,classroom,deep_study,2,2_4h,late_night,weekday,10.5,clear,indoor,sometimes,4,4,3,3,3,3,4,3,3,3,20,16,15,12,16,12,12,12,5.0,5.2,15,0.0,67.9,62.842929965325844
I1186,U119,quiet_deepwork,P050,cafe_14,synthetic,valid,5,4,5,4,4,4,4,4,4,5,computer_lab,light_reading,mostly_solo,over_4h,afternoon,1,1,1,1,1,1,1,1,1,1,1,cafe,coding,solo,under_1h,afternoon,weekend,9.5,rainy,indoor,often,3,5,2,3,2,4,3,4,4,3,15,20,10,12,12,16,8,16,4.5,4.8,20,1.0,64.2,66.70639771465318
I1187,U119,quiet_deepwork,P067,classroom_05,synthetic,valid,5,4,5,4,4,4,4,4,4,5,computer_lab,light_reading,mostly_solo,over_4h,afternoon,1,1,1,1,1,1,1,1,1,1,1,classroom,online_class,2,over_4h,afternoon,weekend,8.7,clear,indoor,sometimes,3,4,3,3,3,2,3,4,3,3,15,16,15,12,12,12,12,8,3.3,4.4,12,1.0,64.9,59.409962240542455
I1188,U119,quiet_deepwork,P059,home_05,synthetic,valid,5,4,5,4,4,4,4,4,4,5,computer_lab,light_reading,mostly_solo,over_4h,afternoon,1,1,1,1,1,1,1,1,1,1,1,home,coding,3_4,1_2h,afternoon,weekday,13.3,clear,indoor,rarely,4,5,5,4,5,4,4,5,5,5,20,20,25,16,16,20,20,16,4.5,6.6,25,1.0,92.1,79.2723051333611
I1189,U119,quiet_deepwork,P030,study_room_12,synthetic,valid,5,4,5,4,4,4,4,4,4,5,computer_lab,light_reading,mostly_solo,over_4h,afternoon,1,1,1,1,1,1,1,1,1,1,1,study_room,coding,solo,1_2h,afternoon,weekday,12.0,clear,indoor,first_time,5,4,3,4,3,3,4,5,4,4,25,16,15,16,16,16,12,12,4.5,6.0,25,1.0,76.8,73.81997170311433
I1190,U119,quiet_deepwork,P004,library_04,synthetic,valid,5,4,5,4,4,4,4,4,4,5,computer_lab,light_reading,mostly_solo,over_4h,afternoon,1,1,1,1,1,1,1,1,1,1,1,library,report_writing,solo,2_4h,morning,weekday,4.1,cloudy,indoor,sometimes,5,3,3,4,2,4,4,5,3,4,25,12,15,16,16,12,8,16,4.3,2.0,25,0.5,82.3,78.60511770889639
I1191,U120,balanced,P105,dorm_lounge_09,synthetic,train,4,4,3,3,4,4,3,3,5,5,study_room,meeting,mostly_solo,1_2h,evening,1,0,0,0,1,1,1,1,1,1,0,dorm_lounge,report_writing,solo,2_4h,afternoon,weekday,14.1,rainy,indoor,often,3,3,3,2,3,3,4,4,4,3,12,12,9,6,16,12,9,15,4.3,7.1,20,0.5,60.5,60.87747257682013
I1192,U120,balanced,P018,library_18,synthetic,train,4,4,3,3,4,4,3,3,5,5,study_room,meeting,mostly_solo,1_2h,evening,1,0,0,0,1,1,1,1,1,1,0,library,coding,2,2_4h,morning,weekday,10.4,clear,indoor,sometimes,5,4,3,4,3,3,4,4,4,3,20,16,9,12,16,12,9,15,4.5,5.2,20,0.0,53.7,65.16447300239875
I1193,U120,balanced,P005,library_05,synthetic,train,4,4,3,3,4,4,3,3,5,5,study_room,meeting,mostly_solo,1_2h,evening,1,0,0,0,1,1,1,1,1,1,0,library,light_reading,solo,2_4h,afternoon,weekend,5.2,cloudy,indoor,first_time,5,4,4,5,3,4,4,5,4,4,20,16,12,15,16,12,9,20,2.3,2.6,15,0.5,67.6,70.68725538385655
I1194,U120,balanced,P049,cafe_13,synthetic,train,4,4,3,3,4,4,3,3,5,5,study_room,meeting,mostly_solo,1_2h,evening,1,0,0,0,1,1,1,1,1,1,0,cafe,team_project,3_4,1_2h,evening,weekday,12.6,clear,indoor,sometimes,3,4,2,3,3,3,2,5,4,2,12,16,6,9,8,12,9,15,1.3,6.3,15,1.0,65.6,59.503415514260645
I1195,U120,balanced,P003,library_03,synthetic,train,4,4,3,3,4,4,3,3,5,5,study_room,meeting,mostly_solo,1_2h,evening,1,0,0,0,1,1,1,1,1,1,0,library,online_class,solo,1_2h,evening,weekday,4.1,clear,indoor,often,5,3,4,5,3,3,4,4,4,4,20,12,12,15,16,12,9,15,3.3,2.1,12,1.0,73.2,70.95423149373855
I1196,U120,balanced,P025,study_room_07,synthetic,train,4,4,3,3,4,4,3,3,5,5,study_room,meeting,mostly_solo,1_2h,evening,1,0,0,0,1,1,1,1,1,1,0,study_room,online_class,solo,2_4h,evening,weekday,4.5,clear,indoor,sometimes,4,4,3,4,4,4,4,4,4,3,16,16,9,12,16,12,12,20,3.3,2.3,12,1.0,70.3,69.2035108067708
I1197,U120,balanced,P067,classroom_05,synthetic,train,4,4,3,3,4,4,3,3,5,5,study_room,meeting,mostly_solo,1_2h,evening,1,0,0,0,1,1,1,1,1,1,0,classroom,online_class,solo,over_4h,evening,weekday,7.6,cloudy,indoor,often,3,4,3,3,3,2,3,4,3,3,12,16,9,9,12,9,9,10,3.3,3.8,12,1.0,48.1,58.0404926310965
I1198,U120,balanced,P011,library_11,synthetic,train,4,4,3,3,4,4,3,3,5,5,study_room,meeting,mostly_solo,1_2h,evening,1,0,0,0,1,1,1,1,1,1,0,library,light_reading,solo,under_1h,afternoon,weekend,16.0,cloudy,indoor,often,5,4,4,4,2,4,4,4,4,3,20,16,12,12,16,12,6,20,2.3,8.0,12,0.5,62.1,66.89129415514932
I1199,U120,balanced,P097,dorm_lounge_01,synthetic,train,4,4,3,3,4,4,3,3,5,5,study_room,meeting,mostly_solo,1_2h,evening,1,0,0,0,1,1,1,1,1,1,0,dorm_lounge,coding,solo,1_2h,afternoon,weekday,8.6,rainy,indoor,sometimes,3,3,3,2,3,4,5,4,4,2,12,12,9,6,20,12,9,20,4.5,4.3,20,0.5,71.3,63.5623956406318
I1200,U120,balanced,P098,dorm_lounge_02,synthetic,train,4,4,3,3,4,4,3,3,5,5,study_room,meeting,mostly_solo,1_2h,evening,1,0,0,0,1,1,1,1,1,1,0,dorm_lounge,online_class,solo,1_2h,morning,weekday,25.2,rainy,indoor,often,3,4,3,2,3,4,4,3,4,3,12,16,9,6,16,12,9,20,3.3,12.6,9,0.0,50.7,56.28498377636604
I1201,U121,quiet_deepwork,P018,library_18,synthetic,train,4,3,5,4,4,4,4,4,4,5,study_room,report_writing,mostly_solo,over_4h,evening,1,1,1,1,1,1,1,1,1,1,1,library,deep_study,solo,2_4h,late_night,weekend,11.2,rainy,indoor,first_time,5,4,3,4,3,3,4,5,4,3,20,12,15,16,16,16,12,12,5.0,5.6,25,0.5,69.1,70.01385559978402
I1202,U121,quiet_deepwork,P047,cafe_11,synthetic,train,4,3,5,4,4,4,4,4,4,5,study_room,report_writing,mostly_solo,over_4h,evening,1,1,1,1,1,1,1,1,1,1,1,cafe,report_writing,solo,1_2h,afternoon,weekday,11.7,clear,indoor,first_time,3,4,3,3,2,4,3,4,4,3,12,12,15,12,12,16,8,16,4.3,5.8,20,0.5,52.5,61.73992946314603
I1203,U121,quiet_deepwork,P070,classroom_08,synthetic,train,4,3,5,4,4,4,4,4,4,5,study_room,report_writing,mostly_solo,over_4h,evening,1,1,1,1,1,1,1,1,1,1,1,classroom,light_reading,solo,under_1h,early_morning,weekday,5.5,cloudy,indoor,first_time,3,4,3,2,3,2,3,3,2,3,12,12,15,8,12,8,12,8,2.3,2.8,9,0.0,57.2,54.42788516910484
I1204,U121,quiet_deepwork,P014,library_14,synthetic,train,4,3,5,4,4,4,4,4,4,5,study_room,report_writing,mostly_solo,over_4h,evening,1,1,1,1,1,1,1,1,1,1,1,library,coding,solo,2_4h,evening,weekend,9.0,clear,indoor,rarely,5,4,5,4,3,4,4,4,4,4,20,12,25,16,16,16,12,16,4.5,4.5,20,1.0,67.2,75.49693734610851
I1205,U121,quiet_deepwork,P080,computer_lab_06,synthetic,train,4,3,5,4,4,4,4,4,4,5,study_room,report_writing,mostly_solo,over_4h,evening,1,1,1,1,1,1,1,1,1,1,1,computer_lab,coding,solo,2_4h,afternoon,weekday,12.3,clear,indoor,rarely,4,4,4,3,3,4,4,5,4,3,16,12,20,12,16,16,12,16,4.5,6.2,25,0.5,65.2,71.13856348079969
I1206,U121,quiet_deepwork,P012,library_12,synthetic,train,4,3,5,4,4,4,4,4,4,5,study_room,report_writing,mostly_solo,over_4h,evening,1,1,1,1,1,1,1,1,1,1,1,library,deep_study,solo,over_4h,late_night,weekend,2.0,cloudy,indoor,sometimes,5,4,4,4,3,3,3,5,5,4,20,12,20,16,12,20,12,12,5.0,1.0,25,0.5,78.3,77.00194247690729
I1207,U121,quiet_deepwork,P052,cafe_16,synthetic,train,4,3,5,4,4,4,4,4,4,5,study_room,report_writing,mostly_solo,over_4h,evening,1,1,1,1,1,1,1,1,1,1,1,cafe,deep_study,2,2_4h,afternoon,weekday,14.0,cloudy,indoor,sometimes,3,5,3,2,2,3,3,3,4,3,12,15,15,8,12,16,8,12,5.0,7.0,15,0.5,51.3,53.89830580103093
I1208,U121,quiet_deepwork,P014,library_14,synthetic,train,4,3,5,4,4,4,4,4,4,5,study_room,report_writing,mostly_solo,over_4h,evening,1,1,1,1,1,1,1,1,1,1,1,library,deep_study,2,1_2h,morning,weekday,11.8,cloudy,indoor,first_time,5,4,5,4,3,4,4,5,4,4,20,12,25,16,16,16,12,16,5.0,5.9,25,0.0,72.5,71.91302833296908
I1209,U121,quiet_deepwork,P012,library_12,synthetic,train,4,3,5,4,4,4,4,4,4,5,study_room,report_writing,mostly_solo,over_4h,evening,1,1,1,1,1,1,1,1,1,1,1,library,deep_study,solo,over_4h,afternoon,weekday,1.0,clear,indoor,sometimes,5,4,4,4,3,3,3,4,5,4,20,12,20,16,12,20,12,12,5.0,0.5,20,0.5,85.0,76.05220622274433
I1210,U121,quiet_deepwork,P008,library_08,synthetic,train,4,3,5,4,4,4,4,4,4,5,study_room,report_writing,mostly_solo,over_4h,evening,1,1,1,1,1,1,1,1,1,1,1,library,report_writing,solo,2_4h,late_night,weekend,11.4,clear,indoor,sometimes,5,5,4,4,2,3,4,5,4,4,20,15,20,16,16,16,8,12,4.3,5.7,25,0.5,72.3,73.99242702630961
I1211,U122,social_collaborative,P031,study_room_13,synthetic,train,2,4,3,3,4,3,3,3,5,3,coworking_space,team_project,mostly_group,over_4h,early_morning,0,0,0,0,1,0,0,1,0,1,0,study_room,light_reading,solo,1_2h,early_morning,weekend,8.3,hot,indoor,sometimes,5,4,4,4,4,4,4,4,5,4,10,16,12,12,16,15,12,20,1.4,3.1,12,1.0,67.7,66.02655213277842
I1212,U122,social_collaborative,P008,library_08,synthetic,train,2,4,3,3,4,3,3,3,5,3,coworking_space,team_project,mostly_group,over_4h,early_morning,0,0,0,0,1,0,0,1,0,1,0,library,online_class,3_4,2_4h,evening,weekday,8.4,clear,indoor,rarely,5,5,4,4,2,3,4,4,4,4,10,20,12,12,16,12,6,15,2.0,3.2,12,0.0,62.5,60.472425054364365
I1213,U122,social_collaborative,P015,library_15,synthetic,train,2,4,3,3,4,3,3,3,5,3,coworking_space,team_project,mostly_group,over_4h,early_morning,0,0,0,0,1,0,0,1,0,1,0,library,team_project,3_4,2_4h,early_morning,weekday,13.9,hot,indoor,sometimes,4,4,4,5,2,4,3,3,4,4,8,16,12,15,12,12,6,20,0.8,5.2,9,1.0,58.5,63.25583127283386
I1214,U122,social_collaborative,P117,outdoor_09,synthetic,train,2,4,3,3,4,3,3,3,5,3,coworking_space,team_project,mostly_group,over_4h,early_morning,0,0,0,0,1,0,0,1,0,1,0,outdoor,coding,solo,1_2h,afternoon,weekday,9.0,rainy,outdoor,often,2,5,3,3,2,3,1,2,3,3,4,20,9,9,4,9,6,15,2.7,3.4,6,0.0,39.0,46.66472321594556
I1215,U122,social_collaborative,P081,computer_lab_07,synthetic,train,2,4,3,3,4,3,3,3,5,3,coworking_space,team_project,mostly_group,over_4h,early_morning,0,0,0,0,1,0,0,1,0,1,0,computer_lab,coding,solo,2_4h,afternoon,weekday,6.4,cloudy,indoor,sometimes,4,4,2,3,3,3,4,5,4,3,8,16,6,9,16,12,9,15,2.7,2.4,15,0.0,69.0,59.76945667673017
I1216,U122,social_collaborative,P023,study_room_05,synthetic,train,2,4,3,3,4,3,3,3,5,3,coworking_space,team_project,mostly_group,over_4h,early_morning,0,0,0,0,1,0,0,1,0,1,0,study_room,team_project,5_plus,over_4h,early_morning,weekday,19.0,rainy,indoor,often,5,4,3,4,4,4,3,4,4,4,10,16,9,12,12,12,12,20,0.8,7.1,12,1.0,72.2,64.70096988453552
I1217,U122,social_collaborative,P041,cafe_05,synthetic,train,2,4,3,3,4,3,3,3,5,3,coworking_space,team_project,mostly_group,over_4h,early_morning,0,0,0,0,1,0,0,1,0,1,0,cafe,team_project,3_4,2_4h,afternoon,weekday,4.4,cloudy,indoor,often,2,4,2,3,2,4,4,3,4,3,4,16,6,9,16,12,6,20,0.8,1.7,9,0.0,58.5,58.50801092224116
I1218,U122,social_collaborative,P038,cafe_02,synthetic,train,2,4,3,3,4,3,3,3,5,3,coworking_space,team_project,mostly_group,over_4h,early_morning,0,0,0,0,1,0,0,1,0,1,0,cafe,meeting,2,2_4h,early_morning,weekday,17.7,clear,indoor,sometimes,2,4,3,2,2,4,3,4,3,3,4,16,9,6,12,9,6,20,0.6,6.6,12,1.0,50.1,55.64732885706539
I1219,U122,social_collaborative,P048,cafe_12,synthetic,train,2,4,3,3,4,3,3,3,5,3,coworking_space,team_project,mostly_group,over_4h,early_morning,0,0,0,0,1,0,0,1,0,1,0,cafe,online_class,solo,2_4h,late_night,weekday,15.2,clear,indoor,rarely,2,5,2,3,1,4,3,2,3,3,4,20,6,9,12,9,3,20,2.0,5.7,6,0.0,55.8,48.73613241017161
I1220,U122,social_collaborative,P029,study_room_11,synthetic,train,2,4,3,3,4,3,3,3,5,3,coworking_space,team_project,mostly_group,over_4h,early_morning,0,0,0,0,1,0,0,1,0,1,0,study_room,team_project,3_4,1_2h,afternoon,weekday,12.5,cloudy,indoor,sometimes,4,4,3,4,2,4,4,4,4,3,8,16,9,12,16,12,6,20,0.8,4.7,12,0.0,70.7,62.4236359360665
I1221,U123,quiet_deepwork,P042,cafe_06,synthetic,valid,4,5,3,4,5,4,4,3,5,5,library,light_reading,mostly_solo,1_2h,morning,1,0,1,1,1,1,1,1,1,1,1,cafe,report_writing,solo,2_4h,afternoon,weekday,13.0,clear,indoor,sometimes,3,4,2,3,2,4,3,3,4,3,12,20,6,12,15,16,6,20,4.3,6.5,15,0.5,58.5,63.461539672179015
I1222,U123,quiet_deepwork,P067,classroom_05,synthetic,valid,4,5,3,4,5,4,4,3,5,5,library,light_reading,mostly_solo,1_2h,morning,1,0,1,1,1,1,1,1,1,1,1,classroom,coding,solo,2_4h,late_night,weekday,9.8,cloudy,indoor,rarely,3,4,3,3,3,2,3,4,3,3,12,20,9,12,15,12,9,10,4.5,4.9,20,0.0,71.0,60.69323704560867
I1223,U123,quiet_deepwork,P017,library_17,synthetic,valid,4,5,3,4,5,4,4,3,5,5,library,light_reading,mostly_solo,1_2h,morning,1,0,1,1,1,1,1,1,1,1,1,library,deep_study,solo,2_4h,morning,weekday,5.0,clear,indoor,often,5,4,4,5,3,3,4,5,5,4,20,20,12,20,20,20,9,15,5.0,2.5,25,1.0,82.9,83.24271788540082
I1224,U123,quiet_deepwork,P080,computer_lab_06,synthetic,valid,4,5,3,4,5,4,4,3,5,5,library,light_reading,mostly_solo,1_2h,morning,1,0,1,1,1,1,1,1,1,1,1,computer_lab,coding,solo,under_1h,evening,weekend,5.8,clear,indoor,often,4,4,4,3,3,4,4,5,4,3,16,20,12,12,20,16,9,20,4.5,2.9,25,0.0,75.3,78.22076700235414
I1225,U123,quiet_deepwork,P036,study_room_18,synthetic,valid,4,5,3,4,5,4,4,3,5,5,library,light_reading,mostly_solo,1_2h,morning,1,0,1,1,1,1,1,1,1,1,1,study_room,report_writing,solo,2_4h,evening,weekday,13.2,rainy,indoor,often,5,4,4,4,4,4,5,5,4,4,20,20,12,16,25,16,12,20,4.3,6.6,25,0.0,79.1,80.27248940529883
I1226,U123,quiet_deepwork,P039,cafe_03,synthetic,valid,4,5,3,4,5,4,4,3,5,5,library,light_reading,mostly_solo,1_2h,morning,1,0,1,1,1,1,1,1,1,1,1,cafe,online_class,2,1_2h,morning,weekday,11.4,cloudy,indoor,sometimes,3,4,2,3,2,4,3,3,4,4,12,20,6,12,15,16,6,20,3.3,5.7,9,1.0,60.4,59.70817152872106
I1227,U123,quiet_deepwork,P072,classroom_10,synthetic,valid,4,5,3,4,5,4,4,3,5,5,library,light_reading,mostly_solo,1_2h,morning,1,0,1,1,1,1,1,1,1,1,1,classroom,deep_study,solo,over_4h,morning,weekend,5.7,hot,indoor,rarely,3,3,4,3,3,3,4,3,3,3,12,15,12,12,20,12,9,15,5.0,2.8,15,1.0,59.9,63.1647667282368
I1228,U123,quiet_deepwork,P078,computer_lab_04,synthetic,valid,4,5,3,4,5,4,4,3,5,5,library,light_reading,mostly_solo,1_2h,morning,1,0,1,1,1,1,1,1,1,1,1,computer_lab,light_reading,2,1_2h,morning,weekend,10.5,cloudy,indoor,sometimes,4,4,4,4,3,3,5,3,4,3,16,20,12,16,25,16,9,15,2.3,5.2,9,1.0,70.1,67.10854622583963
I1229,U123,quiet_deepwork,P015,library_15,synthetic,valid,4,5,3,4,5,4,4,3,5,5,library,light_reading,mostly_solo,1_2h,morning,1,0,1,1,1,1,1,1,1,1,1,library,deep_study,solo,2_4h,morning,weekend,14.5,clear,indoor,sometimes,4,4,4,5,2,4,3,4,4,4,16,20,12,20,15,16,6,20,5.0,7.3,20,1.0,55.7,74.3047459939295
I1230,U123,quiet_deepwork,P032,study_room_14,synthetic,valid,4,5,3,4,5,4,4,3,5,5,library,light_reading,mostly_solo,1_2h,morning,1,0,1,1,1,1,1,1,1,1,1,study_room,light_reading,solo,1_2h,evening,weekday,13.9,cloudy,indoor,sometimes,4,4,4,4,4,3,4,4,4,4,16,20,12,16,20,16,12,15,2.3,7.0,12,0.0,70.9,68.89267277159519
I1231,U124,quiet_deepwork,P002,library_02,synthetic,train,5,5,4,3,4,4,4,4,3,4,library,coding,mostly_solo,1_2h,morning,1,1,0,1,1,1,1,1,1,0,0,library,coding,solo,2_4h,evening,weekend,2.4,clear,indoor,often,5,5,4,4,2,3,4,4,4,4,25,25,16,12,16,16,8,9,3.6,1.2,16,0.0,79.1,75.09774710695226
I1232,U124,quiet_deepwork,P004,library_04,synthetic,train,5,5,4,3,4,4,4,4,3,4,library,coding,mostly_solo,1_2h,morning,1,1,0,1,1,1,1,1,1,0,0,library,light_reading,solo,under_1h,morning,weekday,1.4,clear,indoor,first_time,5,3,3,4,2,4,4,5,3,4,25,15,12,12,16,12,8,12,1.8,0.7,15,1.0,60.1,69.25198846815806
I1233,U124,quiet_deepwork,P042,cafe_06,synthetic,train,5,5,4,3,4,4,4,4,3,4,library,coding,mostly_solo,1_2h,morning,1,1,0,1,1,1,1,1,1,0,0,cafe,online_class,solo,under_1h,afternoon,weekday,12.0,clear,indoor,rarely,3,4,2,3,2,4,3,3,4,3,15,20,8,9,12,16,8,12,2.6,6.0,9,0.5,52.2,56.06483496205229
I1234,U124,quiet_deepwork,P029,study_room_11,synthetic,train,5,5,4,3,4,4,4,4,3,4,library,coding,mostly_solo,1_2h,morning,1,1,0,1,1,1,1,1,1,0,0,study_room,deep_study,solo,2_4h,morning,weekday,9.4,clear,indoor,rarely,4,4,3,4,2,4,4,5,4,3,20,20,12,12,16,16,8,12,4.0,4.7,20,1.0,73.8,68.31448066872822
I1235,U124,quiet_deepwork,P045,cafe_09,synthetic,train,5,5,4,3,4,4,4,4,3,4,library,coding,mostly_solo,1_2h,morning,1,1,0,1,1,1,1,1,1,0,0,cafe,deep_study,solo,over_4h,afternoon,weekday,9.8,cloudy,indoor,sometimes,2,3,2,2,3,3,3,2,3,3,10,15,8,6,12,12,12,9,4.0,4.9,8,0.5,45.0,49.32819500623637
I1236,U124,quiet_deepwork,P020,study_room_02,synthetic,train,5,5,4,3,4,4,4,4,3,4,library,coding,mostly_solo,1_2h,morning,1,1,0,1,1,1,1,1,1,0,0,study_room,light_reading,solo,1_2h,morning,weekday,4.5,clear,indoor,rarely,4,4,4,5,3,4,4,3,4,4,20,20,16,15,16,16,12,12,1.8,2.2,9,1.0,69.6,68.75858846360315
I1237,U124,quiet_deepwork,P078,computer_lab_04,synthetic,train,5,5,4,3,4,4,4,4,3,4,library,coding,mostly_solo,1_2h,morning,1,1,0,1,1,1,1,1,1,0,0,computer_lab,online_class,solo,under_1h,afternoon,weekday,10.3,rainy,indoor,sometimes,4,4,4,4,3,3,5,5,4,3,20,20,16,12,20,16,12,9,2.6,5.1,15,0.5,70.0,70.13258696359128
I1238,U124,quiet_deepwork,P006,library_06,synthetic,train,5,5,4,3,4,4,4,4,3,4,library,coding,mostly_solo,1_2h,morning,1,1,0,1,1,1,1,1,1,0,0,library,coding,solo,under_1h,evening,weekend,10.8,cloudy,indoor,sometimes,4,4,4,5,2,3,4,4,5,4,20,20,16,15,16,20,8,9,3.6,5.4,16,0.0,65.7,68.82172297740092
I1239,U124,quiet_deepwork,P025,study_room_07,synthetic,train,5,5,4,3,4,4,4,4,3,4,library,coding,mostly_solo,1_2h,morning,1,1,0,1,1,1,1,1,1,0,0,study_room,coding,solo,2_4h,evening,weekend,4.6,clear,indoor,often,4,4,3,4,4,4,4,5,4,3,20,20,12,12,16,16,16,12,3.6,2.3,20,0.0,63.5,72.65798713737283
I1240,U124,quiet_deepwork,P009,library_09,synthetic,train,5,5,4,3,4,4,4,4,3,4,library,coding,mostly_solo,1_2h,morning,1,1,0,1,1,1,1,1,1,0,0,library,deep_study,solo,under_1h,evening,weekday,10.8,clear,indoor,sometimes,4,4,3,4,2,4,4,5,4,4,20,20,12,12,16,16,8,12,4.0,5.4,20,0.0,66.8,69.2988662479497
I1241,U125,comfort_oriented,P038,cafe_02,synthetic,train,4,4,4,4,4,4,5,4,4,4,library,report_writing,mostly_solo,2_4h,morning,1,1,1,1,1,1,1,1,1,1,1,cafe,report_writing,solo,2_4h,morning,weekend,21.5,hot,indoor,often,2,4,3,2,2,4,3,3,3,3,8,16,12,8,12,15,8,16,3.4,10.7,12,1.0,45.7,52.9935932582617
I1242,U125,comfort_oriented,P101,dorm_lounge_05,synthetic,train,4,4,4,4,4,4,5,4,4,4,library,report_writing,mostly_solo,2_4h,morning,1,1,1,1,1,1,1,1,1,1,1,dorm_lounge,light_reading,solo,under_1h,late_night,weekend,8.7,hot,indoor,sometimes,3,4,2,2,3,4,4,4,4,3,12,16,8,8,16,20,12,16,1.8,4.4,12,0.0,53.3,59.857924773126776
I1243,U125,comfort_oriented,P066,classroom_04,synthetic,train,4,4,4,4,4,4,5,4,4,4,library,report_writing,mostly_solo,2_4h,morning,1,1,1,1,1,1,1,1,1,1,1,classroom,light_reading,solo,2_4h,early_morning,weekend,12.1,cold,indoor,sometimes,3,4,4,3,3,3,4,3,3,4,12,16,16,12,16,15,12,12,1.8,6.1,9,0.5,55.1,59.83657773283174
I1244,U125,comfort_oriented,P105,dorm_lounge_09,synthetic,train,4,4,4,4,4,4,5,4,4,4,library,report_writing,mostly_solo,2_4h,morning,1,1,1,1,1,1,1,1,1,1,1,dorm_lounge,report_writing,solo,2_4h,morning,weekday,9.2,cloudy,indoor,often,3,3,3,2,3,3,4,4,4,3,12,12,12,8,16,20,12,12,3.4,4.6,16,1.0,65.8,63.563774582609454
I1245,U125,comfort_oriented,P013,library_13,synthetic,train,4,4,4,4,4,4,5,4,4,4,library,report_writing,mostly_solo,2_4h,morning,1,1,1,1,1,1,1,1,1,1,1,library,report_writing,solo,2_4h,evening,weekday,7.9,cloudy,indoor,rarely,5,4,4,4,3,3,5,5,4,4,20,16,16,16,20,20,12,12,3.4,4.0,20,0.0,74.5,72.90504360432456
I1246,U125,comfort_oriented,P010,library_10,synthetic,train,4,4,4,4,4,4,5,4,4,4,library,report_writing,mostly_solo,2_4h,morning,1,1,1,1,1,1,1,1,1,1,1,library,light_reading,solo,1_2h,early_morning,weekday,8.9,hot,indoor,sometimes,5,5,4,4,3,4,4,4,4,5,20,20,16,16,16,20,12,16,1.8,4.5,12,0.5,81.8,72.03826552057785
I1247,U125,comfort_oriented,P087,coworking_space_03,synthetic,train,4,4,4,4,4,4,5,4,4,4,library,report_writing,mostly_solo,2_4h,morning,1,1,1,1,1,1,1,1,1,1,1,coworking_space,coding,solo,over_4h,morning,weekend,16.7,hot,indoor,often,4,4,3,2,5,4,4,4,4,4,16,16,12,8,16,20,20,16,3.6,8.3,16,1.0,67.3,65.4902601788798
I1248,U125,comfort_oriented,P021,study_room_03,synthetic,train,4,4,4,4,4,4,5,4,4,4,library,report_writing,mostly_solo,2_4h,morning,1,1,1,1,1,1,1,1,1,1,1,study_room,online_class,3_4,under_1h,evening,weekday,17.7,rainy,indoor,rarely,5,4,4,4,3,4,4,4,4,2,20,16,16,16,16,20,12,16,2.6,8.8,12,0.0,61.4,63.88171986582947
I1249,U125,comfort_oriented,P049,cafe_13,synthetic,train,4,4,4,4,4,4,5,4,4,4,library,report_writing,mostly_solo,2_4h,morning,1,1,1,1,1,1,1,1,1,1,1,cafe,meeting,3_4,2_4h,afternoon,weekday,18.1,clear,indoor,rarely,3,4,2,3,3,3,2,4,4,2,12,16,8,12,8,20,12,12,0.8,9.0,12,0.5,56.5,55.78005241577835
I1250,U125,comfort_oriented,P057,home_03,synthetic,train,4,4,4,4,4,4,5,4,4,4,library,report_writing,mostly_solo,2_4h,morning,1,1,1,1,1,1,1,1,1,1,1,home,report_writing,solo,under_1h,afternoon,weekend,4.6,cold,indoor,sometimes,3,4,4,4,5,4,5,4,5,4,12,16,16,16,20,25,20,16,3.4,2.3,16,0.5,71.3,75.30862744083564
I1251,U126,balanced,P026,study_room_08,synthetic,train,3,4,4,4,4,4,5,4,4,4,study_room,deep_study,mostly_solo,over_4h,afternoon,0,1,1,1,1,1,0,1,1,1,1,study_room,report_writing,solo,over_4h,evening,weekday,15.7,clear,indoor,first_time,4,5,4,4,5,4,4,5,4,3,12,20,16,16,16,20,20,16,3.4,7.8,20,0.5,79.8,69.63277884207416
I1252,U126,balanced,P087,coworking_space_03,synthetic,train,3,4,4,4,4,4,5,4,4,4,study_room,deep_study,mostly_solo,over_4h,afternoon,0,1,1,1,1,1,0,1,1,1,1,coworking_space,team_project,2,2_4h,morning,weekday,19.7,clear,indoor,sometimes,4,4,3,2,5,4,4,4,4,4,12,16,12,8,16,20,20,16,1.0,9.9,12,0.5,62.1,64.86523474825694
I1253,U126,balanced,P093,coworking_space_09,synthetic,train,3,4,4,4,4,4,5,4,4,4,study_room,deep_study,mostly_solo,over_4h,afternoon,0,1,1,1,1,1,0,1,1,1,1,coworking_space,coding,solo,2_4h,afternoon,weekday,9.3,cloudy,indoor,often,3,4,2,3,4,4,4,4,4,3,9,16,8,12,16,20,16,16,3.6,4.7,16,1.0,52.3,64.05793896125903
I1254,U126,balanced,P005,library_05,synthetic,train,3,4,4,4,4,4,5,4,4,4,study_room,deep_study,mostly_solo,over_4h,afternoon,0,1,1,1,1,1,0,1,1,1,1,library,report_writing,solo,2_4h,morning,weekday,8.4,cold,indoor,often,5,4,4,5,3,4,4,5,4,4,15,16,16,20,16,20,12,16,3.4,4.2,20,0.5,65.6,75.77083568704877
I1255,U126,balanced,P025,study_room_07,synthetic,train,3,4,4,4,4,4,5,4,4,4,study_room,deep_study,mostly_solo,over_4h,afternoon,0,1,1,1,1,1,0,1,1,1,1,study_room,online_class,2,1_2h,evening,weekday,6.1,clear,indoor,sometimes,4,4,3,4,4,4,4,4,4,3,12,16,12,16,16,20,16,16,2.6,3.0,12,0.5,75.6,65.80815063391768
I1256,U126,balanced,P002,library_02,synthetic,train,3,4,4,4,4,4,5,4,4,4,study_room,deep_study,mostly_solo,over_4h,afternoon,0,1,1,1,1,1,0,1,1,1,1,library,online_class,3_4,1_2h,morning,weekday,3.5,clear,indoor,often,5,5,4,4,2,3,4,4,4,4,15,20,16,16,16,20,8,12,2.6,1.8,12,0.5,74.9,70.31316736404916
I1257,U126,balanced,P084,computer_lab_10,synthetic,train,3,4,4,4,4,4,5,4,4,4,study_room,deep_study,mostly_solo,over_4h,afternoon,0,1,1,1,1,1,0,1,1,1,1,computer_lab,coding,solo,over_4h,evening,weekend,14.1,cloudy,indoor,sometimes,4,4,3,4,3,3,4,5,3,2,12,16,12,16,16,15,12,12,3.6,7.1,20,0.5,73.5,63.149004189790546
I1258,U126,balanced,P006,library_06,synthetic,train,3,4,4,4,4,4,5,4,4,4,study_room,deep_study,mostly_solo,over_4h,afternoon,0,1,1,1,1,1,0,1,1,1,1,library,coding,solo,2_4h,morning,weekday,14.4,clear,indoor,sometimes,4,4,4,5,2,3,4,5,5,4,12,16,16,20,16,25,8,12,3.6,7.2,20,0.5,75.5,70.74532479403959
I1259,U126,balanced,P010,library_10,synthetic,train,3,4,4,4,4,4,5,4,4,4,study_room,deep_study,mostly_solo,over_4h,afternoon,0,1,1,1,1,1,0,1,1,1,1,library,deep_study,solo,1_2h,morning,weekday,9.0,clear,indoor,first_time,5,5,4,4,3,4,4,5,4,5,15,20,16,16,16,20,12,16,4.0,4.5,20,0.5,68.4,73.0356619752992
I1260,U126,balanced,P018,library_18,synthetic,train,3,4,4,4,4,4,5,4,4,4,study_room,deep_study,mostly_solo,over_4h,afternoon,0,1,1,1,1,1,0,1,1,1,1,library,report_writing,solo,2_4h,early_morning,weekday,14.9,clear,indoor,first_time,5,4,3,4,3,3,4,5,4,3,15,16,12,16,16,20,12,12,3.4,7.4,20,0.0,74.8,66.73664703733262
I1261,U127,social_collaborative,P040,cafe_04,synthetic,test,4,3,2,3,4,3,4,3,5,3,dorm_lounge,meeting,mostly_group,over_4h,evening,1,0,0,1,1,0,1,1,0,1,0,cafe,team_project,5_plus,1_2h,early_morning,weekend,2.4,cloudy,indoor,sometimes,3,4,2,3,3,4,3,4,4,3,12,12,4,9,12,16,9,20,0.8,0.9,12,0.0,56.5,62.131110099045806
I1262,U127,social_collaborative,P014,library_14,synthetic,test,4,3,2,3,4,3,4,3,5,3,dorm_lounge,meeting,mostly_group,over_4h,evening,1,0,0,1,1,0,1,1,0,1,0,library,coding,2,1_2h,afternoon,weekend,6.0,cloudy,indoor,often,5,4,5,4,3,4,4,4,4,4,20,12,10,12,16,16,9,20,2.7,2.3,12,0.5,63.6,67.15268617171668
I1263,U127,social_collaborative,P051,cafe_15,synthetic,test,4,3,2,3,4,3,4,3,5,3,dorm_lounge,meeting,mostly_group,over_4h,evening,1,0,0,1,1,0,1,1,0,1,0,cafe,light_reading,solo,1_2h,evening,weekday,11.3,clear,indoor,sometimes,3,4,2,3,3,4,3,3,4,3,12,12,4,9,12,16,9,20,1.4,4.3,9,1.0,53.3,56.67177525745779
I1264,U127,social_collaborative,P090,coworking_space_06,synthetic,test,4,3,2,3,4,3,4,3,5,3,dorm_lounge,meeting,mostly_group,over_4h,evening,1,0,0,1,1,0,1,1,0,1,0,coworking_space,meeting,2,1_2h,evening,weekday,14.0,rainy,indoor,often,3,4,3,4,4,4,4,4,4,3,12,12,6,12,16,16,12,20,0.6,5.2,12,1.0,64.8,63.151853264141025
I1265,U127,social_collaborative,P008,library_08,synthetic,test,4,3,2,3,4,3,4,3,5,3,dorm_lounge,meeting,mostly_group,over_4h,evening,1,0,0,1,1,0,1,1,0,1,0,library,team_project,2,1_2h,afternoon,weekday,12.0,cloudy,indoor,often,5,5,4,4,2,3,4,3,4,4,20,15,8,12,16,16,6,15,0.8,4.5,9,0.5,58.1,65.20388796198719
I1266,U127,social_collaborative,P037,cafe_01,synthetic,test,4,3,2,3,4,3,4,3,5,3,dorm_lounge,meeting,mostly_group,over_4h,evening,1,0,0,1,1,0,1,1,0,1,0,cafe,online_class,solo,1_2h,evening,weekday,16.0,clear,indoor,sometimes,3,4,2,2,2,4,3,2,4,4,12,12,4,6,12,16,6,20,2.0,6.0,6,1.0,55.7,54.1729598106937
I1267,U127,social_collaborative,P098,dorm_lounge_02,synthetic,test,4,3,2,3,4,3,4,3,5,3,dorm_lounge,meeting,mostly_group,over_4h,evening,1,0,0,1,1,0,1,1,0,1,0,dorm_lounge,report_writing,5_plus,over_4h,evening,weekday,20.8,cloudy,indoor,often,3,4,3,2,3,4,4,2,4,3,12,12,6,6,16,16,9,20,2.6,7.8,6,1.0,56.9,54.029043342758726
I1268,U127,social_collaborative,P093,coworking_space_09,synthetic,test,4,3,2,3,4,3,4,3,5,3,dorm_lounge,meeting,mostly_group,over_4h,evening,1,0,0,1,1,0,1,1,0,1,0,coworking_space,light_reading,solo,1_2h,evening,weekday,10.3,cold,indoor,sometimes,3,4,2,3,4,4,4,4,4,3,12,12,4,9,16,16,12,20,1.4,3.9,12,1.0,64.2,59.82495938927599
I1269,U127,social_collaborative,P094,coworking_space_10,synthetic,test,4,3,2,3,4,3,4,3,5,3,dorm_lounge,meeting,mostly_group,over_4h,evening,1,0,0,1,1,0,1,1,0,1,0,coworking_space,team_project,5_plus,2_4h,evening,weekday,11.5,clear,indoor,often,3,5,3,4,3,4,3,5,4,4,12,15,6,12,12,16,9,20,0.8,4.3,15,1.0,57.5,65.52723029233982
I1270,U127,social_collaborative,P031,study_room_13,synthetic,test,4,3,2,3,4,3,4,3,5,3,dorm_lounge,meeting,mostly_group,over_4h,evening,1,0,0,1,1,0,1,1,0,1,0,study_room,team_project,2,2_4h,early_morning,weekend,1.0,clear,indoor,sometimes,5,4,4,4,4,4,4,5,5,4,20,12,8,12,16,20,12,20,0.8,0.4,15,0.0,78.3,75.4170047128927
I1271,U128,comfort_oriented,P057,home_03,synthetic,train,4,4,4,3,5,4,5,4,3,5,cafe,meeting,mostly_solo,2_4h,evening,1,1,0,1,1,1,1,1,1,0,0,home,coding,solo,over_4h,evening,weekday,1.8,clear,indoor,often,3,4,4,4,5,4,5,4,5,4,12,16,16,12,25,25,20,12,4.5,0.9,20,1.0,88.5,77.52883006243638
I1272,U128,comfort_oriented,P012,library_12,synthetic,train,4,4,4,3,5,4,5,4,3,5,cafe,meeting,mostly_solo,2_4h,evening,1,1,0,1,1,1,1,1,1,0,0,library,report_writing,3_4,2_4h,morning,weekday,11.3,cold,indoor,sometimes,5,4,4,4,3,3,3,5,5,4,20,16,16,12,15,25,12,9,4.3,5.7,25,0.0,66.3,73.14704011585818
I1273,U128,comfort_oriented,P049,cafe_13,synthetic,train,4,4,4,3,5,4,5,4,3,5,cafe,meeting,mostly_solo,2_4h,evening,1,1,0,1,1,1,1,1,1,0,0,cafe,report_writing,3_4,2_4h,afternoon,weekday,15.3,clear,indoor,sometimes,3,4,2,3,3,3,2,4,4,2,12,16,8,9,10,20,12,9,4.3,7.7,20,0.5,64.4,57.213528574501446
I1274,U128,comfort_oriented,P086,coworking_space_02,synthetic,train,4,4,4,3,5,4,5,4,3,5,cafe,meeting,mostly_solo,2_4h,evening,1,1,0,1,1,1,1,1,1,0,0,coworking_space,report_writing,2,1_2h,evening,weekday,22.5,rainy,indoor,sometimes,3,4,4,4,5,3,4,4,4,4,12,16,16,12,20,20,20,9,4.3,11.3,20,1.0,61.9,61.904161642663055
I1275,U128,comfort_oriented,P038,cafe_02,synthetic,train,4,4,4,3,5,4,5,4,3,5,cafe,meeting,mostly_solo,2_4h,evening,1,1,0,1,1,1,1,1,1,0,0,cafe,meeting,3_4,1_2h,morning,weekend,25.5,clear,indoor,sometimes,2,4,3,2,2,4,3,4,3,3,8,16,12,6,15,15,8,12,1.0,12.7,12,0.0,67.0,54.59296610598337
I1276,U128,comfort_oriented,P010,library_10,synthetic,train,4,4,4,3,5,4,5,4,3,5,cafe,meeting,mostly_solo,2_4h,evening,1,1,0,1,1,1,1,1,1,0,0,library,coding,5_plus,1_2h,afternoon,weekday,6.9,clear,indoor,sometimes,5,5,4,4,3,4,4,4,4,5,20,20,16,12,20,20,12,12,4.5,3.4,20,0.5,63.6,73.45606925967351
I1277,U128,comfort_oriented,P008,library_08,synthetic,train,4,4,4,3,5,4,5,4,3,5,cafe,meeting,mostly_solo,2_4h,evening,1,1,0,1,1,1,1,1,1,0,0,library,online_class,solo,1_2h,morning,weekend,15.3,clear,indoor,rarely,5,5,4,4,2,3,4,4,4,4,20,20,16,12,20,20,8,9,3.3,7.7,12,0.0,63.2,67.54401182427281
I1278,U128,comfort_oriented,P065,classroom_03,synthetic,train,4,4,4,3,5,4,5,4,3,5,cafe,meeting,mostly_solo,2_4h,evening,1,1,0,1,1,1,1,1,1,0,0,classroom,coding,solo,over_4h,evening,weekday,9.9,clear,indoor,sometimes,4,4,3,3,3,3,4,4,3,3,16,16,12,9,20,15,12,9,4.5,4.9,20,1.0,67.8,64.9804617489231
I1279,U128,comfort_oriented,P007,library_07,synthetic,train,4,4,4,3,5,4,5,4,3,5,cafe,meeting,mostly_solo,2_4h,evening,1,1,0,1,1,1,1,1,1,0,0,library,light_reading,solo,2_4h,afternoon,weekday,7.1,clear,indoor,sometimes,5,4,3,4,3,3,4,4,4,4,20,16,12,12,20,20,12,9,2.3,3.5,12,0.5,78.4,69.78356222692223
I1280,U128,comfort_oriented,P005,library_05,synthetic,train,4,4,4,3,5,4,5,4,3,5,cafe,meeting,mostly_solo,2_4h,evening,1,1,0,1,1,1,1,1,1,0,0,library,report_writing,solo,under_1h,evening,weekday,7.7,rainy,indoor,often,5,4,4,5,3,4,4,5,4,4,20,16,16,15,20,20,12,12,4.3,3.8,25,1.0,81.7,78.582456353186
I1281,U129,quiet_deepwork,P021,study_room_03,synthetic,train,5,3,5,5,4,3,4,4,5,4,home,coding,mostly_solo,1_2h,afternoon,1,1,1,1,1,0,1,1,0,1,1,study_room,report_writing,solo,1_2h,afternoon,weekday,17.1,rainy,indoor,first_time,5,4,4,4,3,4,4,5,4,2,25,12,20,20,16,16,12,20,3.4,6.4,20,1.0,69.0,77.13885021115387
I1282,U129,quiet_deepwork,P003,library_03,synthetic,train,5,3,5,5,4,3,4,4,5,4,home,coding,mostly_solo,1_2h,afternoon,1,1,1,1,1,0,1,1,0,1,1,library,report_writing,solo,2_4h,late_night,weekday,1.8,cloudy,indoor,first_time,5,3,4,5,3,3,4,5,4,4,25,9,20,25,16,16,12,15,3.4,0.7,20,0.0,76.5,80.64071932324399
I1283,U129,quiet_deepwork,P064,classroom_02,synthetic,train,5,3,5,5,4,3,4,4,5,4,home,coding,mostly_solo,1_2h,afternoon,1,1,1,1,1,0,1,1,0,1,1,classroom,coding,solo,over_4h,late_night,weekday,9.2,hot,indoor,first_time,4,4,3,3,3,3,3,4,3,3,20,12,15,15,12,12,12,15,3.6,3.4,16,0.0,72.2,64.38045539286992
I1284,U129,quiet_deepwork,P060,home_06,synthetic,train,5,3,5,5,4,3,4,4,5,4,home,coding,mostly_solo,1_2h,afternoon,1,1,1,1,1,0,1,1,0,1,1,home,light_reading,solo,1_2h,afternoon,weekday,15.1,cloudy,indoor,often,4,3,5,5,4,5,5,5,4,5,20,9,25,25,20,16,16,25,1.8,5.7,15,1.0,97.7,84.54166777624818
I1285,U129,quiet_deepwork,P091,coworking_space_07,synthetic,train,5,3,5,5,4,3,4,4,5,4,home,coding,mostly_solo,1_2h,afternoon,1,1,1,1,1,0,1,1,0,1,1,coworking_space,coding,solo,2_4h,evening,weekend,16.1,clear,indoor,sometimes,4,4,4,3,4,5,4,5,3,4,20,12,20,15,16,12,16,25,3.6,6.0,20,0.5,71.1,77.10624884201437
I1286,U129,quiet_deepwork,P106,dorm_lounge_10,synthetic,train,5,3,5,5,4,3,4,4,5,4,home,coding,mostly_solo,1_2h,afternoon,1,1,1,1,1,0,1,1,0,1,1,dorm_lounge,report_writing,solo,over_4h,morning,weekend,10.8,cloudy,indoor,rarely,3,3,2,3,3,4,3,3,3,3,15,9,10,15,12,12,12,20,3.4,4.0,12,0.5,67.5,64.47769545996641
I1287,U129,quiet_deepwork,P076,computer_lab_02,synthetic,train,5,3,5,5,4,3,4,4,5,4,home,coding,mostly_solo,1_2h,afternoon,1,1,1,1,1,0,1,1,0,1,1,computer_lab,coding,solo,over_4h,morning,weekday,14.7,rainy,indoor,often,3,5,3,4,4,3,4,5,3,4,15,15,15,20,16,12,16,15,3.6,5.5,20,0.5,71.4,72.69711077168928
I1288,U129,quiet_deepwork,P055,home_01,synthetic,train,5,3,5,5,4,3,4,4,5,4,home,coding,mostly_solo,1_2h,afternoon,1,1,1,1,1,0,1,1,0,1,1,home,light_reading,solo,under_1h,evening,weekday,13.3,clear,indoor,often,4,3,5,4,4,5,5,4,4,5,20,9,25,20,20,16,16,25,1.8,5.0,12,0.5,83.7,82.90845946447143
I1289,U129,quiet_deepwork,P116,outdoor_08,synthetic,train,5,3,5,5,4,3,4,4,5,4,home,coding,mostly_solo,1_2h,afternoon,1,1,1,1,1,0,1,1,0,1,1,outdoor,deep_study,2,over_4h,afternoon,weekday,10.5,cold,outdoor,often,3,5,3,3,2,2,1,2,3,3,15,15,15,15,4,12,8,10,4.0,3.9,8,1.0,45.9,51.29024282879192
I1290,U129,quiet_deepwork,P060,home_06,synthetic,train,5,3,5,5,4,3,4,4,5,4,home,coding,mostly_solo,1_2h,afternoon,1,1,1,1,1,0,1,1,0,1,1,home,deep_study,solo,1_2h,afternoon,weekday,12.9,cloudy,indoor,rarely,4,3,5,5,4,5,5,4,4,5,20,9,25,25,20,16,16,25,4.0,4.9,16,1.0,73.3,82.57558871675943
I1291,U130,quiet_deepwork,P011,library_11,synthetic,train,4,4,5,4,4,3,4,4,4,5,study_room,coding,mostly_solo,2_4h,early_morning,1,1,1,1,1,0,1,1,0,1,1,library,report_writing,2,over_4h,late_night,weekend,12.2,cloudy,indoor,sometimes,5,4,4,4,2,4,4,5,4,3,20,16,20,16,16,16,8,16,4.3,4.6,25,0.0,61.1,72.76047848323488
I1292,U130,quiet_deepwork,P083,computer_lab_09,synthetic,train,4,4,5,4,4,3,4,4,4,5,study_room,coding,mostly_solo,2_4h,early_morning,1,1,1,1,1,0,1,1,0,1,1,computer_lab,report_writing,2,2_4h,evening,weekday,4.3,rainy,indoor,often,4,4,3,3,4,3,5,4,4,3,16,16,15,12,20,16,16,12,4.3,1.6,20,0.0,64.1,71.04219466932035
I1293,U130,quiet_deepwork,P061,home_07,synthetic,train,4,4,5,4,4,3,4,4,4,5,study_room,coding,mostly_solo,2_4h,early_morning,1,1,1,1,1,0,1,1,0,1,1,home,report_writing,solo,2_4h,evening,weekday,10.7,cold,indoor,often,4,4,4,4,4,4,4,5,4,5,16,16,20,16,16,16,16,16,4.3,4.0,25,0.0,71.3,78.092793521494
I1294,U130,quiet_deepwork,P008,library_08,synthetic,train,4,4,5,4,4,3,4,4,4,5,study_room,coding,mostly_solo,2_4h,early_morning,1,1,1,1,1,0,1,1,0,1,1,library,report_writing,solo,2_4h,early_morning,weekday,11.8,clear,indoor,sometimes,5,5,4,4,2,3,4,4,4,4,20,20,20,16,16,16,8,12,4.3,4.4,20,1.0,78.0,76.277091841188
I1295,U130,quiet_deepwork,P022,study_room_04,synthetic,train,4,4,5,4,4,3,4,4,4,5,study_room,coding,mostly_solo,2_4h,early_morning,1,1,1,1,1,0,1,1,0,1,1,study_room,online_class,solo,2_4h,evening,weekday,15.5,cloudy,indoor,first_time,4,5,3,4,5,3,4,5,4,4,16,20,15,16,16,16,20,12,3.3,5.8,15,0.0,73.7,69.62164123334566
I1296,U130,quiet_deepwork,P116,outdoor_08,synthetic,train,4,4,5,4,4,3,4,4,4,5,study_room,coding,mostly_solo,2_4h,early_morning,1,1,1,1,1,0,1,1,0,1,1,outdoor,deep_study,solo,2_4h,late_night,weekday,5.1,cold,outdoor,first_time,3,5,3,3,2,2,1,2,3,3,12,20,15,12,4,12,8,8,5.0,1.9,10,0.0,53.8,51.30161064785765
I1297,U130,quiet_deepwork,P008,library_08,synthetic,train,4,4,5,4,4,3,4,4,4,5,study_room,coding,mostly_solo,2_4h,early_morning,1,1,1,1,1,0,1,1,0,1,1,library,report_writing,solo,2_4h,early_morning,weekday,12.0,cloudy,indoor,sometimes,5,5,4,4,2,3,4,4,4,4,20,20,20,16,16,16,8,12,4.3,4.5,20,1.0,78.9,75.5942332669986
I1298,U130,quiet_deepwork,P001,library_01,synthetic,train,4,4,5,4,4,3,4,4,4,5,study_room,coding,mostly_solo,2_4h,early_morning,1,1,1,1,1,0,1,1,0,1,1,library,report_writing,3_4,over_4h,afternoon,weekday,16.4,cloudy,indoor,often,5,4,4,5,2,3,4,5,4,4,20,16,20,20,16,16,8,12,4.3,6.1,25,0.0,82.5,73.93875834887865
I1299,U130,quiet_deepwork,P090,coworking_space_06,synthetic,train,4,4,5,4,4,3,4,4,4,5,study_room,coding,mostly_solo,2_4h,early_morning,1,1,1,1,1,0,1,1,0,1,1,coworking_space,deep_study,solo,2_4h,afternoon,weekday,15.4,hot,indoor,sometimes,3,4,3,4,4,4,4,4,4,3,12,16,15,16,16,16,16,16,5.0,5.8,20,0.0,58.2,67.34174652531294
I1300,U130,quiet_deepwork,P058,home_04,synthetic,train,4,4,5,4,4,3,4,4,4,5,study_room,coding,mostly_solo,2_4h,early_morning,1,1,1,1,1,0,1,1,0,1,1,home,report_writing,solo,under_1h,early_morning,weekend,14.7,clear,indoor,often,4,3,4,3,4,5,4,5,4,4,16,12,20,12,16,16,16,20,4.3,5.5,25,1.0,77.8,79.12329418494863
I1301,U131,convenience_oriented,P040,cafe_04,synthetic,train,4,4,3,3,5,4,4,4,5,3,home,deep_study,mixed,1_2h,morning,1,0,0,1,1,1,1,1,1,1,0,cafe,coding,solo,1_2h,afternoon,weekend,9.2,clear,indoor,sometimes,3,4,2,3,3,4,3,3,4,3,12,16,6,9,15,16,12,20,2.7,4.6,9,0.5,61.5,61.54689030755833
I1302,U131,convenience_oriented,P080,computer_lab_06,synthetic,train,4,4,3,3,5,4,4,4,5,3,home,deep_study,mixed,1_2h,morning,1,0,0,1,1,1,1,1,1,1,0,computer_lab,deep_study,3_4,2_4h,afternoon,weekday,9.8,hot,indoor,rarely,4,4,4,3,3,4,4,3,4,3,16,16,12,9,20,16,12,20,3.0,4.9,9,0.5,64.1,64.34758338030949
I1303,U131,convenience_oriented,P063,classroom_01,synthetic,train,4,4,3,3,5,4,4,4,5,3,home,deep_study,mixed,1_2h,morning,1,0,0,1,1,1,1,1,1,1,0,classroom,online_class,2,under_1h,morning,weekday,9.1,cloudy,indoor,sometimes,3,4,3,3,2,3,3,4,3,3,12,16,9,9,15,12,8,15,2.0,4.6,12,1.0,50.5,59.14190359604205
I1304,U131,convenience_oriented,P017,library_17,synthetic,train,4,4,3,3,5,4,4,4,5,3,home,deep_study,mixed,1_2h,morning,1,0,0,1,1,1,1,1,1,1,0,library,light_reading,solo,under_1h,afternoon,weekend,12.1,clear,indoor,sometimes,5,4,4,5,3,3,4,5,5,4,20,16,12,15,20,20,12,15,1.4,6.0,15,0.5,76.5,74.35518109202872
I1305,U131,convenience_oriented,P044,cafe_08,synthetic,train,4,4,3,3,5,4,4,4,5,3,home,deep_study,mixed,1_2h,morning,1,0,0,1,1,1,1,1,1,1,0,cafe,online_class,solo,1_2h,morning,weekday,16.8,clear,indoor,often,3,4,3,4,2,4,3,3,4,2,12,16,9,12,15,16,8,20,2.0,8.4,9,1.0,64.9,61.745251608257504
I1306,U131,convenience_oriented,P004,library_04,synthetic,train,4,4,3,3,5,4,4,4,5,3,home,deep_study,mixed,1_2h,morning,1,0,0,1,1,1,1,1,1,1,0,library,meeting,5_plus,1_2h,morning,weekday,5.9,cloudy,indoor,often,5,3,3,4,2,4,4,2,3,4,20,12,9,12,20,12,8,20,0.6,2.9,6,1.0,66.4,70.84732261222052
I1307,U131,convenience_oriented,P006,library_06,synthetic,train,4,4,3,3,5,4,4,4,5,3,home,deep_study,mixed,1_2h,morning,1,0,0,1,1,1,1,1,1,1,0,library,deep_study,solo,2_4h,early_morning,weekday,12.4,clear,indoor,rarely,4,4,4,5,2,3,4,5,5,4,16,16,12,15,20,20,8,15,3.0,6.2,15,0.5,73.3,70.30902424934189
I1308,U131,convenience_oriented,P075,computer_lab_01,synthetic,train,4,4,3,3,5,4,4,4,5,3,home,deep_study,mixed,1_2h,morning,1,0,0,1,1,1,1,1,1,1,0,computer_lab,online_class,solo,1_2h,late_night,weekend,7.0,cloudy,indoor,first_time,3,3,3,4,3,4,5,5,3,3,12,12,9,12,25,12,12,20,2.0,3.5,15,0.0,68.2,66.53789498640758
I1309,U131,convenience_oriented,P018,library_18,synthetic,train,4,4,3,3,5,4,4,4,5,3,home,deep_study,mixed,1_2h,morning,1,0,0,1,1,1,1,1,1,1,0,library,light_reading,solo,1_2h,morning,weekday,16.0,clear,indoor,often,5,4,3,4,3,3,4,5,4,3,20,16,9,12,20,16,12,15,1.4,8.0,15,1.0,72.9,70.71259405025351
I1310,U131,convenience_oriented,P080,computer_lab_06,synthetic,train,4,4,3,3,5,4,4,4,5,3,home,deep_study,mixed,1_2h,morning,1,0,0,1,1,1,1,1,1,1,0,computer_lab,report_writing,solo,under_1h,morning,weekday,5.9,rainy,indoor,sometimes,4,4,4,3,3,4,4,4,4,3,16,16,12,9,20,16,12,20,2.6,2.9,12,1.0,67.6,73.39413471736603
I1311,U132,social_collaborative,P058,home_04,synthetic,train,3,4,3,2,4,3,4,3,3,3,cafe,team_project,mostly_group,2_4h,evening,0,0,0,1,1,0,0,1,0,0,0,home,online_class,solo,1_2h,morning,weekday,20.1,clear,indoor,sometimes,4,3,4,3,4,5,4,4,4,4,12,12,12,6,16,16,12,15,2.0,7.5,12,0.0,57.2,61.18554880282951
I1312,U132,social_collaborative,P059,home_05,synthetic,train,3,4,3,2,4,3,4,3,3,3,cafe,team_project,mostly_group,2_4h,evening,0,0,0,1,1,0,0,1,0,0,0,home,deep_study,solo,2_4h,early_morning,weekday,9.6,cloudy,indoor,first_time,4,5,5,4,5,4,4,4,5,5,12,20,15,8,16,20,15,12,3.0,3.6,12,0.0,67.8,64.49578345402819
I1313,U132,social_collaborative,P034,study_room_16,synthetic,train,3,4,3,2,4,3,4,3,3,3,cafe,team_project,mostly_group,2_4h,evening,0,0,0,1,1,0,0,1,0,0,0,study_room,team_project,5_plus,over_4h,evening,weekend,11.2,clear,indoor,first_time,4,4,4,4,4,3,4,5,5,3,12,16,12,8,16,20,12,9,0.8,4.2,15,1.0,53.7,63.671957509487875
I1314,U132,social_collaborative,P004,library_04,synthetic,train,3,4,3,2,4,3,4,3,3,3,cafe,team_project,mostly_group,2_4h,evening,0,0,0,1,1,0,0,1,0,0,0,library,deep_study,solo,under_1h,morning,weekend,4.5,cloudy,indoor,often,5,3,3,4,2,4,4,5,3,4,15,12,9,8,16,12,6,12,3.0,1.7,15,0.0,67.7,62.59747547871087
I1315,U132,social_collaborative,P066,classroom_04,synthetic,train,3,4,3,2,4,3,4,3,3,3,cafe,team_project,mostly_group,2_4h,evening,0,0,0,1,1,0,0,1,0,0,0,classroom,online_class,solo,1_2h,afternoon,weekend,7.4,clear,indoor,often,3,4,4,3,3,3,4,5,3,4,9,16,12,6,16,12,9,9,2.0,2.8,15,0.5,61.1,60.09230092928097
I1316,U132,social_collaborative,P025,study_room_07,synthetic,train,3,4,3,2,4,3,4,3,3,3,cafe,team_project,mostly_group,2_4h,evening,0,0,0,1,1,0,0,1,0,0,0,study_room,team_project,3_4,over_4h,afternoon,weekday,1.0,cloudy,indoor,often,4,4,3,4,4,4,4,5,4,3,12,16,9,8,16,16,12,12,0.8,0.4,15,0.5,69.4,66.4995940434322
I1317,U132,social_collaborative,P075,computer_lab_01,synthetic,train,3,4,3,2,4,3,4,3,3,3,cafe,team_project,mostly_group,2_4h,evening,0,0,0,1,1,0,0,1,0,0,0,computer_lab,meeting,3_4,1_2h,afternoon,weekday,9.0,clear,indoor,often,3,3,3,4,3,4,5,3,3,3,9,12,9,8,20,12,9,12,0.6,3.4,9,0.5,65.3,59.63657830985899
I1318,U132,social_collaborative,P077,computer_lab_03,synthetic,train,3,4,3,2,4,3,4,3,3,3,cafe,team_project,mostly_group,2_4h,evening,0,0,0,1,1,0,0,1,0,0,0,computer_lab,coding,solo,2_4h,early_morning,weekday,18.0,clear,indoor,first_time,4,3,3,3,2,3,4,4,4,4,12,12,9,6,16,16,6,9,2.7,6.7,12,0.0,56.3,54.053170224878
I1319,U132,social_collaborative,P067,classroom_05,synthetic,train,3,4,3,2,4,3,4,3,3,3,cafe,team_project,mostly_group,2_4h,evening,0,0,0,1,1,0,0,1,0,0,0,classroom,team_project,2,1_2h,evening,weekday,10.0,clear,indoor,rarely,3,4,3,3,3,2,3,4,3,3,9,16,9,6,12,12,9,6,0.8,3.8,12,1.0,58.7,53.25595874430905
I1320,U132,social_collaborative,P051,cafe_15,synthetic,train,3,4,3,2,4,3,4,3,3,3,cafe,team_project,mostly_group,2_4h,evening,0,0,0,1,1,0,0,1,0,0,0,cafe,team_project,2,under_1h,evening,weekday,14.0,rainy,indoor,sometimes,3,4,2,3,3,4,3,3,4,3,9,16,6,6,12,16,9,12,0.8,5.2,9,1.0,57.2,53.79272967736752
I1321,U133,comfort_oriented,P055,home_01,synthetic,train,4,3,3,4,4,4,5,5,5,4,home,deep_study,mostly_solo,over_4h,morning,1,0,1,1,1,1,1,1,1,1,1,home,coding,solo,over_4h,morning,weekend,10.6,cloudy,indoor,rarely,4,3,5,4,4,5,5,4,4,5,16,9,15,16,20,20,20,25,3.6,5.3,16,1.0,78.0,76.53161217158049
I1322,U133,comfort_oriented,P051,cafe_15,synthetic,train,4,3,3,4,4,4,5,5,5,4,home,deep_study,mostly_solo,over_4h,morning,1,0,1,1,1,1,1,1,1,1,1,cafe,deep_study,solo,2_4h,morning,weekend,18.9,rainy,indoor,rarely,3,4,2,3,3,4,3,3,4,3,12,12,6,12,12,20,15,20,4.0,9.5,12,1.0,61.5,57.87263508633664
I1323,U133,comfort_oriented,P013,library_13,synthetic,train,4,3,3,4,4,4,5,5,5,4,home,deep_study,mostly_solo,over_4h,morning,1,0,1,1,1,1,1,1,1,1,1,library,report_writing,solo,2_4h,afternoon,weekday,6.1,cloudy,indoor,sometimes,5,4,4,4,3,3,5,5,4,4,20,12,12,16,20,20,15,15,3.4,3.0,20,0.5,86.5,76.57450818038402
I1324,U133,comfort_oriented,P077,computer_lab_03,synthetic,train,4,3,3,4,4,4,5,5,5,4,home,deep_study,mostly_solo,over_4h,morning,1,0,1,1,1,1,1,1,1,1,1,computer_lab,online_class,solo,1_2h,afternoon,weekday,19.9,clear,indoor,first_time,4,3,3,3,2,3,4,4,4,4,16,9,9,12,16,20,10,15,2.6,10.0,12,0.5,65.2,60.966533579643524
I1325,U133,comfort_oriented,P106,dorm_lounge_10,synthetic,train,4,3,3,4,4,4,5,5,5,4,home,deep_study,mostly_solo,over_4h,morning,1,0,1,1,1,1,1,1,1,1,1,dorm_lounge,deep_study,2,1_2h,morning,weekday,7.1,cloudy,indoor,first_time,3,3,2,3,3,4,3,3,3,3,12,9,6,12,12,15,15,20,4.0,3.5,12,1.0,50.5,56.751172307110195
I1326,U133,comfort_oriented,P004,library_04,synthetic,train,4,3,3,4,4,4,5,5,5,4,home,deep_study,mostly_solo,over_4h,morning,1,0,1,1,1,1,1,1,1,1,1,library,coding,solo,2_4h,afternoon,weekend,4.5,clear,indoor,rarely,5,3,3,4,2,4,4,4,3,4,20,9,9,16,16,15,10,20,3.6,2.2,16,0.5,70.1,70.74732662748329
I1327,U133,comfort_oriented,P014,library_14,synthetic,train,4,3,3,4,4,4,5,5,5,4,home,deep_study,mostly_solo,over_4h,morning,1,0,1,1,1,1,1,1,1,1,1,library,report_writing,solo,under_1h,evening,weekend,5.1,cloudy,indoor,rarely,5,4,5,4,3,4,4,4,4,4,20,12,15,16,16,20,15,20,3.4,2.6,16,0.0,70.0,75.8608895297721
I1328,U133,comfort_oriented,P098,dorm_lounge_02,synthetic,train,4,3,3,4,4,4,5,5,5,4,home,deep_study,mostly_solo,over_4h,morning,1,0,1,1,1,1,1,1,1,1,1,dorm_lounge,report_writing,solo,2_4h,morning,weekend,14.2,clear,indoor,sometimes,3,4,3,2,3,4,4,3,4,3,12,12,9,8,16,20,15,20,3.4,7.1,12,1.0,50.0,64.22679209684196
I1329,U133,comfort_oriented,P048,cafe_12,synthetic,train,4,3,3,4,4,4,5,5,5,4,home,deep_study,mostly_solo,over_4h,morning,1,0,1,1,1,1,1,1,1,1,1,cafe,team_project,3_4,2_4h,morning,weekend,7.9,clear,indoor,first_time,2,5,2,3,1,4,3,4,3,3,8,15,6,12,12,15,5,20,1.0,3.9,12,1.0,65.0,58.69495695110835
I1330,U133,comfort_oriented,P022,study_room_04,synthetic,train,4,3,3,4,4,4,5,5,5,4,home,deep_study,mostly_solo,over_4h,morning,1,0,1,1,1,1,1,1,1,1,1,study_room,deep_study,2,1_2h,evening,weekday,7.1,clear,indoor,first_time,4,5,3,4,5,3,4,4,4,4,16,15,9,16,16,20,25,15,4.0,3.6,16,0.0,59.4,65.76652658316043
I1331,U134,convenience_oriented,P092,coworking_space_08,synthetic,train,4,3,3,4,4,5,4,3,3,4,home,team_project,mostly_solo,2_4h,afternoon,1,0,1,1,1,1,1,1,1,0,1,coworking_space,light_reading,3_4,2_4h,morning,weekday,4.4,cloudy,indoor,rarely,2,4,3,4,3,4,4,3,4,3,8,12,9,16,16,16,9,12,1.8,2.8,9,0.5,58.4,55.633101651183324
I1332,U134,convenience_oriented,P034,study_room_16,synthetic,train,4,3,3,4,4,5,4,3,3,4,home,team_project,mostly_solo,2_4h,afternoon,1,0,1,1,1,1,1,1,1,0,1,study_room,deep_study,solo,2_4h,afternoon,weekend,9.2,hot,indoor,often,4,4,4,4,4,3,4,4,5,3,16,12,12,16,16,20,12,9,4.0,5.7,16,1.0,60.3,66.33995966678413
I1333,U134,convenience_oriented,P013,library_13,synthetic,train,4,3,3,4,4,5,4,3,3,4,home,team_project,mostly_solo,2_4h,afternoon,1,0,1,1,1,1,1,1,1,0,1,library,coding,solo,2_4h,afternoon,weekday,1.0,clear,indoor,rarely,5,4,4,4,3,3,5,4,4,4,20,12,12,16,20,16,9,9,3.6,0.6,16,1.0,79.6,71.07532001506365
I1334,U134,convenience_oriented,P012,library_12,synthetic,train,4,3,3,4,4,5,4,3,3,4,home,team_project,mostly_solo,2_4h,afternoon,1,0,1,1,1,1,1,1,1,0,1,library,light_reading,solo,1_2h,morning,weekday,7.3,rainy,indoor,sometimes,5,4,4,4,3,3,3,4,5,4,20,12,12,16,12,20,9,9,1.8,4.6,12,0.5,66.7,67.25085445560556
I1335,U134,convenience_oriented,P073,classroom_11,synthetic,train,4,3,3,4,4,5,4,3,3,4,home,team_project,mostly_solo,2_4h,afternoon,1,0,1,1,1,1,1,1,1,0,1,classroom,online_class,solo,1_2h,afternoon,weekday,11.9,clear,indoor,sometimes,4,5,3,3,4,3,3,4,3,4,16,15,9,12,12,12,12,9,2.6,7.5,12,1.0,59.4,58.54404775530914
I1336,U134,convenience_oriented,P107,dorm_lounge_11,synthetic,train,4,3,3,4,4,5,4,3,3,4,home,team_project,mostly_solo,2_4h,afternoon,1,0,1,1,1,1,1,1,1,0,1,dorm_lounge,light_reading,solo,over_4h,early_morning,weekday,25.6,cloudy,indoor,often,3,4,3,3,3,4,3,4,3,3,12,12,9,12,12,12,9,12,1.8,16.0,12,0.0,42.5,49.40211397697186
I1337,U134,convenience_oriented,P117,outdoor_09,synthetic,train,4,3,3,4,4,5,4,3,3,4,home,team_project,mostly_solo,2_4h,afternoon,1,0,1,1,1,1,1,1,1,0,1,outdoor,light_reading,solo,2_4h,evening,weekday,14.0,hot,outdoor,often,2,5,3,3,2,3,1,4,3,3,8,15,9,12,4,12,6,9,1.8,8.8,12,0.5,37.6,45.16255435336517
I1338,U134,convenience_oriented,P083,computer_lab_09,synthetic,train,4,3,3,4,4,5,4,3,3,4,home,team_project,mostly_solo,2_4h,afternoon,1,0,1,1,1,1,1,1,1,0,1,computer_lab,online_class,solo,under_1h,evening,weekend,5.3,clear,indoor,rarely,4,4,3,3,4,3,5,4,4,3,16,12,9,12,20,16,12,9,2.6,3.3,12,0.5,67.6,64.90407593532382
I1339,U134,convenience_oriented,P098,dorm_lounge_02,synthetic,train,4,3,3,4,4,5,4,3,3,4,home,team_project,mostly_solo,2_4h,afternoon,1,0,1,1,1,1,1,1,1,0,1,dorm_lounge,report_writing,solo,over_4h,afternoon,weekday,17.8,clear,indoor,sometimes,3,4,3,2,3,4,4,3,4,3,12,12,9,8,16,16,9,12,3.4,11.1,12,1.0,60.6,54.672446716280774
I1340,U134,convenience_oriented,P014,library_14,synthetic,train,4,3,3,4,4,5,4,3,3,4,home,team_project,mostly_solo,2_4h,afternoon,1,0,1,1,1,1,1,1,1,0,1,library,online_class,solo,1_2h,morning,weekend,4.1,hot,indoor,sometimes,5,4,5,4,3,4,4,3,4,4,20,12,15,16,16,16,9,12,2.6,2.5,9,0.5,75.7,69.33848765758692
I1341,U135,quiet_deepwork,P010,library_10,synthetic,train,5,4,4,4,4,3,3,3,4,4,home,deep_study,mostly_solo,1_2h,early_morning,1,1,1,0,1,0,1,1,0,1,1,library,online_class,solo,1_2h,early_morning,weekday,2.3,clear,indoor,often,5,5,4,4,3,4,4,3,4,5,25,20,16,16,16,12,9,16,2.6,0.9,9,1.0,81.1,78.39941209178444
I1342,U135,quiet_deepwork,P009,library_09,synthetic,train,5,4,4,4,4,3,3,3,4,4,home,deep_study,mostly_solo,1_2h,early_morning,1,1,1,0,1,0,1,1,0,1,1,library,coding,solo,2_4h,early_morning,weekday,12.4,cloudy,indoor,sometimes,4,4,3,4,2,4,4,4,4,4,20,16,12,16,16,12,6,16,3.6,4.7,16,1.0,68.6,71.1334584569499
I1343,U135,quiet_deepwork,P089,coworking_space_05,synthetic,train,5,4,4,4,4,3,3,3,4,4,home,deep_study,mostly_solo,1_2h,early_morning,1,1,1,0,1,0,1,1,0,1,1,coworking_space,coding,solo,over_4h,afternoon,weekday,21.8,hot,indoor,often,3,5,4,3,4,4,5,5,4,3,15,20,16,12,20,12,12,16,3.6,8.2,20,0.0,72.7,68.4332759460396
I1344,U135,quiet_deepwork,P019,study_room_01,synthetic,train,5,4,4,4,4,3,3,3,4,4,home,deep_study,mostly_solo,1_2h,early_morning,1,1,1,0,1,0,1,1,0,1,1,study_room,meeting,5_plus,1_2h,afternoon,weekend,15.1,clear,indoor,often,4,3,4,4,3,4,4,5,4,4,20,12,16,16,16,12,9,16,0.8,5.7,15,0.0,72.4,74.01373591578873
I1345,U135,quiet_deepwork,P010,library_10,synthetic,train,5,4,4,4,4,3,3,3,4,4,home,deep_study,mostly_solo,1_2h,early_morning,1,1,1,0,1,0,1,1,0,1,1,library,online_class,solo,under_1h,afternoon,weekday,8.5,hot,indoor,sometimes,5,5,4,4,3,4,4,4,4,5,25,20,16,16,16,12,9,16,2.6,3.2,12,0.0,75.7,75.50694966641183
I1346,U135,quiet_deepwork,P021,study_room_03,synthetic,train,5,4,4,4,4,3,3,3,4,4,home,deep_study,mostly_solo,1_2h,early_morning,1,1,1,0,1,0,1,1,0,1,1,study_room,report_writing,solo,under_1h,early_morning,weekend,24.2,clear,indoor,sometimes,5,4,4,4,3,4,4,4,4,2,25,16,16,16,16,12,9,16,3.4,9.1,16,1.0,73.9,73.20846812074001
I1347,U135,quiet_deepwork,P021,study_room_03,synthetic,train,5,4,4,4,4,3,3,3,4,4,home,deep_study,mostly_solo,1_2h,early_morning,1,1,1,0,1,0,1,1,0,1,1,study_room,deep_study,solo,1_2h,late_night,weekday,16.8,cloudy,indoor,first_time,5,4,4,4,3,4,4,4,4,2,25,16,16,16,16,12,9,16,4.0,6.3,16,0.0,64.6,69.25845098038774
I1348,U135,quiet_deepwork,P080,computer_lab_06,synthetic,train,5,4,4,4,4,3,3,3,4,4,home,deep_study,mostly_solo,1_2h,early_morning,1,1,1,0,1,0,1,1,0,1,1,computer_lab,coding,2,2_4h,morning,weekday,9.8,clear,indoor,first_time,4,4,4,3,3,4,4,5,4,3,20,16,16,12,16,12,9,16,3.6,3.7,20,0.5,72.4,69.10129076835547
I1349,U135,quiet_deepwork,P019,study_room_01,synthetic,train,5,4,4,4,4,3,3,3,4,4,home,deep_study,mostly_solo,1_2h,early_morning,1,1,1,0,1,0,1,1,0,1,1,study_room,light_reading,2,under_1h,early_morning,weekday,12.4,cloudy,indoor,sometimes,4,3,4,4,3,4,4,3,4,4,20,12,16,16,16,12,9,16,1.8,4.7,9,1.0,64.8,66.34067829312377
I1350,U135,quiet_deepwork,P078,computer_lab_04,synthetic,train,5,4,4,4,4,3,3,3,4,4,home,deep_study,mostly_solo,1_2h,early_morning,1,1,1,0,1,0,1,1,0,1,1,computer_lab,coding,solo,2_4h,morning,weekday,11.5,clear,indoor,sometimes,4,4,4,4,3,3,5,4,4,3,20,16,16,16,20,12,9,12,3.6,4.3,16,0.5,75.6,72.6860702609705
I1351,U136,comfort_oriented,P032,study_room_14,synthetic,train,4,4,4,3,4,4,5,5,4,5,library,light_reading,mostly_solo,1_2h,afternoon,1,1,0,1,1,1,1,1,1,1,0,study_room,deep_study,solo,over_4h,morning,weekday,18.7,rainy,indoor,sometimes,4,4,4,4,4,3,4,4,4,4,16,16,16,12,16,20,20,12,5.0,9.4,20,0.5,67.9,68.1930639877661
I1352,U136,comfort_oriented,P080,computer_lab_06,synthetic,train,4,4,4,3,4,4,5,5,4,5,library,light_reading,mostly_solo,1_2h,afternoon,1,1,0,1,1,1,1,1,1,1,0,computer_lab,online_class,solo,2_4h,evening,weekend,7.6,cloudy,indoor,sometimes,4,4,4,3,3,4,4,4,4,3,16,16,16,9,16,20,15,16,3.3,3.8,12,0.5,71.1,69.87308876440257
I1353,U136,comfort_oriented,P063,classroom_01,synthetic,train,4,4,4,3,4,4,5,5,4,5,library,light_reading,mostly_solo,1_2h,afternoon,1,1,0,1,1,1,1,1,1,1,0,classroom,deep_study,solo,2_4h,morning,weekend,5.9,clear,indoor,sometimes,3,4,3,3,2,3,3,4,3,3,12,16,12,9,12,15,10,12,5.0,3.0,20,0.5,55.4,63.31291822958928
I1354,U136,comfort_oriented,P007,library_07,synthetic,train,4,4,4,3,4,4,5,5,4,5,library,light_reading,mostly_solo,1_2h,afternoon,1,1,0,1,1,1,1,1,1,1,0,library,coding,solo,1_2h,afternoon,weekday,11.5,cloudy,indoor,sometimes,5,4,3,4,3,3,4,4,4,4,20,16,12,12,16,20,15,12,4.5,5.7,20,1.0,64.5,70.24518342358898
I1355,U136,comfort_oriented,P044,cafe_08,synthetic,train,4,4,4,3,4,4,5,5,4,5,library,light_reading,mostly_solo,1_2h,afternoon,1,1,0,1,1,1,1,1,1,1,0,cafe,deep_study,solo,2_4h,early_morning,weekend,14.9,cloudy,indoor,often,3,4,3,4,2,4,3,2,4,2,12,16,12,12,12,20,10,16,5.0,7.4,10,0.0,58.4,58.36390564410404
I1356,U136,comfort_oriented,P023,study_room_05,synthetic,train,4,4,4,3,4,4,5,5,4,5,library,light_reading,mostly_solo,1_2h,afternoon,1,1,0,1,1,1,1,1,1,1,0,study_room,online_class,solo,under_1h,afternoon,weekday,13.8,clear,indoor,often,5,4,3,4,4,4,3,4,4,4,20,16,12,12,12,20,20,16,3.3,6.9,12,1.0,72.6,70.74735741560178
I1357,U136,comfort_oriented,P024,study_room_06,synthetic,train,4,4,4,3,4,4,5,5,4,5,library,light_reading,mostly_solo,1_2h,afternoon,1,1,0,1,1,1,1,1,1,1,0,study_room,deep_study,solo,2_4h,late_night,weekend,2.7,cloudy,indoor,often,4,4,3,4,3,4,4,4,4,3,16,16,12,12,16,20,15,16,5.0,1.4,20,0.0,81.1,71.92039213543805
I1358,U136,comfort_oriented,P086,coworking_space_02,synthetic,train,4,4,4,3,4,4,5,5,4,5,library,light_reading,mostly_solo,1_2h,afternoon,1,1,0,1,1,1,1,1,1,1,0,coworking_space,coding,solo,over_4h,morning,weekday,13.8,clear,indoor,rarely,3,4,4,4,5,3,4,5,4,4,12,16,16,12,16,20,25,12,4.5,6.9,25,0.5,69.5,69.12963855293637
I1359,U136,comfort_oriented,P037,cafe_01,synthetic,train,4,4,4,3,4,4,5,5,4,5,library,light_reading,mostly_solo,1_2h,afternoon,1,1,0,1,1,1,1,1,1,1,0,cafe,deep_study,solo,2_4h,evening,weekend,12.0,hot,indoor,first_time,3,4,2,2,2,4,3,2,4,4,12,16,8,6,12,20,10,16,5.0,6.0,10,0.5,56.1,54.00931763264034
I1360,U136,comfort_oriented,P072,classroom_10,synthetic,train,4,4,4,3,4,4,5,5,4,5,library,light_reading,mostly_solo,1_2h,afternoon,1,1,0,1,1,1,1,1,1,1,0,classroom,report_writing,2,1_2h,late_night,weekday,11.6,clear,indoor,sometimes,3,3,4,3,3,3,4,4,3,3,12,12,16,9,16,15,15,12,4.3,5.8,20,0.0,45.7,60.2408743460343
I1361,U137,quiet_deepwork,P071,classroom_09,synthetic,train,4,4,5,4,5,4,3,3,3,5,home,deep_study,mostly_solo,1_2h,early_morning,1,1,1,0,1,1,1,1,1,0,1,classroom,light_reading,solo,2_4h,morning,weekday,6.4,rainy,indoor,rarely,3,3,3,3,3,3,3,2,3,4,12,12,15,12,15,9,9,9,2.3,3.2,6,0.5,61.6,58.96957063875554
I1362,U137,quiet_deepwork,P001,library_01,synthetic,train,4,4,5,4,5,4,3,3,3,5,home,deep_study,mostly_solo,1_2h,early_morning,1,1,1,0,1,1,1,1,1,0,1,library,coding,solo,2_4h,morning,weekday,5.4,cold,indoor,rarely,5,4,4,5,2,3,4,5,4,4,20,16,20,20,20,12,6,9,4.5,2.7,25,0.5,76.2,76.36711762924999
I1363,U137,quiet_deepwork,P043,cafe_07,synthetic,train,4,4,5,4,5,4,3,3,3,5,home,deep_study,mostly_solo,1_2h,early_morning,1,1,1,0,1,1,1,1,1,0,1,cafe,report_writing,solo,2_4h,late_night,weekday,1.4,cloudy,indoor,sometimes,2,5,3,3,2,4,3,4,3,3,8,20,15,12,15,9,6,12,4.3,0.7,20,0.0,57.9,65.38917353767275
I1364,U137,quiet_deepwork,P014,library_14,synthetic,train,4,4,5,4,5,4,3,3,3,5,home,deep_study,mostly_solo,1_2h,early_morning,1,1,1,0,1,1,1,1,1,0,1,library,coding,solo,2_4h,morning,weekend,14.0,cloudy,indoor,sometimes,5,4,5,4,3,4,4,4,4,4,20,16,25,16,20,12,9,12,4.5,7.0,20,0.5,67.2,75.66033861161509
I1365,U137,quiet_deepwork,P031,study_room_13,synthetic,train,4,4,5,4,5,4,3,3,3,5,home,deep_study,mostly_solo,1_2h,early_morning,1,1,1,0,1,1,1,1,1,0,1,study_room,deep_study,solo,2_4h,early_morning,weekday,1.9,cloudy,indoor,often,5,4,4,4,4,4,4,4,5,4,20,16,20,16,20,15,12,12,5.0,1.0,20,1.0,80.6,80.30860844586704
I1366,U137,quiet_deepwork,P015,library_15,synthetic,train,4,4,5,4,5,4,3,3,3,5,home,deep_study,mostly_solo,1_2h,early_morning,1,1,1,0,1,1,1,1,1,0,1,library,coding,solo,over_4h,evening,weekend,13.5,clear,indoor,sometimes,4,4,4,5,2,4,3,4,4,4,16,16,20,20,15,12,6,12,4.5,6.7,20,0.0,66.9,70.73163330598979
I1367,U137,quiet_deepwork,P014,library_14,synthetic,train,4,4,5,4,5,4,3,3,3,5,home,deep_study,mostly_solo,1_2h,early_morning,1,1,1,0,1,1,1,1,1,0,1,library,team_project,2,2_4h,early_morning,weekday,5.4,hot,indoor,first_time,5,4,5,4,3,4,4,2,4,4,20,16,25,16,20,12,9,12,1.3,2.7,6,1.0,71.5,72.36765898654785
I1368,U137,quiet_deepwork,P031,study_room_13,synthetic,train,4,4,5,4,5,4,3,3,3,5,home,deep_study,mostly_solo,1_2h,early_morning,1,1,1,0,1,1,1,1,1,0,1,study_room,deep_study,solo,1_2h,afternoon,weekday,1.0,cloudy,indoor,sometimes,5,4,4,4,4,4,4,5,5,4,20,16,20,16,20,15,12,12,5.0,0.5,25,0.0,78.9,80.48383251231002
I1369,U137,quiet_deepwork,P060,home_06,synthetic,train,4,4,5,4,5,4,3,3,3,5,home,deep_study,mostly_solo,1_2h,early_morning,1,1,1,0,1,1,1,1,1,0,1,home,report_writing,3_4,2_4h,evening,weekday,12.4,clear,indoor,sometimes,4,3,5,5,4,5,5,3,4,5,16,12,25,20,25,12,12,15,4.3,6.2,15,0.0,64.6,73.57927122227726
I1370,U137,quiet_deepwork,P017,library_17,synthetic,train,4,4,5,4,5,4,3,3,3,5,home,deep_study,mostly_solo,1_2h,early_morning,1,1,1,0,1,1,1,1,1,0,1,library,report_writing,2,1_2h,evening,weekday,9.8,cloudy,indoor,sometimes,5,4,4,5,3,3,4,5,5,4,20,16,20,20,20,15,9,9,4.3,4.9,25,0.0,83.4,74.58456881646771
I1371,U138,balanced,P046,cafe_10,synthetic,train,3,3,4,4,4,4,4,4,5,3,computer_lab,online_class,mixed,2_4h,evening,0,1,1,1,1,1,0,1,1,1,1,cafe,light_reading,solo,under_1h,afternoon,weekend,10.5,clear,indoor,first_time,3,4,2,3,2,4,3,4,3,3,9,12,8,12,12,12,8,20,1.4,5.3,12,0.5,54.1,55.94726777323288
I1372,U138,balanced,P090,coworking_space_06,synthetic,train,3,3,4,4,4,4,4,4,5,3,computer_lab,online_class,mixed,2_4h,evening,0,1,1,1,1,1,0,1,1,1,1,coworking_space,report_writing,solo,over_4h,afternoon,weekend,12.5,clear,indoor,often,3,4,3,4,4,4,4,4,4,3,9,12,12,16,16,16,16,20,2.6,6.2,12,0.5,58.4,65.38220379227776
I1373,U138,balanced,P083,computer_lab_09,synthetic,train,3,3,4,4,4,4,4,4,5,3,computer_lab,online_class,mixed,2_4h,evening,0,1,1,1,1,1,0,1,1,1,1,computer_lab,report_writing,solo,2_4h,afternoon,weekend,1.0,clear,indoor,rarely,4,4,3,3,4,3,5,3,4,3,12,12,12,12,20,16,16,15,2.6,0.5,9,0.5,67.1,67.27676895505999
I1374,U138,balanced,P091,coworking_space_07,synthetic,train,3,3,4,4,4,4,4,4,5,3,computer_lab,online_class,mixed,2_4h,evening,0,1,1,1,1,1,0,1,1,1,1,coworking_space,report_writing,solo,2_4h,afternoon,weekend,16.4,rainy,indoor,rarely,4,4,4,3,4,5,4,5,3,4,12,12,16,12,16,12,16,25,2.6,8.2,15,0.5,68.6,66.33161274330726
I1375,U138,balanced,P086,coworking_space_02,synthetic,train,3,3,4,4,4,4,4,4,5,3,computer_lab,online_class,mixed,2_4h,evening,0,1,1,1,1,1,0,1,1,1,1,coworking_space,coding,solo,1_2h,evening,weekday,17.3,clear,indoor,often,3,4,4,4,5,3,4,4,4,4,9,12,16,16,16,16,20,15,2.7,8.6,12,1.0,59.4,64.29758658414413
I1376,U138,balanced,P027,study_room_09,synthetic,train,3,3,4,4,4,4,4,4,5,3,computer_lab,online_class,mixed,2_4h,evening,0,1,1,1,1,1,0,1,1,1,1,study_room,report_writing,solo,2_4h,evening,weekend,1.7,hot,indoor,rarely,5,3,3,4,4,3,3,4,3,3,15,9,12,16,12,12,16,15,2.6,0.9,12,1.0,61.8,65.84192469869117
I1377,U138,balanced,P004,library_04,synthetic,train,3,3,4,4,4,4,4,4,5,3,computer_lab,online_class,mixed,2_4h,evening,0,1,1,1,1,1,0,1,1,1,1,library,deep_study,solo,over_4h,afternoon,weekday,8.1,clear,indoor,rarely,5,3,3,4,2,4,4,5,3,4,15,9,12,16,16,12,8,20,3.0,4.0,15,0.5,72.6,67.44718810197907
I1378,U138,balanced,P057,home_03,synthetic,train,3,3,4,4,4,4,4,4,5,3,computer_lab,online_class,mixed,2_4h,evening,0,1,1,1,1,1,0,1,1,1,1,home,coding,solo,1_2h,evening,weekend,5.5,clear,indoor,rarely,3,4,4,4,5,4,5,4,5,4,9,12,16,16,20,20,20,20,2.7,2.8,12,1.0,77.9,71.79636972523531
I1379,U138,balanced,P025,study_room_07,synthetic,train,3,3,4,4,4,4,4,4,5,3,computer_lab,online_class,mixed,2_4h,evening,0,1,1,1,1,1,0,1,1,1,1,study_room,team_project,3_4,1_2h,early_morning,weekday,6.4,clear,indoor,often,4,4,3,4,4,4,4,5,4,3,12,12,12,16,16,16,16,20,0.8,3.2,15,0.0,73.6,74.17262082827428
I1380,U138,balanced,P036,study_room_18,synthetic,train,3,3,4,4,4,4,4,4,5,3,computer_lab,online_class,mixed,2_4h,evening,0,1,1,1,1,1,0,1,1,1,1,study_room,deep_study,solo,1_2h,evening,weekend,9.6,clear,indoor,rarely,5,4,4,4,4,4,5,4,4,4,15,12,16,16,20,16,16,20,3.0,4.8,12,1.0,64.2,70.9503234461124
I1381,U139,comfort_oriented,P091,coworking_space_07,synthetic,test,3,3,4,4,4,4,4,4,5,5,home,light_reading,mostly_solo,2_4h,evening,0,1,1,1,1,1,0,1,1,1,1,coworking_space,online_class,3_4,1_2h,morning,weekday,11.0,hot,indoor,first_time,4,4,4,3,4,5,4,3,3,4,12,12,16,12,16,12,16,25,3.3,5.5,9,0.0,48.3,63.044990800954594
I1382,U139,comfort_oriented,P077,computer_lab_03,synthetic,test,3,3,4,4,4,4,4,4,5,5,home,light_reading,mostly_solo,2_4h,evening,0,1,1,1,1,1,0,1,1,1,1,computer_lab,deep_study,solo,2_4h,afternoon,weekday,18.8,hot,indoor,sometimes,4,3,3,3,2,3,4,4,4,4,12,9,12,12,16,16,8,15,5.0,9.4,20,0.5,60.0,63.4065513674193
I1383,U139,comfort_oriented,P094,coworking_space_10,synthetic,test,3,3,4,4,4,4,4,4,5,5,home,light_reading,mostly_solo,2_4h,evening,0,1,1,1,1,1,0,1,1,1,1,coworking_space,meeting,3_4,1_2h,afternoon,weekday,13.4,clear,indoor,first_time,3,5,3,4,3,4,3,4,4,4,9,15,12,16,12,16,12,20,1.0,6.7,12,0.5,60.4,63.84433312294057
I1384,U139,comfort_oriented,P068,classroom_06,synthetic,test,3,3,4,4,4,4,4,4,5,5,home,light_reading,mostly_solo,2_4h,evening,0,1,1,1,1,1,0,1,1,1,1,classroom,light_reading,3_4,1_2h,morning,weekday,13.0,rainy,indoor,often,3,4,3,3,2,3,3,4,2,4,9,12,12,12,12,8,8,15,2.3,6.5,12,0.0,54.7,56.26928161983602
I1385,U139,comfort_oriented,P027,study_room_09,synthetic,test,3,3,4,4,4,4,4,4,5,5,home,light_reading,mostly_solo,2_4h,evening,0,1,1,1,1,1,0,1,1,1,1,study_room,coding,solo,2_4h,evening,weekday,9.5,cloudy,indoor,first_time,5,3,3,4,4,3,3,5,3,3,15,9,12,16,12,12,16,15,4.5,4.7,25,1.0,69.7,68.39460680336663
I1386,U139,comfort_oriented,P026,study_room_08,synthetic,test,3,3,4,4,4,4,4,4,5,5,home,light_reading,mostly_solo,2_4h,evening,0,1,1,1,1,1,0,1,1,1,1,study_room,coding,solo,2_4h,evening,weekday,17.3,cloudy,indoor,sometimes,4,5,4,4,5,4,4,5,4,3,12,15,16,16,16,16,20,20,4.5,8.7,25,1.0,67.9,72.82971430853323
I1387,U139,comfort_oriented,P103,dorm_lounge_07,synthetic,test,3,3,4,4,4,4,4,4,5,5,home,light_reading,mostly_solo,2_4h,evening,0,1,1,1,1,1,0,1,1,1,1,dorm_lounge,online_class,solo,1_2h,afternoon,weekend,18.3,clear,indoor,sometimes,3,4,3,3,4,4,5,2,3,3,9,12,12,12,20,12,16,20,3.3,9.2,6,0.5,51.1,60.494520597833684
I1388,U139,comfort_oriented,P036,study_room_18,synthetic,test,3,3,4,4,4,4,4,4,5,5,home,light_reading,mostly_solo,2_4h,evening,0,1,1,1,1,1,0,1,1,1,1,study_room,team_project,2,2_4h,afternoon,weekday,4.9,clear,indoor,rarely,5,4,4,4,4,4,5,5,4,4,15,12,16,16,20,16,16,20,1.3,2.4,15,0.5,72.2,77.03547179535644
I1389,U139,comfort_oriented,P053,cafe_17,synthetic,test,3,3,4,4,4,4,4,4,5,5,home,light_reading,mostly_solo,2_4h,evening,0,1,1,1,1,1,0,1,1,1,1,cafe,online_class,3_4,1_2h,evening,weekday,11.4,cloudy,indoor,first_time,3,4,2,2,2,3,3,3,3,3,9,12,8,8,12,12,8,15,3.3,5.7,9,1.0,49.1,50.727716692357404
I1390,U139,comfort_oriented,P107,dorm_lounge_11,synthetic,test,3,3,4,4,4,4,4,4,5,5,home,light_reading,mostly_solo,2_4h,evening,0,1,1,1,1,1,0,1,1,1,1,dorm_lounge,light_reading,2,under_1h,morning,weekday,29.2,clear,indoor,often,3,4,3,3,3,4,3,4,3,3,9,12,12,12,12,12,12,20,2.3,14.6,12,0.0,44.2,54.19901958059391
I1391,U140,comfort_oriented,P018,library_18,synthetic,train,3,4,4,3,4,4,5,5,5,3,home,online_class,mixed,1_2h,morning,0,1,0,1,1,1,0,1,1,1,0,library,light_reading,solo,1_2h,afternoon,weekday,6.6,clear,indoor,sometimes,5,4,3,4,3,3,4,4,4,3,15,16,12,12,16,20,15,15,1.4,3.3,12,0.5,69.6,67.52559943188697
I1392,U140,comfort_oriented,P118,outdoor_10,synthetic,train,3,4,4,3,4,4,5,5,5,3,home,online_class,mixed,1_2h,morning,0,1,0,1,1,1,0,1,1,1,0,outdoor,light_reading,solo,2_4h,morning,weekday,5.4,cold,outdoor,first_time,3,5,3,3,3,3,2,4,3,3,9,20,12,9,8,15,15,15,1.4,2.7,12,1.0,50.0,55.5634893126109
I1393,U140,comfort_oriented,P012,library_12,synthetic,train,3,4,4,3,4,4,5,5,5,3,home,online_class,mixed,1_2h,morning,0,1,0,1,1,1,0,1,1,1,0,library,coding,solo,2_4h,morning,weekday,4.2,hot,indoor,often,5,4,4,4,3,3,3,3,5,4,15,16,16,12,12,25,15,15,2.7,2.1,9,1.0,70.8,69.85024761645845
I1394,U140,comfort_oriented,P031,study_room_13,synthetic,train,3,4,4,3,4,4,5,5,5,3,home,online_class,mixed,1_2h,morning,0,1,0,1,1,1,0,1,1,1,0,study_room,coding,3_4,over_4h,morning,weekday,1.0,clear,indoor,sometimes,5,4,4,4,4,4,4,5,5,4,15,16,16,12,16,25,20,20,2.7,0.5,15,1.0,76.7,75.83534839010807
I1395,U140,comfort_oriented,P016,library_16,synthetic,train,3,4,4,3,4,4,5,5,5,3,home,online_class,mixed,1_2h,morning,0,1,0,1,1,1,0,1,1,1,0,library,deep_study,solo,over_4h,afternoon,weekday,15.3,rainy,indoor,rarely,5,4,3,5,3,4,3,4,4,4,15,16,12,15,12,20,15,20,3.0,7.6,12,0.5,47.5,64.52199140988128
I1396,U140,comfort_oriented,P001,library_01,synthetic,train,3,4,4,3,4,4,5,5,5,3,home,online_class,mixed,1_2h,morning,0,1,0,1,1,1,0,1,1,1,0,library,coding,solo,over_4h,morning,weekday,14.5,clear,indoor,sometimes,5,4,4,5,2,3,4,4,4,4,15,16,16,15,16,20,10,15,2.7,7.2,12,1.0,65.4,66.6703060075039
I1397,U140,comfort_oriented,P039,cafe_03,synthetic,train,3,4,4,3,4,4,5,5,5,3,home,online_class,mixed,1_2h,morning,0,1,0,1,1,1,0,1,1,1,0,cafe,online_class,solo,under_1h,evening,weekday,9.7,clear,indoor,sometimes,3,4,2,3,2,4,3,3,4,4,9,16,8,9,12,20,10,20,2.0,4.8,9,0.0,62.6,59.259302714198775
I1398,U140,comfort_oriented,P007,library_07,synthetic,train,3,4,4,3,4,4,5,5,5,3,home,online_class,mixed,1_2h,morning,0,1,0,1,1,1,0,1,1,1,0,library,light_reading,solo,2_4h,morning,weekday,8.2,clear,indoor,rarely,5,4,3,4,3,3,4,4,4,4,15,16,12,12,16,20,15,15,1.4,4.1,12,1.0,67.1,67.35295027532669
I1399,U140,comfort_oriented,P022,study_room_04,synthetic,train,3,4,4,3,4,4,5,5,5,3,home,online_class,mixed,1_2h,morning,0,1,0,1,1,1,0,1,1,1,0,study_room,online_class,solo,1_2h,evening,weekday,16.9,cloudy,indoor,sometimes,4,5,3,4,5,3,4,4,4,4,12,20,12,12,16,20,25,15,2.0,8.5,12,0.0,67.7,65.5107489816002
I1400,U140,comfort_oriented,P109,outdoor_01,synthetic,train,3,4,4,3,4,4,5,5,5,3,home,online_class,mixed,1_2h,morning,0,1,0,1,1,1,0,1,1,1,0,outdoor,team_project,2,2_4h,afternoon,weekday,15.8,clear,outdoor,often,2,5,3,3,2,3,1,2,3,3,6,20,12,9,4,15,10,15,0.8,7.9,6,0.5,59.2,49.91124310141771
I1401,U141,convenience_oriented,P051,cafe_15,synthetic,train,3,3,3,3,4,5,4,3,4,3,dorm_lounge,coding,mixed,over_4h,afternoon,0,0,0,1,1,1,0,1,1,1,0,cafe,online_class,2,over_4h,evening,weekday,10.2,clear,indoor,often,3,4,2,3,3,4,3,3,4,3,9,12,6,9,12,16,9,16,2.0,6.4,9,0.5,40.8,50.74457581588631
I1402,U141,convenience_oriented,P034,study_room_16,synthetic,train,3,3,3,3,4,5,4,3,4,3,dorm_lounge,coding,mixed,over_4h,afternoon,0,0,0,1,1,1,0,1,1,1,0,study_room,deep_study,solo,2_4h,afternoon,weekend,10.7,rainy,indoor,first_time,4,4,4,4,4,3,4,5,5,3,12,12,12,12,16,20,12,12,3.0,6.7,15,1.0,69.4,61.035222319064026
I1403,U141,convenience_oriented,P019,study_room_01,synthetic,train,3,3,3,3,4,5,4,3,4,3,dorm_lounge,coding,mixed,over_4h,afternoon,0,0,0,1,1,1,0,1,1,1,0,study_room,coding,solo,2_4h,afternoon,weekday,17.0,clear,indoor,sometimes,4,3,4,4,3,4,4,4,4,4,12,9,12,12,16,16,9,16,2.7,10.7,12,1.0,57.8,59.199985738237736
I1404,U141,convenience_oriented,P084,computer_lab_10,synthetic,train,3,3,3,3,4,5,4,3,4,3,dorm_lounge,coding,mixed,over_4h,afternoon,0,0,0,1,1,1,0,1,1,1,0,computer_lab,light_reading,solo,1_2h,morning,weekday,12.3,hot,indoor,sometimes,4,4,3,4,3,3,4,2,3,2,12,12,9,12,16,12,9,12,1.4,7.7,6,0.5,48.0,52.34741312099924
I1405,U141,convenience_oriented,P098,dorm_lounge_02,synthetic,train,3,3,3,3,4,5,4,3,4,3,dorm_lounge,coding,mixed,over_4h,afternoon,0,0,0,1,1,1,0,1,1,1,0,dorm_lounge,meeting,3_4,2_4h,afternoon,weekend,25.2,cloudy,indoor,often,3,4,3,2,3,4,4,4,4,3,9,12,9,6,16,16,9,16,0.6,15.7,12,1.0,54.6,53.26451220798913
I1406,U141,convenience_oriented,P017,library_17,synthetic,train,3,3,3,3,4,5,4,3,4,3,dorm_lounge,coding,mixed,over_4h,afternoon,0,0,0,1,1,1,0,1,1,1,0,library,deep_study,2,2_4h,morning,weekend,11.4,hot,indoor,sometimes,5,4,4,5,3,3,4,5,5,4,15,12,12,15,16,20,9,12,3.0,7.1,15,0.5,61.1,61.243670478658075
I1407,U141,convenience_oriented,P116,outdoor_08,synthetic,train,3,3,3,3,4,5,4,3,4,3,dorm_lounge,coding,mixed,over_4h,afternoon,0,0,0,1,1,1,0,1,1,1,0,outdoor,team_project,3_4,under_1h,afternoon,weekend,13.2,rainy,outdoor,sometimes,3,5,3,3,2,2,1,3,3,3,9,15,9,9,4,12,6,8,0.8,8.3,9,1.0,34.8,46.08782312437503
I1408,U141,convenience_oriented,P029,study_room_11,synthetic,train,3,3,3,3,4,5,4,3,4,3,dorm_lounge,coding,mixed,over_4h,afternoon,0,0,0,1,1,1,0,1,1,1,0,study_room,report_writing,solo,over_4h,morning,weekday,12.4,hot,indoor,sometimes,4,4,3,4,2,4,4,4,4,3,12,12,9,12,16,16,6,16,2.6,7.7,12,0.5,50.9,57.865083160029045
I1409,U141,convenience_oriented,P003,library_03,synthetic,train,3,3,3,3,4,5,4,3,4,3,dorm_lounge,coding,mixed,over_4h,afternoon,0,0,0,1,1,1,0,1,1,1,0,library,light_reading,solo,1_2h,afternoon,weekday,5.1,clear,indoor,sometimes,5,3,4,5,3,3,4,5,4,4,15,9,12,15,16,16,9,12,1.4,3.2,15,1.0,64.4,67.12187822578332
I1410,U141,convenience_oriented,P115,outdoor_07,synthetic,train,3,3,3,3,4,5,4,3,4,3,dorm_lounge,coding,mixed,over_4h,afternoon,0,0,0,1,1,1,0,1,1,1,0,outdoor,online_class,2,1_2h,afternoon,weekday,19.0,clear,outdoor,first_time,3,4,3,3,1,3,1,2,2,3,9,12,9,9,4,8,3,12,2.0,11.9,6,1.0,41.8,33.98911440492304
I1411,U142,balanced,P024,study_room_06,synthetic,train,4,4,5,4,4,4,3,4,5,4,study_room,online_class,mostly_solo,2_4h,afternoon,1,1,1,0,1,1,1,1,1,1,1,study_room,coding,solo,1_2h,morning,weekend,3.7,clear,indoor,sometimes,4,4,3,4,3,4,4,5,4,3,16,16,15,16,16,12,12,20,3.6,1.8,20,0.5,84.5,74.95398930826745
I1412,U142,balanced,P064,classroom_02,synthetic,train,4,4,5,4,4,4,3,4,5,4,study_room,online_class,mostly_solo,2_4h,afternoon,1,1,1,0,1,1,1,1,1,1,1,classroom,light_reading,solo,under_1h,late_night,weekend,8.0,cloudy,indoor,rarely,4,4,3,3,3,3,3,3,3,3,16,16,15,12,12,9,12,15,1.8,4.0,9,0.0,61.4,60.72411737864397
I1413,U142,balanced,P011,library_11,synthetic,train,4,4,5,4,4,4,3,4,5,4,study_room,online_class,mostly_solo,2_4h,afternoon,1,1,1,0,1,1,1,1,1,1,1,library,deep_study,solo,1_2h,afternoon,weekday,15.5,clear,indoor,rarely,5,4,4,4,2,4,4,5,4,3,20,16,20,16,16,12,8,20,4.0,7.8,20,1.0,72.2,72.23747964755952
I1414,U142,balanced,P035,study_room_17,synthetic,train,4,4,5,4,4,4,3,4,5,4,study_room,online_class,mostly_solo,2_4h,afternoon,1,1,1,0,1,1,1,1,1,1,1,study_room,coding,solo,1_2h,evening,weekend,2.0,cloudy,indoor,sometimes,4,4,4,4,3,4,5,4,4,3,16,16,20,16,20,12,12,20,3.6,1.0,16,0.5,68.9,74.94654962017836
I1415,U142,balanced,P018,library_18,synthetic,train,4,4,5,4,4,4,3,4,5,4,study_room,online_class,mostly_solo,2_4h,afternoon,1,1,1,0,1,1,1,1,1,1,1,library,meeting,5_plus,1_2h,afternoon,weekday,7.4,cloudy,indoor,sometimes,5,4,3,4,3,3,4,3,4,3,20,16,15,16,16,12,12,15,0.8,3.7,9,1.0,66.8,71.14598022241606
I1416,U142,balanced,P066,classroom_04,synthetic,train,4,4,5,4,4,4,3,4,5,4,study_room,online_class,mostly_solo,2_4h,afternoon,1,1,1,0,1,1,1,1,1,1,1,classroom,deep_study,solo,2_4h,evening,weekday,7.2,hot,indoor,sometimes,3,4,4,3,3,3,4,3,3,4,12,16,20,12,16,9,12,15,4.0,3.6,12,0.5,70.4,64.02933159185824
I1417,U142,balanced,P117,outdoor_09,synthetic,train,4,4,5,4,4,4,3,4,5,4,study_room,online_class,mostly_solo,2_4h,afternoon,1,1,1,0,1,1,1,1,1,1,1,outdoor,online_class,solo,under_1h,morning,weekday,11.8,cloudy,outdoor,first_time,2,5,3,3,2,3,1,2,3,3,8,20,15,12,4,9,8,15,2.6,5.9,6,0.5,47.2,50.196590238585586
I1418,U142,balanced,P059,home_05,synthetic,train,4,4,5,4,4,4,3,4,5,4,study_room,online_class,mostly_solo,2_4h,afternoon,1,1,1,0,1,1,1,1,1,1,1,home,light_reading,solo,2_4h,evening,weekday,10.4,cloudy,indoor,sometimes,4,5,5,4,5,4,4,5,5,5,16,20,25,16,16,15,20,20,1.8,5.2,15,0.5,78.8,77.8587623037563
I1419,U142,balanced,P093,coworking_space_09,synthetic,train,4,4,5,4,4,4,3,4,5,4,study_room,online_class,mostly_solo,2_4h,afternoon,1,1,1,0,1,1,1,1,1,1,1,coworking_space,light_reading,solo,under_1h,evening,weekend,7.9,cloudy,indoor,sometimes,3,4,2,3,4,4,4,4,4,3,12,16,10,12,16,12,16,20,1.8,4.0,12,0.5,67.5,65.39026169809486
I1420,U142,balanced,P115,outdoor_07,synthetic,train,4,4,5,4,4,4,3,4,5,4,study_room,online_class,mostly_solo,2_4h,afternoon,1,1,1,0,1,1,1,1,1,1,1,outdoor,team_project,3_4,2_4h,afternoon,weekend,16.7,cloudy,outdoor,sometimes,3,4,3,3,1,3,1,3,2,3,12,16,15,12,4,6,4,15,1.0,8.4,9,1.0,56.3,53.04860892550225
I1421,U143,social_collaborative,P036,study_room_18,synthetic,test,3,5,3,3,4,3,3,3,4,3,study_room,online_class,mostly_group,1_2h,late_night,0,0,0,0,1,0,0,1,0,1,0,study_room,light_reading,solo,under_1h,late_night,weekend,8.4,cloudy,indoor,often,5,4,4,4,4,4,5,4,4,4,15,20,12,12,20,12,12,16,1.4,3.1,12,1.0,75.6,68.35660033414607
I1422,U143,social_collaborative,P038,cafe_02,synthetic,test,3,5,3,3,4,3,3,3,4,3,study_room,online_class,mostly_group,1_2h,late_night,0,0,0,0,1,0,0,1,0,1,0,cafe,team_project,2,1_2h,afternoon,weekday,22.7,clear,indoor,sometimes,2,4,3,2,2,4,3,4,3,3,6,20,9,6,12,9,6,16,0.8,8.5,12,0.0,45.7,53.005134578319606
I1423,U143,social_collaborative,P091,coworking_space_07,synthetic,test,3,5,3,3,4,3,3,3,4,3,study_room,online_class,mostly_group,1_2h,late_night,0,0,0,0,1,0,0,1,0,1,0,coworking_space,team_project,5_plus,2_4h,late_night,weekday,19.6,rainy,indoor,first_time,4,4,4,3,4,5,4,5,3,4,12,20,12,9,16,9,12,20,0.8,7.4,15,1.0,72.6,63.57609356122594
I1424,U143,social_collaborative,P067,classroom_05,synthetic,test,3,5,3,3,4,3,3,3,4,3,study_room,online_class,mostly_group,1_2h,late_night,0,0,0,0,1,0,0,1,0,1,0,classroom,deep_study,solo,2_4h,evening,weekday,10.8,cloudy,indoor,sometimes,3,4,3,3,3,2,3,3,3,3,9,20,9,9,12,9,9,8,3.0,4.1,9,0.5,44.6,52.49392075455695
I1425,U143,social_collaborative,P085,coworking_space_01,synthetic,test,3,5,3,3,4,3,3,3,4,3,study_room,online_class,mostly_group,1_2h,late_night,0,0,0,0,1,0,0,1,0,1,0,coworking_space,online_class,solo,2_4h,evening,weekday,1.0,clear,indoor,rarely,3,5,2,3,4,3,4,4,4,3,9,25,6,9,16,12,12,12,2.0,0.4,12,0.5,66.9,60.37131670152907
I1426,U143,social_collaborative,P013,library_13,synthetic,test,3,5,3,3,4,3,3,3,4,3,study_room,online_class,mostly_group,1_2h,late_night,0,0,0,0,1,0,0,1,0,1,0,library,team_project,3_4,1_2h,late_night,weekday,2.0,rainy,indoor,sometimes,5,4,4,4,3,3,5,4,4,4,15,20,12,12,20,12,9,12,0.8,0.7,12,1.0,68.3,69.81582340634932
I1427,U143,social_collaborative,P023,study_room_05,synthetic,test,3,5,3,3,4,3,3,3,4,3,study_room,online_class,mostly_group,1_2h,late_night,0,0,0,0,1,0,0,1,0,1,0,study_room,meeting,5_plus,2_4h,late_night,weekday,24.8,cloudy,indoor,sometimes,5,4,3,4,4,4,3,4,4,4,15,20,9,12,12,12,12,16,0.6,9.3,12,1.0,62.2,62.74791083112339
I1428,U143,social_collaborative,P086,coworking_space_02,synthetic,test,3,5,3,3,4,3,3,3,4,3,study_room,online_class,mostly_group,1_2h,late_night,0,0,0,0,1,0,0,1,0,1,0,coworking_space,light_reading,solo,1_2h,late_night,weekend,18.4,cloudy,indoor,sometimes,3,4,4,4,5,3,4,4,4,4,9,20,12,12,16,12,15,12,1.4,6.9,12,1.0,63.9,59.28979490227415
I1429,U143,social_collaborative,P045,cafe_09,synthetic,test,3,5,3,3,4,3,3,3,4,3,study_room,online_class,mostly_group,1_2h,late_night,0,0,0,0,1,0,0,1,0,1,0,cafe,report_writing,5_plus,over_4h,morning,weekday,1.4,clear,indoor,sometimes,2,3,2,2,3,3,3,3,3,3,6,15,6,6,12,9,9,12,2.6,0.5,9,0.0,42.1,49.25611690668484
I1430,U143,social_collaborative,P098,dorm_lounge_02,synthetic,test,3,5,3,3,4,3,3,3,4,3,study_room,online_class,mostly_group,1_2h,late_night,0,0,0,0,1,0,0,1,0,1,0,dorm_lounge,online_class,solo,1_2h,late_night,weekday,16.3,clear,indoor,rarely,3,4,3,2,3,4,4,3,4,3,9,20,9,6,16,12,9,16,2.0,6.1,9,1.0,59.7,55.64726899661588
I1431,U144,convenience_oriented,P082,computer_lab_08,synthetic,test,4,4,3,3,4,5,4,4,4,3,study_room,online_class,mixed,1_2h,afternoon,1,0,0,1,1,1,1,1,1,1,0,computer_lab,team_project,3_4,under_1h,afternoon,weekday,6.4,clear,indoor,sometimes,3,4,4,4,3,3,5,4,3,3,12,16,12,12,20,12,12,12,0.8,4.0,12,1.0,73.3,66.88538362302381
I1432,U144,convenience_oriented,P079,computer_lab_05,synthetic,test,4,4,3,3,4,5,4,4,4,3,study_room,online_class,mixed,1_2h,afternoon,1,0,0,1,1,1,1,1,1,1,0,computer_lab,team_project,3_4,2_4h,afternoon,weekday,6.9,rainy,indoor,sometimes,4,4,3,3,3,4,5,4,4,3,16,16,9,9,20,16,12,16,0.8,4.3,12,1.0,80.5,68.8821839694505
I1433,U144,convenience_oriented,P079,computer_lab_05,synthetic,test,4,4,3,3,4,5,4,4,4,3,study_room,online_class,mixed,1_2h,afternoon,1,0,0,1,1,1,1,1,1,1,0,computer_lab,online_class,solo,2_4h,late_night,weekday,4.9,cloudy,indoor,often,4,4,3,3,3,4,5,4,4,3,16,16,9,9,20,16,12,16,2.0,3.0,12,0.0,60.0,67.23385107132896
I1434,U144,convenience_oriented,P057,home_03,synthetic,test,4,4,3,3,4,5,4,4,4,3,study_room,online_class,mixed,1_2h,afternoon,1,0,0,1,1,1,1,1,1,1,0,home,report_writing,solo,2_4h,afternoon,weekday,10.4,clear,indoor,often,3,4,4,4,5,4,5,5,5,4,12,16,12,12,20,20,20,16,2.6,6.5,15,1.0,69.5,71.02454111001524
I1435,U144,convenience_oriented,P024,study_room_06,synthetic,test,4,4,3,3,4,5,4,4,4,3,study_room,online_class,mixed,1_2h,afternoon,1,0,0,1,1,1,1,1,1,1,0,study_room,online_class,solo,1_2h,morning,weekend,7.9,hot,indoor,often,4,4,3,4,3,4,4,4,4,3,16,16,9,12,16,16,12,16,2.0,5.0,12,0.5,73.3,64.9519797929329
I1436,U144,convenience_oriented,P022,study_room_04,synthetic,test,4,4,3,3,4,5,4,4,4,3,study_room,online_class,mixed,1_2h,afternoon,1,0,0,1,1,1,1,1,1,1,0,study_room,deep_study,solo,2_4h,afternoon,weekday,14.9,clear,indoor,sometimes,4,5,3,4,5,3,4,4,4,4,16,20,9,12,16,16,20,12,3.0,9.3,12,1.0,63.3,63.409340929284525
I1437,U144,convenience_oriented,P015,library_15,synthetic,test,4,4,3,3,4,5,4,4,4,3,study_room,online_class,mixed,1_2h,afternoon,1,0,0,1,1,1,1,1,1,1,0,library,coding,solo,1_2h,late_night,weekday,13.5,clear,indoor,rarely,4,4,4,5,2,4,3,4,4,4,16,16,12,15,12,16,8,16,2.7,8.4,12,0.0,58.2,60.40165855687159
I1438,U144,convenience_oriented,P023,study_room_05,synthetic,test,4,4,3,3,4,5,4,4,4,3,study_room,online_class,mixed,1_2h,afternoon,1,0,0,1,1,1,1,1,1,1,0,study_room,light_reading,solo,2_4h,afternoon,weekday,19.2,cold,indoor,often,5,4,3,4,4,4,3,4,4,4,20,16,9,12,12,16,16,16,1.4,12.0,12,1.0,69.1,61.80555533635141
I1439,U144,convenience_oriented,P012,library_12,synthetic,test,4,4,3,3,4,5,4,4,4,3,study_room,online_class,mixed,1_2h,afternoon,1,0,0,1,1,1,1,1,1,1,0,library,report_writing,solo,2_4h,afternoon,weekday,4.0,hot,indoor,sometimes,5,4,4,4,3,3,3,4,5,4,20,16,12,12,12,20,12,12,2.6,2.5,12,1.0,64.1,68.80562407883414
I1440,U144,convenience_oriented,P033,study_room_15,synthetic,test,4,4,3,3,4,5,4,4,4,3,study_room,online_class,mixed,1_2h,afternoon,1,0,0,1,1,1,1,1,1,1,0,study_room,online_class,2,1_2h,afternoon,weekend,4.4,rainy,indoor,rarely,5,3,4,3,4,4,4,4,5,4,20,12,12,9,16,20,16,16,2.0,2.7,12,1.0,75.1,66.59159882610871
I1441,U145,social_collaborative,P054,cafe_18,synthetic,train,4,5,2,3,4,3,3,4,5,3,library,meeting,mostly_group,1_2h,late_night,1,0,0,0,1,0,1,1,0,1,0,cafe,online_class,solo,2_4h,late_night,weekend,13.4,clear,indoor,rarely,3,5,2,3,2,3,3,3,4,3,12,25,4,9,12,12,8,15,2.0,5.0,9,1.0,55.6,55.412146806281676
I1442,U145,social_collaborative,P103,dorm_lounge_07,synthetic,train,4,5,2,3,4,3,3,4,5,3,library,meeting,mostly_group,1_2h,late_night,1,0,0,0,1,0,1,1,0,1,0,dorm_lounge,report_writing,solo,2_4h,late_night,weekday,14.3,rainy,indoor,sometimes,3,4,3,3,4,4,5,3,3,3,12,20,6,9,20,9,16,20,2.6,5.4,9,1.0,59.9,61.29795685491955
I1443,U145,social_collaborative,P011,library_11,synthetic,train,4,5,2,3,4,3,3,4,5,3,library,meeting,mostly_group,1_2h,late_night,1,0,0,0,1,0,1,1,0,1,0,library,team_project,3_4,over_4h,evening,weekday,13.9,cloudy,indoor,sometimes,5,4,4,4,2,4,4,3,4,3,20,20,8,12,16,12,8,20,0.8,5.2,9,0.5,69.6,67.71205855280277
I1444,U145,social_collaborative,P087,coworking_space_03,synthetic,train,4,5,2,3,4,3,3,4,5,3,library,meeting,mostly_group,1_2h,late_night,1,0,0,0,1,0,1,1,0,1,0,coworking_space,meeting,2,1_2h,afternoon,weekday,18.6,clear,indoor,often,4,4,3,2,5,4,4,5,4,4,16,20,6,6,16,12,20,20,0.6,7.0,15,0.0,72.6,67.00571759702208
I1445,U145,social_collaborative,P048,cafe_12,synthetic,train,4,5,2,3,4,3,3,4,5,3,library,meeting,mostly_group,1_2h,late_night,1,0,0,0,1,0,1,1,0,1,0,cafe,deep_study,solo,2_4h,morning,weekday,4.4,clear,indoor,sometimes,2,5,2,3,1,4,3,3,3,3,8,25,4,9,12,9,4,20,3.0,1.6,9,0.0,46.5,56.543976168704226
I1446,U145,social_collaborative,P073,classroom_11,synthetic,train,4,5,2,3,4,3,3,4,5,3,library,meeting,mostly_group,1_2h,late_night,1,0,0,0,1,0,1,1,0,1,0,classroom,team_project,5_plus,over_4h,late_night,weekend,14.9,cold,indoor,often,4,5,3,3,4,3,3,3,3,4,16,25,6,9,12,9,16,15,0.8,5.6,9,1.0,58.6,63.54879568551814
I1447,U145,social_collaborative,P016,library_16,synthetic,train,4,5,2,3,4,3,3,4,5,3,library,meeting,mostly_group,1_2h,late_night,1,0,0,0,1,0,1,1,0,1,0,library,report_writing,solo,1_2h,evening,weekend,9.7,clear,indoor,sometimes,5,4,3,5,3,4,3,5,4,4,20,20,6,15,12,12,12,20,2.6,3.6,15,0.5,76.1,70.00816120551512
I1448,U145,social_collaborative,P038,cafe_02,synthetic,train,4,5,2,3,4,3,3,4,5,3,library,meeting,mostly_group,1_2h,late_night,1,0,0,0,1,0,1,1,0,1,0,cafe,team_project,5_plus,1_2h,afternoon,weekend,28.8,clear,indoor,sometimes,2,4,3,2,2,4,3,4,3,3,8,20,6,6,12,9,8,20,0.8,10.8,12,0.0,70.8,54.607719647737326
I1449,U145,social_collaborative,P097,dorm_lounge_01,synthetic,train,4,5,2,3,4,3,3,4,5,3,library,meeting,mostly_group,1_2h,late_night,1,0,0,0,1,0,1,1,0,1,0,dorm_lounge,online_class,3_4,over_4h,late_night,weekday,10.1,clear,indoor,sometimes,3,3,3,2,3,4,5,3,4,2,12,15,6,6,20,12,12,20,2.0,3.8,9,1.0,57.2,57.312250814588296
I1450,U145,social_collaborative,P089,coworking_space_05,synthetic,train,4,5,2,3,4,3,3,4,5,3,library,meeting,mostly_group,1_2h,late_night,1,0,0,0,1,0,1,1,0,1,0,coworking_space,team_project,5_plus,2_4h,evening,weekday,20.5,clear,indoor,sometimes,3,5,4,3,4,4,5,4,4,3,12,25,8,9,20,12,16,20,0.8,7.7,12,0.5,70.0,67.50003814927598
I1451,U146,balanced,P037,cafe_01,synthetic,train,4,4,4,3,4,3,4,4,4,4,classroom,report_writing,mostly_solo,2_4h,early_morning,1,1,0,1,1,0,1,1,0,1,0,cafe,meeting,2,over_4h,morning,weekday,9.6,clear,indoor,sometimes,3,4,2,2,2,4,3,3,4,4,12,16,8,6,12,16,8,16,0.8,3.6,9,0.5,69.6,60.628466498055545
I1452,U146,balanced,P082,computer_lab_08,synthetic,train,4,4,4,3,4,3,4,4,4,4,classroom,report_writing,mostly_solo,2_4h,early_morning,1,1,0,1,1,0,1,1,0,1,0,computer_lab,light_reading,5_plus,1_2h,afternoon,weekday,1.7,hot,indoor,often,3,4,4,4,3,3,5,2,3,3,12,16,16,12,20,12,12,12,1.8,0.6,6,0.0,63.8,61.28977138456678
I1453,U146,balanced,P031,study_room_13,synthetic,train,4,4,4,3,4,3,4,4,4,4,classroom,report_writing,mostly_solo,2_4h,early_morning,1,1,0,1,1,0,1,1,0,1,0,study_room,deep_study,solo,1_2h,early_morning,weekend,1.0,clear,indoor,sometimes,5,4,4,4,4,4,4,5,5,4,20,16,16,12,16,20,16,16,4.0,0.4,20,1.0,81.4,79.45935139001755
I1454,U146,balanced,P077,computer_lab_03,synthetic,train,4,4,4,3,4,3,4,4,4,4,classroom,report_writing,mostly_solo,2_4h,early_morning,1,1,0,1,1,0,1,1,0,1,0,computer_lab,deep_study,solo,2_4h,early_morning,weekday,21.7,rainy,indoor,often,4,3,3,3,2,3,4,3,4,4,16,12,12,9,16,16,8,12,4.0,8.1,12,1.0,64.7,63.044577654169935
I1455,U146,balanced,P018,library_18,synthetic,train,4,4,4,3,4,3,4,4,4,4,classroom,report_writing,mostly_solo,2_4h,early_morning,1,1,0,1,1,0,1,1,0,1,0,library,coding,solo,2_4h,evening,weekday,13.1,clear,indoor,often,5,4,3,4,3,3,4,4,4,3,20,16,12,12,16,16,12,12,3.6,4.9,16,0.0,71.6,69.42382363329989
I1456,U146,balanced,P010,library_10,synthetic,train,4,4,4,3,4,3,4,4,4,4,classroom,report_writing,mostly_solo,2_4h,early_morning,1,1,0,1,1,0,1,1,0,1,0,library,coding,solo,over_4h,early_morning,weekend,8.4,clear,indoor,first_time,5,5,4,4,3,4,4,5,4,5,20,20,16,12,16,16,12,16,3.6,3.2,20,1.0,75.1,74.97397291963688
I1457,U146,balanced,P046,cafe_10,synthetic,train,4,4,4,3,4,3,4,4,4,4,classroom,report_writing,mostly_solo,2_4h,early_morning,1,1,0,1,1,0,1,1,0,1,0,cafe,coding,2,over_4h,late_night,weekday,11.6,clear,indoor,rarely,3,4,2,3,2,4,3,3,3,3,12,16,8,9,12,12,8,16,3.6,4.4,12,0.0,54.8,52.23871028367438
I1458,U146,balanced,P036,study_room_18,synthetic,train,4,4,4,3,4,3,4,4,4,4,classroom,report_writing,mostly_solo,2_4h,early_morning,1,1,0,1,1,0,1,1,0,1,0,study_room,report_writing,solo,2_4h,early_morning,weekday,11.6,cold,indoor,rarely,5,4,4,4,4,4,5,4,4,4,20,16,16,12,20,16,16,16,3.4,4.3,16,1.0,75.8,73.89067889790336
I1459,U146,balanced,P021,study_room_03,synthetic,train,4,4,4,3,4,3,4,4,4,4,classroom,report_writing,mostly_solo,2_4h,early_morning,1,1,0,1,1,0,1,1,0,1,0,study_room,online_class,solo,under_1h,late_night,weekday,21.5,cloudy,indoor,sometimes,5,4,4,4,3,4,4,4,4,2,20,16,16,12,16,16,12,16,2.6,8.1,12,0.0,64.7,67.6183398016905
I1460,U146,balanced,P027,study_room_09,synthetic,train,4,4,4,3,4,3,4,4,4,4,classroom,report_writing,mostly_solo,2_4h,early_morning,1,1,0,1,1,0,1,1,0,1,0,study_room,meeting,3_4,1_2h,afternoon,weekday,8.0,rainy,indoor,sometimes,5,3,3,4,4,3,3,4,3,3,20,12,12,12,12,12,16,12,0.8,3.0,12,0.0,54.8,67.74973629593173
I1461,U147,balanced,P118,outdoor_10,synthetic,valid,3,3,5,4,4,4,3,4,4,5,home,report_writing,mostly_solo,2_4h,evening,0,1,1,0,1,1,0,1,1,1,1,outdoor,coding,solo,1_2h,evening,weekday,9.8,cold,outdoor,sometimes,3,5,3,3,3,3,2,1,3,3,9,15,15,12,8,9,12,12,4.5,4.9,5,1.0,46.0,50.832914107144354
I1462,U147,balanced,P108,dorm_lounge_12,synthetic,valid,3,3,5,4,4,4,3,4,4,5,home,report_writing,mostly_solo,2_4h,evening,0,1,1,0,1,1,0,1,1,1,1,dorm_lounge,report_writing,solo,1_2h,morning,weekday,8.0,clear,indoor,rarely,2,4,3,3,3,3,3,3,3,3,6,12,15,12,12,9,12,12,4.3,4.0,15,0.0,43.3,58.6440016195006
I1463,U147,balanced,P007,library_07,synthetic,valid,3,3,5,4,4,4,3,4,4,5,home,report_writing,mostly_solo,2_4h,evening,0,1,1,0,1,1,0,1,1,1,1,library,coding,2,2_4h,evening,weekday,12.1,clear,indoor,first_time,5,4,3,4,3,3,4,4,4,4,15,12,15,16,16,12,12,12,4.5,6.0,20,1.0,68.4,63.70188810437161
I1464,U147,balanced,P099,dorm_lounge_03,synthetic,valid,3,3,5,4,4,4,3,4,4,5,home,report_writing,mostly_solo,2_4h,evening,0,1,1,0,1,1,0,1,1,1,1,dorm_lounge,light_reading,solo,2_4h,evening,weekday,5.2,clear,indoor,often,4,4,3,3,3,3,4,4,3,3,12,12,15,12,16,9,12,12,2.3,2.6,12,1.0,55.2,64.62787109200967
I1465,U147,balanced,P044,cafe_08,synthetic,valid,3,3,5,4,4,4,3,4,4,5,home,report_writing,mostly_solo,2_4h,evening,0,1,1,0,1,1,0,1,1,1,1,cafe,deep_study,solo,2_4h,evening,weekday,15.7,clear,indoor,often,3,4,3,4,2,4,3,2,4,2,9,12,15,16,12,12,8,16,5.0,7.8,10,1.0,73.5,58.115160959180415
I1466,U147,balanced,P035,study_room_17,synthetic,valid,3,3,5,4,4,4,3,4,4,5,home,report_writing,mostly_solo,2_4h,evening,0,1,1,0,1,1,0,1,1,1,1,study_room,online_class,solo,1_2h,late_night,weekend,9.4,cold,indoor,rarely,4,4,4,4,3,4,5,4,4,3,12,12,20,16,20,12,12,16,3.3,4.7,12,0.5,54.3,67.06452766481777
I1467,U147,balanced,P114,outdoor_06,synthetic,valid,3,3,5,4,4,4,3,4,4,5,home,report_writing,mostly_solo,2_4h,evening,0,1,1,0,1,1,0,1,1,1,1,outdoor,coding,solo,over_4h,afternoon,weekday,11.0,clear,outdoor,often,3,4,3,3,2,2,1,1,3,3,9,12,15,12,4,9,8,8,4.5,5.5,5,0.5,47.6,47.956710561247235
I1468,U147,balanced,P016,library_16,synthetic,valid,3,3,5,4,4,4,3,4,4,5,home,report_writing,mostly_solo,2_4h,evening,0,1,1,0,1,1,0,1,1,1,1,library,coding,solo,over_4h,morning,weekday,11.9,rainy,indoor,sometimes,5,4,3,5,3,4,3,4,4,4,15,12,15,20,12,12,12,16,4.5,5.9,20,0.0,67.8,69.5454288194477
I1469,U147,balanced,P087,coworking_space_03,synthetic,valid,3,3,5,4,4,4,3,4,4,5,home,report_writing,mostly_solo,2_4h,evening,0,1,1,0,1,1,0,1,1,1,1,coworking_space,report_writing,5_plus,2_4h,late_night,weekday,13.5,cold,indoor,first_time,4,4,3,2,5,4,4,5,4,4,12,12,15,8,16,12,20,16,4.3,6.7,25,0.5,60.9,64.39238403877783
I1470,U147,balanced,P022,study_room_04,synthetic,valid,3,3,5,4,4,4,3,4,4,5,home,report_writing,mostly_solo,2_4h,evening,0,1,1,0,1,1,0,1,1,1,1,study_room,online_class,solo,2_4h,afternoon,weekday,15.6,clear,indoor,sometimes,4,5,3,4,5,3,4,4,4,4,12,15,15,16,16,12,20,12,3.3,7.8,12,0.5,66.6,65.72161321366056
I1471,U148,quiet_deepwork,P052,cafe_16,synthetic,train,4,4,5,4,4,3,4,4,4,5,library,coding,mostly_solo,1_2h,evening,1,1,1,1,1,0,1,1,0,1,1,cafe,team_project,5_plus,under_1h,evening,weekday,9.9,hot,indoor,first_time,3,5,3,2,2,3,3,4,4,3,12,20,15,8,12,16,8,12,1.3,3.7,12,1.0,72.7,62.139436665117664
I1472,U148,quiet_deepwork,P008,library_08,synthetic,train,4,4,5,4,4,3,4,4,4,5,library,coding,mostly_solo,1_2h,evening,1,1,1,1,1,0,1,1,0,1,1,library,deep_study,solo,1_2h,afternoon,weekday,15.8,cloudy,indoor,sometimes,5,5,4,4,2,3,4,5,4,4,20,20,20,16,16,16,8,12,5.0,5.9,25,0.5,78.2,75.5564472589974
I1473,U148,quiet_deepwork,P026,study_room_08,synthetic,train,4,4,5,4,4,3,4,4,4,5,library,coding,mostly_solo,1_2h,evening,1,1,1,1,1,0,1,1,0,1,1,study_room,meeting,2,1_2h,afternoon,weekday,19.2,hot,indoor,often,4,5,4,4,5,4,4,5,4,3,16,20,20,16,16,16,20,16,1.0,7.2,15,0.5,61.0,74.85389809961951
I1474,U148,quiet_deepwork,P022,study_room_04,synthetic,train,4,4,5,4,4,3,4,4,4,5,library,coding,mostly_solo,1_2h,evening,1,1,1,1,1,0,1,1,0,1,1,study_room,deep_study,solo,2_4h,afternoon,weekday,4.7,clear,indoor,sometimes,4,5,3,4,5,3,4,4,4,4,16,20,15,16,16,16,20,12,5.0,1.8,20,0.5,70.3,75.68869294858429
I1475,U148,quiet_deepwork,P028,study_room_10,synthetic,train,4,4,5,4,4,3,4,4,4,5,library,coding,mostly_solo,1_2h,evening,1,1,1,1,1,0,1,1,0,1,1,study_room,team_project,3_4,1_2h,afternoon,weekday,18.1,cloudy,indoor,often,4,4,3,3,4,4,5,4,4,3,16,16,15,12,20,16,16,16,1.3,6.8,12,0.5,76.3,72.96160537589127
I1476,U148,quiet_deepwork,P015,library_15,synthetic,train,4,4,5,4,4,3,4,4,4,5,library,coding,mostly_solo,1_2h,evening,1,1,1,1,1,0,1,1,0,1,1,library,coding,solo,2_4h,afternoon,weekday,11.8,clear,indoor,sometimes,4,4,4,5,2,4,3,4,4,4,16,16,20,20,12,16,8,16,4.5,4.4,20,0.5,93.7,73.76757742845439
I1477,U148,quiet_deepwork,P004,library_04,synthetic,train,4,4,5,4,4,3,4,4,4,5,library,coding,mostly_solo,1_2h,evening,1,1,1,1,1,0,1,1,0,1,1,library,online_class,solo,under_1h,afternoon,weekday,1.7,clear,indoor,sometimes,5,3,3,4,2,4,4,3,3,4,20,12,15,16,16,12,8,16,3.3,0.6,9,0.5,72.9,71.4724312273322
I1478,U148,quiet_deepwork,P015,library_15,synthetic,train,4,4,5,4,4,3,4,4,4,5,library,coding,mostly_solo,1_2h,evening,1,1,1,1,1,0,1,1,0,1,1,library,deep_study,solo,2_4h,early_morning,weekday,5.8,clear,indoor,sometimes,4,4,4,5,2,4,3,4,4,4,16,16,20,20,12,16,8,16,5.0,2.2,20,0.0,75.7,75.38461837919031
I1479,U148,quiet_deepwork,P001,library_01,synthetic,train,4,4,5,4,4,3,4,4,4,5,library,coding,mostly_solo,1_2h,evening,1,1,1,1,1,0,1,1,0,1,1,library,report_writing,solo,2_4h,evening,weekday,7.1,rainy,indoor,often,5,4,4,5,2,3,4,5,4,4,20,16,20,20,16,16,8,12,4.3,2.6,25,1.0,77.9,79.56892072466825
I1480,U148,quiet_deepwork,P042,cafe_06,synthetic,train,4,4,5,4,4,3,4,4,4,5,library,coding,mostly_solo,1_2h,evening,1,1,1,1,1,0,1,1,0,1,1,cafe,report_writing,solo,2_4h,evening,weekday,11.9,cloudy,indoor,sometimes,3,4,2,3,2,4,3,3,4,3,12,16,10,12,12,16,8,16,4.3,4.5,15,1.0,65.6,62.859560243158604
I1481,U149,convenience_oriented,P013,library_13,synthetic,train,4,4,4,4,4,5,3,2,4,3,home,coding,mixed,2_4h,evening,1,1,1,0,1,1,1,1,1,1,1,library,report_writing,solo,2_4h,morning,weekday,1.9,cloudy,indoor,sometimes,5,4,4,4,3,3,5,4,4,4,20,16,16,16,20,12,6,12,2.6,1.2,12,0.0,70.7,73.43233844455179
I1482,U149,convenience_oriented,P104,dorm_lounge_08,synthetic,train,4,4,4,4,4,5,3,2,4,3,home,coding,mixed,2_4h,evening,1,1,1,0,1,1,1,1,1,1,1,dorm_lounge,coding,solo,under_1h,afternoon,weekday,16.5,hot,indoor,first_time,3,4,3,3,4,4,4,2,4,3,12,16,12,12,16,12,8,16,2.7,10.3,6,0.5,45.6,52.98987821475429
I1483,U149,convenience_oriented,P011,library_11,synthetic,train,4,4,4,4,4,5,3,2,4,3,home,coding,mixed,2_4h,evening,1,1,1,0,1,1,1,1,1,1,1,library,light_reading,solo,under_1h,morning,weekday,12.1,cloudy,indoor,sometimes,5,4,4,4,2,4,4,5,4,3,20,16,16,16,16,12,4,16,1.4,7.6,15,0.0,76.0,69.07504467538503
I1484,U149,convenience_oriented,P011,library_11,synthetic,train,4,4,4,4,4,5,3,2,4,3,home,coding,mixed,2_4h,evening,1,1,1,0,1,1,1,1,1,1,1,library,report_writing,5_plus,over_4h,afternoon,weekday,11.6,cloudy,indoor,often,5,4,4,4,2,4,4,4,4,3,20,16,16,16,16,12,4,16,2.6,7.3,12,0.5,71.9,66.03856466645831
I1485,U149,convenience_oriented,P071,classroom_09,synthetic,train,4,4,4,4,4,5,3,2,4,3,home,coding,mixed,2_4h,evening,1,1,1,0,1,1,1,1,1,1,1,classroom,deep_study,solo,1_2h,afternoon,weekend,5.7,rainy,indoor,sometimes,3,3,3,3,3,3,3,5,3,4,12,12,12,12,12,9,6,12,3.0,3.6,15,0.5,53.7,61.05439762133952
I1486,U149,convenience_oriented,P034,study_room_16,synthetic,train,4,4,4,4,4,5,3,2,4,3,home,coding,mixed,2_4h,evening,1,1,1,0,1,1,1,1,1,1,1,study_room,coding,2,over_4h,evening,weekday,5.9,cloudy,indoor,sometimes,4,4,4,4,4,3,4,4,5,3,16,16,16,16,16,15,8,12,2.7,3.7,12,1.0,59.0,64.5229991210441
I1487,U149,convenience_oriented,P037,cafe_01,synthetic,train,4,4,4,4,4,5,3,2,4,3,home,coding,mixed,2_4h,evening,1,1,1,0,1,1,1,1,1,1,1,cafe,coding,solo,over_4h,evening,weekday,14.8,clear,indoor,often,3,4,2,2,2,4,3,4,4,4,12,16,8,8,12,12,4,16,2.7,9.2,12,1.0,51.9,56.08254836049926
I1488,U149,convenience_oriented,P041,cafe_05,synthetic,train,4,4,4,4,4,5,3,2,4,3,home,coding,mixed,2_4h,evening,1,1,1,0,1,1,1,1,1,1,1,cafe,light_reading,solo,under_1h,evening,weekday,9.6,cloudy,indoor,sometimes,2,4,2,3,2,4,4,4,4,3,8,16,8,12,16,12,4,16,1.4,6.0,12,1.0,66.6,57.520606407598024
I1489,U149,convenience_oriented,P110,outdoor_02,synthetic,train,4,4,4,4,4,5,3,2,4,3,home,coding,mixed,2_4h,evening,1,1,1,0,1,1,1,1,1,1,1,outdoor,light_reading,solo,2_4h,morning,weekday,13.5,cold,outdoor,sometimes,3,4,3,3,2,3,2,4,2,3,12,16,12,12,8,6,4,12,1.4,8.4,12,0.0,32.1,50.89612115226538
I1490,U149,convenience_oriented,P032,study_room_14,synthetic,train,4,4,4,4,4,5,3,2,4,3,home,coding,mixed,2_4h,evening,1,1,1,0,1,1,1,1,1,1,1,study_room,coding,solo,2_4h,late_night,weekday,23.3,cold,indoor,often,4,4,4,4,4,3,4,4,4,4,16,16,16,16,16,12,8,12,2.7,14.5,12,0.5,57.2,59.78875019953144
I1491,U150,quiet_deepwork,P118,outdoor_10,synthetic,valid,5,4,5,4,4,3,4,4,4,5,library,report_writing,mostly_solo,under_1h,evening,1,1,1,1,1,0,1,1,0,1,1,outdoor,deep_study,3_4,2_4h,evening,weekday,9.2,cloudy,outdoor,rarely,3,5,3,3,3,3,2,2,3,3,15,20,15,12,8,12,12,12,5.0,3.5,10,1.0,53.4,55.435041986265745
I1492,U150,quiet_deepwork,P084,computer_lab_10,synthetic,valid,5,4,5,4,4,3,4,4,4,5,library,report_writing,mostly_solo,under_1h,evening,1,1,1,1,1,0,1,1,0,1,1,computer_lab,coding,solo,2_4h,afternoon,weekday,7.2,clear,indoor,often,4,4,3,4,3,3,4,5,3,2,20,16,15,16,16,12,12,12,4.5,2.7,25,0.5,88.9,74.49151879178584
I1493,U150,quiet_deepwork,P025,study_room_07,synthetic,valid,5,4,5,4,4,3,4,4,4,5,library,report_writing,mostly_solo,under_1h,evening,1,1,1,1,1,0,1,1,0,1,1,study_room,report_writing,solo,2_4h,evening,weekday,5.5,hot,indoor,sometimes,4,4,3,4,4,4,4,3,4,3,20,16,15,16,16,16,16,16,4.3,2.1,15,1.0,73.6,73.62619719085208
I1494,U150,quiet_deepwork,P076,computer_lab_02,synthetic,valid,5,4,5,4,4,3,4,4,4,5,library,report_writing,mostly_solo,under_1h,evening,1,1,1,1,1,0,1,1,0,1,1,computer_lab,coding,solo,2_4h,late_night,weekday,12.2,cloudy,indoor,often,3,5,3,4,4,3,4,5,3,4,15,20,15,16,16,12,16,12,4.5,4.6,25,0.5,77.9,73.16394561684113
I1495,U150,quiet_deepwork,P081,computer_lab_07,synthetic,valid,5,4,5,4,4,3,4,4,4,5,library,report_writing,mostly_solo,under_1h,evening,1,1,1,1,1,0,1,1,0,1,1,computer_lab,deep_study,solo,2_4h,morning,weekend,1.0,rainy,indoor,sometimes,4,4,2,3,3,3,4,4,4,3,20,16,10,12,16,16,12,12,5.0,0.4,20,0.0,67.4,72.45745850867922
I1496,U150,quiet_deepwork,P073,classroom_11,synthetic,valid,5,4,5,4,4,3,4,4,4,5,library,report_writing,mostly_solo,under_1h,evening,1,1,1,1,1,0,1,1,0,1,1,classroom,coding,solo,2_4h,morning,weekend,7.7,rainy,indoor,often,4,5,3,3,4,3,3,3,3,4,20,20,15,12,12,12,16,12,4.5,2.9,15,0.0,74.1,69.77439523121762
I1497,U150,quiet_deepwork,P036,study_room_18,synthetic,valid,5,4,5,4,4,3,4,4,4,5,library,report_writing,mostly_solo,under_1h,evening,1,1,1,1,1,0,1,1,0,1,1,study_room,deep_study,solo,1_2h,evening,weekday,5.9,clear,indoor,sometimes,5,4,4,4,4,4,5,4,4,4,25,16,20,16,20,16,16,16,5.0,2.2,20,1.0,83.4,81.55953423314858
I1498,U150,quiet_deepwork,P008,library_08,synthetic,valid,5,4,5,4,4,3,4,4,4,5,library,report_writing,mostly_solo,under_1h,evening,1,1,1,1,1,0,1,1,0,1,1,library,deep_study,solo,2_4h,afternoon,weekday,10.1,cold,indoor,sometimes,5,5,4,4,2,3,4,5,4,4,25,20,20,16,16,16,8,12,5.0,3.8,25,0.5,79.6,78.5335105368303
I1499,U150,quiet_deepwork,P017,library_17,synthetic,valid,5,4,5,4,4,3,4,4,4,5,library,report_writing,mostly_solo,under_1h,evening,1,1,1,1,1,0,1,1,0,1,1,library,deep_study,solo,under_1h,evening,weekday,9.2,clear,indoor,often,5,4,4,5,3,3,4,5,5,4,25,16,20,20,16,20,12,12,5.0,3.4,25,1.0,91.9,83.38239923825392
I1500,U150,quiet_deepwork,P005,library_05,synthetic,valid,5,4,5,4,4,3,4,4,4,5,library,report_writing,mostly_solo,under_1h,evening,1,1,1,1,1,0,1,1,0,1,1,library,light_reading,solo,1_2h,evening,weekday,3.8,cloudy,indoor,first_time,5,4,4,5,3,4,4,4,4,4,25,16,20,20,16,16,12,16,2.3,1.4,12,1.0,86.3,76.32639662282875
I1501,U151,quiet_deepwork,P020,study_room_02,synthetic,train,5,3,5,5,3,3,4,4,4,4,study_room,team_project,mostly_solo,1_2h,afternoon,1,1,1,1,0,0,1,0,0,1,1,study_room,deep_study,2,2_4h,evening,weekday,2.6,clear,indoor,sometimes,4,4,4,5,3,4,4,4,4,4,20,12,20,25,12,16,12,16,4.0,1.0,16,0.5,78.4,73.61396657880968
I1502,U151,quiet_deepwork,P006,library_06,synthetic,train,5,3,5,5,3,3,4,4,4,4,study_room,team_project,mostly_solo,1_2h,afternoon,1,1,1,1,0,0,1,0,0,1,1,library,deep_study,2,over_4h,late_night,weekend,15.0,cloudy,indoor,sometimes,4,4,4,5,2,3,4,4,5,4,20,12,20,25,12,20,8,12,4.0,5.6,16,0.0,75.1,68.88334569921193
I1503,U151,quiet_deepwork,P087,coworking_space_03,synthetic,train,5,3,5,5,3,3,4,4,4,4,study_room,team_project,mostly_solo,1_2h,afternoon,1,1,1,1,0,0,1,0,0,1,1,coworking_space,deep_study,solo,2_4h,evening,weekday,14.5,clear,indoor,rarely,4,4,3,2,5,4,4,3,4,4,20,12,15,10,12,16,20,16,4.0,5.4,12,0.5,67.2,66.83119824287874
I1504,U151,quiet_deepwork,P048,cafe_12,synthetic,train,5,3,5,5,3,3,4,4,4,4,study_room,team_project,mostly_solo,1_2h,afternoon,1,1,1,1,0,0,1,0,0,1,1,cafe,team_project,5_plus,2_4h,morning,weekday,5.3,cold,indoor,sometimes,2,5,2,3,1,4,3,4,3,3,10,15,10,15,9,12,4,16,1.0,2.0,12,0.5,51.5,60.78035509441416
I1505,U151,quiet_deepwork,P011,library_11,synthetic,train,5,3,5,5,3,3,4,4,4,4,study_room,team_project,mostly_solo,1_2h,afternoon,1,1,1,1,0,0,1,0,0,1,1,library,online_class,solo,2_4h,late_night,weekday,16.8,clear,indoor,rarely,5,4,4,4,2,4,4,4,4,3,25,12,20,20,12,16,8,16,2.6,6.3,12,0.0,75.2,71.53716590548214
I1506,U151,quiet_deepwork,P016,library_16,synthetic,train,5,3,5,5,3,3,4,4,4,4,study_room,team_project,mostly_solo,1_2h,afternoon,1,1,1,1,0,0,1,0,0,1,1,library,deep_study,solo,2_4h,morning,weekday,14.8,rainy,indoor,sometimes,5,4,3,5,3,4,3,5,4,4,25,12,15,25,9,16,12,16,4.0,5.5,20,0.5,83.5,76.69149932861698
I1507,U151,quiet_deepwork,P002,library_02,synthetic,train,5,3,5,5,3,3,4,4,4,4,study_room,team_project,mostly_solo,1_2h,afternoon,1,1,1,1,0,0,1,0,0,1,1,library,report_writing,solo,2_4h,late_night,weekday,9.8,clear,indoor,first_time,5,5,4,4,2,3,4,5,4,4,25,15,20,20,12,16,8,12,3.4,3.7,20,0.0,70.2,73.83848396163924
I1508,U151,quiet_deepwork,P089,coworking_space_05,synthetic,train,5,3,5,5,3,3,4,4,4,4,study_room,team_project,mostly_solo,1_2h,afternoon,1,1,1,1,0,0,1,0,0,1,1,coworking_space,deep_study,solo,2_4h,evening,weekend,18.2,clear,indoor,first_time,3,5,4,3,4,4,5,3,4,3,15,15,20,15,15,16,16,16,4.0,6.8,12,0.5,57.2,65.09987770312935
I1509,U151,quiet_deepwork,P080,computer_lab_06,synthetic,train,5,3,5,5,3,3,4,4,4,4,study_room,team_project,mostly_solo,1_2h,afternoon,1,1,1,1,0,0,1,0,0,1,1,computer_lab,light_reading,solo,1_2h,afternoon,weekday,6.4,clear,indoor,often,4,4,4,3,3,4,4,2,4,3,20,12,20,15,12,16,12,16,1.8,2.4,6,1.0,69.1,70.34441886764917
I1510,U151,quiet_deepwork,P079,computer_lab_05,synthetic,train,5,3,5,5,3,3,4,4,4,4,study_room,team_project,mostly_solo,1_2h,afternoon,1,1,1,1,0,0,1,0,0,1,1,computer_lab,light_reading,solo,1_2h,morning,weekend,3.9,cloudy,indoor,often,4,4,3,3,3,4,5,3,4,3,20,12,15,15,15,16,12,16,1.8,1.5,9,0.5,67.0,71.68790451678134
I1511,U152,balanced,P110,outdoor_02,synthetic,test,4,3,4,3,4,4,4,4,3,4,computer_lab,online_class,mostly_solo,1_2h,afternoon,1,1,0,1,1,1,1,1,1,0,0,outdoor,light_reading,solo,2_4h,afternoon,weekday,6.7,cold,outdoor,sometimes,3,4,3,3,2,3,2,3,2,3,12,12,12,9,8,8,8,9,1.8,3.4,9,1.0,34.7,49.337943895870076
I1512,U152,balanced,P089,coworking_space_05,synthetic,test,4,3,4,3,4,4,4,4,3,4,computer_lab,online_class,mostly_solo,1_2h,afternoon,1,1,0,1,1,1,1,1,1,0,0,coworking_space,coding,3_4,2_4h,morning,weekend,17.4,clear,indoor,sometimes,3,5,4,3,4,4,5,5,4,3,12,15,16,9,20,16,16,12,3.6,8.7,20,0.5,58.2,61.94026685928376
I1513,U152,balanced,P057,home_03,synthetic,test,4,3,4,3,4,4,4,4,3,4,computer_lab,online_class,mostly_solo,1_2h,afternoon,1,1,0,1,1,1,1,1,1,0,0,home,online_class,solo,1_2h,morning,weekday,6.3,cloudy,indoor,first_time,3,4,4,4,5,4,5,5,5,4,12,12,16,12,20,20,20,12,2.6,3.2,15,0.5,73.6,68.77850832690558
I1514,U152,balanced,P089,coworking_space_05,synthetic,test,4,3,4,3,4,4,4,4,3,4,computer_lab,online_class,mostly_solo,1_2h,afternoon,1,1,0,1,1,1,1,1,1,0,0,coworking_space,report_writing,solo,2_4h,afternoon,weekday,22.0,rainy,indoor,often,3,5,4,3,4,4,5,4,4,3,12,15,16,9,20,16,16,12,3.4,11.0,16,1.0,62.4,61.26853793878443
I1515,U152,balanced,P031,study_room_13,synthetic,test,4,3,4,3,4,4,4,4,3,4,computer_lab,online_class,mostly_solo,1_2h,afternoon,1,1,0,1,1,1,1,1,1,0,0,study_room,online_class,solo,1_2h,afternoon,weekday,4.8,clear,indoor,often,5,4,4,4,4,4,4,4,5,4,20,12,16,12,16,20,16,12,2.6,2.4,12,1.0,78.0,72.55008252410033
I1516,U152,balanced,P035,study_room_17,synthetic,test,4,3,4,3,4,4,4,4,3,4,computer_lab,online_class,mostly_solo,1_2h,afternoon,1,1,0,1,1,1,1,1,1,0,0,study_room,online_class,solo,under_1h,early_morning,weekday,5.9,cold,indoor,rarely,4,4,4,4,3,4,5,4,4,3,16,12,16,12,20,16,12,12,2.6,3.0,12,0.0,67.7,65.8831431989452
I1517,U152,balanced,P026,study_room_08,synthetic,test,4,3,4,3,4,4,4,4,3,4,computer_lab,online_class,mostly_solo,1_2h,afternoon,1,1,0,1,1,1,1,1,1,0,0,study_room,deep_study,solo,under_1h,evening,weekday,15.5,cold,indoor,sometimes,4,5,4,4,5,4,4,4,4,3,16,15,16,12,16,16,20,12,4.0,7.7,16,0.5,65.9,65.19055174008227
I1518,U152,balanced,P067,classroom_05,synthetic,test,4,3,4,3,4,4,4,4,3,4,computer_lab,online_class,mostly_solo,1_2h,afternoon,1,1,0,1,1,1,1,1,1,0,0,classroom,light_reading,2,over_4h,evening,weekday,3.9,clear,indoor,often,3,4,3,3,3,2,3,3,3,3,12,12,12,9,12,12,12,6,1.8,2.0,9,0.5,52.8,53.10183262007254
I1519,U152,balanced,P059,home_05,synthetic,test,4,3,4,3,4,4,4,4,3,4,computer_lab,online_class,mostly_solo,1_2h,afternoon,1,1,0,1,1,1,1,1,1,0,0,home,online_class,solo,1_2h,afternoon,weekday,12.5,hot,indoor,rarely,4,5,5,4,5,4,4,4,5,5,16,15,20,12,16,20,20,12,2.6,6.3,12,1.0,62.7,67.15094401627222
I1520,U152,balanced,P014,library_14,synthetic,test,4,3,4,3,4,4,4,4,3,4,computer_lab,online_class,mostly_solo,1_2h,afternoon,1,1,0,1,1,1,1,1,1,0,0,library,deep_study,solo,2_4h,afternoon,weekend,4.3,clear,indoor,often,5,4,5,4,3,4,4,5,4,4,20,12,20,12,16,16,12,12,4.0,2.2,20,1.0,66.0,74.97025034082989
I1521,U153,convenience_oriented,P054,cafe_18,synthetic,train,4,4,4,2,5,5,4,4,4,4,cafe,light_reading,mostly_solo,2_4h,evening,1,1,0,1,1,1,1,1,1,1,0,cafe,coding,solo,under_1h,afternoon,weekday,11.9,clear,indoor,often,3,5,2,3,2,3,3,4,4,3,12,20,8,6,15,16,8,12,3.6,7.5,16,0.5,60.9,59.201339886843215
I1522,U153,convenience_oriented,P010,library_10,synthetic,train,4,4,4,2,5,5,4,4,4,4,cafe,light_reading,mostly_solo,2_4h,evening,1,1,0,1,1,1,1,1,1,1,0,library,online_class,solo,under_1h,evening,weekday,7.1,clear,indoor,sometimes,5,5,4,4,3,4,4,4,4,5,20,20,16,8,20,16,12,16,2.6,4.4,12,1.0,73.0,74.24718065616499
I1523,U153,convenience_oriented,P113,outdoor_05,synthetic,train,4,4,4,2,5,5,4,4,4,4,cafe,light_reading,mostly_solo,2_4h,evening,1,1,0,1,1,1,1,1,1,1,0,outdoor,light_reading,solo,2_4h,evening,weekday,16.5,hot,outdoor,first_time,3,3,4,2,2,3,2,4,3,3,12,12,16,4,10,12,8,12,1.8,10.3,12,1.0,46.9,48.50624750619484
I1524,U153,convenience_oriented,P014,library_14,synthetic,train,4,4,4,2,5,5,4,4,4,4,cafe,light_reading,mostly_solo,2_4h,evening,1,1,0,1,1,1,1,1,1,1,0,library,team_project,2,2_4h,evening,weekend,9.8,cloudy,indoor,sometimes,5,4,5,4,3,4,4,3,4,4,20,16,20,8,20,16,12,16,1.0,6.1,9,1.0,72.6,71.88020373077708
I1525,U153,convenience_oriented,P051,cafe_15,synthetic,train,4,4,4,2,5,5,4,4,4,4,cafe,light_reading,mostly_solo,2_4h,evening,1,1,0,1,1,1,1,1,1,1,0,cafe,team_project,5_plus,1_2h,evening,weekend,17.3,clear,indoor,sometimes,3,4,2,3,3,4,3,4,4,3,12,16,8,6,15,16,12,16,1.0,10.8,12,1.0,58.5,59.5813934025457
I1526,U153,convenience_oriented,P025,study_room_07,synthetic,train,4,4,4,2,5,5,4,4,4,4,cafe,light_reading,mostly_solo,2_4h,evening,1,1,0,1,1,1,1,1,1,1,0,study_room,light_reading,3_4,under_1h,afternoon,weekend,1.0,hot,indoor,sometimes,4,4,3,4,4,4,4,5,4,3,16,16,12,8,20,16,16,16,1.8,0.6,15,0.5,71.4,69.50767845343574
I1527,U153,convenience_oriented,P072,classroom_10,synthetic,train,4,4,4,2,5,5,4,4,4,4,cafe,light_reading,mostly_solo,2_4h,evening,1,1,0,1,1,1,1,1,1,1,0,classroom,online_class,solo,under_1h,afternoon,weekday,14.1,cloudy,indoor,often,3,3,4,3,3,3,4,4,3,3,12,12,16,6,20,12,12,12,2.6,8.8,12,0.5,55.9,60.1151459233053
I1528,U153,convenience_oriented,P086,coworking_space_02,synthetic,train,4,4,4,2,5,5,4,4,4,4,cafe,light_reading,mostly_solo,2_4h,evening,1,1,0,1,1,1,1,1,1,1,0,coworking_space,team_project,2,2_4h,morning,weekend,15.7,clear,indoor,sometimes,3,4,4,4,5,3,4,5,4,4,12,16,16,8,20,16,20,12,1.0,9.8,15,0.0,69.0,66.20583683962388
I1529,U153,convenience_oriented,P029,study_room_11,synthetic,train,4,4,4,2,5,5,4,4,4,4,cafe,light_reading,mostly_solo,2_4h,evening,1,1,0,1,1,1,1,1,1,1,0,study_room,online_class,2,2_4h,afternoon,weekday,10.4,cloudy,indoor,sometimes,4,4,3,4,2,4,4,4,4,3,16,16,12,8,20,16,8,16,2.6,6.5,12,0.5,63.0,61.49826858505335
I1530,U153,convenience_oriented,P017,library_17,synthetic,train,4,4,4,2,5,5,4,4,4,4,cafe,light_reading,mostly_solo,2_4h,evening,1,1,0,1,1,1,1,1,1,1,0,library,light_reading,solo,under_1h,evening,weekday,10.3,clear,indoor,rarely,5,4,4,5,3,3,4,5,5,4,20,16,16,10,20,20,12,12,1.8,6.5,15,1.0,64.9,70.57155723131228
I1531,U154,social_collaborative,P027,study_room_09,synthetic,train,2,3,2,2,3,3,4,4,4,3,dorm_lounge,meeting,mostly_group,over_4h,afternoon,0,0,0,1,0,0,0,0,0,1,0,study_room,team_project,3_4,over_4h,afternoon,weekday,7.4,cloudy,indoor,often,5,3,3,4,4,3,3,5,3,3,10,9,6,8,9,12,16,12,0.8,2.8,15,1.0,60.9,59.68454478050001
I1532,U154,social_collaborative,P015,library_15,synthetic,train,2,3,2,2,3,3,4,4,4,3,dorm_lounge,meeting,mostly_group,over_4h,afternoon,0,0,0,1,0,0,0,0,0,1,0,library,online_class,solo,1_2h,afternoon,weekday,11.4,cloudy,indoor,sometimes,4,4,4,5,2,4,3,3,4,4,8,12,8,10,9,16,8,16,2.0,4.3,9,1.0,56.1,55.24455316743196
I1533,U154,social_collaborative,P053,cafe_17,synthetic,train,2,3,2,2,3,3,4,4,4,3,dorm_lounge,meeting,mostly_group,over_4h,afternoon,0,0,0,1,0,0,0,0,0,1,0,cafe,meeting,5_plus,1_2h,evening,weekday,13.6,cold,indoor,often,3,4,2,2,2,3,3,5,3,3,6,12,4,4,9,12,8,12,0.6,5.1,15,0.5,46.2,50.39935542966018
I1534,U154,social_collaborative,P020,study_room_02,synthetic,train,2,3,2,2,3,3,4,4,4,3,dorm_lounge,meeting,mostly_group,over_4h,afternoon,0,0,0,1,0,0,0,0,0,1,0,study_room,team_project,3_4,1_2h,morning,weekday,5.5,clear,indoor,often,4,4,4,5,3,4,4,5,4,4,8,12,8,10,12,16,12,16,0.8,2.1,15,0.5,61.9,64.84843188760183
I1535,U154,social_collaborative,P068,classroom_06,synthetic,train,2,3,2,2,3,3,4,4,4,3,dorm_lounge,meeting,mostly_group,over_4h,afternoon,0,0,0,1,0,0,0,0,0,1,0,classroom,team_project,5_plus,1_2h,afternoon,weekday,8.7,cloudy,indoor,sometimes,3,4,3,3,2,3,3,4,2,4,6,12,6,6,9,8,8,12,0.8,3.3,12,1.0,48.1,51.410382783369734
I1536,U154,social_collaborative,P007,library_07,synthetic,train,2,3,2,2,3,3,4,4,4,3,dorm_lounge,meeting,mostly_group,over_4h,afternoon,0,0,0,1,0,0,0,0,0,1,0,library,team_project,2,2_4h,evening,weekend,10.8,cold,indoor,first_time,5,4,3,4,3,3,4,2,4,4,10,12,6,8,12,16,12,12,0.8,4.1,6,0.5,61.7,52.64366762145998
I1537,U154,social_collaborative,P106,dorm_lounge_10,synthetic,train,2,3,2,2,3,3,4,4,4,3,dorm_lounge,meeting,mostly_group,over_4h,afternoon,0,0,0,1,0,0,0,0,0,1,0,dorm_lounge,team_project,3_4,2_4h,afternoon,weekday,8.5,clear,indoor,first_time,3,3,2,3,3,4,3,4,3,3,6,9,4,6,9,12,12,16,0.8,3.2,12,1.0,57.5,52.80819059180454
I1538,U154,social_collaborative,P052,cafe_16,synthetic,train,2,3,2,2,3,3,4,4,4,3,dorm_lounge,meeting,mostly_group,over_4h,afternoon,0,0,0,1,0,0,0,0,0,1,0,cafe,team_project,2,2_4h,morning,weekend,14.3,rainy,indoor,sometimes,3,5,3,2,2,3,3,4,4,3,6,15,6,4,9,16,8,12,0.8,5.4,12,0.5,49.4,50.834649888098006
I1539,U154,social_collaborative,P030,study_room_12,synthetic,train,2,3,2,2,3,3,4,4,4,3,dorm_lounge,meeting,mostly_group,over_4h,afternoon,0,0,0,1,0,0,0,0,0,1,0,study_room,coding,solo,under_1h,morning,weekend,10.7,cloudy,indoor,rarely,5,4,3,4,3,3,4,4,4,4,10,12,6,8,12,16,12,12,2.7,4.0,12,0.5,46.2,54.913079332997874
I1540,U154,social_collaborative,P106,dorm_lounge_10,synthetic,train,2,3,2,2,3,3,4,4,4,3,dorm_lounge,meeting,mostly_group,over_4h,afternoon,0,0,0,1,0,0,0,0,0,1,0,dorm_lounge,team_project,3_4,over_4h,afternoon,weekday,7.4,hot,indoor,first_time,3,3,2,3,3,4,3,4,3,3,6,9,4,6,9,12,12,16,0.8,2.8,12,1.0,45.0,51.13577709690637
I1541,U155,balanced,P046,cafe_10,synthetic,train,5,4,4,4,5,3,4,4,4,5,library,report_writing,mostly_solo,2_4h,afternoon,1,1,1,1,1,0,1,1,0,1,1,cafe,coding,solo,over_4h,afternoon,weekday,9.3,clear,indoor,first_time,3,4,2,3,2,4,3,3,3,3,15,16,8,12,15,12,8,16,4.5,3.5,15,1.0,63.7,61.75489575361555
I1542,U155,balanced,P059,home_05,synthetic,train,5,4,4,4,5,3,4,4,4,5,library,report_writing,mostly_solo,2_4h,afternoon,1,1,1,1,1,0,1,1,0,1,1,home,coding,2,over_4h,evening,weekday,15.4,cloudy,indoor,sometimes,4,5,5,4,5,4,4,4,5,5,20,20,20,16,20,20,20,16,4.5,5.8,20,0.5,83.2,77.97291601556867
I1543,U155,balanced,P090,coworking_space_06,synthetic,train,5,4,4,4,5,3,4,4,4,5,library,report_writing,mostly_solo,2_4h,afternoon,1,1,1,1,1,0,1,1,0,1,1,coworking_space,report_writing,solo,1_2h,afternoon,weekday,6.8,clear,indoor,often,3,4,3,4,4,4,4,4,4,3,15,16,12,16,20,16,16,16,4.3,2.6,20,1.0,72.9,75.37409197138663
I1544,U155,balanced,P052,cafe_16,synthetic,train,5,4,4,4,5,3,4,4,4,5,library,report_writing,mostly_solo,2_4h,afternoon,1,1,1,1,1,0,1,1,0,1,1,cafe,coding,2,2_4h,evening,weekend,15.0,hot,indoor,rarely,3,5,3,2,2,3,3,4,4,3,15,20,12,8,15,16,8,12,4.5,5.6,20,0.5,65.6,59.95424216548588
I1545,U155,balanced,P079,computer_lab_05,synthetic,train,5,4,4,4,5,3,4,4,4,5,library,report_writing,mostly_solo,2_4h,afternoon,1,1,1,1,1,0,1,1,0,1,1,computer_lab,report_writing,5_plus,2_4h,late_night,weekend,8.6,cold,indoor,sometimes,4,4,3,3,3,4,5,4,4,3,20,16,12,12,25,16,12,16,4.3,3.2,20,0.0,72.1,73.7284442066902
I1546,U155,balanced,P056,home_02,synthetic,train,5,4,4,4,5,3,4,4,4,5,library,report_writing,mostly_solo,2_4h,afternoon,1,1,1,1,1,0,1,1,0,1,1,home,coding,solo,2_4h,afternoon,weekday,7.7,hot,indoor,first_time,4,3,5,4,5,4,5,4,5,5,20,12,20,16,25,20,20,16,4.5,2.9,20,1.0,81.2,80.06884259496508
I1547,U155,balanced,P061,home_07,synthetic,train,5,4,4,4,5,3,4,4,4,5,library,report_writing,mostly_solo,2_4h,afternoon,1,1,1,1,1,0,1,1,0,1,1,home,online_class,solo,1_2h,early_morning,weekend,11.4,clear,indoor,often,4,4,4,4,4,4,4,4,4,5,20,16,16,16,20,16,16,16,3.3,4.3,12,0.0,74.4,77.86287876632355
I1548,U155,balanced,P016,library_16,synthetic,train,5,4,4,4,5,3,4,4,4,5,library,report_writing,mostly_solo,2_4h,afternoon,1,1,1,1,1,0,1,1,0,1,1,library,report_writing,solo,under_1h,early_morning,weekend,9.9,clear,indoor,often,5,4,3,5,3,4,3,5,4,4,25,16,12,20,15,16,12,16,4.3,3.7,25,0.0,76.0,83.06292754524574
I1549,U155,balanced,P014,library_14,synthetic,train,5,4,4,4,5,3,4,4,4,5,library,report_writing,mostly_solo,2_4h,afternoon,1,1,1,1,1,0,1,1,0,1,1,library,report_writing,solo,2_4h,afternoon,weekday,2.2,clear,indoor,rarely,5,4,5,4,3,4,4,4,4,4,25,16,20,16,20,16,12,16,4.3,0.8,20,1.0,77.8,83.19469452313578
I1550,U155,balanced,P046,cafe_10,synthetic,train,5,4,4,4,5,3,4,4,4,5,library,report_writing,mostly_solo,2_4h,afternoon,1,1,1,1,1,0,1,1,0,1,1,cafe,online_class,solo,1_2h,afternoon,weekday,9.9,cloudy,indoor,first_time,3,4,2,3,2,4,3,3,3,3,15,16,8,12,15,12,8,16,3.3,3.7,9,1.0,62.0,60.33951446657196
I1551,U156,quiet_deepwork,P085,coworking_space_01,synthetic,train,4,4,4,5,4,3,3,4,4,5,study_room,deep_study,mostly_solo,under_1h,afternoon,1,1,1,0,1,0,1,1,0,1,1,coworking_space,deep_study,solo,1_2h,early_morning,weekday,2.1,hot,indoor,sometimes,3,5,2,3,4,3,4,3,4,3,12,20,8,15,16,12,16,12,5.0,0.8,15,0.0,74.1,64.43060111697487
I1552,U156,quiet_deepwork,P066,classroom_04,synthetic,train,4,4,4,5,4,3,3,4,4,5,study_room,deep_study,mostly_solo,under_1h,afternoon,1,1,1,0,1,0,1,1,0,1,1,classroom,light_reading,solo,under_1h,morning,weekend,3.4,clear,indoor,first_time,3,4,4,3,3,3,4,3,3,4,12,16,16,15,16,9,12,12,2.3,1.3,9,0.5,70.2,63.72885705357124
I1553,U156,quiet_deepwork,P107,dorm_lounge_11,synthetic,train,4,4,4,5,4,3,3,4,4,5,study_room,deep_study,mostly_solo,under_1h,afternoon,1,1,1,0,1,0,1,1,0,1,1,dorm_lounge,coding,solo,over_4h,afternoon,weekend,25.0,clear,indoor,often,3,4,3,3,3,4,3,4,3,3,12,16,12,15,12,9,12,16,4.5,9.4,20,1.0,55.4,63.24012071192898
I1554,U156,quiet_deepwork,P015,library_15,synthetic,train,4,4,4,5,4,3,3,4,4,5,study_room,deep_study,mostly_solo,under_1h,afternoon,1,1,1,0,1,0,1,1,0,1,1,library,coding,solo,1_2h,afternoon,weekday,8.8,clear,indoor,often,4,4,4,5,2,4,3,4,4,4,16,16,16,25,12,12,8,16,4.5,3.3,20,1.0,68.3,74.49181143983489
I1555,U156,quiet_deepwork,P107,dorm_lounge_11,synthetic,train,4,4,4,5,4,3,3,4,4,5,study_room,deep_study,mostly_solo,under_1h,afternoon,1,1,1,0,1,0,1,1,0,1,1,dorm_lounge,report_writing,solo,over_4h,morning,weekday,32.3,clear,indoor,rarely,3,4,3,3,3,4,3,3,3,3,12,16,12,15,12,9,12,16,4.3,12.1,15,0.5,60.0,58.64379732568963
I1556,U156,quiet_deepwork,P014,library_14,synthetic,train,4,4,4,5,4,3,3,4,4,5,study_room,deep_study,mostly_solo,under_1h,afternoon,1,1,1,0,1,0,1,1,0,1,1,library,report_writing,solo,2_4h,morning,weekday,8.3,rainy,indoor,sometimes,5,4,5,4,3,4,4,4,4,4,20,16,20,20,16,12,12,16,4.3,3.1,20,0.5,73.8,78.72968022321217
I1557,U156,quiet_deepwork,P016,library_16,synthetic,train,4,4,4,5,4,3,3,4,4,5,study_room,deep_study,mostly_solo,under_1h,afternoon,1,1,1,0,1,0,1,1,0,1,1,library,report_writing,solo,2_4h,afternoon,weekday,10.1,cloudy,indoor,sometimes,5,4,3,5,3,4,3,5,4,4,20,16,12,25,12,12,12,16,4.3,3.8,25,1.0,79.1,77.43675694970531
I1558,U156,quiet_deepwork,P085,coworking_space_01,synthetic,train,4,4,4,5,4,3,3,4,4,5,study_room,deep_study,mostly_solo,under_1h,afternoon,1,1,1,0,1,0,1,1,0,1,1,coworking_space,deep_study,solo,2_4h,afternoon,weekday,4.6,cloudy,indoor,sometimes,3,5,2,3,4,3,4,3,4,3,12,20,8,15,16,12,16,12,5.0,1.7,15,1.0,70.1,65.10458004652429
I1559,U156,quiet_deepwork,P036,study_room_18,synthetic,train,4,4,4,5,4,3,3,4,4,5,study_room,deep_study,mostly_solo,under_1h,afternoon,1,1,1,0,1,0,1,1,0,1,1,study_room,light_reading,solo,under_1h,evening,weekday,9.6,rainy,indoor,often,5,4,4,4,4,4,5,4,4,4,20,16,16,20,20,12,16,16,2.3,3.6,12,0.5,79.7,75.66968539446452
I1560,U156,quiet_deepwork,P018,library_18,synthetic,train,4,4,4,5,4,3,3,4,4,5,study_room,deep_study,mostly_solo,under_1h,afternoon,1,1,1,0,1,0,1,1,0,1,1,library,report_writing,solo,over_4h,morning,weekday,1.6,rainy,indoor,rarely,5,4,3,4,3,3,4,4,4,3,20,16,12,20,16,12,12,12,4.3,0.6,20,0.5,72.3,73.43627918354018
I1561,U157,social_collaborative,P092,coworking_space_08,synthetic,train,3,5,3,3,4,3,4,3,3,3,study_room,meeting,mostly_group,2_4h,evening,0,0,0,1,1,0,0,1,0,0,0,coworking_space,team_project,3_4,1_2h,morning,weekend,2.7,rainy,indoor,often,2,4,3,4,3,4,4,4,4,3,6,20,9,12,16,16,9,12,0.8,1.0,12,0.0,65.0,62.31845154895309
I1562,U157,social_collaborative,P008,library_08,synthetic,train,3,5,3,3,4,3,4,3,3,3,study_room,meeting,mostly_group,2_4h,evening,0,0,0,1,1,0,0,1,0,0,0,library,coding,solo,1_2h,evening,weekday,14.3,clear,indoor,often,5,5,4,4,2,3,4,5,4,4,15,25,12,12,16,16,6,9,2.7,5.4,15,1.0,67.1,66.21531194924924
I1563,U157,social_collaborative,P036,study_room_18,synthetic,train,3,5,3,3,4,3,4,3,3,3,study_room,meeting,mostly_group,2_4h,evening,0,0,0,1,1,0,0,1,0,0,0,study_room,light_reading,solo,1_2h,afternoon,weekday,9.0,hot,indoor,often,5,4,4,4,4,4,5,4,4,4,15,20,12,12,20,16,12,12,1.4,3.4,12,0.5,61.8,65.51528854796226
I1564,U157,social_collaborative,P030,study_room_12,synthetic,train,3,5,3,3,4,3,4,3,3,3,study_room,meeting,mostly_group,2_4h,evening,0,0,0,1,1,0,0,1,0,0,0,study_room,team_project,5_plus,under_1h,early_morning,weekday,12.7,clear,indoor,sometimes,5,4,3,4,3,3,4,5,4,4,15,20,9,12,16,16,9,9,0.8,4.8,15,0.0,72.2,65.96964771195769
I1565,U157,social_collaborative,P046,cafe_10,synthetic,train,3,5,3,3,4,3,4,3,3,3,study_room,meeting,mostly_group,2_4h,evening,0,0,0,1,1,0,0,1,0,0,0,cafe,meeting,2,under_1h,evening,weekend,8.1,clear,indoor,first_time,3,4,2,3,2,4,3,3,3,3,9,20,6,9,12,12,6,12,0.6,3.1,9,1.0,54.8,52.06368390051835
I1566,U157,social_collaborative,P058,home_04,synthetic,train,3,5,3,3,4,3,4,3,3,3,study_room,meeting,mostly_group,2_4h,evening,0,0,0,1,1,0,0,1,0,0,0,home,team_project,5_plus,2_4h,evening,weekend,14.1,clear,indoor,sometimes,4,3,4,3,4,5,4,3,4,4,12,15,12,9,16,16,12,15,0.8,5.3,9,1.0,63.3,63.425353935254094
I1567,U157,social_collaborative,P118,outdoor_10,synthetic,train,3,5,3,3,4,3,4,3,3,3,study_room,meeting,mostly_group,2_4h,evening,0,0,0,1,1,0,0,1,0,0,0,outdoor,meeting,5_plus,2_4h,evening,weekend,12.5,clear,outdoor,often,3,5,3,3,3,3,2,3,3,3,9,25,9,9,8,12,9,9,0.6,4.7,9,1.0,54.7,54.505605170466225
I1568,U157,social_collaborative,P064,classroom_02,synthetic,train,3,5,3,3,4,3,4,3,3,3,study_room,meeting,mostly_group,2_4h,evening,0,0,0,1,1,0,0,1,0,0,0,classroom,online_class,3_4,1_2h,afternoon,weekday,4.7,clear,indoor,rarely,4,4,3,3,3,3,3,4,3,3,12,20,9,9,12,12,9,9,2.0,1.8,12,0.5,49.1,54.73635359219119
I1569,U157,social_collaborative,P028,study_room_10,synthetic,train,3,5,3,3,4,3,4,3,3,3,study_room,meeting,mostly_group,2_4h,evening,0,0,0,1,1,0,0,1,0,0,0,study_room,meeting,3_4,1_2h,evening,weekday,18.8,rainy,indoor,sometimes,4,4,3,3,4,4,5,5,4,3,12,20,9,9,20,16,12,12,0.6,7.1,15,1.0,63.9,64.51244620300466
I1570,U157,social_collaborative,P080,computer_lab_06,synthetic,train,3,5,3,3,4,3,4,3,3,3,study_room,meeting,mostly_group,2_4h,evening,0,0,0,1,1,0,0,1,0,0,0,computer_lab,team_project,3_4,2_4h,early_morning,weekday,4.0,cloudy,indoor,often,4,4,4,3,3,4,4,4,4,3,12,20,12,9,16,16,9,12,0.8,1.5,12,0.0,76.5,67.19526837950073
I1571,U158,quiet_deepwork,P037,cafe_01,synthetic,train,5,4,4,5,4,3,3,4,4,5,library,report_writing,mostly_solo,2_4h,morning,1,1,1,0,1,0,1,1,0,1,1,cafe,online_class,solo,1_2h,late_night,weekday,16.0,clear,indoor,sometimes,3,4,2,2,2,4,3,3,4,4,15,16,8,10,12,12,8,16,3.3,6.0,9,0.0,57.1,58.99740874748624
I1572,U158,quiet_deepwork,P075,computer_lab_01,synthetic,train,5,4,4,5,4,3,3,4,4,5,library,report_writing,mostly_solo,2_4h,morning,1,1,1,0,1,0,1,1,0,1,1,computer_lab,coding,solo,over_4h,late_night,weekday,10.5,cloudy,indoor,sometimes,3,3,3,4,3,4,5,5,3,3,15,12,12,20,20,9,12,16,4.5,3.9,25,0.0,70.2,71.45007077018802
I1573,U158,quiet_deepwork,P058,home_04,synthetic,train,5,4,4,5,4,3,3,4,4,5,library,report_writing,mostly_solo,2_4h,morning,1,1,1,0,1,0,1,1,0,1,1,home,online_class,3_4,1_2h,afternoon,weekend,17.4,clear,indoor,sometimes,4,3,4,3,4,5,4,4,4,4,20,12,16,15,16,12,16,20,3.3,6.5,12,0.5,66.2,70.74942490508107
I1574,U158,quiet_deepwork,P009,library_09,synthetic,train,5,4,4,5,4,3,3,4,4,5,library,report_writing,mostly_solo,2_4h,morning,1,1,1,0,1,0,1,1,0,1,1,library,deep_study,solo,2_4h,afternoon,weekend,5.8,rainy,indoor,sometimes,4,4,3,4,2,4,4,4,4,4,20,16,12,20,16,12,8,16,5.0,2.2,20,0.5,85.6,74.20352719675178
I1575,U158,quiet_deepwork,P004,library_04,synthetic,train,5,4,4,5,4,3,3,4,4,5,library,report_writing,mostly_solo,2_4h,morning,1,1,1,0,1,0,1,1,0,1,1,library,online_class,solo,1_2h,morning,weekend,1.0,clear,indoor,sometimes,5,3,3,4,2,4,4,4,3,4,25,12,12,20,16,9,8,16,3.3,0.4,12,1.0,80.6,75.43660152849706
I1576,U158,quiet_deepwork,P048,cafe_12,synthetic,train,5,4,4,5,4,3,3,4,4,5,library,report_writing,mostly_solo,2_4h,morning,1,1,1,0,1,0,1,1,0,1,1,cafe,deep_study,solo,2_4h,morning,weekday,11.8,clear,indoor,rarely,2,5,2,3,1,4,3,3,3,3,10,20,8,15,12,9,4,16,5.0,4.4,15,1.0,56.4,58.85031713465637
I1577,U158,quiet_deepwork,P085,coworking_space_01,synthetic,train,5,4,4,5,4,3,3,4,4,5,library,report_writing,mostly_solo,2_4h,morning,1,1,1,0,1,0,1,1,0,1,1,coworking_space,deep_study,solo,over_4h,afternoon,weekday,1.0,clear,indoor,sometimes,3,5,2,3,4,3,4,3,4,3,15,20,8,15,16,12,16,12,5.0,0.4,15,0.5,71.7,67.03012976913224
I1578,U158,quiet_deepwork,P027,study_room_09,synthetic,train,5,4,4,5,4,3,3,4,4,5,library,report_writing,mostly_solo,2_4h,morning,1,1,1,0,1,0,1,1,0,1,1,study_room,coding,solo,1_2h,morning,weekday,4.8,cloudy,indoor,rarely,5,3,3,4,4,3,3,4,3,3,25,12,12,20,12,9,16,12,4.5,1.8,20,1.0,81.5,72.33725916479705
I1579,U158,quiet_deepwork,P036,study_room_18,synthetic,train,5,4,4,5,4,3,3,4,4,5,library,report_writing,mostly_solo,2_4h,morning,1,1,1,0,1,0,1,1,0,1,1,study_room,light_reading,solo,1_2h,morning,weekday,13.8,clear,indoor,rarely,5,4,4,4,4,4,5,3,4,4,25,16,16,20,20,12,16,16,2.3,5.2,9,1.0,76.8,74.62748381098818
I1580,U158,quiet_deepwork,P021,study_room_03,synthetic,train,5,4,4,5,4,3,3,4,4,5,library,report_writing,mostly_solo,2_4h,morning,1,1,1,0,1,0,1,1,0,1,1,study_room,deep_study,solo,over_4h,afternoon,weekend,17.8,clear,indoor,rarely,5,4,4,4,3,4,4,5,4,2,25,16,16,20,16,12,12,16,5.0,6.7,25,0.5,84.2,75.41580227391415
I1581,U159,social_collaborative,P026,study_room_08,synthetic,train,3,5,2,3,4,2,4,4,5,2,study_room,report_writing,mostly_group,2_4h,evening,0,0,0,1,1,0,0,1,0,1,0,study_room,report_writing,solo,2_4h,evening,weekday,17.9,cloudy,indoor,sometimes,4,5,4,4,5,4,4,5,4,3,12,25,8,12,16,16,20,20,1.7,4.5,10,1.0,70.3,70.1532885046137
I1582,U159,social_collaborative,P105,dorm_lounge_09,synthetic,train,3,5,2,3,4,2,4,4,5,2,study_room,report_writing,mostly_group,2_4h,evening,0,0,0,1,1,0,0,1,0,1,0,dorm_lounge,meeting,3_4,1_2h,afternoon,weekday,9.9,rainy,indoor,sometimes,3,3,3,2,3,3,4,3,4,3,9,15,6,6,16,16,12,15,0.4,2.5,9,0.5,58.9,58.5400823675831
I1583,U159,social_collaborative,P013,library_13,synthetic,train,3,5,2,3,4,2,4,4,5,2,study_room,report_writing,mostly_group,2_4h,evening,0,0,0,1,1,0,0,1,0,1,0,library,team_project,5_plus,under_1h,late_night,weekday,2.8,cloudy,indoor,first_time,5,4,4,4,3,3,5,2,4,4,15,20,8,12,20,16,12,15,0.5,0.7,6,0.5,68.1,65.55389264690078
I1584,U159,social_collaborative,P034,study_room_16,synthetic,train,3,5,2,3,4,2,4,4,5,2,study_room,report_writing,mostly_group,2_4h,evening,0,0,0,1,1,0,0,1,0,1,0,study_room,light_reading,solo,under_1h,morning,weekday,13.8,clear,indoor,sometimes,4,4,4,4,4,3,4,3,5,3,12,20,8,12,16,20,16,15,0.9,3.5,9,0.0,57.7,65.4788317687086
I1585,U159,social_collaborative,P038,cafe_02,synthetic,train,3,5,2,3,4,2,4,4,5,2,study_room,report_writing,mostly_group,2_4h,evening,0,0,0,1,1,0,0,1,0,1,0,cafe,meeting,2,1_2h,morning,weekday,21.4,clear,indoor,often,2,4,3,2,2,4,3,3,3,3,6,20,6,6,12,12,8,20,0.4,5.3,9,0.0,67.5,56.524368089666716
I1586,U159,social_collaborative,P092,coworking_space_08,synthetic,train,3,5,2,3,4,2,4,4,5,2,study_room,report_writing,mostly_group,2_4h,evening,0,0,0,1,1,0,0,1,0,1,0,coworking_space,meeting,3_4,2_4h,evening,weekend,3.0,clear,indoor,rarely,2,4,3,4,3,4,4,4,4,3,6,20,6,12,16,16,12,20,0.4,0.8,12,1.0,64.2,63.56628906836522
I1587,U159,social_collaborative,P081,computer_lab_07,synthetic,train,3,5,2,3,4,2,4,4,5,2,study_room,report_writing,mostly_group,2_4h,evening,0,0,0,1,1,0,0,1,0,1,0,computer_lab,coding,solo,2_4h,evening,weekend,8.0,rainy,indoor,rarely,4,4,2,3,3,3,4,4,4,3,12,20,4,9,16,16,12,15,1.8,2.0,8,1.0,59.1,59.46995909827682
I1588,U159,social_collaborative,P036,study_room_18,synthetic,train,3,5,2,3,4,2,4,4,5,2,study_room,report_writing,mostly_group,2_4h,evening,0,0,0,1,1,0,0,1,0,1,0,study_room,deep_study,solo,under_1h,evening,weekend,10.6,clear,indoor,often,5,4,4,4,4,4,5,5,4,4,15,20,8,12,20,16,16,20,2.0,2.7,10,1.0,82.2,71.7197587338789
I1589,U159,social_collaborative,P087,coworking_space_03,synthetic,train,3,5,2,3,4,2,4,4,5,2,study_room,report_writing,mostly_group,2_4h,evening,0,0,0,1,1,0,0,1,0,1,0,coworking_space,deep_study,solo,2_4h,evening,weekend,19.6,clear,indoor,sometimes,4,4,3,2,5,4,4,3,4,4,12,20,6,6,16,16,20,20,2.0,4.9,6,1.0,65.1,62.99308631349112
I1590,U159,social_collaborative,P041,cafe_05,synthetic,train,3,5,2,3,4,2,4,4,5,2,study_room,report_writing,mostly_group,2_4h,evening,0,0,0,1,1,0,0,1,0,1,0,cafe,team_project,2,2_4h,evening,weekday,8.2,rainy,indoor,rarely,2,4,2,3,2,4,4,5,4,3,6,20,4,9,16,16,8,20,0.5,2.0,15,1.0,60.6,60.23155854349362
I1591,U160,balanced,P011,library_11,synthetic,train,4,4,4,3,5,3,3,4,4,4,cafe,light_reading,mostly_solo,1_2h,afternoon,1,1,0,0,1,0,1,1,0,1,0,library,team_project,5_plus,1_2h,afternoon,weekend,12.7,clear,indoor,sometimes,5,4,4,4,2,4,4,3,4,3,20,16,16,12,20,12,8,16,1.0,4.8,9,1.0,71.8,72.21236686444695
I1592,U160,balanced,P024,study_room_06,synthetic,train,4,4,4,3,5,3,3,4,4,4,cafe,light_reading,mostly_solo,1_2h,afternoon,1,1,0,0,1,0,1,1,0,1,0,study_room,deep_study,solo,over_4h,evening,weekend,5.1,clear,indoor,first_time,4,4,3,4,3,4,4,4,4,3,16,16,12,12,20,12,12,16,4.0,1.9,16,0.5,61.9,68.23053569594981
I1593,U160,balanced,P056,home_02,synthetic,train,4,4,4,3,5,3,3,4,4,4,cafe,light_reading,mostly_solo,1_2h,afternoon,1,1,0,0,1,0,1,1,0,1,0,home,online_class,solo,1_2h,evening,weekend,7.2,clear,indoor,sometimes,4,3,5,4,5,4,5,5,5,5,16,12,20,12,25,15,20,16,2.6,2.7,15,0.5,81.4,78.04596573624578
I1594,U160,balanced,P005,library_05,synthetic,train,4,4,4,3,5,3,3,4,4,4,cafe,light_reading,mostly_solo,1_2h,afternoon,1,1,0,0,1,0,1,1,0,1,0,library,online_class,solo,over_4h,early_morning,weekday,9.4,hot,indoor,rarely,5,4,4,5,3,4,4,3,4,4,20,16,16,15,20,12,12,16,2.6,3.5,9,0.0,77.4,69.6770447139469
I1595,U160,balanced,P062,home_08,synthetic,train,4,4,4,3,5,3,3,4,4,4,cafe,light_reading,mostly_solo,1_2h,afternoon,1,1,0,0,1,0,1,1,0,1,0,home,report_writing,solo,over_4h,afternoon,weekday,11.7,clear,indoor,first_time,4,3,4,4,4,5,5,4,4,5,16,12,16,12,25,12,16,20,3.4,4.4,16,1.0,70.5,73.04080287275173
I1596,U160,balanced,P046,cafe_10,synthetic,train,4,4,4,3,5,3,3,4,4,4,cafe,light_reading,mostly_solo,1_2h,afternoon,1,1,0,0,1,0,1,1,0,1,0,cafe,coding,solo,2_4h,afternoon,weekday,8.8,hot,indoor,rarely,3,4,2,3,2,4,3,3,3,3,12,16,8,9,15,9,8,16,3.6,3.3,12,1.0,73.3,57.29212613510085
I1597,U160,balanced,P030,study_room_12,synthetic,train,4,4,4,3,5,3,3,4,4,4,cafe,light_reading,mostly_solo,1_2h,afternoon,1,1,0,0,1,0,1,1,0,1,0,study_room,report_writing,solo,over_4h,afternoon,weekday,9.1,clear,indoor,rarely,5,4,3,4,3,3,4,5,4,4,20,16,12,12,20,12,12,12,3.4,3.4,20,1.0,79.7,71.59546738738285
I1598,U160,balanced,P024,study_room_06,synthetic,train,4,4,4,3,5,3,3,4,4,4,cafe,light_reading,mostly_solo,1_2h,afternoon,1,1,0,0,1,0,1,1,0,1,0,study_room,deep_study,solo,over_4h,afternoon,weekend,3.8,cloudy,indoor,sometimes,4,4,3,4,3,4,4,5,4,3,16,16,12,12,20,12,12,16,4.0,1.4,20,1.0,70.1,72.18491039325755
I1599,U160,balanced,P001,library_01,synthetic,train,4,4,4,3,5,3,3,4,4,4,cafe,light_reading,mostly_solo,1_2h,afternoon,1,1,0,0,1,0,1,1,0,1,0,library,coding,solo,over_4h,afternoon,weekend,10.0,rainy,indoor,sometimes,5,4,4,5,2,3,4,4,4,4,20,16,16,15,20,12,8,12,3.6,3.8,16,1.0,66.3,71.14637342853133
I1600,U160,balanced,P103,dorm_lounge_07,synthetic,train,4,4,4,3,5,3,3,4,4,4,cafe,light_reading,mostly_solo,1_2h,afternoon,1,1,0,0,1,0,1,1,0,1,0,dorm_lounge,report_writing,3_4,2_4h,afternoon,weekday,14.9,rainy,indoor,sometimes,3,4,3,3,4,4,5,3,3,3,12,16,12,9,25,9,16,16,3.4,5.6,12,1.0,57.3,63.43232435214345
I1601,U161,social_collaborative,P086,coworking_space_02,synthetic,valid,3,4,1,4,5,3,3,5,5,3,cafe,meeting,mostly_group,2_4h,evening,0,0,1,0,1,0,0,1,0,1,1,coworking_space,online_class,solo,under_1h,evening,weekend,19.7,hot,indoor,sometimes,3,4,4,4,5,3,4,3,4,4,9,16,4,16,20,12,25,15,2.0,7.4,9,1.0,63.2,61.74614500195249
I1602,U161,social_collaborative,P022,study_room_04,synthetic,valid,3,4,1,4,5,3,3,5,5,3,cafe,meeting,mostly_group,2_4h,evening,0,0,1,0,1,0,0,1,0,1,1,study_room,team_project,3_4,under_1h,morning,weekday,15.2,clear,indoor,sometimes,4,5,3,4,5,3,4,5,4,4,12,20,3,16,20,12,25,15,0.8,5.7,15,0.0,54.1,71.68528502094308
I1603,U161,social_collaborative,P029,study_room_11,synthetic,valid,3,4,1,4,5,3,3,5,5,3,cafe,meeting,mostly_group,2_4h,evening,0,0,1,0,1,0,0,1,0,1,1,study_room,meeting,3_4,2_4h,evening,weekend,14.4,clear,indoor,often,4,4,3,4,2,4,4,4,4,3,12,16,3,16,20,12,10,20,0.6,5.4,12,1.0,75.0,67.61254438793699
I1604,U161,social_collaborative,P092,coworking_space_08,synthetic,valid,3,4,1,4,5,3,3,5,5,3,cafe,meeting,mostly_group,2_4h,evening,0,0,1,0,1,0,0,1,0,1,1,coworking_space,coding,solo,1_2h,evening,weekday,5.3,clear,indoor,sometimes,2,4,3,4,3,4,4,4,4,3,6,16,3,16,20,12,15,20,2.7,2.0,12,1.0,63.0,63.02542823987412
I1605,U161,social_collaborative,P096,coworking_space_12,synthetic,valid,3,4,1,4,5,3,3,5,5,3,cafe,meeting,mostly_group,2_4h,evening,0,0,1,0,1,0,0,1,0,1,1,coworking_space,online_class,solo,under_1h,early_morning,weekday,15.7,hot,indoor,often,3,3,4,3,3,5,5,4,4,3,9,12,4,12,25,12,15,25,2.0,5.9,12,0.0,58.3,65.10106208570953
I1606,U161,social_collaborative,P019,study_room_01,synthetic,valid,3,4,1,4,5,3,3,5,5,3,cafe,meeting,mostly_group,2_4h,evening,0,0,1,0,1,0,0,1,0,1,1,study_room,meeting,3_4,1_2h,afternoon,weekday,14.4,cloudy,indoor,rarely,4,3,4,4,3,4,4,4,4,4,12,12,4,16,20,12,15,20,0.6,5.4,12,0.5,60.8,66.23023113368056
I1607,U161,social_collaborative,P019,study_room_01,synthetic,valid,3,4,1,4,5,3,3,5,5,3,cafe,meeting,mostly_group,2_4h,evening,0,0,1,0,1,0,0,1,0,1,1,study_room,coding,2,2_4h,afternoon,weekend,16.1,rainy,indoor,first_time,4,3,4,4,3,4,4,5,4,4,12,12,4,16,20,12,15,20,2.7,6.0,15,0.5,51.5,60.970909138397936
I1608,U161,social_collaborative,P032,study_room_14,synthetic,valid,3,4,1,4,5,3,3,5,5,3,cafe,meeting,mostly_group,2_4h,evening,0,0,1,0,1,0,0,1,0,1,1,study_room,coding,solo,2_4h,late_night,weekday,21.3,clear,indoor,often,4,4,4,4,4,3,4,5,4,4,12,16,4,16,20,12,20,15,2.7,8.0,15,0.5,79.0,66.13880064275045
I1609,U161,social_collaborative,P042,cafe_06,synthetic,valid,3,4,1,4,5,3,3,5,5,3,cafe,meeting,mostly_group,2_4h,evening,0,0,1,0,1,0,0,1,0,1,1,cafe,coding,solo,1_2h,evening,weekend,12.7,hot,indoor,sometimes,3,4,2,3,2,4,3,4,4,3,9,16,2,12,15,12,10,20,2.7,4.8,12,1.0,57.7,56.8681017526182
I1610,U161,social_collaborative,P043,cafe_07,synthetic,valid,3,4,1,4,5,3,3,5,5,3,cafe,meeting,mostly_group,2_4h,evening,0,0,1,0,1,0,0,1,0,1,1,cafe,coding,solo,2_4h,morning,weekday,9.1,cloudy,indoor,often,2,5,3,3,2,4,3,3,3,3,6,20,3,12,15,9,10,20,2.7,3.4,9,0.0,63.6,57.525809863814686
I1611,U162,convenience_oriented,P005,library_05,synthetic,train,3,3,3,2,4,5,3,3,3,4,coworking_space,light_reading,mostly_solo,over_4h,afternoon,0,0,0,0,1,1,0,1,1,0,0,library,online_class,solo,under_1h,late_night,weekday,8.0,clear,indoor,often,5,4,4,5,3,4,4,4,4,4,15,12,12,10,16,12,9,12,2.6,5.0,12,0.0,70.8,62.72702437173048
I1612,U162,convenience_oriented,P011,library_11,synthetic,train,3,3,3,2,4,5,3,3,3,4,coworking_space,light_reading,mostly_solo,over_4h,afternoon,0,0,0,0,1,1,0,1,1,0,0,library,team_project,2,1_2h,morning,weekend,14.6,clear,indoor,rarely,5,4,4,4,2,4,4,2,4,3,15,12,12,8,16,12,6,12,1.0,9.1,6,0.5,60.6,55.185585599469086
I1613,U162,convenience_oriented,P053,cafe_17,synthetic,train,3,3,3,2,4,5,3,3,3,4,coworking_space,light_reading,mostly_solo,over_4h,afternoon,0,0,0,0,1,1,0,1,1,0,0,cafe,online_class,2,1_2h,early_morning,weekday,19.1,clear,indoor,sometimes,3,4,2,2,2,3,3,2,3,3,9,12,6,4,12,9,6,9,2.6,12.0,6,0.0,41.0,38.811012285781516
I1614,U162,convenience_oriented,P047,cafe_11,synthetic,train,3,3,3,2,4,5,3,3,3,4,coworking_space,light_reading,mostly_solo,over_4h,afternoon,0,0,0,0,1,1,0,1,1,0,0,cafe,coding,2,under_1h,afternoon,weekday,12.4,clear,indoor,rarely,3,4,3,3,2,4,3,3,4,3,9,12,9,6,12,12,6,12,3.6,7.8,12,1.0,48.0,45.97984248466905
I1615,U162,convenience_oriented,P040,cafe_04,synthetic,train,3,3,3,2,4,5,3,3,3,4,coworking_space,light_reading,mostly_solo,over_4h,afternoon,0,0,0,0,1,1,0,1,1,0,0,cafe,deep_study,solo,2_4h,evening,weekday,13.6,rainy,indoor,rarely,3,4,2,3,3,4,3,2,4,3,9,12,6,6,12,12,9,12,4.0,8.5,8,0.5,45.0,45.562003084054645
I1616,U162,convenience_oriented,P031,study_room_13,synthetic,train,3,3,3,2,4,5,3,3,3,4,coworking_space,light_reading,mostly_solo,over_4h,afternoon,0,0,0,0,1,1,0,1,1,0,0,study_room,report_writing,solo,over_4h,morning,weekday,1.0,cloudy,indoor,often,5,4,4,4,4,4,4,5,5,4,15,12,12,8,16,15,12,12,3.4,0.6,20,0.5,63.0,69.90830594966855
I1617,U162,convenience_oriented,P073,classroom_11,synthetic,train,3,3,3,2,4,5,3,3,3,4,coworking_space,light_reading,mostly_solo,over_4h,afternoon,0,0,0,0,1,1,0,1,1,0,0,classroom,coding,solo,2_4h,morning,weekday,11.6,clear,indoor,first_time,4,5,3,3,4,3,3,3,3,4,12,15,9,6,12,9,12,9,3.6,7.2,12,0.5,52.2,51.119871426898015
I1618,U162,convenience_oriented,P043,cafe_07,synthetic,train,3,3,3,2,4,5,3,3,3,4,coworking_space,light_reading,mostly_solo,over_4h,afternoon,0,0,0,0,1,1,0,1,1,0,0,cafe,coding,2,2_4h,morning,weekend,7.2,clear,indoor,sometimes,2,5,3,3,2,4,3,4,3,3,6,15,9,6,12,9,6,12,3.6,4.5,16,0.5,53.8,49.307994918424086
I1619,U162,convenience_oriented,P037,cafe_01,synthetic,train,3,3,3,2,4,5,3,3,3,4,coworking_space,light_reading,mostly_solo,over_4h,afternoon,0,0,0,0,1,1,0,1,1,0,0,cafe,team_project,3_4,2_4h,afternoon,weekend,14.8,cloudy,indoor,rarely,3,4,2,2,2,4,3,4,4,4,9,12,6,4,12,12,6,12,1.0,9.2,12,1.0,43.8,50.370301226205896
I1620,U162,convenience_oriented,P015,library_15,synthetic,train,3,3,3,2,4,5,3,3,3,4,coworking_space,light_reading,mostly_solo,over_4h,afternoon,0,0,0,0,1,1,0,1,1,0,0,library,coding,solo,2_4h,morning,weekend,16.0,clear,indoor,often,4,4,4,5,2,4,3,4,4,4,12,12,12,10,12,12,6,12,3.6,10.0,16,0.5,61.5,57.284846236144595
I1621,U163,comfort_oriented,P094,coworking_space_10,synthetic,train,4,4,3,4,3,3,4,5,5,3,coworking_space,deep_study,mixed,2_4h,early_morning,1,0,1,1,0,0,1,0,0,1,1,coworking_space,light_reading,solo,1_2h,early_morning,weekday,12.9,clear,indoor,rarely,3,5,3,4,3,4,3,3,4,4,12,20,9,16,9,16,15,20,1.4,4.8,9,1.0,59.9,64.9452850932791
I1622,U163,comfort_oriented,P053,cafe_17,synthetic,train,4,4,3,4,3,3,4,5,5,3,coworking_space,deep_study,mixed,2_4h,early_morning,1,0,1,1,0,0,1,0,0,1,1,cafe,report_writing,solo,1_2h,evening,weekday,19.1,clear,indoor,often,3,4,2,2,2,3,3,4,3,3,12,16,6,8,9,12,10,15,2.6,7.2,12,0.0,59.9,57.31282892029262
I1623,U163,comfort_oriented,P043,cafe_07,synthetic,train,4,4,3,4,3,3,4,5,5,3,coworking_space,deep_study,mixed,2_4h,early_morning,1,0,1,1,0,0,1,0,0,1,1,cafe,team_project,3_4,2_4h,early_morning,weekday,9.3,cloudy,indoor,first_time,2,5,3,3,2,4,3,3,3,3,8,20,9,12,9,12,10,20,0.8,3.5,9,1.0,59.2,61.411348702954285
I1624,U163,comfort_oriented,P064,classroom_02,synthetic,train,4,4,3,4,3,3,4,5,5,3,coworking_space,deep_study,mixed,2_4h,early_morning,1,0,1,1,0,0,1,0,0,1,1,classroom,light_reading,solo,under_1h,early_morning,weekend,5.8,hot,indoor,rarely,4,4,3,3,3,3,3,3,3,3,16,16,9,12,9,12,15,15,1.4,2.2,9,1.0,54.8,62.20150081125729
I1625,U163,comfort_oriented,P007,library_07,synthetic,train,4,4,3,4,3,3,4,5,5,3,coworking_space,deep_study,mixed,2_4h,early_morning,1,0,1,1,0,0,1,0,0,1,1,library,deep_study,solo,1_2h,morning,weekday,11.6,rainy,indoor,rarely,5,4,3,4,3,3,4,5,4,4,20,16,9,16,12,16,15,15,3.0,4.4,15,0.5,78.3,71.12572945674354
I1626,U163,comfort_oriented,P051,cafe_15,synthetic,train,4,4,3,4,3,3,4,5,5,3,coworking_space,deep_study,mixed,2_4h,early_morning,1,0,1,1,0,0,1,0,0,1,1,cafe,coding,solo,1_2h,evening,weekday,13.4,clear,indoor,sometimes,3,4,2,3,3,4,3,3,4,3,12,16,6,12,9,16,15,20,2.7,5.0,9,0.0,50.2,60.97116391776983
I1627,U163,comfort_oriented,P086,coworking_space_02,synthetic,train,4,4,3,4,3,3,4,5,5,3,coworking_space,deep_study,mixed,2_4h,early_morning,1,0,1,1,0,0,1,0,0,1,1,coworking_space,coding,solo,1_2h,afternoon,weekday,21.7,rainy,indoor,sometimes,3,4,4,4,5,3,4,4,4,4,12,16,12,16,12,16,25,15,2.7,8.1,12,0.0,64.5,65.9651517559692
I1628,U163,comfort_oriented,P042,cafe_06,synthetic,train,4,4,3,4,3,3,4,5,5,3,coworking_space,deep_study,mixed,2_4h,early_morning,1,0,1,1,0,0,1,0,0,1,1,cafe,coding,solo,over_4h,afternoon,weekday,17.3,cloudy,indoor,rarely,3,4,2,3,2,4,3,4,4,3,12,16,6,12,9,16,10,20,2.7,6.5,12,0.0,61.5,58.1058479949492
I1629,U163,comfort_oriented,P010,library_10,synthetic,train,4,4,3,4,3,3,4,5,5,3,coworking_space,deep_study,mixed,2_4h,early_morning,1,0,1,1,0,0,1,0,0,1,1,library,online_class,3_4,1_2h,early_morning,weekday,3.3,clear,indoor,rarely,5,5,4,4,3,4,4,4,4,5,20,20,12,16,12,16,15,20,2.0,1.2,12,1.0,75.9,75.61775298621833
I1630,U163,comfort_oriented,P057,home_03,synthetic,train,4,4,3,4,3,3,4,5,5,3,coworking_space,deep_study,mixed,2_4h,early_morning,1,0,1,1,0,0,1,0,0,1,1,home,light_reading,solo,1_2h,afternoon,weekday,6.5,cold,indoor,first_time,3,4,4,4,5,4,5,5,5,4,12,16,12,16,15,20,25,20,1.4,2.4,15,0.0,68.7,74.08321062299402
I1631,U164,quiet_deepwork,P077,computer_lab_03,synthetic,train,5,4,5,4,4,4,4,3,4,5,library,online_class,mostly_solo,1_2h,evening,1,1,1,1,1,1,1,1,1,1,1,computer_lab,report_writing,solo,2_4h,morning,weekday,17.4,hot,indoor,often,4,3,3,3,2,3,4,4,4,4,20,12,15,12,16,16,6,12,4.3,8.7,20,0.0,68.2,67.9386115972874
I1632,U164,quiet_deepwork,P068,classroom_06,synthetic,train,5,4,5,4,4,4,4,3,4,5,library,online_class,mostly_solo,1_2h,evening,1,1,1,1,1,1,1,1,1,1,1,classroom,coding,solo,over_4h,evening,weekday,9.0,rainy,indoor,sometimes,3,4,3,3,2,3,3,3,2,4,15,16,15,12,12,8,6,12,4.5,4.5,15,1.0,68.5,61.15509832285385
I1633,U164,quiet_deepwork,P012,library_12,synthetic,train,5,4,5,4,4,4,4,3,4,5,library,online_class,mostly_solo,1_2h,evening,1,1,1,1,1,1,1,1,1,1,1,library,deep_study,solo,2_4h,early_morning,weekday,2.2,clear,indoor,rarely,5,4,4,4,3,3,3,5,5,4,25,16,20,16,12,20,9,12,5.0,1.1,25,0.0,81.2,80.38492528292426
I1634,U164,quiet_deepwork,P073,classroom_11,synthetic,train,5,4,5,4,4,4,4,3,4,5,library,online_class,mostly_solo,1_2h,evening,1,1,1,1,1,1,1,1,1,1,1,classroom,report_writing,solo,2_4h,late_night,weekday,14.7,clear,indoor,first_time,4,5,3,3,4,3,3,4,3,4,20,20,15,12,12,12,12,12,4.3,7.3,20,0.5,69.7,66.50951575355697
I1635,U164,quiet_deepwork,P083,computer_lab_09,synthetic,train,5,4,5,4,4,4,4,3,4,5,library,online_class,mostly_solo,1_2h,evening,1,1,1,1,1,1,1,1,1,1,1,computer_lab,coding,solo,over_4h,evening,weekday,1.5,cold,indoor,often,4,4,3,3,4,3,5,5,4,3,20,16,15,12,20,16,12,12,4.5,0.7,25,1.0,80.3,77.83693990039566
I1636,U164,quiet_deepwork,P003,library_03,synthetic,train,5,4,5,4,4,4,4,3,4,5,library,online_class,mostly_solo,1_2h,evening,1,1,1,1,1,1,1,1,1,1,1,library,coding,2,2_4h,evening,weekday,1.0,clear,indoor,rarely,5,3,4,5,3,3,4,4,4,4,25,12,20,20,16,16,9,12,4.5,0.5,20,1.0,68.5,75.2195012490893
I1637,U164,quiet_deepwork,P033,study_room_15,synthetic,train,5,4,5,4,4,4,4,3,4,5,library,online_class,mostly_solo,1_2h,evening,1,1,1,1,1,1,1,1,1,1,1,study_room,light_reading,solo,under_1h,evening,weekend,1.0,rainy,indoor,rarely,5,3,4,3,4,4,4,4,5,4,25,12,20,12,16,20,12,16,2.3,0.5,12,1.0,83.9,77.33679177942749
I1638,U164,quiet_deepwork,P017,library_17,synthetic,train,5,4,5,4,4,4,4,3,4,5,library,online_class,mostly_solo,1_2h,evening,1,1,1,1,1,1,1,1,1,1,1,library,report_writing,solo,2_4h,evening,weekend,6.8,cold,indoor,sometimes,5,4,4,5,3,3,4,4,5,4,25,16,20,20,16,20,9,12,4.3,3.4,20,1.0,82.8,80.14059859762195
I1639,U164,quiet_deepwork,P018,library_18,synthetic,train,5,4,5,4,4,4,4,3,4,5,library,online_class,mostly_solo,1_2h,evening,1,1,1,1,1,1,1,1,1,1,1,library,deep_study,solo,2_4h,morning,weekday,10.5,cloudy,indoor,sometimes,5,4,3,4,3,3,4,5,4,3,25,16,15,16,16,16,9,12,5.0,5.3,25,0.0,74.8,76.12654124221812
I1640,U164,quiet_deepwork,P090,coworking_space_06,synthetic,train,5,4,5,4,4,4,4,3,4,5,library,online_class,mostly_solo,1_2h,evening,1,1,1,1,1,1,1,1,1,1,1,coworking_space,deep_study,2,under_1h,afternoon,weekend,13.4,clear,indoor,first_time,3,4,3,4,4,4,4,4,4,3,15,16,15,16,16,16,12,16,5.0,6.7,20,0.5,61.9,64.28944228294601
I1641,U165,comfort_oriented,P007,library_07,synthetic,train,4,3,3,4,4,3,4,5,5,4,classroom,team_project,mostly_solo,1_2h,afternoon,1,0,1,1,1,0,1,1,0,1,1,library,coding,solo,1_2h,evening,weekday,11.4,clear,indoor,sometimes,5,4,3,4,3,3,4,4,4,4,20,12,9,16,16,16,15,15,3.6,4.3,16,0.5,61.0,70.70655660094968
I1642,U165,comfort_oriented,P028,study_room_10,synthetic,train,4,3,3,4,4,3,4,5,5,4,classroom,team_project,mostly_solo,1_2h,afternoon,1,0,1,1,1,0,1,1,0,1,1,study_room,report_writing,solo,1_2h,afternoon,weekday,13.6,clear,indoor,often,4,4,3,3,4,4,5,3,4,3,16,12,9,12,20,16,20,20,3.4,5.1,12,1.0,67.5,70.98066752452705
I1643,U165,comfort_oriented,P051,cafe_15,synthetic,train,4,3,3,4,4,3,4,5,5,4,classroom,team_project,mostly_solo,1_2h,afternoon,1,0,1,1,1,0,1,1,0,1,1,cafe,coding,solo,1_2h,evening,weekday,13.0,cloudy,indoor,rarely,3,4,2,3,3,4,3,4,4,3,12,12,6,12,12,16,15,20,3.6,4.9,16,0.5,58.4,60.82543806693611
I1644,U165,comfort_oriented,P036,study_room_18,synthetic,train,4,3,3,4,4,3,4,5,5,4,classroom,team_project,mostly_solo,1_2h,afternoon,1,0,1,1,1,0,1,1,0,1,1,study_room,coding,solo,over_4h,afternoon,weekday,13.9,rainy,indoor,sometimes,5,4,4,4,4,4,5,5,4,4,20,12,12,16,20,16,20,20,3.6,5.2,20,1.0,86.1,76.5034434386782
I1645,U165,comfort_oriented,P032,study_room_14,synthetic,train,4,3,3,4,4,3,4,5,5,4,classroom,team_project,mostly_solo,1_2h,afternoon,1,0,1,1,1,0,1,1,0,1,1,study_room,report_writing,solo,2_4h,morning,weekday,19.1,cloudy,indoor,sometimes,4,4,4,4,4,3,4,4,4,4,16,12,12,16,16,16,20,15,3.4,7.2,16,0.5,63.1,70.22380893466357
I1646,U165,comfort_oriented,P031,study_room_13,synthetic,train,4,3,3,4,4,3,4,5,5,4,classroom,team_project,mostly_solo,1_2h,afternoon,1,0,1,1,1,0,1,1,0,1,1,study_room,deep_study,solo,1_2h,afternoon,weekday,1.3,cloudy,indoor,often,5,4,4,4,4,4,4,5,5,4,20,12,12,16,16,20,20,20,4.0,0.5,20,1.0,75.2,80.4780720809132
I1647,U165,comfort_oriented,P011,library_11,synthetic,train,4,3,3,4,4,3,4,5,5,4,classroom,team_project,mostly_solo,1_2h,afternoon,1,0,1,1,1,0,1,1,0,1,1,library,team_project,3_4,1_2h,evening,weekday,15.2,cold,indoor,sometimes,5,4,4,4,2,4,4,2,4,3,20,12,12,16,16,16,10,20,1.0,5.7,6,0.5,78.1,69.74813375887439
I1648,U165,comfort_oriented,P021,study_room_03,synthetic,train,4,3,3,4,4,3,4,5,5,4,classroom,team_project,mostly_solo,1_2h,afternoon,1,0,1,1,1,0,1,1,0,1,1,study_room,coding,solo,2_4h,afternoon,weekday,19.4,clear,indoor,often,5,4,4,4,3,4,4,4,4,2,20,12,12,16,16,16,15,20,3.6,7.3,16,1.0,71.0,71.91858573159749
I1649,U165,comfort_oriented,P044,cafe_08,synthetic,train,4,3,3,4,4,3,4,5,5,4,classroom,team_project,mostly_solo,1_2h,afternoon,1,0,1,1,1,0,1,1,0,1,1,cafe,report_writing,solo,2_4h,evening,weekday,15.4,hot,indoor,often,3,4,3,4,2,4,3,4,4,2,12,12,9,16,12,16,10,20,3.4,5.8,16,0.5,74.1,63.04340595855658
I1650,U165,comfort_oriented,P060,home_06,synthetic,train,4,3,3,4,4,3,4,5,5,4,classroom,team_project,mostly_solo,1_2h,afternoon,1,0,1,1,1,0,1,1,0,1,1,home,online_class,solo,1_2h,evening,weekday,16.3,hot,indoor,sometimes,4,3,5,5,4,5,5,5,4,5,16,9,15,20,20,16,20,25,2.6,6.1,15,0.5,73.4,77.44724264357588
I1651,U166,quiet_deepwork,P098,dorm_lounge_02,synthetic,valid,5,5,5,3,5,2,4,3,4,4,home,online_class,mostly_solo,over_4h,morning,1,1,0,1,1,0,1,1,0,1,0,dorm_lounge,online_class,solo,2_4h,morning,weekday,17.8,cloudy,indoor,sometimes,3,4,3,2,3,4,4,3,4,3,15,20,15,6,20,16,9,16,2.6,4.5,9,1.0,75.7,68.57890654489188
I1652,U166,quiet_deepwork,P091,coworking_space_07,synthetic,valid,5,5,5,3,5,2,4,3,4,4,home,online_class,mostly_solo,over_4h,morning,1,1,0,1,1,0,1,1,0,1,0,coworking_space,deep_study,solo,2_4h,late_night,weekday,11.0,cloudy,indoor,rarely,4,4,4,3,4,5,4,3,3,4,20,20,20,9,20,12,12,20,4.0,2.7,12,0.0,78.0,71.94331145601231
I1653,U166,quiet_deepwork,P032,study_room_14,synthetic,valid,5,5,5,3,5,2,4,3,4,4,home,online_class,mostly_solo,over_4h,morning,1,1,0,1,1,0,1,1,0,1,0,study_room,deep_study,solo,2_4h,evening,weekend,16.7,hot,indoor,sometimes,4,4,4,4,4,3,4,4,4,4,20,20,20,12,20,16,12,12,4.0,4.2,16,0.0,79.0,73.93465147566855
I1654,U166,quiet_deepwork,P015,library_15,synthetic,valid,5,5,5,3,5,2,4,3,4,4,home,online_class,mostly_solo,over_4h,morning,1,1,0,1,1,0,1,1,0,1,0,library,report_writing,solo,over_4h,morning,weekday,13.3,hot,indoor,sometimes,4,4,4,5,2,4,3,5,4,4,20,20,20,15,15,16,6,16,3.4,3.3,20,1.0,79.8,77.70552049246054
I1655,U166,quiet_deepwork,P051,cafe_15,synthetic,valid,5,5,5,3,5,2,4,3,4,4,home,online_class,mostly_solo,over_4h,morning,1,1,0,1,1,0,1,1,0,1,0,cafe,online_class,solo,under_1h,morning,weekday,13.7,hot,indoor,first_time,3,4,2,3,3,4,3,3,4,3,15,20,10,9,15,16,9,16,2.6,3.4,9,1.0,65.0,63.52841233109996
I1656,U166,quiet_deepwork,P062,home_08,synthetic,valid,5,5,5,3,5,2,4,3,4,4,home,online_class,mostly_solo,over_4h,morning,1,1,0,1,1,0,1,1,0,1,0,home,coding,2,1_2h,morning,weekday,9.6,clear,indoor,first_time,4,3,4,4,4,5,5,4,4,5,20,15,20,12,25,16,12,20,3.6,2.4,16,1.0,60.5,74.42123536432621
I1657,U166,quiet_deepwork,P027,study_room_09,synthetic,valid,5,5,5,3,5,2,4,3,4,4,home,online_class,mostly_solo,over_4h,morning,1,1,0,1,1,0,1,1,0,1,0,study_room,coding,solo,1_2h,evening,weekend,1.6,rainy,indoor,sometimes,5,3,3,4,4,3,3,4,3,3,25,15,15,12,15,12,12,12,3.6,0.4,16,0.0,71.9,71.76995967394915
I1658,U166,quiet_deepwork,P083,computer_lab_09,synthetic,valid,5,5,5,3,5,2,4,3,4,4,home,online_class,mostly_solo,over_4h,morning,1,1,0,1,1,0,1,1,0,1,0,computer_lab,deep_study,solo,2_4h,morning,weekday,1.0,cloudy,indoor,often,4,4,3,3,4,3,5,4,4,3,20,20,15,9,25,16,12,12,4.0,0.3,16,1.0,85.4,77.19638238727718
I1659,U166,quiet_deepwork,P021,study_room_03,synthetic,valid,5,5,5,3,5,2,4,3,4,4,home,online_class,mostly_solo,over_4h,morning,1,1,0,1,1,0,1,1,0,1,0,study_room,online_class,solo,over_4h,afternoon,weekend,16.8,cold,indoor,often,5,4,4,4,3,4,4,4,4,2,25,20,20,12,20,16,9,16,2.6,4.2,12,0.5,77.0,76.749408520652
I1660,U166,quiet_deepwork,P031,study_room_13,synthetic,valid,5,5,5,3,5,2,4,3,4,4,home,online_class,mostly_solo,over_4h,morning,1,1,0,1,1,0,1,1,0,1,0,study_room,deep_study,solo,2_4h,afternoon,weekend,1.0,clear,indoor,sometimes,5,4,4,4,4,4,4,4,5,4,25,20,20,12,20,20,12,16,4.0,0.3,16,0.5,91.5,82.19673257490496
I1661,U167,quiet_deepwork,P110,outdoor_02,synthetic,train,5,4,5,5,4,4,4,4,4,5,library,report_writing,mostly_solo,1_2h,morning,1,1,1,1,1,1,1,1,1,1,1,outdoor,coding,solo,2_4h,late_night,weekday,10.5,cloudy,outdoor,first_time,3,4,3,3,2,3,2,2,2,3,15,16,15,15,8,8,8,12,4.5,5.2,10,0.0,73.2,51.69097962817687
I1662,U167,quiet_deepwork,P068,classroom_06,synthetic,train,5,4,5,5,4,4,4,4,4,5,library,report_writing,mostly_solo,1_2h,morning,1,1,1,1,1,1,1,1,1,1,1,classroom,coding,solo,over_4h,late_night,weekday,5.0,cloudy,indoor,sometimes,3,4,3,3,2,3,3,3,2,4,15,16,15,15,12,8,8,12,4.5,2.5,15,0.0,67.1,61.845884180773844
I1663,U167,quiet_deepwork,P086,coworking_space_02,synthetic,train,5,4,5,5,4,4,4,4,4,5,library,report_writing,mostly_solo,1_2h,morning,1,1,1,1,1,1,1,1,1,1,1,coworking_space,online_class,2,1_2h,morning,weekday,18.2,clear,indoor,sometimes,3,4,4,4,5,3,4,4,4,4,15,16,20,20,16,16,20,12,3.3,9.1,12,1.0,77.5,66.27382217494471
I1664,U167,quiet_deepwork,P028,study_room_10,synthetic,train,5,4,5,5,4,4,4,4,4,5,library,report_writing,mostly_solo,1_2h,morning,1,1,1,1,1,1,1,1,1,1,1,study_room,deep_study,solo,2_4h,late_night,weekday,13.9,cloudy,indoor,often,4,4,3,3,4,4,5,4,4,3,20,16,15,15,20,16,16,16,5.0,7.0,20,0.0,70.4,73.20732794500758
I1665,U167,quiet_deepwork,P012,library_12,synthetic,train,5,4,5,5,4,4,4,4,4,5,library,report_writing,mostly_solo,1_2h,morning,1,1,1,1,1,1,1,1,1,1,1,library,deep_study,solo,2_4h,afternoon,weekend,6.5,rainy,indoor,first_time,5,4,4,4,3,3,3,5,5,4,25,16,20,20,12,20,12,12,5.0,3.3,25,0.5,73.5,78.43508272637597
I1666,U167,quiet_deepwork,P013,library_13,synthetic,train,5,4,5,5,4,4,4,4,4,5,library,report_writing,mostly_solo,1_2h,morning,1,1,1,1,1,1,1,1,1,1,1,library,team_project,3_4,2_4h,afternoon,weekday,4.8,clear,indoor,sometimes,5,4,4,4,3,3,5,3,4,4,25,16,20,20,20,16,12,12,1.3,2.4,9,0.5,66.9,79.53703724273939
I1667,U167,quiet_deepwork,P004,library_04,synthetic,train,5,4,5,5,4,4,4,4,4,5,library,report_writing,mostly_solo,1_2h,morning,1,1,1,1,1,1,1,1,1,1,1,library,coding,solo,over_4h,afternoon,weekday,4.5,hot,indoor,sometimes,5,3,3,4,2,4,4,4,3,4,25,12,15,20,16,12,8,16,4.5,2.2,20,0.5,67.5,74.32720353475972
I1668,U167,quiet_deepwork,P005,library_05,synthetic,train,5,4,5,5,4,4,4,4,4,5,library,report_writing,mostly_solo,1_2h,morning,1,1,1,1,1,1,1,1,1,1,1,library,report_writing,solo,2_4h,afternoon,weekday,1.0,cloudy,indoor,sometimes,5,4,4,5,3,4,4,5,4,4,25,16,20,25,16,16,12,16,4.3,0.5,25,0.5,90.0,85.59334277636728
I1669,U167,quiet_deepwork,P112,outdoor_04,synthetic,train,5,4,5,5,4,4,4,4,4,5,library,report_writing,mostly_solo,1_2h,morning,1,1,1,1,1,1,1,1,1,1,1,outdoor,coding,2,over_4h,morning,weekend,9.3,clear,outdoor,sometimes,3,4,3,3,2,3,1,3,3,2,15,16,15,15,4,12,8,12,4.5,4.6,15,1.0,50.5,54.774295849288144
I1670,U167,quiet_deepwork,P068,classroom_06,synthetic,train,5,4,5,5,4,4,4,4,4,5,library,report_writing,mostly_solo,1_2h,morning,1,1,1,1,1,1,1,1,1,1,1,classroom,report_writing,solo,2_4h,afternoon,weekday,15.3,rainy,indoor,rarely,3,4,3,3,2,3,3,4,2,4,15,16,15,15,12,8,8,12,4.3,7.7,20,0.5,54.5,61.04663443236635
I1671,U168,convenience_oriented,P098,dorm_lounge_02,synthetic,test,5,4,3,3,4,5,3,4,4,4,home,coding,mostly_solo,2_4h,afternoon,1,0,0,0,1,1,1,1,1,1,0,dorm_lounge,report_writing,5_plus,over_4h,evening,weekday,18.0,clear,indoor,sometimes,3,4,3,2,3,4,4,3,4,3,15,16,9,6,16,12,12,16,3.4,11.3,12,0.5,53.4,55.05569587029169
I1672,U168,convenience_oriented,P027,study_room_09,synthetic,test,5,4,3,3,4,5,3,4,4,4,home,coding,mostly_solo,2_4h,afternoon,1,0,0,0,1,1,1,1,1,1,0,study_room,report_writing,solo,1_2h,afternoon,weekday,4.6,clear,indoor,rarely,5,3,3,4,4,3,3,5,3,3,25,12,9,12,12,9,16,12,3.4,2.9,20,1.0,74.1,69.45152390005151
I1673,U168,convenience_oriented,P045,cafe_09,synthetic,test,5,4,3,3,4,5,3,4,4,4,home,coding,mostly_solo,2_4h,afternoon,1,0,0,0,1,1,1,1,1,1,0,cafe,light_reading,solo,1_2h,afternoon,weekday,1.4,clear,indoor,sometimes,2,3,2,2,3,3,3,4,3,3,10,12,6,6,12,9,12,12,1.8,0.9,12,1.0,58.9,57.001677937249454
I1674,U168,convenience_oriented,P104,dorm_lounge_08,synthetic,test,5,4,3,3,4,5,3,4,4,4,home,coding,mostly_solo,2_4h,afternoon,1,0,0,0,1,1,1,1,1,1,0,dorm_lounge,deep_study,2,2_4h,evening,weekend,12.4,rainy,indoor,sometimes,3,4,3,3,4,4,4,2,4,3,15,16,9,9,16,12,16,16,4.0,7.8,8,0.5,50.9,55.71876356606789
I1675,U168,convenience_oriented,P016,library_16,synthetic,test,5,4,3,3,4,5,3,4,4,4,home,coding,mostly_solo,2_4h,afternoon,1,0,0,0,1,1,1,1,1,1,0,library,deep_study,solo,under_1h,evening,weekday,8.4,cloudy,indoor,sometimes,5,4,3,5,3,4,3,5,4,4,25,16,9,15,12,12,12,16,4.0,5.2,20,0.5,74.6,71.84894256259929
I1676,U168,convenience_oriented,P045,cafe_09,synthetic,test,5,4,3,3,4,5,3,4,4,4,home,coding,mostly_solo,2_4h,afternoon,1,0,0,0,1,1,1,1,1,1,0,cafe,deep_study,2,2_4h,early_morning,weekday,6.6,cloudy,indoor,sometimes,2,3,2,2,3,3,3,3,3,3,10,12,6,6,12,9,12,12,4.0,4.1,12,0.0,51.8,50.30898247840314
I1677,U168,convenience_oriented,P043,cafe_07,synthetic,test,5,4,3,3,4,5,3,4,4,4,home,coding,mostly_solo,2_4h,afternoon,1,0,0,0,1,1,1,1,1,1,0,cafe,online_class,solo,2_4h,morning,weekend,1.3,rainy,indoor,rarely,2,5,3,3,2,4,3,3,3,3,10,20,9,9,12,9,8,16,2.6,0.8,9,0.5,48.6,58.86251797265741
I1678,U168,convenience_oriented,P004,library_04,synthetic,test,5,4,3,3,4,5,3,4,4,4,home,coding,mostly_solo,2_4h,afternoon,1,0,0,0,1,1,1,1,1,1,0,library,online_class,solo,2_4h,afternoon,weekday,3.6,cloudy,indoor,first_time,5,3,3,4,2,4,4,3,3,4,25,12,9,12,16,9,8,16,2.6,2.2,9,1.0,72.0,66.1441911012133
I1679,U168,convenience_oriented,P046,cafe_10,synthetic,test,5,4,3,3,4,5,3,4,4,4,home,coding,mostly_solo,2_4h,afternoon,1,0,0,0,1,1,1,1,1,1,0,cafe,light_reading,solo,1_2h,evening,weekday,11.0,clear,indoor,sometimes,3,4,2,3,2,4,3,4,3,3,15,16,6,9,12,9,8,16,1.8,6.8,12,0.5,60.0,56.36637321072083
I1680,U168,convenience_oriented,P050,cafe_14,synthetic,test,5,4,3,3,4,5,3,4,4,4,home,coding,mostly_solo,2_4h,afternoon,1,0,0,0,1,1,1,1,1,1,0,cafe,report_writing,2,1_2h,morning,weekday,11.2,clear,indoor,often,3,5,2,3,2,4,3,4,4,3,15,20,6,9,12,12,8,16,3.4,7.0,16,0.5,49.1,57.98510247771034
I1681,U169,social_collaborative,P039,cafe_03,synthetic,train,3,4,3,3,4,4,3,3,5,3,outdoor,team_project,mostly_group,2_4h,afternoon,0,0,0,0,1,1,0,1,1,1,0,cafe,report_writing,solo,over_4h,afternoon,weekday,11.5,clear,indoor,sometimes,3,4,2,3,2,4,3,4,4,4,9,16,6,9,12,12,6,20,2.6,5.8,12,1.0,59.7,57.24722743117592
I1682,U169,social_collaborative,P054,cafe_18,synthetic,train,3,4,3,3,4,4,3,3,5,3,outdoor,team_project,mostly_group,2_4h,afternoon,0,0,0,0,1,1,0,1,1,1,0,cafe,report_writing,solo,1_2h,afternoon,weekday,14.2,clear,indoor,often,3,5,2,3,2,3,3,4,4,3,9,20,6,9,12,12,6,15,2.6,7.1,12,1.0,52.6,55.61087123863371
I1683,U169,social_collaborative,P029,study_room_11,synthetic,train,3,4,3,3,4,4,3,3,5,3,outdoor,team_project,mostly_group,2_4h,afternoon,0,0,0,0,1,1,0,1,1,1,0,study_room,online_class,2,1_2h,afternoon,weekend,13.1,clear,indoor,often,4,4,3,4,2,4,4,4,4,3,12,16,9,12,16,12,6,20,2.0,6.5,12,1.0,55.3,59.88227793829946
I1684,U169,social_collaborative,P094,coworking_space_10,synthetic,train,3,4,3,3,4,4,3,3,5,3,outdoor,team_project,mostly_group,2_4h,afternoon,0,0,0,0,1,1,0,1,1,1,0,coworking_space,meeting,3_4,over_4h,afternoon,weekend,7.2,clear,indoor,sometimes,3,5,3,4,3,4,3,4,4,4,9,20,9,12,12,12,9,20,0.6,3.6,12,1.0,60.4,64.45783324152663
I1685,U169,social_collaborative,P030,study_room_12,synthetic,train,3,4,3,3,4,4,3,3,5,3,outdoor,team_project,mostly_group,2_4h,afternoon,0,0,0,0,1,1,0,1,1,1,0,study_room,meeting,3_4,under_1h,afternoon,weekend,15.4,clear,indoor,sometimes,5,4,3,4,3,3,4,5,4,4,15,16,9,12,16,12,9,15,0.6,7.7,15,1.0,67.3,65.96233830739007
I1686,U169,social_collaborative,P032,study_room_14,synthetic,train,3,4,3,3,4,4,3,3,5,3,outdoor,team_project,mostly_group,2_4h,afternoon,0,0,0,0,1,1,0,1,1,1,0,study_room,team_project,2,2_4h,early_morning,weekend,15.2,hot,indoor,often,4,4,4,4,4,3,4,5,4,4,12,16,12,12,16,12,12,15,0.8,7.6,15,0.0,68.2,64.88948932754218
I1687,U169,social_collaborative,P031,study_room_13,synthetic,train,3,4,3,3,4,4,3,3,5,3,outdoor,team_project,mostly_group,2_4h,afternoon,0,0,0,0,1,1,0,1,1,1,0,study_room,team_project,3_4,1_2h,late_night,weekday,1.0,clear,indoor,sometimes,5,4,4,4,4,4,4,4,5,4,15,16,12,12,16,15,12,20,0.8,0.5,12,0.0,72.3,73.27761369370992
I1688,U169,social_collaborative,P042,cafe_06,synthetic,train,3,4,3,3,4,4,3,3,5,3,outdoor,team_project,mostly_group,2_4h,afternoon,0,0,0,0,1,1,0,1,1,1,0,cafe,coding,solo,1_2h,afternoon,weekday,14.7,cloudy,indoor,rarely,3,4,2,3,2,4,3,3,4,3,9,16,6,9,12,12,6,20,2.7,7.3,9,1.0,56.0,51.66414942881167
I1689,U169,social_collaborative,P084,computer_lab_10,synthetic,train,3,4,3,3,4,4,3,3,5,3,outdoor,team_project,mostly_group,2_4h,afternoon,0,0,0,0,1,1,0,1,1,1,0,computer_lab,meeting,5_plus,under_1h,early_morning,weekday,12.3,clear,indoor,sometimes,4,4,3,4,3,3,4,3,3,2,12,16,9,12,16,9,9,15,0.6,6.1,9,0.0,57.1,60.9142603623626
I1690,U169,social_collaborative,P090,coworking_space_06,synthetic,train,3,4,3,3,4,4,3,3,5,3,outdoor,team_project,mostly_group,2_4h,afternoon,0,0,0,0,1,1,0,1,1,1,0,coworking_space,online_class,solo,2_4h,evening,weekday,13.1,cold,indoor,first_time,3,4,3,4,4,4,4,5,4,3,9,16,9,12,16,12,12,20,2.0,6.5,15,0.5,58.6,59.7178552806263
I1691,U170,balanced,P015,library_15,synthetic,train,3,3,5,3,4,5,4,4,4,4,coworking_space,light_reading,mostly_solo,1_2h,evening,0,1,0,1,1,1,0,1,1,1,0,library,report_writing,solo,2_4h,evening,weekday,13.9,clear,indoor,sometimes,4,4,4,5,2,4,3,5,4,4,12,12,20,15,12,16,8,16,3.4,8.7,20,1.0,58.2,67.06421394416768
I1692,U170,balanced,P118,outdoor_10,synthetic,train,3,3,5,3,4,5,4,4,4,4,coworking_space,light_reading,mostly_solo,1_2h,evening,0,1,0,1,1,1,0,1,1,1,0,outdoor,coding,solo,over_4h,afternoon,weekend,10.9,hot,outdoor,often,3,5,3,3,3,3,2,2,3,3,9,15,15,9,8,12,12,12,3.6,6.8,8,0.5,42.0,48.935525814157366
I1693,U170,balanced,P021,study_room_03,synthetic,train,3,3,5,3,4,5,4,4,4,4,coworking_space,light_reading,mostly_solo,1_2h,evening,0,1,0,1,1,1,0,1,1,1,0,study_room,online_class,2,2_4h,late_night,weekend,10.8,clear,indoor,often,5,4,4,4,3,4,4,5,4,2,15,12,20,12,16,16,12,16,2.6,6.7,15,0.5,77.2,65.23988610867632
I1694,U170,balanced,P036,study_room_18,synthetic,train,3,3,5,3,4,5,4,4,4,4,coworking_space,light_reading,mostly_solo,1_2h,evening,0,1,0,1,1,1,0,1,1,1,0,study_room,online_class,solo,under_1h,evening,weekday,10.4,cloudy,indoor,sometimes,5,4,4,4,4,4,5,5,4,4,15,12,20,12,20,16,16,16,2.6,6.5,15,1.0,65.8,71.13202889058502
I1695,U170,balanced,P054,cafe_18,synthetic,train,3,3,5,3,4,5,4,4,4,4,coworking_space,light_reading,mostly_solo,1_2h,evening,0,1,0,1,1,1,0,1,1,1,0,cafe,report_writing,solo,1_2h,afternoon,weekend,13.8,cloudy,indoor,often,3,5,2,3,2,3,3,4,4,3,9,15,10,9,12,16,8,12,3.4,8.6,16,0.5,51.5,55.0507436749241
I1696,U170,balanced,P050,cafe_14,synthetic,train,3,3,5,3,4,5,4,4,4,4,coworking_space,light_reading,mostly_solo,1_2h,evening,0,1,0,1,1,1,0,1,1,1,0,cafe,online_class,2,1_2h,evening,weekday,13.0,hot,indoor,sometimes,3,5,2,3,2,4,3,4,4,3,9,15,10,9,12,16,8,16,2.6,8.1,12,1.0,51.9,51.26905812080835
I1697,U170,balanced,P048,cafe_12,synthetic,train,3,3,5,3,4,5,4,4,4,4,coworking_space,light_reading,mostly_solo,1_2h,evening,0,1,0,1,1,1,0,1,1,1,0,cafe,team_project,5_plus,1_2h,morning,weekday,6.7,clear,indoor,sometimes,2,5,2,3,1,4,3,4,3,3,6,15,10,9,12,12,4,16,1.0,4.2,12,0.0,61.5,57.154568049556744
I1698,U170,balanced,P023,study_room_05,synthetic,train,3,3,5,3,4,5,4,4,4,4,coworking_space,light_reading,mostly_solo,1_2h,evening,0,1,0,1,1,1,0,1,1,1,0,study_room,online_class,solo,under_1h,evening,weekday,21.2,hot,indoor,often,5,4,3,4,4,4,3,5,4,4,15,12,15,12,12,16,16,16,2.6,13.2,15,1.0,66.0,62.4849071664309
I1699,U170,balanced,P058,home_04,synthetic,train,3,3,5,3,4,5,4,4,4,4,coworking_space,light_reading,mostly_solo,1_2h,evening,0,1,0,1,1,1,0,1,1,1,0,home,report_writing,solo,over_4h,morning,weekday,16.5,clear,indoor,rarely,4,3,4,3,4,5,4,4,4,4,12,9,20,9,16,16,16,20,3.4,10.3,16,0.0,58.4,65.57950657814922
I1700,U170,balanced,P012,library_12,synthetic,train,3,3,5,3,4,5,4,4,4,4,coworking_space,light_reading,mostly_solo,1_2h,evening,0,1,0,1,1,1,0,1,1,1,0,library,light_reading,solo,2_4h,evening,weekend,2.0,hot,indoor,sometimes,5,4,4,4,3,3,3,4,5,4,15,12,20,12,12,20,12,12,1.8,1.2,12,1.0,85.0,69.19208967105112
I1701,U171,convenience_oriented,P064,classroom_02,synthetic,train,5,4,4,4,5,5,4,3,4,4,study_room,deep_study,mostly_solo,over_4h,afternoon,1,1,1,1,1,1,1,1,1,1,1,classroom,team_project,2,2_4h,evening,weekend,2.5,clear,indoor,often,4,4,3,3,3,3,3,4,3,3,20,16,12,12,15,12,9,12,1.0,1.5,12,0.5,66.1,70.4593232838051
I1702,U171,convenience_oriented,P034,study_room_16,synthetic,train,5,4,4,4,5,5,4,3,4,4,study_room,deep_study,mostly_solo,over_4h,afternoon,1,1,1,1,1,1,1,1,1,1,1,study_room,online_class,solo,1_2h,afternoon,weekday,7.4,cloudy,indoor,sometimes,4,4,4,4,4,3,4,4,5,3,20,16,16,16,20,20,12,12,2.6,4.6,12,1.0,66.7,73.28451696644288
I1703,U171,convenience_oriented,P053,cafe_17,synthetic,train,5,4,4,4,5,5,4,3,4,4,study_room,deep_study,mostly_solo,over_4h,afternoon,1,1,1,1,1,1,1,1,1,1,1,cafe,coding,2,1_2h,afternoon,weekend,10.6,cloudy,indoor,rarely,3,4,2,2,2,3,3,4,3,3,15,16,8,8,15,12,6,12,3.6,6.6,16,1.0,57.8,53.88825953364651
I1704,U171,convenience_oriented,P014,library_14,synthetic,train,5,4,4,4,5,5,4,3,4,4,study_room,deep_study,mostly_solo,over_4h,afternoon,1,1,1,1,1,1,1,1,1,1,1,library,coding,solo,over_4h,afternoon,weekday,6.9,hot,indoor,sometimes,5,4,5,4,3,4,4,4,4,4,25,16,20,16,20,16,9,16,3.6,4.3,16,1.0,78.4,77.06018426521713
I1705,U171,convenience_oriented,P024,study_room_06,synthetic,train,5,4,4,4,5,5,4,3,4,4,study_room,deep_study,mostly_solo,over_4h,afternoon,1,1,1,1,1,1,1,1,1,1,1,study_room,light_reading,solo,1_2h,early_morning,weekday,1.9,clear,indoor,sometimes,4,4,3,4,3,4,4,3,4,3,20,16,12,16,20,16,9,16,1.8,1.2,9,0.0,74.3,72.1808769692183
I1706,U171,convenience_oriented,P039,cafe_03,synthetic,train,5,4,4,4,5,5,4,3,4,4,study_room,deep_study,mostly_solo,over_4h,afternoon,1,1,1,1,1,1,1,1,1,1,1,cafe,light_reading,2,2_4h,evening,weekend,13.9,cold,indoor,often,3,4,2,3,2,4,3,4,4,4,15,16,8,12,15,16,6,16,1.8,8.7,12,0.5,69.3,57.382053906709636
I1707,U171,convenience_oriented,P013,library_13,synthetic,train,5,4,4,4,5,5,4,3,4,4,study_room,deep_study,mostly_solo,over_4h,afternoon,1,1,1,1,1,1,1,1,1,1,1,library,light_reading,solo,1_2h,evening,weekday,1.0,clear,indoor,rarely,5,4,4,4,3,3,5,4,4,4,25,16,16,16,25,16,9,12,1.8,0.6,12,0.5,80.5,76.78229507689262
I1708,U171,convenience_oriented,P020,study_room_02,synthetic,train,5,4,4,4,5,5,4,3,4,4,study_room,deep_study,mostly_solo,over_4h,afternoon,1,1,1,1,1,1,1,1,1,1,1,study_room,team_project,3_4,2_4h,afternoon,weekday,4.0,cloudy,indoor,rarely,4,4,4,5,3,4,4,5,4,4,20,16,16,20,20,16,9,16,1.0,2.5,15,1.0,84.7,78.27514099267555
I1709,U171,convenience_oriented,P028,study_room_10,synthetic,train,5,4,4,4,5,5,4,3,4,4,study_room,deep_study,mostly_solo,over_4h,afternoon,1,1,1,1,1,1,1,1,1,1,1,study_room,light_reading,solo,under_1h,afternoon,weekday,13.8,clear,indoor,sometimes,4,4,3,3,4,4,5,4,4,3,20,16,12,12,25,16,12,16,1.8,8.6,12,1.0,61.0,69.75057961932197
I1710,U171,convenience_oriented,P032,study_room_14,synthetic,train,5,4,4,4,5,5,4,3,4,4,study_room,deep_study,mostly_solo,over_4h,afternoon,1,1,1,1,1,1,1,1,1,1,1,study_room,team_project,3_4,1_2h,morning,weekday,12.9,hot,indoor,rarely,4,4,4,4,4,3,4,4,4,4,20,16,16,16,20,16,12,12,1.0,8.1,12,0.5,63.8,70.30700574499906
I1711,U172,quiet_deepwork,P033,study_room_15,synthetic,test,4,4,5,4,3,2,4,3,4,5,library,deep_study,mostly_solo,2_4h,afternoon,1,1,1,1,0,0,1,0,0,1,1,study_room,coding,solo,2_4h,afternoon,weekday,1.0,cloudy,indoor,rarely,5,3,4,3,4,4,4,4,5,4,20,12,20,12,12,20,12,16,4.5,0.3,20,1.0,76.9,76.07745732001129
I1712,U172,quiet_deepwork,P061,home_07,synthetic,test,4,4,5,4,3,2,4,3,4,5,library,deep_study,mostly_solo,2_4h,afternoon,1,1,1,1,0,0,1,0,0,1,1,home,online_class,solo,2_4h,late_night,weekday,12.0,cloudy,indoor,often,4,4,4,4,4,4,4,4,4,5,16,16,20,16,12,16,12,16,3.3,3.0,12,0.0,63.3,73.85304155631628
I1713,U172,quiet_deepwork,P012,library_12,synthetic,test,4,4,5,4,3,2,4,3,4,5,library,deep_study,mostly_solo,2_4h,afternoon,1,1,1,1,0,0,1,0,0,1,1,library,coding,solo,1_2h,late_night,weekday,4.2,clear,indoor,rarely,5,4,4,4,3,3,3,4,5,4,20,16,20,16,9,20,9,12,4.5,1.0,20,0.0,79.2,74.2014594802734
I1714,U172,quiet_deepwork,P014,library_14,synthetic,test,4,4,5,4,3,2,4,3,4,5,library,deep_study,mostly_solo,2_4h,afternoon,1,1,1,1,0,0,1,0,0,1,1,library,report_writing,solo,1_2h,afternoon,weekday,5.8,cold,indoor,often,5,4,5,4,3,4,4,4,4,4,20,16,25,16,12,16,9,16,4.3,1.5,20,1.0,76.4,80.01162263458457
I1715,U172,quiet_deepwork,P058,home_04,synthetic,test,4,4,5,4,3,2,4,3,4,5,library,deep_study,mostly_solo,2_4h,afternoon,1,1,1,1,0,0,1,0,0,1,1,home,deep_study,solo,1_2h,morning,weekday,19.3,rainy,indoor,sometimes,4,3,4,3,4,5,4,4,4,4,16,12,20,12,12,16,12,20,5.0,4.8,20,0.5,67.1,74.87933678193798
I1716,U172,quiet_deepwork,P062,home_08,synthetic,test,4,4,5,4,3,2,4,3,4,5,library,deep_study,mostly_solo,2_4h,afternoon,1,1,1,1,0,0,1,0,0,1,1,home,deep_study,solo,1_2h,afternoon,weekend,9.9,cloudy,indoor,first_time,4,3,4,4,4,5,5,4,4,5,16,12,20,16,15,16,12,20,5.0,2.5,20,1.0,78.2,75.5828673684342
I1717,U172,quiet_deepwork,P051,cafe_15,synthetic,test,4,4,5,4,3,2,4,3,4,5,library,deep_study,mostly_solo,2_4h,afternoon,1,1,1,1,0,0,1,0,0,1,1,cafe,deep_study,solo,2_4h,afternoon,weekday,13.9,cold,indoor,often,3,4,2,3,3,4,3,4,4,3,12,16,10,12,9,16,9,16,5.0,3.5,20,1.0,66.2,66.02104157413783
I1718,U172,quiet_deepwork,P029,study_room_11,synthetic,test,4,4,5,4,3,2,4,3,4,5,library,deep_study,mostly_solo,2_4h,afternoon,1,1,1,1,0,0,1,0,0,1,1,study_room,report_writing,3_4,1_2h,morning,weekday,9.6,cloudy,indoor,rarely,4,4,3,4,2,4,4,4,4,3,16,16,15,16,12,16,6,16,4.3,2.4,20,0.5,65.9,69.32412702871974
I1719,U172,quiet_deepwork,P018,library_18,synthetic,test,4,4,5,4,3,2,4,3,4,5,library,deep_study,mostly_solo,2_4h,afternoon,1,1,1,1,0,0,1,0,0,1,1,library,deep_study,solo,2_4h,evening,weekday,11.7,clear,indoor,often,5,4,3,4,3,3,4,5,4,3,20,16,15,16,12,16,9,12,5.0,2.9,25,0.5,84.3,76.53494322883748
I1720,U172,quiet_deepwork,P009,library_09,synthetic,test,4,4,5,4,3,2,4,3,4,5,library,deep_study,mostly_solo,2_4h,afternoon,1,1,1,1,0,0,1,0,0,1,1,library,light_reading,solo,over_4h,afternoon,weekday,9.0,cloudy,indoor,sometimes,4,4,3,4,2,4,4,5,4,4,16,16,15,16,12,16,6,16,2.3,2.2,15,1.0,80.1,71.81393032287349
I1721,U173,social_collaborative,P062,home_08,synthetic,train,3,4,2,3,4,3,3,3,4,2,dorm_lounge,online_class,mostly_group,2_4h,early_morning,0,0,0,0,1,0,0,1,0,1,0,home,meeting,5_plus,1_2h,early_morning,weekend,6.3,clear,indoor,often,4,3,4,4,4,5,5,4,4,5,12,12,8,12,20,12,12,20,0.4,2.4,12,1.0,75.4,69.72449273719289
I1722,U173,social_collaborative,P023,study_room_05,synthetic,train,3,4,2,3,4,3,3,3,4,2,dorm_lounge,online_class,mostly_group,2_4h,early_morning,0,0,0,0,1,0,0,1,0,1,0,study_room,coding,2,1_2h,evening,weekend,20.8,cloudy,indoor,sometimes,5,4,3,4,4,4,3,5,4,4,15,16,6,12,12,12,12,16,1.8,7.8,10,0.0,57.2,55.09817770753756
I1723,U173,social_collaborative,P067,classroom_05,synthetic,train,3,4,2,3,4,3,3,3,4,2,dorm_lounge,online_class,mostly_group,2_4h,early_morning,0,0,0,0,1,0,0,1,0,1,0,classroom,meeting,5_plus,1_2h,early_morning,weekday,12.3,clear,indoor,rarely,3,4,3,3,3,2,3,4,3,3,9,16,6,9,12,9,9,8,0.4,4.6,12,1.0,51.2,53.80600156228987
I1724,U173,social_collaborative,P098,dorm_lounge_02,synthetic,train,3,4,2,3,4,3,3,3,4,2,dorm_lounge,online_class,mostly_group,2_4h,early_morning,0,0,0,0,1,0,0,1,0,1,0,dorm_lounge,light_reading,solo,1_2h,afternoon,weekend,25.8,clear,indoor,often,3,4,3,2,3,4,4,5,4,3,9,16,6,6,16,12,9,16,0.9,9.7,15,0.0,54.6,55.45237379386249
I1725,U173,social_collaborative,P054,cafe_18,synthetic,train,3,4,2,3,4,3,3,3,4,2,dorm_lounge,online_class,mostly_group,2_4h,early_morning,0,0,0,0,1,0,0,1,0,1,0,cafe,team_project,2,2_4h,evening,weekday,10.6,cloudy,indoor,sometimes,3,5,2,3,2,3,3,4,4,3,9,20,4,9,12,12,6,12,0.5,4.0,12,0.0,48.3,53.58181715224805
I1726,U173,social_collaborative,P102,dorm_lounge_06,synthetic,train,3,4,2,3,4,3,3,3,4,2,dorm_lounge,online_class,mostly_group,2_4h,early_morning,0,0,0,0,1,0,0,1,0,1,0,dorm_lounge,report_writing,2,1_2h,afternoon,weekday,18.3,hot,indoor,rarely,3,3,3,3,3,3,4,3,4,4,9,12,6,9,16,12,9,12,1.7,6.9,6,0.0,39.9,45.565682179285076
I1727,U173,social_collaborative,P099,dorm_lounge_03,synthetic,train,3,4,2,3,4,3,3,3,4,2,dorm_lounge,online_class,mostly_group,2_4h,early_morning,0,0,0,0,1,0,0,1,0,1,0,dorm_lounge,team_project,2,2_4h,early_morning,weekday,10.8,rainy,indoor,sometimes,4,4,3,3,3,3,4,4,3,3,12,16,6,9,16,9,9,12,0.5,4.1,12,1.0,62.2,58.27505384574226
I1728,U173,social_collaborative,P026,study_room_08,synthetic,train,3,4,2,3,4,3,3,3,4,2,dorm_lounge,online_class,mostly_group,2_4h,early_morning,0,0,0,0,1,0,0,1,0,1,0,study_room,deep_study,2,2_4h,evening,weekend,22.6,rainy,indoor,often,4,5,4,4,5,4,4,4,4,3,12,20,8,12,16,12,15,16,2.0,8.5,8,0.0,56.9,56.78987470625036
I1729,U173,social_collaborative,P052,cafe_16,synthetic,train,3,4,2,3,4,3,3,3,4,2,dorm_lounge,online_class,mostly_group,2_4h,early_morning,0,0,0,0,1,0,0,1,0,1,0,cafe,report_writing,solo,2_4h,afternoon,weekend,15.1,clear,indoor,sometimes,3,5,3,2,2,3,3,3,4,3,9,20,6,6,12,12,6,12,1.7,5.7,6,0.0,45.3,50.60096512523255
I1730,U173,social_collaborative,P021,study_room_03,synthetic,train,3,4,2,3,4,3,3,3,4,2,dorm_lounge,online_class,mostly_group,2_4h,early_morning,0,0,0,0,1,0,0,1,0,1,0,study_room,team_project,5_plus,2_4h,early_morning,weekday,16.9,clear,indoor,sometimes,5,4,4,4,3,4,4,5,4,2,15,16,8,12,16,12,9,16,0.5,6.3,15,1.0,61.5,65.92059354746648
I1731,U174,balanced,P081,computer_lab_07,synthetic,train,5,5,4,4,4,3,3,4,3,4,library,deep_study,mostly_solo,2_4h,afternoon,1,1,1,0,1,0,1,1,0,0,1,computer_lab,online_class,solo,under_1h,morning,weekday,6.3,clear,indoor,sometimes,4,4,2,3,3,3,4,4,4,3,20,20,8,12,16,12,12,9,2.6,2.4,12,0.5,62.5,69.23176390448731
I1732,U174,balanced,P030,study_room_12,synthetic,train,5,5,4,4,4,3,3,4,3,4,library,deep_study,mostly_solo,2_4h,afternoon,1,1,1,0,1,0,1,1,0,0,1,study_room,coding,solo,2_4h,late_night,weekend,12.3,clear,indoor,rarely,5,4,3,4,3,3,4,4,4,4,25,20,12,16,16,12,12,9,3.6,4.6,16,0.0,74.6,70.0061963554563
I1733,U174,balanced,P012,library_12,synthetic,train,5,5,4,4,4,3,3,4,3,4,library,deep_study,mostly_solo,2_4h,afternoon,1,1,1,0,1,0,1,1,0,0,1,library,deep_study,solo,1_2h,afternoon,weekday,10.2,clear,indoor,sometimes,5,4,4,4,3,3,3,5,5,4,25,20,16,16,12,15,12,9,4.0,3.8,20,1.0,70.6,76.42347992085784
I1734,U174,balanced,P004,library_04,synthetic,train,5,5,4,4,4,3,3,4,3,4,library,deep_study,mostly_solo,2_4h,afternoon,1,1,1,0,1,0,1,1,0,0,1,library,team_project,2,over_4h,morning,weekday,1.5,cloudy,indoor,sometimes,5,3,3,4,2,4,4,2,3,4,25,15,12,16,16,9,8,12,1.0,0.6,6,0.5,71.9,69.64867725415402
I1735,U174,balanced,P017,library_17,synthetic,train,5,5,4,4,4,3,3,4,3,4,library,deep_study,mostly_solo,2_4h,afternoon,1,1,1,0,1,0,1,1,0,0,1,library,report_writing,solo,1_2h,afternoon,weekend,5.5,cold,indoor,sometimes,5,4,4,5,3,3,4,4,5,4,25,20,16,20,16,15,12,9,3.4,2.1,16,1.0,80.2,77.44189657423827
I1736,U174,balanced,P056,home_02,synthetic,train,5,5,4,4,4,3,3,4,3,4,library,deep_study,mostly_solo,2_4h,afternoon,1,1,1,0,1,0,1,1,0,0,1,home,deep_study,solo,2_4h,afternoon,weekend,9.1,cloudy,indoor,sometimes,4,3,5,4,5,4,5,4,5,5,20,15,20,16,20,15,20,12,4.0,3.4,16,1.0,68.7,76.88773050176194
I1737,U174,balanced,P045,cafe_09,synthetic,train,5,5,4,4,4,3,3,4,3,4,library,deep_study,mostly_solo,2_4h,afternoon,1,1,1,0,1,0,1,1,0,0,1,cafe,team_project,2,2_4h,evening,weekday,12.0,cloudy,indoor,often,2,3,2,2,3,3,3,4,3,3,10,15,8,8,12,9,12,9,1.0,4.5,12,0.5,66.0,57.078393717390945
I1738,U174,balanced,P010,library_10,synthetic,train,5,5,4,4,4,3,3,4,3,4,library,deep_study,mostly_solo,2_4h,afternoon,1,1,1,0,1,0,1,1,0,0,1,library,light_reading,solo,1_2h,morning,weekday,9.0,clear,indoor,first_time,5,5,4,4,3,4,4,5,4,5,25,25,16,16,16,12,12,12,1.8,3.4,15,0.5,81.4,76.99753070161445
I1739,U174,balanced,P073,classroom_11,synthetic,train,5,5,4,4,4,3,3,4,3,4,library,deep_study,mostly_solo,2_4h,afternoon,1,1,1,0,1,0,1,1,0,0,1,classroom,coding,solo,2_4h,late_night,weekend,7.6,clear,indoor,sometimes,4,5,3,3,4,3,3,4,3,4,20,25,12,12,12,9,16,9,3.6,2.9,16,0.0,62.1,69.45022236947432
I1740,U174,balanced,P019,study_room_01,synthetic,train,5,5,4,4,4,3,3,4,3,4,library,deep_study,mostly_solo,2_4h,afternoon,1,1,1,0,1,0,1,1,0,0,1,study_room,coding,solo,1_2h,afternoon,weekday,13.8,hot,indoor,sometimes,4,3,4,4,3,4,4,4,4,4,20,15,16,16,16,12,12,12,3.6,5.2,16,1.0,68.3,68.69669626905583
I1741,U175,balanced,P087,coworking_space_03,synthetic,train,4,5,5,3,4,3,5,3,4,4,library,online_class,mostly_solo,2_4h,late_night,1,1,0,1,1,0,1,1,0,1,0,coworking_space,online_class,2,2_4h,afternoon,weekday,19.4,cold,indoor,first_time,4,4,3,2,5,4,4,5,4,4,16,20,15,6,16,20,15,16,2.6,7.3,15,0.0,66.6,62.87333635710623
I1742,U175,balanced,P005,library_05,synthetic,train,4,5,5,3,4,3,5,3,4,4,library,online_class,mostly_solo,2_4h,late_night,1,1,0,1,1,0,1,1,0,1,0,library,deep_study,solo,2_4h,late_night,weekday,3.0,clear,indoor,often,5,4,4,5,3,4,4,5,4,4,20,20,20,15,16,20,9,16,4.0,1.1,20,1.0,78.6,79.5900984077354
I1743,U175,balanced,P108,dorm_lounge_12,synthetic,train,4,5,5,3,4,3,5,3,4,4,library,online_class,mostly_solo,2_4h,late_night,1,1,0,1,1,0,1,1,0,1,0,dorm_lounge,report_writing,solo,2_4h,late_night,weekend,13.9,clear,indoor,often,2,4,3,3,3,3,3,2,3,3,8,20,15,9,12,15,9,12,3.4,5.2,8,1.0,56.2,58.28618864228582
I1744,U175,balanced,P062,home_08,synthetic,train,4,5,5,3,4,3,5,3,4,4,library,online_class,mostly_solo,2_4h,late_night,1,1,0,1,1,0,1,1,0,1,0,home,coding,solo,2_4h,morning,weekday,9.5,hot,indoor,often,4,3,4,4,4,5,5,4,4,5,16,15,20,12,20,20,12,20,3.6,3.6,16,0.0,77.4,74.10497203554633
I1745,U175,balanced,P041,cafe_05,synthetic,train,4,5,5,3,4,3,5,3,4,4,library,online_class,mostly_solo,2_4h,late_night,1,1,0,1,1,0,1,1,0,1,0,cafe,meeting,3_4,1_2h,late_night,weekday,3.9,clear,indoor,often,2,4,2,3,2,4,4,4,4,3,8,20,10,9,16,20,6,16,0.8,1.5,12,1.0,67.9,65.81094021430306
I1746,U175,balanced,P045,cafe_09,synthetic,train,4,5,5,3,4,3,5,3,4,4,library,online_class,mostly_solo,2_4h,late_night,1,1,0,1,1,0,1,1,0,1,0,cafe,coding,solo,1_2h,afternoon,weekday,6.4,cold,indoor,rarely,2,3,2,2,3,3,3,4,3,3,8,15,10,6,12,15,9,12,3.6,2.4,16,0.0,57.4,54.3676814166572
I1747,U175,balanced,P053,cafe_17,synthetic,train,4,5,5,3,4,3,5,3,4,4,library,online_class,mostly_solo,2_4h,late_night,1,1,0,1,1,0,1,1,0,1,0,cafe,report_writing,solo,2_4h,afternoon,weekday,7.1,cloudy,indoor,sometimes,3,4,2,2,2,3,3,4,3,3,12,20,10,6,12,15,6,12,3.4,2.7,16,0.0,39.3,59.61695793121121
I1748,U175,balanced,P060,home_06,synthetic,train,4,5,5,3,4,3,5,3,4,4,library,online_class,mostly_solo,2_4h,late_night,1,1,0,1,1,0,1,1,0,1,0,home,coding,solo,2_4h,late_night,weekday,12.9,cold,indoor,sometimes,4,3,5,5,4,5,5,4,4,5,16,15,25,15,20,20,12,20,3.6,4.8,16,1.0,72.1,75.10110709805215
I1749,U175,balanced,P025,study_room_07,synthetic,train,4,5,5,3,4,3,5,3,4,4,library,online_class,mostly_solo,2_4h,late_night,1,1,0,1,1,0,1,1,0,1,0,study_room,deep_study,solo,1_2h,evening,weekend,8.0,clear,indoor,often,4,4,3,4,4,4,4,5,4,3,16,20,15,12,16,20,12,16,4.0,3.0,20,0.5,72.7,74.16354941455383
I1750,U175,balanced,P010,library_10,synthetic,train,4,5,5,3,4,3,5,3,4,4,library,online_class,mostly_solo,2_4h,late_night,1,1,0,1,1,0,1,1,0,1,0,library,meeting,3_4,over_4h,afternoon,weekend,7.2,hot,indoor,sometimes,5,5,4,4,3,4,4,2,4,5,20,25,20,12,16,20,9,16,0.8,2.7,6,0.0,66.6,74.25963952094426
I1751,U176,convenience_oriented,P055,home_01,synthetic,test,3,3,3,4,4,4,4,4,4,3,home,deep_study,mixed,over_4h,evening,0,0,1,1,1,1,0,1,1,1,1,home,light_reading,solo,under_1h,evening,weekday,5.1,cloudy,indoor,sometimes,4,3,5,4,4,5,5,5,4,5,12,9,15,16,20,16,16,20,1.4,2.6,15,1.0,76.3,75.6025006750393
I1752,U176,convenience_oriented,P018,library_18,synthetic,test,3,3,3,4,4,4,4,4,4,3,home,deep_study,mixed,over_4h,evening,0,0,1,1,1,1,0,1,1,1,1,library,light_reading,solo,2_4h,evening,weekend,12.4,rainy,indoor,often,5,4,3,4,3,3,4,5,4,3,15,12,9,16,16,16,12,12,1.4,6.2,15,1.0,55.9,66.82914596104682
I1753,U176,convenience_oriented,P085,coworking_space_01,synthetic,test,3,3,3,4,4,4,4,4,4,3,home,deep_study,mixed,over_4h,evening,0,0,1,1,1,1,0,1,1,1,1,coworking_space,deep_study,solo,2_4h,afternoon,weekday,5.6,rainy,indoor,often,3,5,2,3,4,3,4,3,4,3,9,15,6,12,16,16,16,12,3.0,2.8,9,0.5,51.9,59.78340671074736
I1754,U176,convenience_oriented,P010,library_10,synthetic,test,3,3,3,4,4,4,4,4,4,3,home,deep_study,mixed,over_4h,evening,0,0,1,1,1,1,0,1,1,1,1,library,coding,solo,2_4h,afternoon,weekday,4.0,clear,indoor,rarely,5,5,4,4,3,4,4,4,4,5,15,15,12,16,16,16,12,16,2.7,2.0,12,0.5,74.7,69.59284083900351
I1755,U176,convenience_oriented,P058,home_04,synthetic,test,3,3,3,4,4,4,4,4,4,3,home,deep_study,mixed,over_4h,evening,0,0,1,1,1,1,0,1,1,1,1,home,online_class,solo,2_4h,evening,weekday,13.6,clear,indoor,sometimes,4,3,4,3,4,5,4,5,4,4,12,9,12,12,16,16,16,20,2.0,6.8,15,1.0,65.8,70.18347291443578
I1756,U176,convenience_oriented,P059,home_05,synthetic,test,3,3,3,4,4,4,4,4,4,3,home,deep_study,mixed,over_4h,evening,0,0,1,1,1,1,0,1,1,1,1,home,light_reading,solo,2_4h,afternoon,weekday,18.6,clear,indoor,first_time,4,5,5,4,5,4,4,4,5,5,12,15,15,16,16,20,20,16,1.4,9.3,12,0.5,70.6,66.6808070345948
I1757,U176,convenience_oriented,P016,library_16,synthetic,test,3,3,3,4,4,4,4,4,4,3,home,deep_study,mixed,over_4h,evening,0,0,1,1,1,1,0,1,1,1,1,library,report_writing,2,over_4h,evening,weekday,15.1,clear,indoor,sometimes,5,4,3,5,3,4,3,5,4,4,15,12,9,20,12,16,12,16,2.6,7.6,15,1.0,66.2,64.52909179093007
I1758,U176,convenience_oriented,P101,dorm_lounge_05,synthetic,test,3,3,3,4,4,4,4,4,4,3,home,deep_study,mixed,over_4h,evening,0,0,1,1,1,1,0,1,1,1,1,dorm_lounge,report_writing,solo,1_2h,evening,weekend,9.0,cloudy,indoor,sometimes,3,4,2,2,3,4,4,3,4,3,9,12,6,8,16,16,12,16,2.6,4.5,9,1.0,43.9,58.99841259618224
I1759,U176,convenience_oriented,P058,home_04,synthetic,test,3,3,3,4,4,4,4,4,4,3,home,deep_study,mixed,over_4h,evening,0,0,1,1,1,1,0,1,1,1,1,home,coding,solo,2_4h,afternoon,weekday,18.8,cloudy,indoor,often,4,3,4,3,4,5,4,5,4,4,12,9,12,12,16,16,16,20,2.7,9.4,15,0.5,65.8,67.36418311083791
I1760,U176,convenience_oriented,P019,study_room_01,synthetic,test,3,3,3,4,4,4,4,4,4,3,home,deep_study,mixed,over_4h,evening,0,0,1,1,1,1,0,1,1,1,1,study_room,coding,solo,over_4h,afternoon,weekend,10.3,clear,indoor,rarely,4,3,4,4,3,4,4,5,4,4,12,9,12,16,16,16,12,16,2.7,5.2,15,0.5,53.9,66.5390465716607
I1761,U177,balanced,P009,library_09,synthetic,train,5,4,3,3,4,4,4,3,4,4,home,coding,mostly_solo,2_4h,evening,1,0,0,1,1,1,1,1,1,1,0,library,light_reading,solo,under_1h,evening,weekday,10.7,rainy,indoor,first_time,4,4,3,4,2,4,4,4,4,4,20,16,9,12,16,16,6,16,1.8,5.4,12,1.0,75.5,65.65585233480378
I1762,U177,balanced,P040,cafe_04,synthetic,train,5,4,3,3,4,4,4,3,4,4,home,coding,mostly_solo,2_4h,evening,1,0,0,1,1,1,1,1,1,1,0,cafe,team_project,3_4,2_4h,evening,weekend,8.2,cloudy,indoor,often,3,4,2,3,3,4,3,4,4,3,15,16,6,9,12,16,9,16,1.0,4.1,12,1.0,59.4,65.17374208891229
I1763,U177,balanced,P017,library_17,synthetic,train,5,4,3,3,4,4,4,3,4,4,home,coding,mostly_solo,2_4h,evening,1,0,0,1,1,1,1,1,1,1,0,library,coding,solo,1_2h,afternoon,weekday,4.9,cloudy,indoor,sometimes,5,4,4,5,3,3,4,5,5,4,25,16,12,15,16,20,9,12,3.6,2.5,20,0.5,76.7,76.23698638071585
I1764,U177,balanced,P061,home_07,synthetic,train,5,4,3,3,4,4,4,3,4,4,home,coding,mostly_solo,2_4h,evening,1,0,0,1,1,1,1,1,1,1,0,home,report_writing,2,2_4h,evening,weekday,13.2,cloudy,indoor,sometimes,4,4,4,4,4,4,4,5,4,5,20,16,12,12,16,16,12,16,3.4,6.6,20,1.0,54.6,69.83683691248152
I1765,U177,balanced,P031,study_room_13,synthetic,train,5,4,3,3,4,4,4,3,4,4,home,coding,mostly_solo,2_4h,evening,1,0,0,1,1,1,1,1,1,1,0,study_room,deep_study,solo,2_4h,morning,weekend,1.0,clear,indoor,rarely,5,4,4,4,4,4,4,4,5,4,25,16,12,12,16,20,12,16,4.0,0.5,16,0.0,89.3,77.08353994020177
I1766,U177,balanced,P011,library_11,synthetic,train,5,4,3,3,4,4,4,3,4,4,home,coding,mostly_solo,2_4h,evening,1,0,0,1,1,1,1,1,1,1,0,library,online_class,solo,1_2h,afternoon,weekday,12.9,cloudy,indoor,rarely,5,4,4,4,2,4,4,4,4,3,25,16,12,12,16,16,6,16,2.6,6.5,12,0.5,66.9,68.49102044586951
I1767,U177,balanced,P010,library_10,synthetic,train,5,4,3,3,4,4,4,3,4,4,home,coding,mostly_solo,2_4h,evening,1,0,0,1,1,1,1,1,1,1,0,library,online_class,2,under_1h,late_night,weekday,3.4,cloudy,indoor,rarely,5,5,4,4,3,4,4,4,4,5,25,20,12,12,16,16,9,16,2.6,1.7,12,0.5,77.5,71.3475563161302
I1768,U177,balanced,P035,study_room_17,synthetic,train,5,4,3,3,4,4,4,3,4,4,home,coding,mostly_solo,2_4h,evening,1,0,0,1,1,1,1,1,1,1,0,study_room,coding,solo,under_1h,evening,weekend,6.6,cloudy,indoor,rarely,4,4,4,4,3,4,5,4,4,3,20,16,12,12,20,16,9,16,3.6,3.3,16,1.0,73.1,70.79544802409092
I1769,U177,balanced,P015,library_15,synthetic,train,5,4,3,3,4,4,4,3,4,4,home,coding,mostly_solo,2_4h,evening,1,0,0,1,1,1,1,1,1,1,0,library,deep_study,solo,2_4h,morning,weekday,16.9,rainy,indoor,often,4,4,4,5,2,4,3,5,4,4,20,16,12,15,12,16,6,16,4.0,8.5,20,0.0,69.2,69.87318039529315
I1770,U177,balanced,P013,library_13,synthetic,train,5,4,3,3,4,4,4,3,4,4,home,coding,mostly_solo,2_4h,evening,1,0,0,1,1,1,1,1,1,1,0,library,deep_study,solo,over_4h,afternoon,weekday,1.0,clear,indoor,sometimes,5,4,4,4,3,3,5,5,4,4,25,16,12,12,20,16,9,12,4.0,0.5,20,0.5,84.0,77.42083123519595
I1771,U178,convenience_oriented,P003,library_03,synthetic,valid,3,4,3,4,4,5,3,4,4,4,home,deep_study,mostly_solo,1_2h,evening,0,0,1,0,1,1,0,1,1,1,1,library,report_writing,solo,2_4h,evening,weekday,7.2,clear,indoor,rarely,5,3,4,5,3,3,4,5,4,4,15,12,12,20,16,12,12,12,3.4,4.5,20,1.0,68.5,70.01864081885532
I1772,U178,convenience_oriented,P005,library_05,synthetic,valid,3,4,3,4,4,5,3,4,4,4,home,deep_study,mostly_solo,1_2h,evening,0,0,1,0,1,1,0,1,1,1,1,library,meeting,3_4,2_4h,evening,weekend,2.6,rainy,indoor,sometimes,5,4,4,5,3,4,4,2,4,4,15,16,12,20,16,12,12,16,0.8,1.6,6,1.0,74.5,71.5173736079664
I1773,U178,convenience_oriented,P007,library_07,synthetic,valid,3,4,3,4,4,5,3,4,4,4,home,deep_study,mostly_solo,1_2h,evening,0,0,1,0,1,1,0,1,1,1,1,library,report_writing,solo,2_4h,afternoon,weekday,15.0,cloudy,indoor,sometimes,5,4,3,4,3,3,4,5,4,4,15,16,9,16,16,12,12,12,3.4,9.4,20,0.5,65.8,65.46323044031688
I1774,U178,convenience_oriented,P084,computer_lab_10,synthetic,valid,3,4,3,4,4,5,3,4,4,4,home,deep_study,mostly_solo,1_2h,evening,0,0,1,0,1,1,0,1,1,1,1,computer_lab,online_class,2,1_2h,afternoon,weekday,9.7,cold,indoor,rarely,4,4,3,4,3,3,4,4,3,2,12,16,9,16,16,9,12,12,2.6,6.1,12,0.5,48.2,56.510829583153736
I1775,U178,convenience_oriented,P029,study_room_11,synthetic,valid,3,4,3,4,4,5,3,4,4,4,home,deep_study,mostly_solo,1_2h,evening,0,0,1,0,1,1,0,1,1,1,1,study_room,deep_study,solo,over_4h,afternoon,weekday,7.8,clear,indoor,sometimes,4,4,3,4,2,4,4,5,4,3,12,16,9,16,16,12,8,16,4.0,4.9,20,0.5,59.3,66.30100490055557
I1776,U178,convenience_oriented,P049,cafe_13,synthetic,valid,3,4,3,4,4,5,3,4,4,4,home,deep_study,mostly_solo,1_2h,evening,0,0,1,0,1,1,0,1,1,1,1,cafe,report_writing,solo,over_4h,afternoon,weekday,15.7,clear,indoor,sometimes,3,4,2,3,3,3,2,3,4,2,9,16,6,12,8,12,12,12,3.4,9.8,12,0.5,44.9,51.551881107495284
I1777,U178,convenience_oriented,P008,library_08,synthetic,valid,3,4,3,4,4,5,3,4,4,4,home,deep_study,mostly_solo,1_2h,evening,0,0,1,0,1,1,0,1,1,1,1,library,online_class,solo,2_4h,evening,weekday,13.4,clear,indoor,first_time,5,5,4,4,2,3,4,3,4,4,15,20,12,16,16,12,8,12,2.6,8.4,9,1.0,51.5,61.56979578648588
I1778,U178,convenience_oriented,P100,dorm_lounge_04,synthetic,valid,3,4,3,4,4,5,3,4,4,4,home,deep_study,mostly_solo,1_2h,evening,0,0,1,0,1,1,0,1,1,1,1,dorm_lounge,meeting,2,1_2h,morning,weekday,10.8,cloudy,indoor,sometimes,3,4,2,3,3,4,3,4,4,4,9,16,6,12,12,12,12,16,0.8,6.8,12,0.0,55.3,59.312162042802875
I1779,U178,convenience_oriented,P021,study_room_03,synthetic,valid,3,4,3,4,4,5,3,4,4,4,home,deep_study,mostly_solo,1_2h,evening,0,0,1,0,1,1,0,1,1,1,1,study_room,deep_study,solo,2_4h,evening,weekday,22.3,clear,indoor,first_time,5,4,4,4,3,4,4,5,4,2,15,16,12,16,16,12,12,16,4.0,14.0,20,1.0,66.1,61.29767762903638
I1780,U178,convenience_oriented,P025,study_room_07,synthetic,valid,3,4,3,4,4,5,3,4,4,4,home,deep_study,mostly_solo,1_2h,evening,0,0,1,0,1,1,0,1,1,1,1,study_room,online_class,solo,under_1h,evening,weekend,9.7,hot,indoor,sometimes,4,4,3,4,4,4,4,3,4,3,12,16,9,16,16,12,16,16,2.6,6.0,9,1.0,53.7,63.471007686184535
I1781,U179,quiet_deepwork,P079,computer_lab_05,synthetic,valid,5,3,4,4,4,4,4,4,5,4,library,coding,mostly_solo,1_2h,evening,1,1,1,1,1,1,1,1,1,1,1,computer_lab,coding,solo,over_4h,morning,weekday,1.2,clear,indoor,sometimes,4,4,3,3,3,4,5,5,4,3,20,12,12,12,20,16,12,20,3.6,0.6,20,0.0,74.5,76.67698098695993
I1782,U179,quiet_deepwork,P077,computer_lab_03,synthetic,valid,5,3,4,4,4,4,4,4,5,4,library,coding,mostly_solo,1_2h,evening,1,1,1,1,1,1,1,1,1,1,1,computer_lab,deep_study,solo,under_1h,evening,weekday,23.4,hot,indoor,rarely,4,3,3,3,2,3,4,4,4,4,20,9,12,12,16,16,8,15,4.0,11.7,16,1.0,46.8,62.09633735807405
I1783,U179,quiet_deepwork,P022,study_room_04,synthetic,valid,5,3,4,4,4,4,4,4,5,4,library,coding,mostly_solo,1_2h,evening,1,1,1,1,1,1,1,1,1,1,1,study_room,coding,3_4,2_4h,evening,weekend,13.2,cloudy,indoor,rarely,4,5,3,4,5,3,4,5,4,4,20,15,12,16,16,16,20,15,3.6,6.6,20,1.0,68.3,68.79092415266109
I1784,U179,quiet_deepwork,P039,cafe_03,synthetic,valid,5,3,4,4,4,4,4,4,5,4,library,coding,mostly_solo,1_2h,evening,1,1,1,1,1,1,1,1,1,1,1,cafe,coding,solo,1_2h,morning,weekday,11.0,clear,indoor,first_time,3,4,2,3,2,4,3,3,4,4,15,12,8,12,12,16,8,20,3.6,5.5,12,0.0,56.9,59.48306420635038
I1785,U179,quiet_deepwork,P046,cafe_10,synthetic,valid,5,3,4,4,4,4,4,4,5,4,library,coding,mostly_solo,1_2h,evening,1,1,1,1,1,1,1,1,1,1,1,cafe,deep_study,solo,2_4h,afternoon,weekend,12.7,rainy,indoor,rarely,3,4,2,3,2,4,3,3,3,3,15,12,8,12,12,12,8,20,4.0,6.3,12,0.5,53.2,57.48954823680991
I1786,U179,quiet_deepwork,P024,study_room_06,synthetic,valid,5,3,4,4,4,4,4,4,5,4,library,coding,mostly_solo,1_2h,evening,1,1,1,1,1,1,1,1,1,1,1,study_room,light_reading,solo,1_2h,evening,weekday,1.7,rainy,indoor,first_time,4,4,3,4,3,4,4,4,4,3,20,12,12,16,16,16,12,20,1.8,0.9,12,1.0,73.0,70.52777420921272
I1787,U179,quiet_deepwork,P040,cafe_04,synthetic,valid,5,3,4,4,4,4,4,4,5,4,library,coding,mostly_solo,1_2h,evening,1,1,1,1,1,1,1,1,1,1,1,cafe,deep_study,solo,2_4h,evening,weekend,10.4,rainy,indoor,sometimes,3,4,2,3,3,4,3,2,4,3,15,12,8,12,12,16,12,20,4.0,5.2,8,1.0,64.2,60.54629736689976
I1788,U179,quiet_deepwork,P018,library_18,synthetic,valid,5,3,4,4,4,4,4,4,5,4,library,coding,mostly_solo,1_2h,evening,1,1,1,1,1,1,1,1,1,1,1,library,report_writing,solo,2_4h,late_night,weekend,6.0,clear,indoor,first_time,5,4,3,4,3,3,4,4,4,3,25,12,12,16,16,16,12,15,3.4,3.0,16,0.5,70.4,72.1307474172672
I1789,U179,quiet_deepwork,P018,library_18,synthetic,valid,5,3,4,4,4,4,4,4,5,4,library,coding,mostly_solo,1_2h,evening,1,1,1,1,1,1,1,1,1,1,1,library,light_reading,solo,2_4h,morning,weekday,12.6,clear,indoor,often,5,4,3,4,3,3,4,4,4,3,25,12,12,16,16,16,12,15,1.8,6.3,12,0.0,72.8,71.42174199915559
I1790,U179,quiet_deepwork,P031,study_room_13,synthetic,valid,5,3,4,4,4,4,4,4,5,4,library,coding,mostly_solo,1_2h,evening,1,1,1,1,1,1,1,1,1,1,1,study_room,deep_study,solo,2_4h,afternoon,weekday,1.0,cold,indoor,rarely,5,4,4,4,4,4,4,4,5,4,25,12,16,16,16,20,16,20,4.0,0.5,16,0.5,75.1,78.86878315943781
I1791,U180,quiet_deepwork,P098,dorm_lounge_02,synthetic,train,5,4,4,4,4,3,3,3,3,5,dorm_lounge,coding,mostly_solo,2_4h,afternoon,1,1,1,0,1,0,1,1,0,0,1,dorm_lounge,report_writing,solo,1_2h,afternoon,weekend,15.4,rainy,indoor,rarely,3,4,3,2,3,4,4,3,4,3,15,16,12,8,16,12,9,12,4.3,5.8,15,1.0,57.4,61.500680913197634
I1792,U180,quiet_deepwork,P012,library_12,synthetic,train,5,4,4,4,4,3,3,3,3,5,dorm_lounge,coding,mostly_solo,2_4h,afternoon,1,1,1,0,1,0,1,1,0,0,1,library,light_reading,2,under_1h,evening,weekday,2.7,clear,indoor,sometimes,5,4,4,4,3,3,3,5,5,4,25,16,16,16,12,15,9,9,2.3,1.0,15,0.5,78.9,71.7987156239922
I1793,U180,quiet_deepwork,P087,coworking_space_03,synthetic,train,5,4,4,4,4,3,3,3,3,5,dorm_lounge,coding,mostly_solo,2_4h,afternoon,1,1,1,0,1,0,1,1,0,0,1,coworking_space,deep_study,solo,2_4h,evening,weekend,14.8,clear,indoor,often,4,4,3,2,5,4,4,3,4,4,20,16,12,8,16,12,15,12,5.0,5.5,15,0.5,70.8,67.63925043122674
I1794,U180,quiet_deepwork,P008,library_08,synthetic,train,5,4,4,4,4,3,3,3,3,5,dorm_lounge,coding,mostly_solo,2_4h,afternoon,1,1,1,0,1,0,1,1,0,0,1,library,report_writing,2,over_4h,afternoon,weekday,9.4,clear,indoor,rarely,5,5,4,4,2,3,4,5,4,4,25,20,16,16,16,12,6,9,4.3,3.5,25,1.0,75.4,72.56556910786314
I1795,U180,quiet_deepwork,P011,library_11,synthetic,train,5,4,4,4,4,3,3,3,3,5,dorm_lounge,coding,mostly_solo,2_4h,afternoon,1,1,1,0,1,0,1,1,0,0,1,library,coding,3_4,2_4h,afternoon,weekday,8.5,hot,indoor,rarely,5,4,4,4,2,4,4,3,4,3,25,16,16,16,16,12,6,12,4.5,3.2,15,1.0,65.3,67.76284759187556
I1796,U180,quiet_deepwork,P064,classroom_02,synthetic,train,5,4,4,4,4,3,3,3,3,5,dorm_lounge,coding,mostly_solo,2_4h,afternoon,1,1,1,0,1,0,1,1,0,0,1,classroom,online_class,3_4,2_4h,afternoon,weekday,11.6,cold,indoor,sometimes,4,4,3,3,3,3,3,4,3,3,20,16,12,12,12,9,9,9,3.3,4.4,12,1.0,65.2,61.46963917993887
I1797,U180,quiet_deepwork,P109,outdoor_01,synthetic,train,5,4,4,4,4,3,3,3,3,5,dorm_lounge,coding,mostly_solo,2_4h,afternoon,1,1,1,0,1,0,1,1,0,0,1,outdoor,light_reading,solo,1_2h,afternoon,weekend,12.8,cold,outdoor,first_time,2,5,3,3,2,3,1,4,3,3,10,20,12,12,4,9,6,9,2.3,4.8,12,1.0,61.5,50.63024088677423
I1798,U180,quiet_deepwork,P012,library_12,synthetic,train,5,4,4,4,4,3,3,3,3,5,dorm_lounge,coding,mostly_solo,2_4h,afternoon,1,1,1,0,1,0,1,1,0,0,1,library,report_writing,solo,over_4h,afternoon,weekday,6.9,cloudy,indoor,sometimes,5,4,4,4,3,3,3,4,5,4,25,16,16,16,12,15,9,9,4.3,2.6,20,1.0,72.2,74.8134161275025
I1799,U180,quiet_deepwork,P032,study_room_14,synthetic,train,5,4,4,4,4,3,3,3,3,5,dorm_lounge,coding,mostly_solo,2_4h,afternoon,1,1,1,0,1,0,1,1,0,0,1,study_room,coding,solo,over_4h,afternoon,weekend,16.3,clear,indoor,sometimes,4,4,4,4,4,3,4,4,4,4,20,16,16,16,16,12,12,9,4.5,6.1,20,1.0,70.5,70.75217590974563
I1800,U180,quiet_deepwork,P059,home_05,synthetic,train,5,4,4,4,4,3,3,3,3,5,dorm_lounge,coding,mostly_solo,2_4h,afternoon,1,1,1,0,1,0,1,1,0,0,1,home,deep_study,solo,over_4h,afternoon,weekend,12.6,clear,indoor,often,4,5,5,4,5,4,4,4,5,5,20,20,20,16,16,15,15,12,5.0,4.7,20,1.0,82.3,77.9802588454724
I1801,U181,quiet_deepwork,P017,library_17,synthetic,valid,5,3,4,5,3,3,3,4,5,4,home,deep_study,mostly_solo,2_4h,afternoon,1,1,1,0,0,0,1,0,0,1,1,library,coding,solo,2_4h,afternoon,weekday,14.7,cold,indoor,sometimes,5,4,4,5,3,3,4,4,5,4,25,12,16,25,12,15,12,15,3.6,5.5,16,1.0,69.4,76.83214745217776
I1802,U181,quiet_deepwork,P007,library_07,synthetic,valid,5,3,4,5,3,3,3,4,5,4,home,deep_study,mostly_solo,2_4h,afternoon,1,1,1,0,0,0,1,0,0,1,1,library,deep_study,solo,2_4h,afternoon,weekend,12.1,rainy,indoor,often,5,4,3,4,3,3,4,5,4,4,25,12,12,20,12,12,12,15,4.0,4.5,20,1.0,79.6,76.9856562353545
I1803,U181,quiet_deepwork,P058,home_04,synthetic,valid,5,3,4,5,3,3,3,4,5,4,home,deep_study,mostly_solo,2_4h,afternoon,1,1,1,0,0,0,1,0,0,1,1,home,deep_study,solo,1_2h,morning,weekend,12.1,clear,indoor,rarely,4,3,4,3,4,5,4,4,4,4,20,9,16,15,12,12,16,25,4.0,4.5,16,0.5,78.5,76.2783513384602
I1804,U181,quiet_deepwork,P045,cafe_09,synthetic,valid,5,3,4,5,3,3,3,4,5,4,home,deep_study,mostly_solo,2_4h,afternoon,1,1,1,0,0,0,1,0,0,1,1,cafe,online_class,solo,2_4h,morning,weekday,1.0,rainy,indoor,rarely,2,3,2,2,3,3,3,3,3,3,10,9,8,10,9,9,12,15,2.6,0.4,9,0.5,60.7,58.397713817754486
I1805,U181,quiet_deepwork,P021,study_room_03,synthetic,valid,5,3,4,5,3,3,3,4,5,4,home,deep_study,mostly_solo,2_4h,afternoon,1,1,1,0,0,0,1,0,0,1,1,study_room,coding,solo,2_4h,afternoon,weekday,20.4,rainy,indoor,first_time,5,4,4,4,3,4,4,5,4,2,25,12,16,20,12,12,12,20,3.6,7.6,20,1.0,64.9,73.78231833604428
I1806,U181,quiet_deepwork,P024,study_room_06,synthetic,valid,5,3,4,5,3,3,3,4,5,4,home,deep_study,mostly_solo,2_4h,afternoon,1,1,1,0,0,0,1,0,0,1,1,study_room,online_class,solo,2_4h,afternoon,weekend,9.6,rainy,indoor,sometimes,4,4,3,4,3,4,4,4,4,3,20,12,12,20,12,12,12,20,2.6,3.6,12,1.0,72.1,72.97716834004362
I1807,U181,quiet_deepwork,P021,study_room_03,synthetic,valid,5,3,4,5,3,3,3,4,5,4,home,deep_study,mostly_solo,2_4h,afternoon,1,1,1,0,0,0,1,0,0,1,1,study_room,online_class,solo,over_4h,afternoon,weekend,17.3,cloudy,indoor,rarely,5,4,4,4,3,4,4,5,4,2,25,12,16,20,12,12,12,20,2.6,6.5,15,1.0,63.5,74.03975673956322
I1808,U181,quiet_deepwork,P011,library_11,synthetic,valid,5,3,4,5,3,3,3,4,5,4,home,deep_study,mostly_solo,2_4h,afternoon,1,1,1,0,0,0,1,0,0,1,1,library,deep_study,solo,2_4h,afternoon,weekend,14.5,cloudy,indoor,often,5,4,4,4,2,4,4,5,4,3,25,12,16,20,12,12,8,20,4.0,5.4,20,1.0,83.4,78.27235727763544
I1809,U181,quiet_deepwork,P003,library_03,synthetic,valid,5,3,4,5,3,3,3,4,5,4,home,deep_study,mostly_solo,2_4h,afternoon,1,1,1,0,0,0,1,0,0,1,1,library,report_writing,2,over_4h,evening,weekend,5.8,clear,indoor,sometimes,5,3,4,5,3,3,4,4,4,4,25,9,16,25,12,12,12,15,3.4,2.2,16,0.5,75.4,75.79326459729262
I1810,U181,quiet_deepwork,P009,library_09,synthetic,valid,5,3,4,5,3,3,3,4,5,4,home,deep_study,mostly_solo,2_4h,afternoon,1,1,1,0,0,0,1,0,0,1,1,library,report_writing,solo,2_4h,evening,weekday,13.2,clear,indoor,first_time,4,4,3,4,2,4,4,5,4,4,20,12,12,20,12,12,8,20,3.4,4.9,20,0.5,72.5,73.40573995777274
I1811,U182,quiet_deepwork,P057,home_03,synthetic,train,5,4,5,4,3,3,4,4,4,5,library,deep_study,mostly_solo,over_4h,afternoon,1,1,1,1,0,0,1,0,0,1,1,home,meeting,3_4,2_4h,evening,weekday,1.4,clear,indoor,sometimes,3,4,4,4,5,4,5,3,5,4,15,16,20,16,15,20,20,16,1.0,0.5,9,0.5,78.8,79.24741092839793
I1812,U182,quiet_deepwork,P035,study_room_17,synthetic,train,5,4,5,4,3,3,4,4,4,5,library,deep_study,mostly_solo,over_4h,afternoon,1,1,1,1,0,0,1,0,0,1,1,study_room,deep_study,solo,over_4h,evening,weekday,6.0,cold,indoor,first_time,4,4,4,4,3,4,5,5,4,3,20,16,20,16,15,16,12,16,5.0,2.3,25,0.5,77.6,76.47865755054013
I1813,U182,quiet_deepwork,P026,study_room_08,synthetic,train,5,4,5,4,3,3,4,4,4,5,library,deep_study,mostly_solo,over_4h,afternoon,1,1,1,1,0,0,1,0,0,1,1,study_room,coding,solo,1_2h,morning,weekend,19.0,cold,indoor,sometimes,4,5,4,4,5,4,4,5,4,3,20,20,20,16,12,16,20,16,4.5,7.1,25,0.5,88.0,78.6041914676546
I1814,U182,quiet_deepwork,P009,library_09,synthetic,train,5,4,5,4,3,3,4,4,4,5,library,deep_study,mostly_solo,over_4h,afternoon,1,1,1,1,0,0,1,0,0,1,1,library,online_class,3_4,under_1h,evening,weekend,7.3,clear,indoor,often,4,4,3,4,2,4,4,3,4,4,20,16,15,16,12,16,8,16,3.3,2.7,9,0.5,72.6,71.11818626187616
I1815,U182,quiet_deepwork,P115,outdoor_07,synthetic,train,5,4,5,4,3,3,4,4,4,5,library,deep_study,mostly_solo,over_4h,afternoon,1,1,1,1,0,0,1,0,0,1,1,outdoor,coding,solo,2_4h,evening,weekday,14.9,clear,outdoor,often,3,4,3,3,1,3,1,2,2,3,15,16,15,12,3,8,4,12,4.5,5.6,10,0.5,58.2,53.324865098102364
I1816,U182,quiet_deepwork,P044,cafe_08,synthetic,train,5,4,5,4,3,3,4,4,4,5,library,deep_study,mostly_solo,over_4h,afternoon,1,1,1,1,0,0,1,0,0,1,1,cafe,online_class,solo,1_2h,afternoon,weekend,15.3,clear,indoor,rarely,3,4,3,4,2,4,3,4,4,2,15,16,15,16,9,16,8,16,3.3,5.7,12,1.0,66.9,63.939771966129896
I1817,U182,quiet_deepwork,P083,computer_lab_09,synthetic,train,5,4,5,4,3,3,4,4,4,5,library,deep_study,mostly_solo,over_4h,afternoon,1,1,1,1,0,0,1,0,0,1,1,computer_lab,light_reading,solo,under_1h,evening,weekend,7.7,rainy,indoor,often,4,4,3,3,4,3,5,2,4,3,20,16,15,12,15,16,16,12,2.3,2.9,6,0.5,62.0,70.26202144962252
I1818,U182,quiet_deepwork,P013,library_13,synthetic,train,5,4,5,4,3,3,4,4,4,5,library,deep_study,mostly_solo,over_4h,afternoon,1,1,1,1,0,0,1,0,0,1,1,library,coding,solo,2_4h,evening,weekday,4.0,rainy,indoor,first_time,5,4,4,4,3,3,5,5,4,4,25,16,20,16,15,16,12,12,4.5,1.5,25,0.5,78.6,79.36047127125826
I1819,U182,quiet_deepwork,P018,library_18,synthetic,train,5,4,5,4,3,3,4,4,4,5,library,deep_study,mostly_solo,over_4h,afternoon,1,1,1,1,0,0,1,0,0,1,1,library,report_writing,solo,2_4h,evening,weekday,8.0,clear,indoor,often,5,4,3,4,3,3,4,5,4,3,25,16,15,16,12,16,12,12,4.3,3.0,25,0.5,76.9,79.73539113131223
I1820,U182,quiet_deepwork,P014,library_14,synthetic,train,5,4,5,4,3,3,4,4,4,5,library,deep_study,mostly_solo,over_4h,afternoon,1,1,1,1,0,0,1,0,0,1,1,library,coding,solo,1_2h,afternoon,weekend,5.6,clear,indoor,often,5,4,5,4,3,4,4,4,4,4,25,16,25,16,12,16,12,16,4.5,2.1,20,1.0,86.1,82.62113617686671
I1821,U183,convenience_oriented,P001,library_01,synthetic,train,3,4,4,3,4,4,4,2,4,4,home,light_reading,mostly_solo,1_2h,evening,0,1,0,1,1,1,0,1,1,1,0,library,online_class,solo,over_4h,afternoon,weekday,10.5,clear,indoor,sometimes,5,4,4,5,2,3,4,3,4,4,15,16,16,15,16,16,4,12,2.6,5.3,9,0.5,65.1,64.71578709785203
I1822,U183,convenience_oriented,P080,computer_lab_06,synthetic,train,3,4,4,3,4,4,4,2,4,4,home,light_reading,mostly_solo,1_2h,evening,0,1,0,1,1,1,0,1,1,1,0,computer_lab,coding,2,over_4h,afternoon,weekday,6.6,clear,indoor,sometimes,4,4,4,3,3,4,4,5,4,3,12,16,16,9,16,16,6,16,3.6,3.3,20,0.5,69.7,65.72034850472515
I1823,U183,convenience_oriented,P091,coworking_space_07,synthetic,train,3,4,4,3,4,4,4,2,4,4,home,light_reading,mostly_solo,1_2h,evening,0,1,0,1,1,1,0,1,1,1,0,coworking_space,coding,solo,1_2h,evening,weekend,17.5,clear,indoor,sometimes,4,4,4,3,4,5,4,4,3,4,12,16,16,9,16,12,8,20,3.6,8.7,16,1.0,55.6,63.841906626104375
I1824,U183,convenience_oriented,P051,cafe_15,synthetic,train,3,4,4,3,4,4,4,2,4,4,home,light_reading,mostly_solo,1_2h,evening,0,1,0,1,1,1,0,1,1,1,0,cafe,deep_study,solo,2_4h,morning,weekend,14.6,cloudy,indoor,sometimes,3,4,2,3,3,4,3,2,4,3,9,16,8,9,12,16,6,16,4.0,7.3,8,0.0,46.8,54.04199976931203
I1825,U183,convenience_oriented,P058,home_04,synthetic,train,3,4,4,3,4,4,4,2,4,4,home,light_reading,mostly_solo,1_2h,evening,0,1,0,1,1,1,0,1,1,1,0,home,deep_study,solo,1_2h,morning,weekend,17.1,clear,indoor,sometimes,4,3,4,3,4,5,4,4,4,4,12,12,16,9,16,16,8,20,4.0,8.5,16,0.0,61.2,65.90796549274152
I1826,U183,convenience_oriented,P025,study_room_07,synthetic,train,3,4,4,3,4,4,4,2,4,4,home,light_reading,mostly_solo,1_2h,evening,0,1,0,1,1,1,0,1,1,1,0,study_room,light_reading,solo,under_1h,evening,weekday,8.5,cloudy,indoor,rarely,4,4,3,4,4,4,4,3,4,3,12,16,12,12,16,16,8,16,1.8,4.3,9,1.0,65.5,62.218935091576206
I1827,U183,convenience_oriented,P011,library_11,synthetic,train,3,4,4,3,4,4,4,2,4,4,home,light_reading,mostly_solo,1_2h,evening,0,1,0,1,1,1,0,1,1,1,0,library,report_writing,solo,2_4h,morning,weekend,14.5,hot,indoor,first_time,5,4,4,4,2,4,4,4,4,3,15,16,16,12,16,16,4,16,3.4,7.3,16,0.0,66.0,63.91145650988256
I1828,U183,convenience_oriented,P027,study_room_09,synthetic,train,3,4,4,3,4,4,4,2,4,4,home,light_reading,mostly_solo,1_2h,evening,0,1,0,1,1,1,0,1,1,1,0,study_room,light_reading,solo,under_1h,evening,weekend,10.6,cloudy,indoor,sometimes,5,3,3,4,4,3,3,4,3,3,15,12,12,12,12,12,8,12,1.8,5.3,12,1.0,61.0,61.0175070560836
I1829,U183,convenience_oriented,P079,computer_lab_05,synthetic,train,3,4,4,3,4,4,4,2,4,4,home,light_reading,mostly_solo,1_2h,evening,0,1,0,1,1,1,0,1,1,1,0,computer_lab,coding,solo,over_4h,afternoon,weekday,8.3,rainy,indoor,rarely,4,4,3,3,3,4,5,5,4,3,12,16,12,9,20,16,6,16,3.6,4.1,20,0.5,66.3,66.19860824424951
I1830,U183,convenience_oriented,P087,coworking_space_03,synthetic,train,3,4,4,3,4,4,4,2,4,4,home,light_reading,mostly_solo,1_2h,evening,0,1,0,1,1,1,0,1,1,1,0,coworking_space,light_reading,solo,2_4h,late_night,weekday,16.4,cloudy,indoor,sometimes,4,4,3,2,5,4,4,3,4,4,12,16,12,6,16,16,10,16,1.8,8.2,9,0.5,56.5,59.05900755998833
I1831,U184,balanced,P094,coworking_space_10,synthetic,test,3,4,4,3,3,5,3,4,3,4,library,coding,mostly_solo,under_1h,evening,0,1,0,0,0,1,0,0,1,0,0,coworking_space,light_reading,solo,under_1h,late_night,weekend,8.5,cloudy,indoor,sometimes,3,5,3,4,3,4,3,3,4,4,9,20,12,12,9,12,12,12,1.8,5.3,9,0.5,56.5,55.893459735688936
I1832,U184,balanced,P043,cafe_07,synthetic,test,3,4,4,3,3,5,3,4,3,4,library,coding,mostly_solo,under_1h,evening,0,1,0,0,0,1,0,0,1,0,0,cafe,online_class,solo,under_1h,evening,weekend,5.8,rainy,indoor,rarely,2,5,3,3,2,4,3,3,3,3,6,20,12,9,9,9,8,12,2.6,3.6,9,1.0,47.5,52.609673652054255
I1833,U184,balanced,P006,library_06,synthetic,test,3,4,4,3,3,5,3,4,3,4,library,coding,mostly_solo,under_1h,evening,0,1,0,0,0,1,0,0,1,0,0,library,coding,solo,under_1h,morning,weekday,15.3,rainy,indoor,rarely,4,4,4,5,2,3,4,4,5,4,12,16,16,15,12,15,8,9,3.6,9.6,16,0.0,59.1,58.55450537457196
I1834,U184,balanced,P012,library_12,synthetic,test,3,4,4,3,3,5,3,4,3,4,library,coding,mostly_solo,under_1h,evening,0,1,0,0,0,1,0,0,1,0,0,library,coding,solo,2_4h,afternoon,weekday,9.1,rainy,indoor,rarely,5,4,4,4,3,3,3,3,5,4,15,16,16,12,9,15,12,9,3.6,5.7,12,0.5,62.1,59.91110728180209
I1835,U184,balanced,P047,cafe_11,synthetic,test,3,4,4,3,3,5,3,4,3,4,library,coding,mostly_solo,under_1h,evening,0,1,0,0,0,1,0,0,1,0,0,cafe,online_class,2,1_2h,evening,weekend,7.0,clear,indoor,sometimes,3,4,3,3,2,4,3,3,4,3,9,16,12,9,9,12,8,12,2.6,4.4,9,1.0,47.9,51.646201502048946
I1836,U184,balanced,P112,outdoor_04,synthetic,test,3,4,4,3,3,5,3,4,3,4,library,coding,mostly_solo,under_1h,evening,0,1,0,0,0,1,0,0,1,0,0,outdoor,coding,solo,over_4h,early_morning,weekday,7.9,rainy,outdoor,sometimes,3,4,3,3,2,3,1,2,3,2,9,16,12,9,3,9,8,9,3.6,4.9,8,0.0,46.0,45.008920892077455
I1837,U184,balanced,P055,home_01,synthetic,test,3,4,4,3,3,5,3,4,3,4,library,coding,mostly_solo,under_1h,evening,0,1,0,0,0,1,0,0,1,0,0,home,online_class,solo,2_4h,evening,weekday,12.1,clear,indoor,first_time,4,3,5,4,4,5,5,5,4,5,12,12,20,12,15,12,16,15,2.6,7.6,15,1.0,63.4,65.19594526670276
I1838,U184,balanced,P005,library_05,synthetic,test,3,4,4,3,3,5,3,4,3,4,library,coding,mostly_solo,under_1h,evening,0,1,0,0,0,1,0,0,1,0,0,library,report_writing,solo,2_4h,afternoon,weekend,3.6,rainy,indoor,rarely,5,4,4,5,3,4,4,5,4,4,15,16,16,15,12,12,12,12,3.4,2.3,20,0.5,80.4,68.77091075494317
I1839,U184,balanced,P084,computer_lab_10,synthetic,test,3,4,4,3,3,5,3,4,3,4,library,coding,mostly_solo,under_1h,evening,0,1,0,0,0,1,0,0,1,0,0,computer_lab,coding,solo,2_4h,evening,weekend,10.0,clear,indoor,sometimes,4,4,3,4,3,3,4,5,3,2,12,16,12,12,12,9,12,9,3.6,6.3,20,1.0,48.8,60.786042254709685
I1840,U184,balanced,P071,classroom_09,synthetic,test,3,4,4,3,3,5,3,4,3,4,library,coding,mostly_solo,under_1h,evening,0,1,0,0,0,1,0,0,1,0,0,classroom,online_class,solo,2_4h,afternoon,weekday,8.8,cold,indoor,first_time,3,3,3,3,3,3,3,4,3,4,9,12,12,9,9,9,12,9,2.6,5.5,12,0.5,54.8,51.99653389632134
I1841,U185,quiet_deepwork,P017,library_17,synthetic,train,5,5,5,4,4,4,4,3,4,5,library,online_class,mostly_solo,under_1h,early_morning,1,1,1,1,1,1,1,1,1,1,1,library,report_writing,solo,2_4h,evening,weekday,14.9,cold,indoor,rarely,5,4,4,5,3,3,4,4,5,4,25,20,20,20,16,20,9,12,4.3,7.5,20,0.0,74.3,75.51767539046213
I1842,U185,quiet_deepwork,P035,study_room_17,synthetic,train,5,5,5,4,4,4,4,3,4,5,library,online_class,mostly_solo,under_1h,early_morning,1,1,1,1,1,1,1,1,1,1,1,study_room,deep_study,solo,2_4h,evening,weekday,2.0,clear,indoor,rarely,4,4,4,4,3,4,5,5,4,3,20,20,20,16,20,16,9,16,5.0,1.0,25,0.0,76.7,79.09332643124488
I1843,U185,quiet_deepwork,P024,study_room_06,synthetic,train,5,5,5,4,4,4,4,3,4,5,library,online_class,mostly_solo,under_1h,early_morning,1,1,1,1,1,1,1,1,1,1,1,study_room,report_writing,solo,1_2h,early_morning,weekday,7.5,cloudy,indoor,often,4,4,3,4,3,4,4,5,4,3,20,20,15,16,16,16,9,16,4.3,3.8,25,1.0,84.8,77.97778271248797
I1844,U185,quiet_deepwork,P061,home_07,synthetic,train,5,5,5,4,4,4,4,3,4,5,library,online_class,mostly_solo,under_1h,early_morning,1,1,1,1,1,1,1,1,1,1,1,home,coding,solo,2_4h,afternoon,weekday,17.6,clear,indoor,sometimes,4,4,4,4,4,4,4,4,4,5,20,20,20,16,16,16,12,16,4.5,8.8,20,0.0,70.0,73.73044666629096
I1845,U185,quiet_deepwork,P005,library_05,synthetic,train,5,5,5,4,4,4,4,3,4,5,library,online_class,mostly_solo,under_1h,early_morning,1,1,1,1,1,1,1,1,1,1,1,library,coding,2,2_4h,afternoon,weekday,3.7,rainy,indoor,often,5,4,4,5,3,4,4,4,4,4,25,20,20,20,16,16,9,16,4.5,1.8,20,0.0,80.0,77.98560835315863
I1846,U185,quiet_deepwork,P116,outdoor_08,synthetic,train,5,5,5,4,4,4,4,3,4,5,library,online_class,mostly_solo,under_1h,early_morning,1,1,1,1,1,1,1,1,1,1,1,outdoor,online_class,solo,under_1h,early_morning,weekday,11.2,cloudy,outdoor,often,3,5,3,3,2,2,1,3,3,3,15,25,15,12,4,12,6,8,3.3,5.6,9,1.0,66.1,57.70686795881487
I1847,U185,quiet_deepwork,P002,library_02,synthetic,train,5,5,5,4,4,4,4,3,4,5,library,online_class,mostly_solo,under_1h,early_morning,1,1,1,1,1,1,1,1,1,1,1,library,deep_study,solo,2_4h,late_night,weekend,6.7,clear,indoor,rarely,5,5,4,4,2,3,4,4,4,4,25,25,20,16,16,16,6,12,5.0,3.4,20,0.0,78.5,77.0355233436164
I1848,U185,quiet_deepwork,P023,study_room_05,synthetic,train,5,5,5,4,4,4,4,3,4,5,library,online_class,mostly_solo,under_1h,early_morning,1,1,1,1,1,1,1,1,1,1,1,study_room,report_writing,solo,1_2h,early_morning,weekday,12.0,cloudy,indoor,often,5,4,3,4,4,4,3,4,4,4,25,20,15,16,12,16,12,16,4.3,6.0,20,1.0,73.3,76.97460108997646
I1849,U185,quiet_deepwork,P070,classroom_08,synthetic,train,5,5,5,4,4,4,4,3,4,5,library,online_class,mostly_solo,under_1h,early_morning,1,1,1,1,1,1,1,1,1,1,1,classroom,coding,solo,over_4h,early_morning,weekday,15.8,clear,indoor,rarely,3,4,3,2,3,2,3,4,2,3,15,20,15,8,12,8,9,8,4.5,7.9,20,1.0,47.8,58.89170670771732
I1850,U185,quiet_deepwork,P069,classroom_07,synthetic,train,5,5,5,4,4,4,4,3,4,5,library,online_class,mostly_solo,under_1h,early_morning,1,1,1,1,1,1,1,1,1,1,1,classroom,coding,2,1_2h,evening,weekend,7.4,clear,indoor,rarely,3,4,3,3,3,3,3,4,3,4,15,20,15,12,12,12,9,12,4.5,3.7,20,0.0,62.9,61.801207239070415
I1851,U186,social_collaborative,P104,dorm_lounge_08,synthetic,train,3,5,3,3,4,3,4,4,4,2,cafe,coding,mostly_group,2_4h,morning,0,0,0,1,1,0,0,1,0,1,0,dorm_lounge,report_writing,2,2_4h,afternoon,weekend,18.9,rainy,indoor,often,3,4,3,3,4,4,4,3,4,3,9,20,9,9,16,16,16,16,1.7,7.1,6,0.5,51.8,54.884824196612755
I1852,U186,social_collaborative,P116,outdoor_08,synthetic,train,3,5,3,3,4,3,4,4,4,2,cafe,coding,mostly_group,2_4h,morning,0,0,0,1,1,0,0,1,0,1,0,outdoor,team_project,3_4,2_4h,evening,weekday,11.4,hot,outdoor,often,3,5,3,3,2,2,1,3,3,3,9,25,9,9,4,12,8,8,0.5,4.3,9,0.0,35.5,50.78480622856539
I1853,U186,social_collaborative,P111,outdoor_03,synthetic,train,3,5,3,3,4,3,4,4,4,2,cafe,coding,mostly_group,2_4h,morning,0,0,0,1,1,0,0,1,0,1,0,outdoor,report_writing,solo,over_4h,morning,weekend,7.5,cloudy,outdoor,sometimes,3,5,3,4,2,2,1,3,2,3,9,25,9,12,4,8,8,8,1.7,2.8,6,1.0,45.5,48.7174968140254
I1854,U186,social_collaborative,P015,library_15,synthetic,train,3,5,3,3,4,3,4,4,4,2,cafe,coding,mostly_group,2_4h,morning,0,0,0,1,1,0,0,1,0,1,0,library,online_class,solo,1_2h,early_morning,weekday,13.2,clear,indoor,sometimes,4,4,4,5,2,4,3,3,4,4,12,20,12,15,12,16,8,16,1.3,4.9,9,0.5,64.3,62.915731784161906
I1855,U186,social_collaborative,P029,study_room_11,synthetic,train,3,5,3,3,4,3,4,4,4,2,cafe,coding,mostly_group,2_4h,morning,0,0,0,1,1,0,0,1,0,1,0,study_room,report_writing,solo,over_4h,early_morning,weekday,6.8,cloudy,indoor,often,4,4,3,4,2,4,4,4,4,3,12,20,9,12,16,16,8,16,1.7,2.6,8,0.5,61.9,62.419818539838715
I1856,U186,social_collaborative,P081,computer_lab_07,synthetic,train,3,5,3,3,4,3,4,4,4,2,cafe,coding,mostly_group,2_4h,morning,0,0,0,1,1,0,0,1,0,1,0,computer_lab,online_class,solo,1_2h,morning,weekday,9.4,clear,indoor,sometimes,4,4,2,3,3,3,4,5,4,3,12,20,6,9,16,16,12,12,1.3,3.5,15,1.0,72.0,63.39900509607625
I1857,U186,social_collaborative,P054,cafe_18,synthetic,train,3,5,3,3,4,3,4,4,4,2,cafe,coding,mostly_group,2_4h,morning,0,0,0,1,1,0,0,1,0,1,0,cafe,light_reading,solo,1_2h,afternoon,weekend,14.5,rainy,indoor,sometimes,3,5,2,3,2,3,3,5,4,3,9,25,6,9,12,16,8,12,0.9,5.4,15,0.5,55.0,56.43072910502319
I1858,U186,social_collaborative,P054,cafe_18,synthetic,train,3,5,3,3,4,3,4,4,4,2,cafe,coding,mostly_group,2_4h,morning,0,0,0,1,1,0,0,1,0,1,0,cafe,coding,solo,2_4h,afternoon,weekday,9.4,cloudy,indoor,sometimes,3,5,2,3,2,3,3,4,4,3,9,25,6,9,12,16,8,12,1.8,3.5,8,0.5,47.7,54.68987459410164
I1859,U186,social_collaborative,P099,dorm_lounge_03,synthetic,train,3,5,3,3,4,3,4,4,4,2,cafe,coding,mostly_group,2_4h,morning,0,0,0,1,1,0,0,1,0,1,0,dorm_lounge,team_project,5_plus,under_1h,morning,weekday,10.5,cloudy,indoor,rarely,4,4,3,3,3,3,4,4,3,3,12,20,9,9,16,12,12,12,0.5,3.9,12,1.0,62.8,60.57883934019932
I1860,U186,social_collaborative,P041,cafe_05,synthetic,train,3,5,3,3,4,3,4,4,4,2,cafe,coding,mostly_group,2_4h,morning,0,0,0,1,1,0,0,1,0,1,0,cafe,team_project,2,1_2h,afternoon,weekend,8.0,rainy,indoor,often,2,4,2,3,2,4,4,5,4,3,6,20,6,9,16,16,8,16,0.5,3.0,15,0.5,60.1,59.74032490842641
I1861,U187,quiet_deepwork,P004,library_04,synthetic,train,3,5,5,4,4,3,4,3,4,5,library,report_writing,mostly_solo,1_2h,afternoon,0,1,1,1,1,0,0,1,0,1,1,library,online_class,solo,1_2h,afternoon,weekday,4.8,hot,indoor,first_time,5,3,3,4,2,4,4,3,3,4,15,15,15,16,16,12,6,16,3.3,1.8,9,1.0,56.9,63.313961685002326
I1862,U187,quiet_deepwork,P011,library_11,synthetic,train,3,5,5,4,4,3,4,3,4,5,library,report_writing,mostly_solo,1_2h,afternoon,0,1,1,1,1,0,0,1,0,1,1,library,coding,solo,2_4h,evening,weekday,12.1,cloudy,indoor,rarely,5,4,4,4,2,4,4,4,4,3,15,20,20,16,16,16,6,16,4.5,4.5,20,0.5,66.0,70.45905585607392
I1863,U187,quiet_deepwork,P008,library_08,synthetic,train,3,5,5,4,4,3,4,3,4,5,library,report_writing,mostly_solo,1_2h,afternoon,0,1,1,1,1,0,0,1,0,1,1,library,report_writing,solo,1_2h,morning,weekday,7.4,rainy,indoor,first_time,5,5,4,4,2,3,4,4,4,4,15,25,20,16,16,16,6,12,4.3,2.8,20,0.5,72.9,72.8341319071574
I1864,U187,quiet_deepwork,P013,library_13,synthetic,train,3,5,5,4,4,3,4,3,4,5,library,report_writing,mostly_solo,1_2h,afternoon,0,1,1,1,1,0,0,1,0,1,1,library,coding,solo,2_4h,afternoon,weekday,1.5,cold,indoor,sometimes,5,4,4,4,3,3,5,4,4,4,15,20,20,16,20,16,9,12,4.5,0.6,20,1.0,64.3,74.96599977501344
I1865,U187,quiet_deepwork,P100,dorm_lounge_04,synthetic,train,3,5,5,4,4,3,4,3,4,5,library,report_writing,mostly_solo,1_2h,afternoon,0,1,1,1,1,0,0,1,0,1,1,dorm_lounge,light_reading,solo,1_2h,late_night,weekday,9.3,clear,indoor,sometimes,3,4,2,3,3,4,3,4,4,4,9,20,10,12,12,16,9,16,2.3,3.5,12,0.0,59.3,62.09542199785425
I1866,U187,quiet_deepwork,P010,library_10,synthetic,train,3,5,5,4,4,3,4,3,4,5,library,report_writing,mostly_solo,1_2h,afternoon,0,1,1,1,1,0,0,1,0,1,1,library,report_writing,solo,under_1h,afternoon,weekday,9.7,clear,indoor,rarely,5,5,4,4,3,4,4,4,4,5,15,25,20,16,16,16,9,16,4.3,3.6,20,1.0,83.0,76.77827906406839
I1867,U187,quiet_deepwork,P014,library_14,synthetic,train,3,5,5,4,4,3,4,3,4,5,library,report_writing,mostly_solo,1_2h,afternoon,0,1,1,1,1,0,0,1,0,1,1,library,coding,solo,1_2h,evening,weekday,4.5,clear,indoor,often,5,4,5,4,3,4,4,5,4,4,15,20,25,16,16,16,9,16,4.5,1.7,25,0.5,75.2,79.49292202711766
I1868,U187,quiet_deepwork,P040,cafe_04,synthetic,train,3,5,5,4,4,3,4,3,4,5,library,report_writing,mostly_solo,1_2h,afternoon,0,1,1,1,1,0,0,1,0,1,1,cafe,team_project,2,2_4h,afternoon,weekday,8.6,clear,indoor,often,3,4,2,3,3,4,3,4,4,3,9,20,10,12,12,16,9,16,1.3,3.2,12,1.0,63.8,64.81418876558675
I1869,U187,quiet_deepwork,P095,coworking_space_11,synthetic,train,3,5,5,4,4,3,4,3,4,5,library,report_writing,mostly_solo,1_2h,afternoon,0,1,1,1,1,0,0,1,0,1,1,coworking_space,coding,solo,2_4h,afternoon,weekend,14.4,clear,indoor,sometimes,4,4,3,3,4,4,5,5,4,4,12,20,15,12,20,16,12,16,4.5,5.4,25,1.0,73.7,72.04307412515746
I1870,U187,quiet_deepwork,P006,library_06,synthetic,train,3,5,5,4,4,3,4,3,4,5,library,report_writing,mostly_solo,1_2h,afternoon,0,1,1,1,1,0,0,1,0,1,1,library,coding,2,2_4h,late_night,weekday,11.1,rainy,indoor,sometimes,4,4,4,5,2,3,4,4,5,4,12,20,20,20,16,20,6,12,4.5,4.2,20,0.0,71.0,68.00292768163582
I1871,U188,social_collaborative,P001,library_01,synthetic,valid,3,5,3,3,4,3,3,3,5,3,study_room,team_project,mostly_group,2_4h,afternoon,0,0,0,0,1,0,0,1,0,1,0,library,light_reading,solo,1_2h,evening,weekday,8.7,rainy,indoor,sometimes,5,4,4,5,2,3,4,5,4,4,15,20,12,15,16,12,6,15,1.4,3.3,15,0.5,70.5,66.20682301818255
I1872,U188,social_collaborative,P096,coworking_space_12,synthetic,valid,3,5,3,3,4,3,3,3,5,3,study_room,team_project,mostly_group,2_4h,afternoon,0,0,0,0,1,0,0,1,0,1,0,coworking_space,coding,solo,1_2h,evening,weekday,20.1,clear,indoor,often,3,3,4,3,3,5,5,4,4,3,9,15,12,9,20,12,9,25,2.7,7.5,12,0.5,63.4,61.62129765906678
I1873,U188,social_collaborative,P032,study_room_14,synthetic,valid,3,5,3,3,4,3,3,3,5,3,study_room,team_project,mostly_group,2_4h,afternoon,0,0,0,0,1,0,0,1,0,1,0,study_room,online_class,solo,2_4h,evening,weekend,16.0,clear,indoor,rarely,4,4,4,4,4,3,4,5,4,4,12,20,12,12,16,12,12,15,2.0,6.0,15,0.5,70.4,64.01688141092002
I1874,U188,social_collaborative,P095,coworking_space_11,synthetic,valid,3,5,3,3,4,3,3,3,5,3,study_room,team_project,mostly_group,2_4h,afternoon,0,0,0,0,1,0,0,1,0,1,0,coworking_space,team_project,2,2_4h,afternoon,weekend,11.4,clear,indoor,sometimes,4,4,3,3,4,4,5,5,4,4,12,20,9,9,20,12,12,20,0.8,4.3,15,1.0,64.6,67.84430379464114
I1875,U188,social_collaborative,P026,study_room_08,synthetic,valid,3,5,3,3,4,3,3,3,5,3,study_room,team_project,mostly_group,2_4h,afternoon,0,0,0,0,1,0,0,1,0,1,0,study_room,light_reading,solo,1_2h,afternoon,weekday,23.4,clear,indoor,sometimes,4,5,4,4,5,4,4,4,4,3,12,25,12,12,16,12,15,20,1.4,8.8,12,1.0,62.6,65.99701101257807
I1876,U188,social_collaborative,P040,cafe_04,synthetic,valid,3,5,3,3,4,3,3,3,5,3,study_room,team_project,mostly_group,2_4h,afternoon,0,0,0,0,1,0,0,1,0,1,0,cafe,meeting,3_4,2_4h,afternoon,weekend,7.7,clear,indoor,rarely,3,4,2,3,3,4,3,4,4,3,9,20,6,9,12,12,9,20,0.6,2.9,12,1.0,77.0,60.261025001048985
I1877,U188,social_collaborative,P093,coworking_space_09,synthetic,valid,3,5,3,3,4,3,3,3,5,3,study_room,team_project,mostly_group,2_4h,afternoon,0,0,0,0,1,0,0,1,0,1,0,coworking_space,meeting,3_4,2_4h,evening,weekend,8.6,rainy,indoor,rarely,3,4,2,3,4,4,4,5,4,3,9,20,6,9,16,12,12,20,0.6,3.2,15,0.5,62.7,62.943958270278756
I1878,U188,social_collaborative,P094,coworking_space_10,synthetic,valid,3,5,3,3,4,3,3,3,5,3,study_room,team_project,mostly_group,2_4h,afternoon,0,0,0,0,1,0,0,1,0,1,0,coworking_space,light_reading,solo,1_2h,afternoon,weekday,12.1,clear,indoor,often,3,5,3,4,3,4,3,3,4,4,9,25,9,12,12,12,9,20,1.4,4.5,9,1.0,63.9,61.60759668900718
I1879,U188,social_collaborative,P047,cafe_11,synthetic,valid,3,5,3,3,4,3,3,3,5,3,study_room,team_project,mostly_group,2_4h,afternoon,0,0,0,0,1,0,0,1,0,1,0,cafe,meeting,2,1_2h,afternoon,weekday,17.3,clear,indoor,often,3,4,3,3,2,4,3,3,4,3,9,20,9,9,12,12,6,20,0.6,6.5,9,1.0,69.7,57.79249073111437
I1880,U188,social_collaborative,P022,study_room_04,synthetic,valid,3,5,3,3,4,3,3,3,5,3,study_room,team_project,mostly_group,2_4h,afternoon,0,0,0,0,1,0,0,1,0,1,0,study_room,online_class,solo,under_1h,afternoon,weekday,9.9,cloudy,indoor,sometimes,4,5,3,4,5,3,4,4,4,4,12,25,9,12,16,12,15,15,2.0,3.7,12,1.0,58.5,66.56512747626292
I1881,U189,quiet_deepwork,P024,study_room_06,synthetic,train,4,4,4,4,5,3,4,3,4,5,study_room,deep_study,mostly_solo,2_4h,evening,1,1,1,1,1,0,1,1,0,1,1,study_room,report_writing,solo,1_2h,morning,weekday,7.1,rainy,indoor,first_time,4,4,3,4,3,4,4,5,4,3,16,16,12,16,20,16,9,16,4.3,2.7,25,0.0,73.8,74.0712318573221
I1882,U189,quiet_deepwork,P013,library_13,synthetic,train,4,4,4,4,5,3,4,3,4,5,study_room,deep_study,mostly_solo,2_4h,evening,1,1,1,1,1,0,1,1,0,1,1,library,deep_study,solo,under_1h,evening,weekday,4.8,cloudy,indoor,sometimes,5,4,4,4,3,3,5,5,4,4,20,16,16,16,25,16,9,12,5.0,1.8,25,1.0,86.6,80.23827220141308
I1883,U189,quiet_deepwork,P102,dorm_lounge_06,synthetic,train,4,4,4,4,5,3,4,3,4,5,study_room,deep_study,mostly_solo,2_4h,evening,1,1,1,1,1,0,1,1,0,1,1,dorm_lounge,online_class,2,under_1h,morning,weekday,14.8,rainy,indoor,sometimes,3,3,3,3,3,3,4,3,4,4,12,12,12,12,20,16,9,12,3.3,5.5,9,0.0,52.3,60.42518759677185
I1884,U189,quiet_deepwork,P025,study_room_07,synthetic,train,4,4,4,4,5,3,4,3,4,5,study_room,deep_study,mostly_solo,2_4h,evening,1,1,1,1,1,0,1,1,0,1,1,study_room,deep_study,solo,2_4h,evening,weekday,2.4,clear,indoor,first_time,4,4,3,4,4,4,4,5,4,3,16,16,12,16,20,16,12,16,5.0,0.9,25,1.0,74.0,75.99985678504245
I1885,U189,quiet_deepwork,P013,library_13,synthetic,train,4,4,4,4,5,3,4,3,4,5,study_room,deep_study,mostly_solo,2_4h,evening,1,1,1,1,1,0,1,1,0,1,1,library,deep_study,solo,2_4h,afternoon,weekend,1.0,clear,indoor,sometimes,5,4,4,4,3,3,5,4,4,4,20,16,16,16,25,16,9,12,5.0,0.4,20,0.5,82.6,79.02193169185807
I1886,U189,quiet_deepwork,P030,study_room_12,synthetic,train,4,4,4,4,5,3,4,3,4,5,study_room,deep_study,mostly_solo,2_4h,evening,1,1,1,1,1,0,1,1,0,1,1,study_room,deep_study,solo,over_4h,late_night,weekday,12.8,clear,indoor,rarely,5,4,3,4,3,3,4,5,4,4,20,16,12,16,20,16,9,12,5.0,4.8,25,0.5,72.4,73.38031574484683
I1887,U189,quiet_deepwork,P069,classroom_07,synthetic,train,4,4,4,4,5,3,4,3,4,5,study_room,deep_study,mostly_solo,2_4h,evening,1,1,1,1,1,0,1,1,0,1,1,classroom,deep_study,2,2_4h,afternoon,weekday,12.7,clear,indoor,rarely,3,4,3,3,3,3,3,3,3,4,12,16,12,12,15,12,9,12,5.0,4.8,15,0.5,56.0,59.153651494208376
I1888,U189,quiet_deepwork,P019,study_room_01,synthetic,train,4,4,4,4,5,3,4,3,4,5,study_room,deep_study,mostly_solo,2_4h,evening,1,1,1,1,1,0,1,1,0,1,1,study_room,light_reading,solo,2_4h,morning,weekend,13.1,clear,indoor,sometimes,4,3,4,4,3,4,4,4,4,4,16,12,16,16,20,16,9,16,2.3,4.9,12,0.0,86.0,71.72293096017128
I1889,U189,quiet_deepwork,P117,outdoor_09,synthetic,train,4,4,4,4,5,3,4,3,4,5,study_room,deep_study,mostly_solo,2_4h,evening,1,1,1,1,1,0,1,1,0,1,1,outdoor,report_writing,solo,1_2h,evening,weekday,13.2,clear,outdoor,sometimes,2,5,3,3,2,3,1,2,3,3,8,20,12,12,5,12,6,12,4.3,5.0,10,1.0,61.1,55.01904677711127
I1890,U189,quiet_deepwork,P070,classroom_08,synthetic,train,4,4,4,4,5,3,4,3,4,5,study_room,deep_study,mostly_solo,2_4h,evening,1,1,1,1,1,0,1,1,0,1,1,classroom,deep_study,solo,over_4h,early_morning,weekday,13.6,rainy,indoor,sometimes,3,4,3,2,3,2,3,4,2,3,12,16,12,8,15,8,9,8,5.0,5.1,20,0.0,65.1,60.661200793235864
I1891,U190,convenience_oriented,P092,coworking_space_08,synthetic,train,3,3,3,2,5,5,3,3,4,3,classroom,report_writing,mixed,1_2h,evening,0,0,0,0,1,1,0,1,1,1,0,coworking_space,online_class,solo,2_4h,evening,weekend,5.1,hot,indoor,sometimes,2,4,3,4,3,4,4,4,4,3,6,12,9,8,20,12,9,16,2.0,3.2,12,1.0,62.2,58.01122409530342
I1892,U190,convenience_oriented,P116,outdoor_08,synthetic,train,3,3,3,2,5,5,3,3,4,3,classroom,report_writing,mixed,1_2h,evening,0,0,0,0,1,1,0,1,1,1,0,outdoor,report_writing,solo,over_4h,evening,weekend,11.5,rainy,outdoor,sometimes,3,5,3,3,2,2,1,2,3,3,9,15,9,6,5,9,6,8,2.6,7.2,6,1.0,40.8,43.101278200097354
I1893,U190,convenience_oriented,P039,cafe_03,synthetic,train,3,3,3,2,5,5,3,3,4,3,classroom,report_writing,mixed,1_2h,evening,0,0,0,0,1,1,0,1,1,1,0,cafe,coding,solo,under_1h,early_morning,weekday,15.3,clear,indoor,sometimes,3,4,2,3,2,4,3,4,4,4,9,12,6,6,15,12,6,16,2.7,9.6,12,0.0,48.1,52.15432359675995
I1894,U190,convenience_oriented,P056,home_02,synthetic,train,3,3,3,2,5,5,3,3,4,3,classroom,report_writing,mixed,1_2h,evening,0,0,0,0,1,1,0,1,1,1,0,home,team_project,2,2_4h,evening,weekend,12.0,cloudy,indoor,sometimes,4,3,5,4,5,4,5,4,5,5,12,9,15,8,25,15,15,16,0.8,7.5,12,1.0,68.5,67.99883006886786
I1895,U190,convenience_oriented,P094,coworking_space_10,synthetic,train,3,3,3,2,5,5,3,3,4,3,classroom,report_writing,mixed,1_2h,evening,0,0,0,0,1,1,0,1,1,1,0,coworking_space,report_writing,solo,1_2h,evening,weekday,8.7,cloudy,indoor,rarely,3,5,3,4,3,4,3,5,4,4,9,15,9,8,15,12,9,16,2.6,5.4,15,1.0,55.4,57.58240850645926
I1896,U190,convenience_oriented,P019,study_room_01,synthetic,train,3,3,3,2,5,5,3,3,4,3,classroom,report_writing,mixed,1_2h,evening,0,0,0,0,1,1,0,1,1,1,0,study_room,online_class,2,2_4h,evening,weekday,13.6,clear,indoor,often,4,3,4,4,3,4,4,4,4,4,12,9,12,8,20,12,9,16,2.0,8.5,12,1.0,45.3,58.961878059854016
I1897,U190,convenience_oriented,P080,computer_lab_06,synthetic,train,3,3,3,2,5,5,3,3,4,3,classroom,report_writing,mixed,1_2h,evening,0,0,0,0,1,1,0,1,1,1,0,computer_lab,report_writing,solo,2_4h,afternoon,weekend,6.7,hot,indoor,rarely,4,4,4,3,3,4,4,3,4,3,12,12,12,6,20,12,9,16,2.6,4.2,9,0.5,64.6,59.66971640751297
I1898,U190,convenience_oriented,P041,cafe_05,synthetic,train,3,3,3,2,5,5,3,3,4,3,classroom,report_writing,mixed,1_2h,evening,0,0,0,0,1,1,0,1,1,1,0,cafe,report_writing,solo,2_4h,evening,weekday,10.1,hot,indoor,sometimes,2,4,2,3,2,4,4,4,4,3,6,12,6,6,20,12,6,16,2.6,6.3,12,1.0,49.8,53.1161097462922
I1899,U190,convenience_oriented,P097,dorm_lounge_01,synthetic,train,3,3,3,2,5,5,3,3,4,3,classroom,report_writing,mixed,1_2h,evening,0,0,0,0,1,1,0,1,1,1,0,dorm_lounge,online_class,solo,under_1h,evening,weekday,8.3,clear,indoor,often,3,3,3,2,3,4,5,3,4,2,9,9,9,4,25,12,9,16,2.0,5.2,9,1.0,57.3,59.68541581539267
I1900,U190,convenience_oriented,P025,study_room_07,synthetic,train,3,3,3,2,5,5,3,3,4,3,classroom,report_writing,mixed,1_2h,evening,0,0,0,0,1,1,0,1,1,1,0,study_room,coding,solo,2_4h,evening,weekday,8.7,cloudy,indoor,sometimes,4,4,3,4,4,4,4,5,4,3,12,12,9,8,20,12,12,16,2.7,5.5,15,1.0,72.8,62.43140573506356
I1901,U191,comfort_oriented,P019,study_room_01,synthetic,train,4,4,4,4,4,3,4,5,5,3,coworking_space,light_reading,mixed,1_2h,morning,1,1,1,1,1,0,1,1,0,1,1,study_room,online_class,solo,1_2h,afternoon,weekday,10.2,clear,indoor,often,4,3,4,4,3,4,4,5,4,4,16,12,16,16,16,16,15,20,2.0,3.8,15,0.5,67.5,75.12543118464596
I1902,U191,comfort_oriented,P029,study_room_11,synthetic,train,4,4,4,4,4,3,4,5,5,3,coworking_space,light_reading,mixed,1_2h,morning,1,1,1,1,1,0,1,1,0,1,1,study_room,online_class,solo,1_2h,evening,weekday,10.7,cloudy,indoor,rarely,4,4,3,4,2,4,4,3,4,3,16,16,12,16,16,16,10,20,2.0,4.0,9,0.0,67.7,66.59634492202807
I1903,U191,comfort_oriented,P050,cafe_14,synthetic,train,4,4,4,4,4,3,4,5,5,3,coworking_space,light_reading,mixed,1_2h,morning,1,1,1,1,1,0,1,1,0,1,1,cafe,report_writing,solo,2_4h,evening,weekday,9.4,cold,indoor,sometimes,3,5,2,3,2,4,3,3,4,3,12,20,8,12,12,16,10,20,2.6,3.5,9,0.0,63.1,62.36157850876195
I1904,U191,comfort_oriented,P059,home_05,synthetic,train,4,4,4,4,4,3,4,5,5,3,coworking_space,light_reading,mixed,1_2h,morning,1,1,1,1,1,0,1,1,0,1,1,home,light_reading,solo,under_1h,afternoon,weekday,13.2,rainy,indoor,sometimes,4,5,5,4,5,4,4,4,5,5,16,20,20,16,16,20,25,20,1.4,5.0,12,0.5,79.7,78.65523338377828
I1905,U191,comfort_oriented,P050,cafe_14,synthetic,train,4,4,4,4,4,3,4,5,5,3,coworking_space,light_reading,mixed,1_2h,morning,1,1,1,1,1,0,1,1,0,1,1,cafe,team_project,2,1_2h,morning,weekday,6.8,clear,indoor,sometimes,3,5,2,3,2,4,3,5,4,3,12,20,8,12,12,16,10,20,0.8,2.6,15,1.0,72.0,68.8336104981182
I1906,U191,comfort_oriented,P005,library_05,synthetic,train,4,4,4,4,4,3,4,5,5,3,coworking_space,light_reading,mixed,1_2h,morning,1,1,1,1,1,0,1,1,0,1,1,library,report_writing,solo,2_4h,evening,weekend,2.4,cloudy,indoor,sometimes,5,4,4,5,3,4,4,4,4,4,20,16,16,20,16,16,15,20,2.6,0.9,12,0.0,75.5,77.95853110786621
I1907,U191,comfort_oriented,P057,home_03,synthetic,train,4,4,4,4,4,3,4,5,5,3,coworking_space,light_reading,mixed,1_2h,morning,1,1,1,1,1,0,1,1,0,1,1,home,coding,2,2_4h,morning,weekday,4.4,cloudy,indoor,rarely,3,4,4,4,5,4,5,5,5,4,12,16,16,16,20,20,25,20,2.7,1.7,15,1.0,77.6,74.52476327019215
I1908,U191,comfort_oriented,P056,home_02,synthetic,train,4,4,4,4,4,3,4,5,5,3,coworking_space,light_reading,mixed,1_2h,morning,1,1,1,1,1,0,1,1,0,1,1,home,report_writing,solo,1_2h,evening,weekend,13.5,cloudy,indoor,rarely,4,3,5,4,5,4,5,4,5,5,16,12,20,16,20,20,25,20,2.6,5.1,12,0.0,70.7,76.60088587821457
I1909,U191,comfort_oriented,P109,outdoor_01,synthetic,train,4,4,4,4,4,3,4,5,5,3,coworking_space,light_reading,mixed,1_2h,morning,1,1,1,1,1,0,1,1,0,1,1,outdoor,light_reading,solo,1_2h,morning,weekday,12.3,clear,outdoor,often,2,5,3,3,2,3,1,3,3,3,8,20,12,12,4,12,10,15,1.4,4.6,9,1.0,54.0,55.80418442519603
I1910,U191,comfort_oriented,P063,classroom_01,synthetic,train,4,4,4,4,4,3,4,5,5,3,coworking_space,light_reading,mixed,1_2h,morning,1,1,1,1,1,0,1,1,0,1,1,classroom,team_project,2,1_2h,morning,weekday,11.4,clear,indoor,first_time,3,4,3,3,2,3,3,4,3,3,12,16,12,12,12,12,10,15,0.8,4.3,12,1.0,61.3,62.370086655361824
I1911,U192,comfort_oriented,P013,library_13,synthetic,valid,4,4,4,3,4,4,5,5,4,5,library,deep_study,mostly_solo,2_4h,evening,1,1,0,1,1,1,1,1,1,1,0,library,coding,solo,2_4h,afternoon,weekend,1.0,cloudy,indoor,rarely,5,4,4,4,3,3,5,3,4,4,20,16,16,12,20,20,15,12,4.5,0.5,15,0.5,76.1,73.23717621981568
I1912,U192,comfort_oriented,P076,computer_lab_02,synthetic,valid,4,4,4,3,4,4,5,5,4,5,library,deep_study,mostly_solo,2_4h,evening,1,1,0,1,1,1,1,1,1,1,0,computer_lab,deep_study,2,over_4h,evening,weekday,15.8,rainy,indoor,sometimes,3,5,3,4,4,3,4,4,3,4,12,20,12,12,16,15,20,12,5.0,7.9,20,1.0,79.2,62.671799460915445
I1913,U192,comfort_oriented,P057,home_03,synthetic,valid,4,4,4,3,4,4,5,5,4,5,library,deep_study,mostly_solo,2_4h,evening,1,1,0,1,1,1,1,1,1,1,0,home,light_reading,solo,1_2h,evening,weekend,4.1,cloudy,indoor,often,3,4,4,4,5,4,5,4,5,4,12,16,16,12,20,25,25,16,2.3,2.1,12,1.0,82.0,75.87424341617753
I1914,U192,comfort_oriented,P003,library_03,synthetic,valid,4,4,4,3,4,4,5,5,4,5,library,deep_study,mostly_solo,2_4h,evening,1,1,0,1,1,1,1,1,1,1,0,library,online_class,solo,1_2h,afternoon,weekday,3.9,clear,indoor,rarely,5,3,4,5,3,3,4,4,4,4,20,12,16,15,16,20,15,12,3.3,1.9,12,0.5,65.9,71.81056524334656
I1915,U192,comfort_oriented,P002,library_02,synthetic,valid,4,4,4,3,4,4,5,5,4,5,library,deep_study,mostly_solo,2_4h,evening,1,1,0,1,1,1,1,1,1,1,0,library,light_reading,solo,1_2h,afternoon,weekday,6.7,clear,indoor,often,5,5,4,4,2,3,4,4,4,4,20,20,16,12,16,20,10,12,2.3,3.4,12,0.5,87.3,72.09874937700008
I1916,U192,comfort_oriented,P044,cafe_08,synthetic,valid,4,4,4,3,4,4,5,5,4,5,library,deep_study,mostly_solo,2_4h,evening,1,1,0,1,1,1,1,1,1,1,0,cafe,deep_study,solo,over_4h,morning,weekend,9.9,clear,indoor,rarely,3,4,3,4,2,4,3,3,4,2,12,16,12,12,12,20,10,16,5.0,5.0,15,0.0,60.2,60.78910874395638
I1917,U192,comfort_oriented,P036,study_room_18,synthetic,valid,4,4,4,3,4,4,5,5,4,5,library,deep_study,mostly_solo,2_4h,evening,1,1,0,1,1,1,1,1,1,1,0,study_room,online_class,solo,1_2h,evening,weekday,8.3,cloudy,indoor,rarely,5,4,4,4,4,4,5,4,4,4,20,16,16,12,20,20,20,16,3.3,4.1,12,1.0,63.8,73.58592284083142
I1918,U192,comfort_oriented,P035,study_room_17,synthetic,valid,4,4,4,3,4,4,5,5,4,5,library,deep_study,mostly_solo,2_4h,evening,1,1,0,1,1,1,1,1,1,1,0,study_room,coding,solo,over_4h,evening,weekday,6.0,cloudy,indoor,often,4,4,4,4,3,4,5,5,4,3,16,16,16,12,20,20,15,16,4.5,3.0,25,1.0,87.7,76.29993864680924
I1919,U192,comfort_oriented,P011,library_11,synthetic,valid,4,4,4,3,4,4,5,5,4,5,library,deep_study,mostly_solo,2_4h,evening,1,1,0,1,1,1,1,1,1,1,0,library,online_class,2,1_2h,evening,weekend,9.7,cloudy,indoor,often,5,4,4,4,2,4,4,3,4,3,20,16,16,12,16,20,10,16,3.3,4.9,9,1.0,78.7,67.18046615907053
I1920,U192,comfort_oriented,P017,library_17,synthetic,valid,4,4,4,3,4,4,5,5,4,5,library,deep_study,mostly_solo,2_4h,evening,1,1,0,1,1,1,1,1,1,1,0,library,team_project,3_4,2_4h,late_night,weekend,11.0,clear,indoor,sometimes,5,4,4,5,3,3,4,2,5,4,20,16,16,15,16,25,15,12,1.3,5.5,6,0.5,68.6,72.7715301030079
I1921,U193,convenience_oriented,P030,study_room_12,synthetic,valid,3,3,3,4,4,5,3,2,5,5,home,coding,mostly_solo,1_2h,late_night,0,0,1,0,1,1,0,1,1,1,1,study_room,online_class,solo,2_4h,early_morning,weekday,16.3,rainy,indoor,sometimes,5,4,3,4,3,3,4,4,4,4,15,12,9,16,16,12,6,15,3.3,10.2,12,0.0,64.1,60.688700623021596
I1922,U193,convenience_oriented,P077,computer_lab_03,synthetic,valid,3,3,3,4,4,5,3,2,5,5,home,coding,mostly_solo,1_2h,late_night,0,0,1,0,1,1,0,1,1,1,1,computer_lab,report_writing,solo,over_4h,evening,weekday,16.0,cloudy,indoor,rarely,4,3,3,3,2,3,4,4,4,4,12,9,9,12,16,12,4,15,4.3,10.0,20,0.5,57.0,59.103735458737695
I1923,U193,convenience_oriented,P103,dorm_lounge_07,synthetic,valid,3,3,3,4,4,5,3,2,5,5,home,coding,mostly_solo,1_2h,late_night,0,0,1,0,1,1,0,1,1,1,1,dorm_lounge,coding,solo,under_1h,morning,weekend,12.0,clear,indoor,sometimes,3,4,3,3,4,4,5,3,3,3,9,12,9,12,20,9,8,20,4.5,7.5,15,0.0,54.0,61.0183253998102
I1924,U193,convenience_oriented,P056,home_02,synthetic,valid,3,3,3,4,4,5,3,2,5,5,home,coding,mostly_solo,1_2h,late_night,0,0,1,0,1,1,0,1,1,1,1,home,deep_study,solo,1_2h,late_night,weekday,4.5,clear,indoor,sometimes,4,3,5,4,5,4,5,4,5,5,12,9,15,16,20,15,10,20,5.0,2.8,20,1.0,71.2,75.33442294701621
I1925,U193,convenience_oriented,P034,study_room_16,synthetic,valid,3,3,3,4,4,5,3,2,5,5,home,coding,mostly_solo,1_2h,late_night,0,0,1,0,1,1,0,1,1,1,1,study_room,light_reading,solo,2_4h,morning,weekend,8.2,cloudy,indoor,sometimes,4,4,4,4,4,3,4,4,5,3,12,12,12,16,16,15,8,15,2.3,5.1,12,0.0,78.6,64.8340044713782
I1926,U193,convenience_oriented,P003,library_03,synthetic,valid,3,3,3,4,4,5,3,2,5,5,home,coding,mostly_solo,1_2h,late_night,0,0,1,0,1,1,0,1,1,1,1,library,coding,solo,2_4h,afternoon,weekday,3.1,clear,indoor,first_time,5,3,4,5,3,3,4,4,4,4,15,9,12,20,16,12,6,15,4.5,1.9,20,0.0,61.5,69.31764730891129
I1927,U193,convenience_oriented,P002,library_02,synthetic,valid,3,3,3,4,4,5,3,2,5,5,home,coding,mostly_solo,1_2h,late_night,0,0,1,0,1,1,0,1,1,1,1,library,light_reading,solo,1_2h,late_night,weekday,3.5,clear,indoor,often,5,5,4,4,2,3,4,4,4,4,15,15,12,16,16,12,4,15,2.3,2.2,12,1.0,81.8,67.97649244322568
I1928,U193,convenience_oriented,P055,home_01,synthetic,valid,3,3,3,4,4,5,3,2,5,5,home,coding,mostly_solo,1_2h,late_night,0,0,1,0,1,1,0,1,1,1,1,home,online_class,solo,2_4h,late_night,weekday,12.6,clear,indoor,sometimes,4,3,5,4,4,5,5,5,4,5,12,9,15,16,20,12,8,25,3.3,7.9,15,1.0,57.4,72.0331344642409
I1929,U193,convenience_oriented,P003,library_03,synthetic,valid,3,3,3,4,4,5,3,2,5,5,home,coding,mostly_solo,1_2h,late_night,0,0,1,0,1,1,0,1,1,1,1,library,light_reading,solo,under_1h,early_morning,weekend,1.0,clear,indoor,rarely,5,3,4,5,3,3,4,5,4,4,15,9,12,20,16,12,6,15,2.3,0.6,15,0.0,62.5,71.19912346714497
I1930,U193,convenience_oriented,P040,cafe_04,synthetic,valid,3,3,3,4,4,5,3,2,5,5,home,coding,mostly_solo,1_2h,late_night,0,0,1,0,1,1,0,1,1,1,1,cafe,coding,solo,1_2h,evening,weekday,5.6,cloudy,indoor,rarely,3,4,2,3,3,4,3,4,4,3,9,12,6,12,12,12,6,20,4.5,3.5,20,0.5,65.2,59.42433860233338
I1931,U194,convenience_oriented,P070,classroom_08,synthetic,train,4,4,3,3,3,5,3,3,4,3,dorm_lounge,deep_study,mixed,2_4h,afternoon,1,0,0,0,0,1,1,0,1,1,0,classroom,deep_study,solo,2_4h,evening,weekday,10.0,clear,indoor,sometimes,3,4,3,2,3,2,3,3,2,3,12,16,9,6,9,6,9,8,3.0,6.3,9,0.5,57.7,51.29155164279262
I1932,U194,convenience_oriented,P046,cafe_10,synthetic,train,4,4,3,3,3,5,3,3,4,3,dorm_lounge,deep_study,mixed,2_4h,afternoon,1,0,0,0,0,1,1,0,1,1,0,cafe,team_project,3_4,1_2h,afternoon,weekday,14.6,cloudy,indoor,often,3,4,2,3,2,4,3,3,3,3,12,16,6,9,9,9,6,16,0.8,9.1,9,1.0,54.1,54.08171757550834
I1933,U194,convenience_oriented,P068,classroom_06,synthetic,train,4,4,3,3,3,5,3,3,4,3,dorm_lounge,deep_study,mixed,2_4h,afternoon,1,0,0,0,0,1,1,0,1,1,0,classroom,meeting,3_4,1_2h,morning,weekday,10.6,clear,indoor,often,3,4,3,3,2,3,3,4,2,4,12,16,9,9,9,6,6,12,0.6,6.6,12,0.5,49.5,58.15373989853805
I1934,U194,convenience_oriented,P109,outdoor_01,synthetic,train,4,4,3,3,3,5,3,3,4,3,dorm_lounge,deep_study,mixed,2_4h,afternoon,1,0,0,0,0,1,1,0,1,1,0,outdoor,deep_study,solo,1_2h,evening,weekday,11.6,clear,outdoor,sometimes,2,5,3,3,2,3,1,2,3,3,8,20,9,9,3,9,6,12,3.0,7.3,6,0.5,50.3,44.83230210835471
I1935,U194,convenience_oriented,P003,library_03,synthetic,train,4,4,3,3,3,5,3,3,4,3,dorm_lounge,deep_study,mixed,2_4h,afternoon,1,0,0,0,0,1,1,0,1,1,0,library,team_project,2,over_4h,afternoon,weekday,5.7,rainy,indoor,sometimes,5,3,4,5,3,3,4,3,4,4,20,12,12,15,12,12,9,12,0.8,3.6,9,1.0,67.9,66.2631315616976
I1936,U194,convenience_oriented,P041,cafe_05,synthetic,train,4,4,3,3,3,5,3,3,4,3,dorm_lounge,deep_study,mixed,2_4h,afternoon,1,0,0,0,0,1,1,0,1,1,0,cafe,team_project,5_plus,1_2h,afternoon,weekday,14.2,clear,indoor,rarely,2,4,2,3,2,4,4,4,4,3,8,16,6,9,12,12,6,16,0.8,8.9,12,1.0,61.1,54.04466326324153
I1937,U194,convenience_oriented,P035,study_room_17,synthetic,train,4,4,3,3,3,5,3,3,4,3,dorm_lounge,deep_study,mixed,2_4h,afternoon,1,0,0,0,0,1,1,0,1,1,0,study_room,report_writing,solo,over_4h,evening,weekday,4.1,clear,indoor,first_time,4,4,4,4,3,4,5,5,4,3,16,16,12,12,15,12,9,16,2.6,2.6,15,0.5,54.8,66.93197180782239
I1938,U194,convenience_oriented,P024,study_room_06,synthetic,train,4,4,3,3,3,5,3,3,4,3,dorm_lounge,deep_study,mixed,2_4h,afternoon,1,0,0,0,0,1,1,0,1,1,0,study_room,team_project,3_4,1_2h,afternoon,weekday,1.0,hot,indoor,sometimes,4,4,3,4,3,4,4,4,4,3,16,16,9,12,12,12,9,16,0.8,0.6,12,1.0,61.3,68.20976872503718
I1939,U194,convenience_oriented,P112,outdoor_04,synthetic,train,4,4,3,3,3,5,3,3,4,3,dorm_lounge,deep_study,mixed,2_4h,afternoon,1,0,0,0,0,1,1,0,1,1,0,outdoor,team_project,2,1_2h,afternoon,weekend,10.7,clear,outdoor,often,3,4,3,3,2,3,1,3,3,2,12,16,9,9,3,9,6,12,0.8,6.7,9,1.0,55.6,50.14939205040018
I1940,U194,convenience_oriented,P041,cafe_05,synthetic,train,4,4,3,3,3,5,3,3,4,3,dorm_lounge,deep_study,mixed,2_4h,afternoon,1,0,0,0,0,1,1,0,1,1,0,cafe,report_writing,solo,over_4h,afternoon,weekday,9.1,cold,indoor,sometimes,2,4,2,3,2,4,4,4,4,3,8,16,6,9,12,12,6,16,2.6,5.7,12,1.0,49.7,54.74594279925087
I1941,U195,quiet_deepwork,P109,outdoor_01,synthetic,train,4,3,5,4,3,3,4,4,4,5,library,deep_study,mostly_solo,over_4h,evening,1,1,1,1,0,0,1,0,0,1,1,outdoor,online_class,2,1_2h,late_night,weekday,17.4,clear,outdoor,first_time,2,5,3,3,2,3,1,1,3,3,8,15,15,12,3,12,8,12,3.3,6.5,3,0.5,46.9,42.66715508030517
I1942,U195,quiet_deepwork,P066,classroom_04,synthetic,train,4,3,5,4,3,3,4,4,4,5,library,deep_study,mostly_solo,over_4h,evening,1,1,1,1,0,0,1,0,0,1,1,classroom,report_writing,solo,2_4h,evening,weekday,13.0,cloudy,indoor,first_time,3,4,4,3,3,3,4,4,3,4,12,12,20,12,12,12,12,12,4.3,4.9,20,1.0,75.6,65.1640544587283
I1943,U195,quiet_deepwork,P062,home_08,synthetic,train,4,3,5,4,3,3,4,4,4,5,library,deep_study,mostly_solo,over_4h,evening,1,1,1,1,0,0,1,0,0,1,1,home,report_writing,solo,2_4h,evening,weekday,6.5,clear,indoor,sometimes,4,3,4,4,4,5,5,5,4,5,16,9,20,16,15,16,16,20,4.3,2.4,25,1.0,79.4,82.22211516846156
I1944,U195,quiet_deepwork,P005,library_05,synthetic,train,4,3,5,4,3,3,4,4,4,5,library,deep_study,mostly_solo,over_4h,evening,1,1,1,1,0,0,1,0,0,1,1,library,light_reading,solo,2_4h,afternoon,weekday,3.9,rainy,indoor,often,5,4,4,5,3,4,4,5,4,4,20,12,20,20,12,16,12,16,2.3,1.4,15,0.5,75.7,77.84075469617433
I1945,U195,quiet_deepwork,P093,coworking_space_09,synthetic,train,4,3,5,4,3,3,4,4,4,5,library,deep_study,mostly_solo,over_4h,evening,1,1,1,1,0,0,1,0,0,1,1,coworking_space,deep_study,solo,2_4h,evening,weekend,2.9,clear,indoor,often,3,4,2,3,4,4,4,3,4,3,12,12,10,12,12,16,16,16,5.0,1.1,15,1.0,68.3,68.03601830158414
I1946,U195,quiet_deepwork,P022,study_room_04,synthetic,train,4,3,5,4,3,3,4,4,4,5,library,deep_study,mostly_solo,over_4h,evening,1,1,1,1,0,0,1,0,0,1,1,study_room,report_writing,solo,over_4h,morning,weekday,11.3,cold,indoor,first_time,4,5,3,4,5,3,4,5,4,4,16,15,15,16,12,16,20,12,4.3,4.2,25,0.0,71.2,72.04559715510823
I1947,U195,quiet_deepwork,P012,library_12,synthetic,train,4,3,5,4,3,3,4,4,4,5,library,deep_study,mostly_solo,over_4h,evening,1,1,1,1,0,0,1,0,0,1,1,library,deep_study,solo,2_4h,morning,weekday,7.0,cloudy,indoor,often,5,4,4,4,3,3,3,4,5,4,20,12,20,16,9,20,12,12,5.0,2.6,20,0.0,77.8,76.09048068889592
I1948,U195,quiet_deepwork,P070,classroom_08,synthetic,train,4,3,5,4,3,3,4,4,4,5,library,deep_study,mostly_solo,over_4h,evening,1,1,1,1,0,0,1,0,0,1,1,classroom,coding,2,2_4h,morning,weekday,9.6,clear,indoor,sometimes,3,4,3,2,3,2,3,3,2,3,12,12,15,8,9,8,12,8,4.5,3.6,15,0.0,65.8,55.5621413173499
I1949,U195,quiet_deepwork,P023,study_room_05,synthetic,train,4,3,5,4,3,3,4,4,4,5,library,deep_study,mostly_solo,over_4h,evening,1,1,1,1,0,0,1,0,0,1,1,study_room,online_class,2,1_2h,evening,weekday,18.4,clear,indoor,sometimes,5,4,3,4,4,4,3,5,4,4,20,12,15,16,9,16,16,16,3.3,6.9,15,1.0,67.0,69.00734260607702
I1950,U195,quiet_deepwork,P010,library_10,synthetic,train,4,3,5,4,3,3,4,4,4,5,library,deep_study,mostly_solo,over_4h,evening,1,1,1,1,0,0,1,0,0,1,1,library,online_class,solo,1_2h,late_night,weekday,2.2,clear,indoor,sometimes,5,5,4,4,3,4,4,3,4,5,20,15,20,16,12,16,12,16,3.3,0.8,9,0.5,74.1,74.57523808108054
I1951,U196,convenience_oriented,P101,dorm_lounge_05,synthetic,train,3,4,2,3,5,5,3,4,4,3,dorm_lounge,online_class,mixed,2_4h,morning,0,0,0,0,1,1,0,1,1,1,0,dorm_lounge,report_writing,solo,2_4h,morning,weekday,11.5,hot,indoor,first_time,3,4,2,2,3,4,4,3,4,3,9,16,4,6,20,12,12,16,2.6,7.2,9,1.0,50.4,53.2085966334774
I1952,U196,convenience_oriented,P021,study_room_03,synthetic,train,3,4,2,3,5,5,3,4,4,3,dorm_lounge,online_class,mixed,2_4h,morning,0,0,0,0,1,1,0,1,1,1,0,study_room,light_reading,solo,under_1h,evening,weekend,13.9,cloudy,indoor,often,5,4,4,4,3,4,4,4,4,2,15,16,8,12,20,12,12,16,1.4,8.7,12,0.0,62.3,61.835383783115866
I1953,U196,convenience_oriented,P022,study_room_04,synthetic,train,3,4,2,3,5,5,3,4,4,3,dorm_lounge,online_class,mixed,2_4h,morning,0,0,0,0,1,1,0,1,1,1,0,study_room,report_writing,solo,1_2h,evening,weekend,14.4,clear,indoor,often,4,5,3,4,5,3,4,5,4,4,12,20,6,12,20,12,20,12,2.6,9.0,15,0.0,61.0,63.838909402241065
I1954,U196,convenience_oriented,P015,library_15,synthetic,train,3,4,2,3,5,5,3,4,4,3,dorm_lounge,online_class,mixed,2_4h,morning,0,0,0,0,1,1,0,1,1,1,0,library,online_class,solo,under_1h,morning,weekday,18.1,cloudy,indoor,often,4,4,4,5,2,4,3,3,4,4,12,16,8,15,15,12,8,16,2.0,11.3,9,1.0,61.1,59.29706571366302
I1955,U196,convenience_oriented,P112,outdoor_04,synthetic,train,3,4,2,3,5,5,3,4,4,3,dorm_lounge,online_class,mixed,2_4h,morning,0,0,0,0,1,1,0,1,1,1,0,outdoor,deep_study,solo,2_4h,evening,weekday,10.9,clear,outdoor,sometimes,3,4,3,3,2,3,1,2,3,2,9,16,6,9,5,9,8,12,3.0,6.8,6,0.0,44.8,45.302766674532016
I1956,U196,convenience_oriented,P065,classroom_03,synthetic,train,3,4,2,3,5,5,3,4,4,3,dorm_lounge,online_class,mixed,2_4h,morning,0,0,0,0,1,1,0,1,1,1,0,classroom,meeting,5_plus,1_2h,evening,weekday,5.8,cloudy,indoor,sometimes,4,4,3,3,3,3,4,4,3,3,12,16,6,9,20,9,12,12,0.6,3.6,12,0.0,62.9,61.063481923559486
I1957,U196,convenience_oriented,P085,coworking_space_01,synthetic,train,3,4,2,3,5,5,3,4,4,3,dorm_lounge,online_class,mixed,2_4h,morning,0,0,0,0,1,1,0,1,1,1,0,coworking_space,team_project,2,1_2h,morning,weekend,9.0,rainy,indoor,rarely,3,5,2,3,4,3,4,5,4,3,9,20,4,9,20,12,16,12,0.8,5.6,15,1.0,56.7,60.36190349089105
I1958,U196,convenience_oriented,P016,library_16,synthetic,train,3,4,2,3,5,5,3,4,4,3,dorm_lounge,online_class,mixed,2_4h,morning,0,0,0,0,1,1,0,1,1,1,0,library,online_class,solo,under_1h,evening,weekend,9.1,cloudy,indoor,sometimes,5,4,3,5,3,4,3,3,4,4,15,16,6,15,15,12,12,16,2.0,5.7,9,0.0,65.5,62.573254044265106
I1959,U196,convenience_oriented,P084,computer_lab_10,synthetic,train,3,4,2,3,5,5,3,4,4,3,dorm_lounge,online_class,mixed,2_4h,morning,0,0,0,0,1,1,0,1,1,1,0,computer_lab,deep_study,solo,2_4h,early_morning,weekday,7.5,rainy,indoor,often,4,4,3,4,3,3,4,4,3,2,12,16,6,12,20,9,12,12,3.0,4.7,12,0.5,70.3,61.14862249424738
I1960,U196,convenience_oriented,P061,home_07,synthetic,train,3,4,2,3,5,5,3,4,4,3,dorm_lounge,online_class,mixed,2_4h,morning,0,0,0,0,1,1,0,1,1,1,0,home,team_project,3_4,over_4h,afternoon,weekday,14.5,clear,indoor,rarely,4,4,4,4,4,4,4,3,4,5,12,16,8,12,20,12,16,16,0.8,9.1,9,0.5,53.9,62.399365157897925
I1961,U197,balanced,P046,cafe_10,synthetic,train,4,4,4,4,5,4,5,3,5,4,computer_lab,online_class,mostly_solo,2_4h,late_night,1,1,1,1,1,1,1,1,1,1,1,cafe,online_class,solo,1_2h,afternoon,weekend,14.6,clear,indoor,often,3,4,2,3,2,4,3,3,3,3,12,16,8,12,15,15,6,20,2.6,7.3,9,0.0,51.3,59.826014927275196
I1962,U197,balanced,P021,study_room_03,synthetic,train,4,4,4,4,5,4,5,3,5,4,computer_lab,online_class,mostly_solo,2_4h,late_night,1,1,1,1,1,1,1,1,1,1,1,study_room,team_project,5_plus,over_4h,morning,weekday,17.0,rainy,indoor,sometimes,5,4,4,4,3,4,4,5,4,2,20,16,16,16,20,20,9,20,1.0,8.5,15,0.0,74.8,75.04492454395844
I1963,U197,balanced,P027,study_room_09,synthetic,train,4,4,4,4,5,4,5,3,5,4,computer_lab,online_class,mostly_solo,2_4h,late_night,1,1,1,1,1,1,1,1,1,1,1,study_room,deep_study,solo,2_4h,early_morning,weekday,9.5,rainy,indoor,rarely,5,3,3,4,4,3,3,5,3,3,20,12,12,16,15,15,12,15,4.0,4.8,20,0.0,80.4,69.57460202266466
I1964,U197,balanced,P053,cafe_17,synthetic,train,4,4,4,4,5,4,5,3,5,4,computer_lab,online_class,mostly_solo,2_4h,late_night,1,1,1,1,1,1,1,1,1,1,1,cafe,light_reading,2,2_4h,late_night,weekday,14.5,clear,indoor,often,3,4,2,2,2,3,3,5,3,3,12,16,8,8,15,15,6,15,1.8,7.2,15,1.0,49.2,56.60365983677339
I1965,U197,balanced,P012,library_12,synthetic,train,4,4,4,4,5,4,5,3,5,4,computer_lab,online_class,mostly_solo,2_4h,late_night,1,1,1,1,1,1,1,1,1,1,1,library,team_project,5_plus,1_2h,evening,weekend,11.3,clear,indoor,rarely,5,4,4,4,3,3,3,2,5,4,20,16,16,16,15,25,9,15,1.0,5.6,6,0.5,73.8,72.1701217381778
I1966,U197,balanced,P052,cafe_16,synthetic,train,4,4,4,4,5,4,5,3,5,4,computer_lab,online_class,mostly_solo,2_4h,late_night,1,1,1,1,1,1,1,1,1,1,1,cafe,deep_study,solo,2_4h,evening,weekday,11.9,cloudy,indoor,often,3,5,3,2,2,3,3,2,4,3,12,20,12,8,15,20,6,15,4.0,6.0,8,0.5,51.2,60.018986730861414
I1967,U197,balanced,P038,cafe_02,synthetic,train,4,4,4,4,5,4,5,3,5,4,computer_lab,online_class,mostly_solo,2_4h,late_night,1,1,1,1,1,1,1,1,1,1,1,cafe,coding,solo,over_4h,evening,weekday,22.0,cloudy,indoor,rarely,2,4,3,2,2,4,3,4,3,3,8,16,12,8,15,15,6,20,3.6,11.0,16,0.5,64.1,55.175356046239855
I1968,U197,balanced,P017,library_17,synthetic,train,4,4,4,4,5,4,5,3,5,4,computer_lab,online_class,mostly_solo,2_4h,late_night,1,1,1,1,1,1,1,1,1,1,1,library,online_class,solo,1_2h,late_night,weekday,7.3,rainy,indoor,first_time,5,4,4,5,3,3,4,4,5,4,20,16,16,20,20,25,9,15,2.6,3.7,12,1.0,69.4,74.9385859168866
I1969,U197,balanced,P033,study_room_15,synthetic,train,4,4,4,4,5,4,5,3,5,4,computer_lab,online_class,mostly_solo,2_4h,late_night,1,1,1,1,1,1,1,1,1,1,1,study_room,deep_study,solo,2_4h,late_night,weekday,1.0,cloudy,indoor,rarely,5,3,4,3,4,4,4,5,5,4,20,12,16,12,20,25,12,20,4.0,0.5,20,1.0,74.1,79.95233734541401
I1970,U197,balanced,P004,library_04,synthetic,train,4,4,4,4,5,4,5,3,5,4,computer_lab,online_class,mostly_solo,2_4h,late_night,1,1,1,1,1,1,1,1,1,1,1,library,report_writing,solo,1_2h,evening,weekday,5.7,cloudy,indoor,often,5,3,3,4,2,4,4,5,3,4,20,12,12,16,20,15,6,20,3.4,2.8,20,0.5,82.1,75.90415421869307
I1971,U198,social_collaborative,P049,cafe_13,synthetic,valid,3,3,3,3,3,3,4,3,5,3,outdoor,coding,mostly_group,1_2h,afternoon,0,0,0,1,0,0,0,0,0,1,0,cafe,online_class,3_4,1_2h,afternoon,weekday,8.7,hot,indoor,sometimes,3,4,2,3,3,3,2,3,4,2,9,12,6,9,6,16,9,15,2.0,3.3,9,1.0,50.4,50.661321115307835
I1972,U198,social_collaborative,P038,cafe_02,synthetic,valid,3,3,3,3,3,3,4,3,5,3,outdoor,coding,mostly_group,1_2h,afternoon,0,0,0,1,0,0,0,0,0,1,0,cafe,team_project,2,1_2h,morning,weekday,22.1,cloudy,indoor,sometimes,2,4,3,2,2,4,3,4,3,3,6,12,9,6,9,12,6,20,0.8,8.3,12,0.5,45.6,54.49225140145666
I1973,U198,social_collaborative,P008,library_08,synthetic,valid,3,3,3,3,3,3,4,3,5,3,outdoor,coding,mostly_group,1_2h,afternoon,0,0,0,1,0,0,0,0,0,1,0,library,deep_study,solo,over_4h,evening,weekday,14.0,rainy,indoor,sometimes,5,5,4,4,2,3,4,5,4,4,15,15,12,12,12,16,6,15,3.0,5.3,15,0.5,67.0,64.16441333021746
I1974,U198,social_collaborative,P031,study_room_13,synthetic,valid,3,3,3,3,3,3,4,3,5,3,outdoor,coding,mostly_group,1_2h,afternoon,0,0,0,1,0,0,0,0,0,1,0,study_room,coding,solo,2_4h,early_morning,weekend,1.0,clear,indoor,often,5,4,4,4,4,4,4,5,5,4,15,12,12,12,12,20,12,20,2.7,0.4,15,0.0,73.5,73.3789236109397
I1975,U198,social_collaborative,P002,library_02,synthetic,valid,3,3,3,3,3,3,4,3,5,3,outdoor,coding,mostly_group,1_2h,afternoon,0,0,0,1,0,0,0,0,0,1,0,library,deep_study,solo,2_4h,evening,weekday,11.6,clear,indoor,sometimes,5,5,4,4,2,3,4,5,4,4,15,15,12,12,12,16,6,15,3.0,4.3,15,0.5,67.0,65.73001140946569
I1976,U198,social_collaborative,P035,study_room_17,synthetic,valid,3,3,3,3,3,3,4,3,5,3,outdoor,coding,mostly_group,1_2h,afternoon,0,0,0,1,0,0,0,0,0,1,0,study_room,online_class,solo,1_2h,afternoon,weekday,1.9,cloudy,indoor,rarely,4,4,4,4,3,4,5,4,4,3,12,12,12,12,15,16,9,20,2.0,0.7,12,1.0,68.4,66.80321233774103
I1977,U198,social_collaborative,P056,home_02,synthetic,valid,3,3,3,3,3,3,4,3,5,3,outdoor,coding,mostly_group,1_2h,afternoon,0,0,0,1,0,0,0,0,0,1,0,home,light_reading,3_4,1_2h,early_morning,weekend,13.3,cold,indoor,sometimes,4,3,5,4,5,4,5,5,5,5,12,9,15,12,15,20,15,20,1.4,5.0,15,0.0,78.5,69.89272930846839
I1978,U198,social_collaborative,P091,coworking_space_07,synthetic,valid,3,3,3,3,3,3,4,3,5,3,outdoor,coding,mostly_group,1_2h,afternoon,0,0,0,1,0,0,0,0,0,1,0,coworking_space,light_reading,solo,1_2h,afternoon,weekday,19.2,clear,indoor,often,4,4,4,3,4,5,4,4,3,4,12,12,12,9,12,12,12,25,1.4,7.2,12,1.0,60.3,64.46309750378717
I1979,U198,social_collaborative,P033,study_room_15,synthetic,valid,3,3,3,3,3,3,4,3,5,3,outdoor,coding,mostly_group,1_2h,afternoon,0,0,0,1,0,0,0,0,0,1,0,study_room,team_project,3_4,1_2h,evening,weekday,1.0,clear,indoor,sometimes,5,3,4,3,4,4,4,4,5,4,15,9,12,9,12,20,12,20,0.8,0.4,12,0.5,78.1,73.6188431931277
I1980,U198,social_collaborative,P092,coworking_space_08,synthetic,valid,3,3,3,3,3,3,4,3,5,3,outdoor,coding,mostly_group,1_2h,afternoon,0,0,0,1,0,0,0,0,0,1,0,coworking_space,team_project,2,2_4h,evening,weekend,7.3,clear,indoor,sometimes,2,4,3,4,3,4,4,5,4,3,6,12,9,12,12,16,9,20,0.8,2.7,15,0.5,64.3,63.86655971472064
I1981,U199,balanced,P004,library_04,synthetic,train,4,4,4,3,5,4,4,4,5,4,study_room,team_project,mostly_solo,1_2h,late_night,1,1,0,1,1,1,1,1,1,1,0,library,online_class,solo,1_2h,evening,weekday,3.4,clear,indoor,often,5,3,3,4,2,4,4,3,3,4,20,12,12,12,20,12,8,20,2.6,1.7,9,0.5,60.4,71.19459762807975
I1982,U199,balanced,P073,classroom_11,synthetic,train,4,4,4,3,5,4,4,4,5,4,study_room,team_project,mostly_solo,1_2h,late_night,1,1,0,1,1,1,1,1,1,1,0,classroom,deep_study,solo,over_4h,late_night,weekday,15.9,rainy,indoor,often,4,5,3,3,4,3,3,3,3,4,16,20,12,9,15,12,16,15,4.0,8.0,12,1.0,71.1,63.38076441997399
I1983,U199,balanced,P012,library_12,synthetic,train,4,4,4,3,5,4,4,4,5,4,study_room,team_project,mostly_solo,1_2h,late_night,1,1,0,1,1,1,1,1,1,1,0,library,deep_study,solo,1_2h,late_night,weekday,8.5,clear,indoor,rarely,5,4,4,4,3,3,3,4,5,4,20,16,16,12,15,20,12,15,4.0,4.2,16,1.0,69.1,72.27619388767036
I1984,U199,balanced,P084,computer_lab_10,synthetic,train,4,4,4,3,5,4,4,4,5,4,study_room,team_project,mostly_solo,1_2h,late_night,1,1,0,1,1,1,1,1,1,1,0,computer_lab,online_class,solo,under_1h,evening,weekday,8.6,rainy,indoor,sometimes,4,4,3,4,3,3,4,4,3,2,16,16,12,12,20,12,12,15,2.6,4.3,12,0.5,65.1,66.83236932155572
I1985,U199,balanced,P072,classroom_10,synthetic,train,4,4,4,3,5,4,4,4,5,4,study_room,team_project,mostly_solo,1_2h,late_night,1,1,0,1,1,1,1,1,1,1,0,classroom,online_class,2,2_4h,late_night,weekday,16.4,hot,indoor,rarely,3,3,4,3,3,3,4,3,3,3,12,12,16,9,20,12,12,15,2.6,8.2,9,1.0,65.0,54.65904618695749
I1986,U199,balanced,P048,cafe_12,synthetic,train,4,4,4,3,5,4,4,4,5,4,study_room,team_project,mostly_solo,1_2h,late_night,1,1,0,1,1,1,1,1,1,1,0,cafe,online_class,solo,under_1h,late_night,weekend,5.3,rainy,indoor,often,2,5,2,3,1,4,3,2,3,3,8,20,8,9,15,12,4,20,2.6,2.6,6,1.0,62.7,58.660892633980595
I1987,U199,balanced,P110,outdoor_02,synthetic,train,4,4,4,3,5,4,4,4,5,4,study_room,team_project,mostly_solo,1_2h,late_night,1,1,0,1,1,1,1,1,1,1,0,outdoor,report_writing,2,1_2h,evening,weekend,10.0,cloudy,outdoor,often,3,4,3,3,2,3,2,2,2,3,12,16,12,9,10,8,8,15,3.4,5.0,8,0.5,53.0,50.695477459073004
I1988,U199,balanced,P079,computer_lab_05,synthetic,train,4,4,4,3,5,4,4,4,5,4,study_room,team_project,mostly_solo,1_2h,late_night,1,1,0,1,1,1,1,1,1,1,0,computer_lab,team_project,3_4,1_2h,evening,weekday,4.6,clear,indoor,rarely,4,4,3,3,3,4,5,4,4,3,16,16,12,9,25,16,12,20,1.0,2.3,12,0.5,75.2,73.70481321792606
I1989,U199,balanced,P018,library_18,synthetic,train,4,4,4,3,5,4,4,4,5,4,study_room,team_project,mostly_solo,1_2h,late_night,1,1,0,1,1,1,1,1,1,1,0,library,report_writing,solo,2_4h,late_night,weekday,8.4,rainy,indoor,often,5,4,3,4,3,3,4,4,4,3,20,16,12,12,20,16,12,15,3.4,4.2,16,1.0,73.7,72.56694312006687
I1990,U199,balanced,P084,computer_lab_10,synthetic,train,4,4,4,3,5,4,4,4,5,4,study_room,team_project,mostly_solo,1_2h,late_night,1,1,0,1,1,1,1,1,1,1,0,computer_lab,coding,solo,2_4h,evening,weekday,12.5,clear,indoor,sometimes,4,4,3,4,3,3,4,5,3,2,16,16,12,12,20,12,12,15,3.6,6.3,20,0.5,76.8,67.88469678652638
I1991,U200,comfort_oriented,P048,cafe_12,synthetic,train,4,4,4,5,4,4,5,5,5,4,home,team_project,mostly_solo,2_4h,evening,1,1,1,1,1,1,1,1,1,1,1,cafe,deep_study,solo,2_4h,evening,weekday,5.8,clear,indoor,sometimes,2,5,2,3,1,4,3,2,3,3,8,20,8,15,12,15,5,20,4.0,2.9,8,1.0,61.6,59.7487585271944
I1992,U200,comfort_oriented,P054,cafe_18,synthetic,train,4,4,4,5,4,4,5,5,5,4,home,team_project,mostly_solo,2_4h,evening,1,1,1,1,1,1,1,1,1,1,1,cafe,team_project,2,1_2h,evening,weekday,15.3,cloudy,indoor,rarely,3,5,2,3,2,3,3,4,4,3,12,20,8,15,12,20,10,15,1.0,7.7,12,1.0,58.2,61.182017718703385
I1993,U200,comfort_oriented,P006,library_06,synthetic,train,4,4,4,5,4,4,5,5,5,4,home,team_project,mostly_solo,2_4h,evening,1,1,1,1,1,1,1,1,1,1,1,library,coding,solo,1_2h,afternoon,weekday,11.0,clear,indoor,sometimes,4,4,4,5,2,3,4,4,5,4,16,16,16,25,16,25,10,15,3.6,5.5,16,0.5,80.2,75.52696097102626
I1994,U200,comfort_oriented,P059,home_05,synthetic,train,4,4,4,5,4,4,5,5,5,4,home,team_project,mostly_solo,2_4h,evening,1,1,1,1,1,1,1,1,1,1,1,home,light_reading,solo,2_4h,evening,weekday,14.3,clear,indoor,often,4,5,5,4,5,4,4,4,5,5,16,20,20,20,16,25,25,20,1.8,7.2,12,1.0,72.9,81.13315386258931
I1995,U200,comfort_oriented,P036,study_room_18,synthetic,train,4,4,4,5,4,4,5,5,5,4,home,team_project,mostly_solo,2_4h,evening,1,1,1,1,1,1,1,1,1,1,1,study_room,deep_study,solo,over_4h,evening,weekday,18.5,clear,indoor,sometimes,5,4,4,4,4,4,5,4,4,4,20,16,16,20,20,20,20,20,4.0,9.2,16,1.0,76.9,77.00776357123897
I1996,U200,comfort_oriented,P096,coworking_space_12,synthetic,train,4,4,4,5,4,4,5,5,5,4,home,team_project,mostly_solo,2_4h,evening,1,1,1,1,1,1,1,1,1,1,1,coworking_space,report_writing,solo,1_2h,evening,weekend,8.7,clear,indoor,sometimes,3,3,4,3,3,5,5,4,4,3,12,12,16,15,20,20,15,25,3.4,4.3,16,1.0,71.3,74.71039974907754
I1997,U200,comfort_oriented,P099,dorm_lounge_03,synthetic,train,4,4,4,5,4,4,5,5,5,4,home,team_project,mostly_solo,2_4h,evening,1,1,1,1,1,1,1,1,1,1,1,dorm_lounge,light_reading,solo,2_4h,morning,weekend,6.2,cloudy,indoor,often,4,4,3,3,3,3,4,4,3,3,16,16,12,15,16,15,15,15,1.8,3.1,12,0.0,69.0,68.45859005982996
I1998,U200,comfort_oriented,P041,cafe_05,synthetic,train,4,4,4,5,4,4,5,5,5,4,home,team_project,mostly_solo,2_4h,evening,1,1,1,1,1,1,1,1,1,1,1,cafe,light_reading,solo,2_4h,evening,weekday,8.6,cloudy,indoor,often,2,4,2,3,2,4,4,4,4,3,8,16,8,15,16,20,10,20,1.8,4.3,12,1.0,68.2,64.60164431965208
I1999,U200,comfort_oriented,P028,study_room_10,synthetic,train,4,4,4,5,4,4,5,5,5,4,home,team_project,mostly_solo,2_4h,evening,1,1,1,1,1,1,1,1,1,1,1,study_room,light_reading,solo,1_2h,afternoon,weekday,15.9,cloudy,indoor,rarely,4,4,3,3,4,4,5,4,4,3,16,16,12,15,20,20,20,20,1.8,7.9,12,0.5,63.6,69.6412390362214
I2000,U200,comfort_oriented,P016,library_16,synthetic,train,4,4,4,5,4,4,5,5,5,4,home,team_project,mostly_solo,2_4h,evening,1,1,1,1,1,1,1,1,1,1,1,library,coding,solo,over_4h,afternoon,weekday,12.6,cloudy,indoor,first_time,5,4,3,5,3,4,3,4,4,4,20,16,12,25,12,20,15,20,3.6,6.3,16,0.5,69.7,72.86203804714356
I2001,U201,social_collaborative,P063,classroom_01,synthetic,train,3,3,3,3,3,3,5,3,5,2,outdoor,light_reading,mostly_group,1_2h,morning,0,0,0,1,0,0,0,0,0,1,0,classroom,deep_study,solo,over_4h,evening,weekday,18.7,cloudy,indoor,sometimes,3,4,3,3,2,3,3,4,3,3,9,12,9,9,9,15,6,15,2.0,7.0,8,0.0,52.1,50.78605183336471
I2002,U201,social_collaborative,P085,coworking_space_01,synthetic,train,3,3,3,3,3,3,5,3,5,2,outdoor,light_reading,mostly_group,1_2h,morning,0,0,0,1,0,0,0,0,0,1,0,coworking_space,online_class,solo,2_4h,late_night,weekday,9.3,clear,indoor,sometimes,3,5,2,3,4,3,4,4,4,3,9,15,6,9,12,20,12,15,1.3,3.5,12,0.0,63.5,57.856418604048585
I2003,U201,social_collaborative,P014,library_14,synthetic,train,3,3,3,3,3,3,5,3,5,2,outdoor,light_reading,mostly_group,1_2h,morning,0,0,0,1,0,0,0,0,0,1,0,library,report_writing,3_4,under_1h,morning,weekday,11.4,hot,indoor,sometimes,5,4,5,4,3,4,4,5,4,4,15,12,15,12,12,20,9,20,1.7,4.3,10,1.0,63.6,66.75511888814218
I2004,U201,social_collaborative,P101,dorm_lounge_05,synthetic,train,3,3,3,3,3,3,5,3,5,2,outdoor,light_reading,mostly_group,1_2h,morning,0,0,0,1,0,0,0,0,0,1,0,dorm_lounge,meeting,3_4,1_2h,afternoon,weekday,4.3,clear,indoor,first_time,3,4,2,2,3,4,4,4,4,3,9,12,6,6,12,20,9,20,0.4,1.6,12,0.5,60.5,60.44224486718026
I2005,U201,social_collaborative,P020,study_room_02,synthetic,train,3,3,3,3,3,3,5,3,5,2,outdoor,light_reading,mostly_group,1_2h,morning,0,0,0,1,0,0,0,0,0,1,0,study_room,team_project,3_4,2_4h,morning,weekday,5.2,clear,indoor,often,4,4,4,5,3,4,4,5,4,4,12,12,12,15,12,20,9,20,0.5,1.9,15,1.0,78.6,73.03497718119212
I2006,U201,social_collaborative,P002,library_02,synthetic,train,3,3,3,3,3,3,5,3,5,2,outdoor,light_reading,mostly_group,1_2h,morning,0,0,0,1,0,0,0,0,0,1,0,library,coding,solo,2_4h,morning,weekend,4.1,clear,indoor,sometimes,5,5,4,4,2,3,4,3,4,4,15,15,12,12,12,20,6,15,1.8,1.5,6,1.0,73.3,63.94992838518362
I2007,U201,social_collaborative,P023,study_room_05,synthetic,train,3,3,3,3,3,3,5,3,5,2,outdoor,light_reading,mostly_group,1_2h,morning,0,0,0,1,0,0,0,0,0,1,0,study_room,meeting,5_plus,2_4h,afternoon,weekday,15.9,cloudy,indoor,sometimes,5,4,3,4,4,4,3,4,4,4,15,12,9,12,9,20,12,20,0.4,6.0,12,0.5,60.4,65.44761760449222
I2008,U201,social_collaborative,P054,cafe_18,synthetic,train,3,3,3,3,3,3,5,3,5,2,outdoor,light_reading,mostly_group,1_2h,morning,0,0,0,1,0,0,0,0,0,1,0,cafe,team_project,5_plus,1_2h,morning,weekday,9.4,rainy,indoor,rarely,3,5,2,3,2,3,3,5,4,3,9,15,6,9,9,20,6,15,0.5,3.5,15,1.0,62.7,57.77217353994022
I2009,U201,social_collaborative,P032,study_room_14,synthetic,train,3,3,3,3,3,3,5,3,5,2,outdoor,light_reading,mostly_group,1_2h,morning,0,0,0,1,0,0,0,0,0,1,0,study_room,deep_study,solo,1_2h,evening,weekend,17.3,clear,indoor,often,4,4,4,4,4,3,4,5,4,4,12,12,12,12,12,20,12,15,2.0,6.5,10,0.0,54.1,62.76671416693893
I2010,U201,social_collaborative,P040,cafe_04,synthetic,train,3,3,3,3,3,3,5,3,5,2,outdoor,light_reading,mostly_group,1_2h,morning,0,0,0,1,0,0,0,0,0,1,0,cafe,team_project,2,1_2h,morning,weekday,7.8,clear,indoor,sometimes,3,4,2,3,3,4,3,4,4,3,9,12,6,9,9,20,9,20,0.5,2.9,12,1.0,61.9,60.75392860671496
I2011,U202,social_collaborative,P028,study_room_10,synthetic,test,4,4,2,3,3,3,3,3,5,3,coworking_space,coding,mostly_group,under_1h,morning,1,0,0,0,0,0,1,0,0,1,0,study_room,meeting,2,1_2h,morning,weekday,11.9,hot,indoor,rarely,4,4,3,3,4,4,5,4,4,3,16,16,6,9,15,12,12,20,0.6,4.5,12,1.0,74.9,64.15454866240485
I2012,U202,social_collaborative,P084,computer_lab_10,synthetic,test,4,4,2,3,3,3,3,3,5,3,coworking_space,coding,mostly_group,under_1h,morning,1,0,0,0,0,0,1,0,0,1,0,computer_lab,meeting,2,1_2h,morning,weekday,14.1,hot,indoor,sometimes,4,4,3,4,3,3,4,3,3,2,16,16,6,12,12,9,9,15,0.6,5.3,9,1.0,57.2,59.236136724772585
I2013,U202,social_collaborative,P013,library_13,synthetic,test,4,4,2,3,3,3,3,3,5,3,coworking_space,coding,mostly_group,under_1h,morning,1,0,0,0,0,0,1,0,0,1,0,library,team_project,2,1_2h,afternoon,weekday,3.7,cloudy,indoor,often,5,4,4,4,3,3,5,2,4,4,20,16,8,12,15,12,9,15,0.8,1.4,6,0.5,62.6,67.0108701718648
I2014,U202,social_collaborative,P034,study_room_16,synthetic,test,4,4,2,3,3,3,3,3,5,3,coworking_space,coding,mostly_group,under_1h,morning,1,0,0,0,0,0,1,0,0,1,0,study_room,team_project,5_plus,1_2h,evening,weekday,10.2,hot,indoor,often,4,4,4,4,4,3,4,5,5,3,16,16,8,12,12,15,12,15,0.8,3.8,15,0.0,71.0,67.48701772858277
I2015,U202,social_collaborative,P105,dorm_lounge_09,synthetic,test,4,4,2,3,3,3,3,3,5,3,coworking_space,coding,mostly_group,under_1h,morning,1,0,0,0,0,0,1,0,0,1,0,dorm_lounge,team_project,5_plus,2_4h,morning,weekday,14.8,cold,indoor,often,3,3,3,2,3,3,4,5,4,3,12,12,6,6,12,12,9,15,0.8,5.6,15,1.0,61.5,61.34692704083299
I2016,U202,social_collaborative,P099,dorm_lounge_03,synthetic,test,4,4,2,3,3,3,3,3,5,3,coworking_space,coding,mostly_group,under_1h,morning,1,0,0,0,0,0,1,0,0,1,0,dorm_lounge,coding,2,2_4h,morning,weekday,9.0,hot,indoor,first_time,4,4,3,3,3,3,4,3,3,3,16,16,6,9,12,9,9,15,2.7,3.4,9,1.0,54.7,52.15485793920496
I2017,U202,social_collaborative,P118,outdoor_10,synthetic,test,4,4,2,3,3,3,3,3,5,3,coworking_space,coding,mostly_group,under_1h,morning,1,0,0,0,0,0,1,0,0,1,0,outdoor,team_project,3_4,1_2h,afternoon,weekend,11.2,clear,outdoor,often,3,5,3,3,3,3,2,3,3,3,12,20,6,9,6,9,9,15,0.8,4.2,9,0.5,63.2,55.41122480909858
I2018,U202,social_collaborative,P089,coworking_space_05,synthetic,test,4,4,2,3,3,3,3,3,5,3,coworking_space,coding,mostly_group,under_1h,morning,1,0,0,0,0,0,1,0,0,1,0,coworking_space,meeting,2,1_2h,evening,weekend,22.0,clear,indoor,often,3,5,4,3,4,4,5,4,4,3,12,20,8,9,15,12,12,20,0.6,8.2,12,0.0,56.4,63.273792516972826
I2019,U202,social_collaborative,P065,classroom_03,synthetic,test,4,4,2,3,3,3,3,3,5,3,coworking_space,coding,mostly_group,under_1h,morning,1,0,0,0,0,0,1,0,0,1,0,classroom,coding,solo,over_4h,morning,weekend,8.9,clear,indoor,rarely,4,4,3,3,3,3,4,4,3,3,16,16,6,9,12,9,9,15,2.7,3.3,12,1.0,65.9,59.037733832729685
I2020,U202,social_collaborative,P025,study_room_07,synthetic,test,4,4,2,3,3,3,3,3,5,3,coworking_space,coding,mostly_group,under_1h,morning,1,0,0,0,0,0,1,0,0,1,0,study_room,online_class,solo,2_4h,afternoon,weekday,6.6,clear,indoor,rarely,4,4,3,4,4,4,4,4,4,3,16,16,6,12,12,12,12,20,2.0,2.5,12,0.5,73.1,64.61113253218107
I2021,U203,social_collaborative,P023,study_room_05,synthetic,valid,3,5,3,3,4,4,3,3,4,3,dorm_lounge,meeting,mostly_group,over_4h,morning,0,0,0,0,1,1,0,1,1,1,0,study_room,team_project,5_plus,1_2h,afternoon,weekday,19.3,hot,indoor,often,5,4,3,4,4,4,3,4,4,4,15,20,9,12,12,12,12,16,0.8,9.7,12,0.5,59.0,60.87271228020645
I2022,U203,social_collaborative,P114,outdoor_06,synthetic,valid,3,5,3,3,4,4,3,3,4,3,dorm_lounge,meeting,mostly_group,over_4h,morning,0,0,0,0,1,1,0,1,1,1,0,outdoor,deep_study,2,2_4h,afternoon,weekday,12.2,clear,outdoor,sometimes,3,4,3,3,2,2,1,2,3,3,9,20,9,9,4,9,6,8,3.0,6.1,6,0.5,35.6,40.126432603319785
I2023,U203,social_collaborative,P067,classroom_05,synthetic,valid,3,5,3,3,4,4,3,3,4,3,dorm_lounge,meeting,mostly_group,over_4h,morning,0,0,0,0,1,1,0,1,1,1,0,classroom,coding,3_4,2_4h,evening,weekend,7.2,cloudy,indoor,sometimes,3,4,3,3,3,2,3,3,3,3,9,20,9,9,12,9,9,8,2.7,3.6,9,0.0,48.0,49.41514841533049
I2024,U203,social_collaborative,P094,coworking_space_10,synthetic,valid,3,5,3,3,4,4,3,3,4,3,dorm_lounge,meeting,mostly_group,over_4h,morning,0,0,0,0,1,1,0,1,1,1,0,coworking_space,team_project,3_4,1_2h,evening,weekday,4.7,rainy,indoor,first_time,3,5,3,4,3,4,3,4,4,4,9,25,9,12,12,12,9,16,0.8,2.3,12,0.0,58.1,60.95596276552955
I2025,U203,social_collaborative,P055,home_01,synthetic,valid,3,5,3,3,4,4,3,3,4,3,dorm_lounge,meeting,mostly_group,over_4h,morning,0,0,0,0,1,1,0,1,1,1,0,home,team_project,3_4,under_1h,afternoon,weekday,11.5,clear,indoor,rarely,4,3,5,4,4,5,5,3,4,5,12,15,15,12,20,12,12,20,0.8,5.7,9,0.5,61.4,65.7115333508657
I2026,U203,social_collaborative,P094,coworking_space_10,synthetic,valid,3,5,3,3,4,4,3,3,4,3,dorm_lounge,meeting,mostly_group,over_4h,morning,0,0,0,0,1,1,0,1,1,1,0,coworking_space,meeting,3_4,under_1h,late_night,weekend,12.8,clear,indoor,sometimes,3,5,3,4,3,4,3,5,4,4,9,25,9,12,12,12,9,16,0.6,6.4,15,0.0,72.1,62.184617859168696
I2027,U203,social_collaborative,P029,study_room_11,synthetic,valid,3,5,3,3,4,4,3,3,4,3,dorm_lounge,meeting,mostly_group,over_4h,morning,0,0,0,0,1,1,0,1,1,1,0,study_room,team_project,3_4,1_2h,early_morning,weekday,10.1,rainy,indoor,often,4,4,3,4,2,4,4,5,4,3,12,20,9,12,16,12,6,16,0.8,5.1,15,0.5,64.0,64.81249042235461
I2028,U203,social_collaborative,P088,coworking_space_04,synthetic,valid,3,5,3,3,4,4,3,3,4,3,dorm_lounge,meeting,mostly_group,over_4h,morning,0,0,0,0,1,1,0,1,1,1,0,coworking_space,report_writing,solo,2_4h,afternoon,weekday,17.7,rainy,indoor,rarely,3,4,3,3,4,4,4,4,5,4,9,20,9,9,16,15,12,16,2.6,8.9,12,0.5,65.6,55.925661193120995
I2029,U203,social_collaborative,P101,dorm_lounge_05,synthetic,valid,3,5,3,3,4,4,3,3,4,3,dorm_lounge,meeting,mostly_group,over_4h,morning,0,0,0,0,1,1,0,1,1,1,0,dorm_lounge,online_class,solo,under_1h,morning,weekend,2.3,clear,indoor,sometimes,3,4,2,2,3,4,4,4,4,3,9,20,6,6,16,12,9,16,2.0,1.2,12,1.0,66.2,60.72196675169994
I2030,U203,social_collaborative,P024,study_room_06,synthetic,valid,3,5,3,3,4,4,3,3,4,3,dorm_lounge,meeting,mostly_group,over_4h,morning,0,0,0,0,1,1,0,1,1,1,0,study_room,meeting,5_plus,1_2h,afternoon,weekday,1.4,rainy,indoor,rarely,4,4,3,4,3,4,4,4,4,3,12,20,9,12,16,12,9,16,0.6,0.7,12,0.5,70.2,63.72953333055481
I2031,U204,quiet_deepwork,P003,library_03,synthetic,train,5,5,5,5,4,4,4,4,5,5,library,online_class,mostly_solo,1_2h,afternoon,1,1,1,1,1,1,1,1,1,1,1,library,deep_study,2,2_4h,afternoon,weekend,5.7,hot,indoor,sometimes,5,3,4,5,3,3,4,4,4,4,25,15,20,25,16,16,12,15,5.0,2.8,20,1.0,69.5,77.29290076120196
I2032,U204,quiet_deepwork,P020,study_room_02,synthetic,train,5,5,5,5,4,4,4,4,5,5,library,online_class,mostly_solo,1_2h,afternoon,1,1,1,1,1,1,1,1,1,1,1,study_room,light_reading,3_4,2_4h,afternoon,weekday,8.4,rainy,indoor,often,4,4,4,5,3,4,4,4,4,4,20,20,20,25,16,16,12,20,2.3,4.2,12,1.0,76.6,77.76520108333314
I2033,U204,quiet_deepwork,P064,classroom_02,synthetic,train,5,5,5,5,4,4,4,4,5,5,library,online_class,mostly_solo,1_2h,afternoon,1,1,1,1,1,1,1,1,1,1,1,classroom,coding,solo,2_4h,morning,weekday,8.4,cloudy,indoor,first_time,4,4,3,3,3,3,3,5,3,3,20,20,15,15,12,12,12,15,4.5,4.2,25,0.5,75.8,71.68364386300831
I2034,U204,quiet_deepwork,P092,coworking_space_08,synthetic,train,5,5,5,5,4,4,4,4,5,5,library,online_class,mostly_solo,1_2h,afternoon,1,1,1,1,1,1,1,1,1,1,1,coworking_space,light_reading,2,2_4h,afternoon,weekday,9.4,cold,indoor,sometimes,2,4,3,4,3,4,4,3,4,3,10,20,15,20,16,16,12,20,2.3,4.7,9,1.0,74.1,64.6127558876452
I2035,U204,quiet_deepwork,P059,home_05,synthetic,train,5,5,5,5,4,4,4,4,5,5,library,online_class,mostly_solo,1_2h,afternoon,1,1,1,1,1,1,1,1,1,1,1,home,deep_study,solo,1_2h,evening,weekday,11.0,cloudy,indoor,rarely,4,5,5,4,5,4,4,4,5,5,20,25,25,20,16,20,20,20,5.0,5.5,20,0.5,91.6,84.46532577302204
I2036,U204,quiet_deepwork,P012,library_12,synthetic,train,5,5,5,5,4,4,4,4,5,5,library,online_class,mostly_solo,1_2h,afternoon,1,1,1,1,1,1,1,1,1,1,1,library,report_writing,solo,over_4h,evening,weekday,6.8,clear,indoor,sometimes,5,4,4,4,3,3,3,5,5,4,25,20,20,20,12,20,12,15,4.3,3.4,25,0.5,87.5,84.34684224717111
I2037,U204,quiet_deepwork,P004,library_04,synthetic,train,5,5,5,5,4,4,4,4,5,5,library,online_class,mostly_solo,1_2h,afternoon,1,1,1,1,1,1,1,1,1,1,1,library,online_class,2,2_4h,afternoon,weekday,1.0,rainy,indoor,often,5,3,3,4,2,4,4,4,3,4,25,15,15,20,16,12,8,20,3.3,0.5,12,1.0,75.2,75.65395182125238
I2038,U204,quiet_deepwork,P016,library_16,synthetic,train,5,5,5,5,4,4,4,4,5,5,library,online_class,mostly_solo,1_2h,afternoon,1,1,1,1,1,1,1,1,1,1,1,library,online_class,solo,1_2h,afternoon,weekday,13.5,cloudy,indoor,often,5,4,3,5,3,4,3,4,4,4,25,20,15,25,12,16,12,20,3.3,6.8,12,1.0,83.0,78.76802482204448
I2039,U204,quiet_deepwork,P029,study_room_11,synthetic,train,5,5,5,5,4,4,4,4,5,5,library,online_class,mostly_solo,1_2h,afternoon,1,1,1,1,1,1,1,1,1,1,1,study_room,coding,solo,2_4h,afternoon,weekday,12.3,clear,indoor,often,4,4,3,4,2,4,4,5,4,3,20,20,15,20,16,16,8,20,4.5,6.1,25,1.0,68.7,78.99669865334157
I2040,U204,quiet_deepwork,P005,library_05,synthetic,train,5,5,5,5,4,4,4,4,5,5,library,online_class,mostly_solo,1_2h,afternoon,1,1,1,1,1,1,1,1,1,1,1,library,coding,solo,2_4h,morning,weekend,1.0,clear,indoor,often,5,4,4,5,3,4,4,5,4,4,25,20,20,25,16,16,12,20,4.5,0.5,25,0.5,94.2,90.4181553843411
I2041,U205,balanced,P004,library_04,synthetic,valid,4,3,4,3,4,4,3,3,4,4,computer_lab,deep_study,mostly_solo,2_4h,afternoon,1,1,0,0,1,1,1,1,1,1,0,library,meeting,3_4,1_2h,afternoon,weekend,1.0,rainy,indoor,first_time,5,3,3,4,2,4,4,2,3,4,20,9,12,12,16,9,6,16,0.8,0.5,6,1.0,75.9,65.38274772121527
I2042,U205,balanced,P027,study_room_09,synthetic,valid,4,3,4,3,4,4,3,3,4,4,computer_lab,deep_study,mostly_solo,2_4h,afternoon,1,1,0,0,1,1,1,1,1,1,0,study_room,report_writing,solo,1_2h,evening,weekday,9.6,clear,indoor,sometimes,5,3,3,4,4,3,3,5,3,3,20,9,12,12,12,9,12,12,3.4,4.8,20,0.5,77.4,66.49918937637543
I2043,U205,balanced,P056,home_02,synthetic,valid,4,3,4,3,4,4,3,3,4,4,computer_lab,deep_study,mostly_solo,2_4h,afternoon,1,1,0,0,1,1,1,1,1,1,0,home,report_writing,solo,2_4h,afternoon,weekday,12.0,cloudy,indoor,sometimes,4,3,5,4,5,4,5,4,5,5,16,9,20,12,20,15,15,16,3.4,6.0,16,1.0,64.3,72.11588447223542
I2044,U205,balanced,P083,computer_lab_09,synthetic,valid,4,3,4,3,4,4,3,3,4,4,computer_lab,deep_study,mostly_solo,2_4h,afternoon,1,1,0,0,1,1,1,1,1,1,0,computer_lab,report_writing,solo,over_4h,afternoon,weekend,1.1,hot,indoor,rarely,4,4,3,3,4,3,5,4,4,3,16,12,12,9,20,12,12,12,3.4,0.6,16,1.0,56.8,65.87099289183473
I2045,U205,balanced,P013,library_13,synthetic,valid,4,3,4,3,4,4,3,3,4,4,computer_lab,deep_study,mostly_solo,2_4h,afternoon,1,1,0,0,1,1,1,1,1,1,0,library,coding,solo,1_2h,afternoon,weekend,10.0,clear,indoor,sometimes,5,4,4,4,3,3,5,4,4,4,20,12,16,12,20,12,9,12,3.6,5.0,16,1.0,66.4,68.63783679230431
I2046,U205,balanced,P011,library_11,synthetic,valid,4,3,4,3,4,4,3,3,4,4,computer_lab,deep_study,mostly_solo,2_4h,afternoon,1,1,0,0,1,1,1,1,1,1,0,library,report_writing,solo,2_4h,evening,weekend,10.8,cold,indoor,sometimes,5,4,4,4,2,4,4,5,4,3,20,12,16,12,16,12,6,16,3.4,5.4,20,0.5,64.1,69.23775484052229
I2047,U205,balanced,P081,computer_lab_07,synthetic,valid,4,3,4,3,4,4,3,3,4,4,computer_lab,deep_study,mostly_solo,2_4h,afternoon,1,1,0,0,1,1,1,1,1,1,0,computer_lab,online_class,solo,1_2h,afternoon,weekday,1.3,hot,indoor,often,4,4,2,3,3,3,4,4,4,3,16,12,8,9,16,12,9,12,2.6,0.7,12,1.0,57.4,63.61194360930089
I2048,U205,balanced,P109,outdoor_01,synthetic,valid,4,3,4,3,4,4,3,3,4,4,computer_lab,deep_study,mostly_solo,2_4h,afternoon,1,1,0,0,1,1,1,1,1,1,0,outdoor,light_reading,solo,1_2h,evening,weekday,21.6,clear,outdoor,sometimes,2,5,3,3,2,3,1,3,3,3,8,15,12,9,4,9,6,12,1.8,10.8,9,0.5,52.8,43.41821595157906
I2049,U205,balanced,P093,coworking_space_09,synthetic,valid,4,3,4,3,4,4,3,3,4,4,computer_lab,deep_study,mostly_solo,2_4h,afternoon,1,1,0,0,1,1,1,1,1,1,0,coworking_space,team_project,3_4,2_4h,evening,weekday,18.6,cold,indoor,rarely,3,4,2,3,4,4,4,4,4,3,12,12,8,9,16,12,12,16,1.0,9.3,12,0.5,64.6,57.40266403896787
I2050,U205,balanced,P061,home_07,synthetic,valid,4,3,4,3,4,4,3,3,4,4,computer_lab,deep_study,mostly_solo,2_4h,afternoon,1,1,0,0,1,1,1,1,1,1,0,home,team_project,3_4,1_2h,evening,weekday,11.9,cloudy,indoor,often,4,4,4,4,4,4,4,3,4,5,16,12,16,12,16,12,12,16,1.0,5.9,9,0.5,71.7,67.63972592993188
I2051,U206,convenience_oriented,P025,study_room_07,synthetic,train,3,4,4,3,5,5,5,2,4,4,study_room,coding,mostly_solo,2_4h,afternoon,0,1,0,1,1,1,0,1,1,1,0,study_room,online_class,solo,1_2h,morning,weekday,4.1,rainy,indoor,sometimes,4,4,3,4,4,4,4,4,4,3,12,16,12,12,20,20,8,16,2.6,2.5,12,0.5,78.3,67.413883412661
I2052,U206,convenience_oriented,P015,library_15,synthetic,train,3,4,4,3,5,5,5,2,4,4,study_room,coding,mostly_solo,2_4h,afternoon,0,1,0,1,1,1,0,1,1,1,0,library,online_class,solo,2_4h,evening,weekday,14.5,rainy,indoor,often,4,4,4,5,2,4,3,4,4,4,12,16,16,15,15,20,4,16,2.6,9.1,12,0.5,66.9,63.53662066766617
I2053,U206,convenience_oriented,P048,cafe_12,synthetic,train,3,4,4,3,5,5,5,2,4,4,study_room,coding,mostly_solo,2_4h,afternoon,0,1,0,1,1,1,0,1,1,1,0,cafe,online_class,solo,2_4h,late_night,weekday,10.8,cloudy,indoor,often,2,5,2,3,1,4,3,3,3,3,6,20,8,9,15,15,2,16,2.6,6.7,9,0.0,50.8,52.34019573364035
I2054,U206,convenience_oriented,P100,dorm_lounge_04,synthetic,train,3,4,4,3,5,5,5,2,4,4,study_room,coding,mostly_solo,2_4h,afternoon,0,1,0,1,1,1,0,1,1,1,0,dorm_lounge,online_class,solo,under_1h,afternoon,weekday,5.4,clear,indoor,rarely,3,4,2,3,3,4,3,2,4,4,9,16,8,9,15,20,6,16,2.6,3.4,6,1.0,47.8,57.740541940030575
I2055,U206,convenience_oriented,P079,computer_lab_05,synthetic,train,3,4,4,3,5,5,5,2,4,4,study_room,coding,mostly_solo,2_4h,afternoon,0,1,0,1,1,1,0,1,1,1,0,computer_lab,light_reading,2,1_2h,afternoon,weekday,3.6,hot,indoor,rarely,4,4,3,3,3,4,5,2,4,3,12,16,12,9,25,20,6,16,1.8,2.3,6,1.0,63.7,58.47433839610141
I2056,U206,convenience_oriented,P055,home_01,synthetic,train,3,4,4,3,5,5,5,2,4,4,study_room,coding,mostly_solo,2_4h,afternoon,0,1,0,1,1,1,0,1,1,1,0,home,report_writing,solo,1_2h,afternoon,weekday,9.3,rainy,indoor,sometimes,4,3,5,4,4,5,5,4,4,5,12,12,20,12,25,20,8,20,3.4,5.8,16,1.0,78.3,71.41552746709112
I2057,U206,convenience_oriented,P047,cafe_11,synthetic,train,3,4,4,3,5,5,5,2,4,4,study_room,coding,mostly_solo,2_4h,afternoon,0,1,0,1,1,1,0,1,1,1,0,cafe,coding,solo,1_2h,afternoon,weekday,10.5,clear,indoor,sometimes,3,4,3,3,2,4,3,4,4,3,9,16,12,9,15,20,4,16,3.6,6.6,16,1.0,66.4,59.16429948952327
I2058,U206,convenience_oriented,P059,home_05,synthetic,train,3,4,4,3,5,5,5,2,4,4,study_room,coding,mostly_solo,2_4h,afternoon,0,1,0,1,1,1,0,1,1,1,0,home,coding,solo,1_2h,early_morning,weekend,14.2,cloudy,indoor,often,4,5,5,4,5,4,4,5,5,5,12,20,20,12,20,25,10,16,3.6,8.9,20,0.0,74.4,72.02139111053998
I2059,U206,convenience_oriented,P027,study_room_09,synthetic,train,3,4,4,3,5,5,5,2,4,4,study_room,coding,mostly_solo,2_4h,afternoon,0,1,0,1,1,1,0,1,1,1,0,study_room,coding,solo,1_2h,afternoon,weekday,12.9,clear,indoor,often,5,3,3,4,4,3,3,4,3,3,15,12,12,12,15,15,8,12,3.6,8.0,16,1.0,70.2,60.737543671750714
I2060,U206,convenience_oriented,P067,classroom_05,synthetic,train,3,4,4,3,5,5,5,2,4,4,study_room,coding,mostly_solo,2_4h,afternoon,0,1,0,1,1,1,0,1,1,1,0,classroom,deep_study,solo,over_4h,early_morning,weekday,8.6,cloudy,indoor,rarely,3,4,3,3,3,2,3,3,3,3,9,16,12,9,15,15,6,8,4.0,5.4,12,0.0,55.1,52.65033306406973
I2061,U207,comfort_oriented,P054,cafe_18,synthetic,train,3,4,4,3,4,5,5,5,5,3,study_room,light_reading,mixed,over_4h,early_morning,0,1,0,1,1,1,0,1,1,1,0,cafe,report_writing,solo,1_2h,evening,weekday,9.2,cloudy,indoor,sometimes,3,5,2,3,2,3,3,4,4,3,9,20,8,9,12,20,10,15,2.6,5.7,12,0.0,47.1,56.82319916159836
I2062,U207,comfort_oriented,P029,study_room_11,synthetic,train,3,4,4,3,4,5,5,5,5,3,study_room,light_reading,mixed,over_4h,early_morning,0,1,0,1,1,1,0,1,1,1,0,study_room,report_writing,solo,1_2h,early_morning,weekend,4.9,clear,indoor,sometimes,4,4,3,4,2,4,4,5,4,3,12,16,12,12,16,20,10,20,2.6,3.0,15,1.0,69.0,69.42579160060619
I2063,U207,comfort_oriented,P077,computer_lab_03,synthetic,train,3,4,4,3,4,5,5,5,5,3,study_room,light_reading,mixed,over_4h,early_morning,0,1,0,1,1,1,0,1,1,1,0,computer_lab,report_writing,2,2_4h,late_night,weekday,12.8,cloudy,indoor,first_time,4,3,3,3,2,3,4,4,4,4,12,12,12,9,16,20,10,15,2.6,8.0,12,0.0,44.8,54.49193992679873
I2064,U207,comfort_oriented,P031,study_room_13,synthetic,train,3,4,4,3,4,5,5,5,5,3,study_room,light_reading,mixed,over_4h,early_morning,0,1,0,1,1,1,0,1,1,1,0,study_room,online_class,solo,2_4h,morning,weekday,1.0,cloudy,indoor,often,5,4,4,4,4,4,4,4,5,4,15,16,16,12,16,25,20,20,2.0,0.6,12,0.5,77.2,77.19702124591078
I2065,U207,comfort_oriented,P064,classroom_02,synthetic,train,3,4,4,3,4,5,5,5,5,3,study_room,light_reading,mixed,over_4h,early_morning,0,1,0,1,1,1,0,1,1,1,0,classroom,report_writing,solo,2_4h,evening,weekday,5.1,clear,indoor,sometimes,4,4,3,3,3,3,3,4,3,3,12,16,12,9,12,15,15,15,2.6,3.2,12,0.0,67.4,61.730532853763485
I2066,U207,comfort_oriented,P001,library_01,synthetic,train,3,4,4,3,4,5,5,5,5,3,study_room,light_reading,mixed,over_4h,early_morning,0,1,0,1,1,1,0,1,1,1,0,library,deep_study,solo,over_4h,morning,weekend,8.5,clear,indoor,often,5,4,4,5,2,3,4,5,4,4,15,16,16,15,16,20,10,15,3.0,5.3,15,0.5,67.4,69.6222935041333
I2067,U207,comfort_oriented,P074,classroom_12,synthetic,train,3,4,4,3,4,5,5,5,5,3,study_room,light_reading,mixed,over_4h,early_morning,0,1,0,1,1,1,0,1,1,1,0,classroom,light_reading,solo,2_4h,morning,weekday,12.6,clear,indoor,sometimes,3,4,3,3,2,3,3,3,3,3,9,16,12,9,12,15,10,15,1.4,7.9,9,0.5,51.5,54.53786504326381
I2068,U207,comfort_oriented,P090,coworking_space_06,synthetic,train,3,4,4,3,4,5,5,5,5,3,study_room,light_reading,mixed,over_4h,early_morning,0,1,0,1,1,1,0,1,1,1,0,coworking_space,light_reading,solo,under_1h,early_morning,weekend,5.2,clear,indoor,rarely,3,4,3,4,4,4,4,4,4,3,9,16,12,12,16,20,20,20,1.4,3.3,12,1.0,61.6,65.944039708255
I2069,U207,comfort_oriented,P061,home_07,synthetic,train,3,4,4,3,4,5,5,5,5,3,study_room,light_reading,mixed,over_4h,early_morning,0,1,0,1,1,1,0,1,1,1,0,home,light_reading,solo,under_1h,evening,weekday,16.0,rainy,indoor,often,4,4,4,4,4,4,4,5,4,5,12,16,16,12,16,20,20,20,1.4,10.0,15,0.0,73.4,67.64546472367869
I2070,U207,comfort_oriented,P077,computer_lab_03,synthetic,train,3,4,4,3,4,5,5,5,5,3,study_room,light_reading,mixed,over_4h,early_morning,0,1,0,1,1,1,0,1,1,1,0,computer_lab,team_project,2,over_4h,afternoon,weekend,20.2,clear,indoor,rarely,4,3,3,3,2,3,4,3,4,4,12,12,12,9,16,20,10,15,0.8,12.6,9,0.0,52.8,55.16400236882089
I2071,U208,quiet_deepwork,P063,classroom_01,synthetic,valid,5,5,4,5,4,3,3,4,4,5,coworking_space,coding,mostly_solo,1_2h,early_morning,1,1,1,0,1,0,1,1,0,1,1,classroom,deep_study,solo,under_1h,early_morning,weekday,8.2,clear,indoor,rarely,3,4,3,3,2,3,3,5,3,3,15,20,12,15,12,9,8,12,5.0,3.1,25,1.0,68.8,69.40175433699373
I2072,U208,quiet_deepwork,P070,classroom_08,synthetic,valid,5,5,4,5,4,3,3,4,4,5,coworking_space,coding,mostly_solo,1_2h,early_morning,1,1,1,0,1,0,1,1,0,1,1,classroom,deep_study,5_plus,1_2h,morning,weekend,11.3,clear,indoor,often,3,4,3,2,3,2,3,4,2,3,15,20,12,10,12,6,12,8,5.0,4.2,20,0.5,56.6,63.32014246285035
I2073,U208,quiet_deepwork,P066,classroom_04,synthetic,valid,5,5,4,5,4,3,3,4,4,5,coworking_space,coding,mostly_solo,1_2h,early_morning,1,1,1,0,1,0,1,1,0,1,1,classroom,deep_study,solo,2_4h,evening,weekday,4.2,clear,indoor,rarely,3,4,4,3,3,3,4,3,3,4,15,20,16,15,16,9,12,12,5.0,1.6,15,0.0,64.2,68.51664490454917
I2074,U208,quiet_deepwork,P050,cafe_14,synthetic,valid,5,5,4,5,4,3,3,4,4,5,coworking_space,coding,mostly_solo,1_2h,early_morning,1,1,1,0,1,0,1,1,0,1,1,cafe,meeting,3_4,2_4h,late_night,weekend,12.1,clear,indoor,rarely,3,5,2,3,2,4,3,5,4,3,15,25,8,15,12,12,8,16,1.0,4.5,15,0.0,61.8,68.63579055632651
I2075,U208,quiet_deepwork,P080,computer_lab_06,synthetic,valid,5,5,4,5,4,3,3,4,4,5,coworking_space,coding,mostly_solo,1_2h,early_morning,1,1,1,0,1,0,1,1,0,1,1,computer_lab,coding,solo,2_4h,early_morning,weekend,8.8,hot,indoor,sometimes,4,4,4,3,3,4,4,5,4,3,20,20,16,15,16,12,12,16,4.5,3.3,25,1.0,79.2,78.34615518774864
I2076,U208,quiet_deepwork,P046,cafe_10,synthetic,valid,5,5,4,5,4,3,3,4,4,5,coworking_space,coding,mostly_solo,1_2h,early_morning,1,1,1,0,1,0,1,1,0,1,1,cafe,coding,solo,2_4h,afternoon,weekend,12.1,rainy,indoor,sometimes,3,4,2,3,2,4,3,3,3,3,15,20,8,15,12,9,8,16,4.5,4.5,15,0.0,64.5,63.010755604445436
I2077,U208,quiet_deepwork,P036,study_room_18,synthetic,valid,5,5,4,5,4,3,3,4,4,5,coworking_space,coding,mostly_solo,1_2h,early_morning,1,1,1,0,1,0,1,1,0,1,1,study_room,team_project,5_plus,2_4h,early_morning,weekend,11.9,hot,indoor,rarely,5,4,4,4,4,4,5,5,4,4,25,20,16,20,20,12,16,16,1.3,4.5,15,1.0,75.6,81.79113252966911
I2078,U208,quiet_deepwork,P016,library_16,synthetic,valid,5,5,4,5,4,3,3,4,4,5,coworking_space,coding,mostly_solo,1_2h,early_morning,1,1,1,0,1,0,1,1,0,1,1,library,deep_study,solo,2_4h,afternoon,weekend,6.1,clear,indoor,sometimes,5,4,3,5,3,4,3,4,4,4,25,20,12,25,12,12,12,16,5.0,2.3,20,0.0,69.0,80.16208738329912
I2079,U208,quiet_deepwork,P034,study_room_16,synthetic,valid,5,5,4,5,4,3,3,4,4,5,coworking_space,coding,mostly_solo,1_2h,early_morning,1,1,1,0,1,0,1,1,0,1,1,study_room,deep_study,solo,2_4h,morning,weekend,4.9,clear,indoor,sometimes,4,4,4,4,4,3,4,4,5,3,20,20,16,20,16,15,16,12,5.0,1.8,20,0.5,79.6,79.52221376133562
I2080,U208,quiet_deepwork,P071,classroom_09,synthetic,valid,5,5,4,5,4,3,3,4,4,5,coworking_space,coding,mostly_solo,1_2h,early_morning,1,1,1,0,1,0,1,1,0,1,1,classroom,deep_study,solo,2_4h,afternoon,weekday,9.3,clear,indoor,often,3,3,3,3,3,3,3,4,3,4,15,15,12,15,12,9,12,12,5.0,3.5,20,0.0,67.1,67.39018172329435
I2081,U209,comfort_oriented,P100,dorm_lounge_04,synthetic,train,3,3,4,3,4,4,5,5,5,4,cafe,deep_study,mostly_solo,under_1h,morning,0,1,0,1,1,1,0,1,1,1,0,dorm_lounge,coding,solo,1_2h,morning,weekend,10.9,clear,indoor,often,3,4,2,3,3,4,3,3,4,4,9,12,8,9,12,20,15,20,3.6,5.4,12,1.0,63.3,60.86478419960389
I2082,U209,comfort_oriented,P048,cafe_12,synthetic,train,3,3,4,3,4,4,5,5,5,4,cafe,deep_study,mostly_solo,under_1h,morning,0,1,0,1,1,1,0,1,1,1,0,cafe,deep_study,solo,1_2h,morning,weekday,7.3,rainy,indoor,first_time,2,5,2,3,1,4,3,3,3,3,6,15,8,9,12,15,5,20,4.0,3.7,12,1.0,51.5,51.59553185349054
I2083,U209,comfort_oriented,P084,computer_lab_10,synthetic,train,3,3,4,3,4,4,5,5,5,4,cafe,deep_study,mostly_solo,under_1h,morning,0,1,0,1,1,1,0,1,1,1,0,computer_lab,online_class,solo,1_2h,afternoon,weekend,12.0,cloudy,indoor,sometimes,4,4,3,4,3,3,4,4,3,2,12,12,12,12,16,15,15,15,2.6,6.0,12,0.5,56.9,60.30158195158393
I2084,U209,comfort_oriented,P005,library_05,synthetic,train,3,3,4,3,4,4,5,5,5,4,cafe,deep_study,mostly_solo,under_1h,morning,0,1,0,1,1,1,0,1,1,1,0,library,report_writing,3_4,2_4h,evening,weekday,5.4,rainy,indoor,sometimes,5,4,4,5,3,4,4,5,4,4,15,12,16,15,16,20,15,20,3.4,2.7,20,0.0,68.1,71.64657147238907
I2085,U209,comfort_oriented,P057,home_03,synthetic,train,3,3,4,3,4,4,5,5,5,4,cafe,deep_study,mostly_solo,under_1h,morning,0,1,0,1,1,1,0,1,1,1,0,home,coding,solo,1_2h,morning,weekday,1.2,cloudy,indoor,sometimes,3,4,4,4,5,4,5,4,5,4,9,12,16,12,20,25,25,20,3.6,0.6,16,1.0,82.6,74.96432721555371
I2086,U209,comfort_oriented,P101,dorm_lounge_05,synthetic,train,3,3,4,3,4,4,5,5,5,4,cafe,deep_study,mostly_solo,under_1h,morning,0,1,0,1,1,1,0,1,1,1,0,dorm_lounge,deep_study,solo,2_4h,evening,weekday,10.1,clear,indoor,often,3,4,2,2,3,4,4,2,4,3,9,12,8,6,16,20,15,20,4.0,5.1,8,0.0,62.5,58.23064714100154
I2087,U209,comfort_oriented,P100,dorm_lounge_04,synthetic,train,3,3,4,3,4,4,5,5,5,4,cafe,deep_study,mostly_solo,under_1h,morning,0,1,0,1,1,1,0,1,1,1,0,dorm_lounge,report_writing,solo,2_4h,late_night,weekend,16.7,cloudy,indoor,sometimes,3,4,2,3,3,4,3,3,4,4,9,12,8,9,12,20,15,20,3.4,8.3,12,0.0,64.2,56.94621917049807
I2088,U209,comfort_oriented,P110,outdoor_02,synthetic,train,3,3,4,3,4,4,5,5,5,4,cafe,deep_study,mostly_solo,under_1h,morning,0,1,0,1,1,1,0,1,1,1,0,outdoor,light_reading,2,1_2h,evening,weekday,11.4,cloudy,outdoor,rarely,3,4,3,3,2,3,2,4,2,3,9,12,12,9,8,10,10,15,1.8,5.7,12,0.0,41.3,44.10812685510571
I2089,U209,comfort_oriented,P090,coworking_space_06,synthetic,train,3,3,4,3,4,4,5,5,5,4,cafe,deep_study,mostly_solo,under_1h,morning,0,1,0,1,1,1,0,1,1,1,0,coworking_space,coding,5_plus,1_2h,morning,weekday,12.0,clear,indoor,sometimes,3,4,3,4,4,4,4,4,4,3,9,12,12,12,16,20,20,20,3.6,6.0,16,1.0,58.0,62.45982673910023
I2090,U209,comfort_oriented,P057,home_03,synthetic,train,3,3,4,3,4,4,5,5,5,4,cafe,deep_study,mostly_solo,under_1h,morning,0,1,0,1,1,1,0,1,1,1,0,home,light_reading,solo,1_2h,afternoon,weekday,4.0,cloudy,indoor,first_time,3,4,4,4,5,4,5,4,5,4,9,12,16,12,20,25,25,20,1.8,2.0,12,0.5,73.2,69.80883931423051
I2091,U210,quiet_deepwork,P027,study_room_09,synthetic,train,4,3,4,5,4,4,5,4,5,5,classroom,coding,mostly_solo,2_4h,late_night,1,1,1,1,1,1,1,1,1,1,1,study_room,online_class,solo,under_1h,evening,weekday,2.1,clear,indoor,rarely,5,3,3,4,4,3,3,4,3,3,20,9,12,20,12,15,16,15,3.3,1.1,12,0.5,63.7,71.74290242530708
I2092,U210,quiet_deepwork,P046,cafe_10,synthetic,train,4,3,4,5,4,4,5,4,5,5,classroom,coding,mostly_solo,2_4h,late_night,1,1,1,1,1,1,1,1,1,1,1,cafe,team_project,2,1_2h,evening,weekday,8.6,cloudy,indoor,first_time,3,4,2,3,2,4,3,4,3,3,12,12,8,15,12,15,8,20,1.3,4.3,12,0.5,55.1,60.78036582338424
I2093,U210,quiet_deepwork,P025,study_room_07,synthetic,train,4,3,4,5,4,4,5,4,5,5,classroom,coding,mostly_solo,2_4h,late_night,1,1,1,1,1,1,1,1,1,1,1,study_room,coding,solo,2_4h,early_morning,weekday,3.2,clear,indoor,sometimes,4,4,3,4,4,4,4,5,4,3,16,12,12,20,16,20,16,20,4.5,1.6,25,0.0,78.6,79.2940101216883
I2094,U210,quiet_deepwork,P002,library_02,synthetic,train,4,3,4,5,4,4,5,4,5,5,classroom,coding,mostly_solo,2_4h,late_night,1,1,1,1,1,1,1,1,1,1,1,library,online_class,3_4,1_2h,evening,weekday,4.9,clear,indoor,sometimes,5,5,4,4,2,3,4,3,4,4,20,15,16,20,16,20,8,15,3.3,2.4,9,0.5,66.6,71.24098196336982
I2095,U210,quiet_deepwork,P033,study_room_15,synthetic,train,4,3,4,5,4,4,5,4,5,5,classroom,coding,mostly_solo,2_4h,late_night,1,1,1,1,1,1,1,1,1,1,1,study_room,coding,solo,2_4h,early_morning,weekday,6.7,cloudy,indoor,sometimes,5,3,4,3,4,4,4,5,5,4,20,9,16,15,16,25,16,20,4.5,3.3,25,0.0,78.9,82.03393497534945
I2096,U210,quiet_deepwork,P033,study_room_15,synthetic,train,4,3,4,5,4,4,5,4,5,5,classroom,coding,mostly_solo,2_4h,late_night,1,1,1,1,1,1,1,1,1,1,1,study_room,report_writing,2,2_4h,afternoon,weekday,3.3,rainy,indoor,rarely,5,3,4,3,4,4,4,5,5,4,20,9,16,15,16,25,16,20,4.3,1.6,25,0.0,78.1,78.93898072808928
I2097,U210,quiet_deepwork,P014,library_14,synthetic,train,4,3,4,5,4,4,5,4,5,5,classroom,coding,mostly_solo,2_4h,late_night,1,1,1,1,1,1,1,1,1,1,1,library,coding,solo,2_4h,late_night,weekday,7.2,cold,indoor,rarely,5,4,5,4,3,4,4,4,4,4,20,12,20,20,16,20,12,20,4.5,3.6,20,1.0,80.5,78.26332416909564
I2098,U210,quiet_deepwork,P013,library_13,synthetic,train,4,3,4,5,4,4,5,4,5,5,classroom,coding,mostly_solo,2_4h,late_night,1,1,1,1,1,1,1,1,1,1,1,library,deep_study,solo,2_4h,early_morning,weekday,2.0,clear,indoor,sometimes,5,4,4,4,3,3,5,5,4,4,20,12,16,20,20,20,12,15,5.0,1.0,25,0.0,78.5,82.22071831103526
I2099,U210,quiet_deepwork,P060,home_06,synthetic,train,4,3,4,5,4,4,5,4,5,5,classroom,coding,mostly_solo,2_4h,late_night,1,1,1,1,1,1,1,1,1,1,1,home,deep_study,solo,2_4h,late_night,weekday,14.1,clear,indoor,first_time,4,3,5,5,4,5,5,4,4,5,16,9,20,25,20,20,16,25,5.0,7.0,20,1.0,72.9,79.86320027109326
I2100,U210,quiet_deepwork,P002,library_02,synthetic,train,4,3,4,5,4,4,5,4,5,5,classroom,coding,mostly_solo,2_4h,late_night,1,1,1,1,1,1,1,1,1,1,1,library,report_writing,solo,over_4h,late_night,weekday,8.3,clear,indoor,often,5,5,4,4,2,3,4,5,4,4,20,15,16,20,16,20,8,15,4.3,4.2,25,1.0,97.8,78.55058327057824
I2101,U211,social_collaborative,P049,cafe_13,synthetic,test,3,5,3,3,4,4,3,3,3,3,study_room,team_project,mostly_group,1_2h,afternoon,0,0,0,0,1,1,0,1,1,0,0,cafe,coding,solo,2_4h,afternoon,weekend,6.8,clear,indoor,sometimes,3,4,2,3,3,3,2,3,4,2,9,20,6,9,8,12,9,9,2.7,3.4,9,1.0,49.8,50.58303526704243
I2102,U211,social_collaborative,P042,cafe_06,synthetic,test,3,5,3,3,4,4,3,3,3,3,study_room,team_project,mostly_group,1_2h,afternoon,0,0,0,0,1,1,0,1,1,0,0,cafe,meeting,5_plus,2_4h,evening,weekday,13.1,clear,indoor,sometimes,3,4,2,3,2,4,3,4,4,3,9,20,6,9,12,12,6,12,0.6,6.5,12,0.5,56.4,53.914042168531594
I2103,U211,social_collaborative,P024,study_room_06,synthetic,test,3,5,3,3,4,4,3,3,3,3,study_room,team_project,mostly_group,1_2h,afternoon,0,0,0,0,1,1,0,1,1,0,0,study_room,coding,3_4,2_4h,late_night,weekday,2.9,hot,indoor,sometimes,4,4,3,4,3,4,4,4,4,3,12,20,9,12,16,12,9,12,2.7,1.5,12,0.0,55.0,57.31571965754183
I2104,U211,social_collaborative,P047,cafe_11,synthetic,test,3,5,3,3,4,4,3,3,3,3,study_room,team_project,mostly_group,1_2h,afternoon,0,0,0,0,1,1,0,1,1,0,0,cafe,team_project,3_4,2_4h,afternoon,weekday,9.7,clear,indoor,rarely,3,4,3,3,2,4,3,5,4,3,9,20,9,9,12,12,6,12,0.8,4.8,15,1.0,66.7,57.4688673669523
I2105,U211,social_collaborative,P049,cafe_13,synthetic,test,3,5,3,3,4,4,3,3,3,3,study_room,team_project,mostly_group,1_2h,afternoon,0,0,0,0,1,1,0,1,1,0,0,cafe,team_project,5_plus,1_2h,evening,weekday,10.4,cloudy,indoor,first_time,3,4,2,3,3,3,2,3,4,2,9,20,6,9,8,12,9,9,0.8,5.2,9,0.5,55.2,48.85846993552501
I2106,U211,social_collaborative,P083,computer_lab_09,synthetic,test,3,5,3,3,4,4,3,3,3,3,study_room,team_project,mostly_group,1_2h,afternoon,0,0,0,0,1,1,0,1,1,0,0,computer_lab,meeting,3_4,1_2h,late_night,weekend,1.2,rainy,indoor,often,4,4,3,3,4,3,5,3,4,3,12,20,9,9,20,12,12,9,0.6,0.6,9,0.0,64.3,63.574643313816324
I2107,U211,social_collaborative,P010,library_10,synthetic,test,3,5,3,3,4,4,3,3,3,3,study_room,team_project,mostly_group,1_2h,afternoon,0,0,0,0,1,1,0,1,1,0,0,library,team_project,2,1_2h,evening,weekday,7.9,hot,indoor,often,5,5,4,4,3,4,4,3,4,5,15,25,12,12,16,12,9,12,0.8,3.9,9,0.5,64.8,65.49191675844119
I2108,U211,social_collaborative,P049,cafe_13,synthetic,test,3,5,3,3,4,4,3,3,3,3,study_room,team_project,mostly_group,1_2h,afternoon,0,0,0,0,1,1,0,1,1,0,0,cafe,meeting,3_4,over_4h,afternoon,weekday,9.1,clear,indoor,sometimes,3,4,2,3,3,3,2,4,4,2,9,20,6,9,8,12,9,9,0.6,4.5,12,1.0,52.8,53.61288242953709
I2109,U211,social_collaborative,P085,coworking_space_01,synthetic,test,3,5,3,3,4,4,3,3,3,3,study_room,team_project,mostly_group,1_2h,afternoon,0,0,0,0,1,1,0,1,1,0,0,coworking_space,team_project,3_4,2_4h,evening,weekday,4.2,rainy,indoor,sometimes,3,5,2,3,4,3,4,4,4,3,9,25,6,9,16,12,12,9,0.8,2.1,12,0.5,60.5,60.83160574168965
I2110,U211,social_collaborative,P103,dorm_lounge_07,synthetic,test,3,5,3,3,4,4,3,3,3,3,study_room,team_project,mostly_group,1_2h,afternoon,0,0,0,0,1,1,0,1,1,0,0,dorm_lounge,online_class,2,2_4h,afternoon,weekday,11.9,rainy,indoor,sometimes,3,4,3,3,4,4,5,3,3,3,9,20,9,9,20,9,12,12,2.0,6.0,9,1.0,61.1,52.59040997905751
I2111,U212,comfort_oriented,P106,dorm_lounge_10,synthetic,train,3,4,4,4,5,4,5,4,5,4,dorm_lounge,team_project,mostly_solo,2_4h,early_morning,0,1,1,1,1,1,0,1,1,1,1,dorm_lounge,light_reading,solo,1_2h,late_night,weekend,7.8,rainy,indoor,sometimes,3,3,2,3,3,4,3,4,3,3,9,12,8,12,15,15,12,20,1.8,3.9,12,0.0,70.4,60.792316197463336
I2112,U212,comfort_oriented,P031,study_room_13,synthetic,train,3,4,4,4,5,4,5,4,5,4,dorm_lounge,team_project,mostly_solo,2_4h,early_morning,0,1,1,1,1,1,0,1,1,1,1,study_room,coding,2,under_1h,morning,weekend,6.3,clear,indoor,first_time,5,4,4,4,4,4,4,4,5,4,15,16,16,16,20,25,16,20,3.6,3.2,16,0.5,73.5,73.3255724750895
I2113,U212,comfort_oriented,P056,home_02,synthetic,train,3,4,4,4,5,4,5,4,5,4,dorm_lounge,team_project,mostly_solo,2_4h,early_morning,0,1,1,1,1,1,0,1,1,1,1,home,coding,solo,2_4h,early_morning,weekend,7.5,clear,indoor,sometimes,4,3,5,4,5,4,5,4,5,5,12,12,20,16,25,25,20,20,3.6,3.7,16,1.0,84.9,80.2420364915717
I2114,U212,comfort_oriented,P020,study_room_02,synthetic,train,3,4,4,4,5,4,5,4,5,4,dorm_lounge,team_project,mostly_solo,2_4h,early_morning,0,1,1,1,1,1,0,1,1,1,1,study_room,report_writing,solo,1_2h,evening,weekday,6.7,cold,indoor,rarely,4,4,4,5,3,4,4,5,4,4,12,16,16,20,20,20,12,20,3.4,3.3,20,0.0,71.1,74.29184024265268
I2115,U212,comfort_oriented,P031,study_room_13,synthetic,train,3,4,4,4,5,4,5,4,5,4,dorm_lounge,team_project,mostly_solo,2_4h,early_morning,0,1,1,1,1,1,0,1,1,1,1,study_room,report_writing,solo,1_2h,afternoon,weekend,1.9,cloudy,indoor,often,5,4,4,4,4,4,4,4,5,4,15,16,16,16,20,25,16,20,3.4,0.9,16,0.0,90.2,79.82013183055096
I2116,U212,comfort_oriented,P004,library_04,synthetic,train,3,4,4,4,5,4,5,4,5,4,dorm_lounge,team_project,mostly_solo,2_4h,early_morning,0,1,1,1,1,1,0,1,1,1,1,library,report_writing,solo,over_4h,evening,weekday,7.3,clear,indoor,sometimes,5,3,3,4,2,4,4,5,3,4,15,12,12,16,20,15,8,20,3.4,3.6,20,0.0,72.8,72.20955657034675
I2117,U212,comfort_oriented,P005,library_05,synthetic,train,3,4,4,4,5,4,5,4,5,4,dorm_lounge,team_project,mostly_solo,2_4h,early_morning,0,1,1,1,1,1,0,1,1,1,1,library,online_class,solo,1_2h,afternoon,weekday,4.5,hot,indoor,rarely,5,4,4,5,3,4,4,4,4,4,15,16,16,20,20,20,12,20,2.6,2.3,12,0.0,65.0,73.32425590336987
I2118,U212,comfort_oriented,P085,coworking_space_01,synthetic,train,3,4,4,4,5,4,5,4,5,4,dorm_lounge,team_project,mostly_solo,2_4h,early_morning,0,1,1,1,1,1,0,1,1,1,1,coworking_space,light_reading,solo,2_4h,afternoon,weekday,9.8,cloudy,indoor,first_time,3,5,2,3,4,3,4,4,4,3,9,20,8,12,20,20,16,15,1.8,4.9,12,0.0,55.2,61.338031434392775
I2119,U212,comfort_oriented,P084,computer_lab_10,synthetic,train,3,4,4,4,5,4,5,4,5,4,dorm_lounge,team_project,mostly_solo,2_4h,early_morning,0,1,1,1,1,1,0,1,1,1,1,computer_lab,deep_study,solo,1_2h,morning,weekday,2.9,clear,indoor,rarely,4,4,3,4,3,3,4,3,3,2,12,16,12,16,20,15,12,15,4.0,1.5,12,0.5,72.5,66.47949414883982
I2120,U212,comfort_oriented,P044,cafe_08,synthetic,train,3,4,4,4,5,4,5,4,5,4,dorm_lounge,team_project,mostly_solo,2_4h,early_morning,0,1,1,1,1,1,0,1,1,1,1,cafe,light_reading,solo,1_2h,afternoon,weekend,12.2,clear,indoor,often,3,4,3,4,2,4,3,4,4,2,9,16,12,16,15,20,8,20,1.8,6.1,12,0.0,65.6,63.450865011812084
I2121,U213,convenience_oriented,P064,classroom_02,synthetic,train,3,4,4,3,4,5,3,4,4,3,cafe,online_class,mixed,1_2h,morning,0,1,0,0,1,1,0,1,1,1,0,classroom,coding,solo,2_4h,morning,weekday,5.5,cloudy,indoor,sometimes,4,4,3,3,3,3,3,3,3,3,12,16,12,9,12,9,12,12,2.7,3.5,9,1.0,64.3,57.59733870541591
I2122,U213,convenience_oriented,P043,cafe_07,synthetic,train,3,4,4,3,4,5,3,4,4,3,cafe,online_class,mixed,1_2h,morning,0,1,0,0,1,1,0,1,1,1,0,cafe,report_writing,solo,2_4h,evening,weekday,6.6,cloudy,indoor,sometimes,2,5,3,3,2,4,3,4,3,3,6,20,12,9,12,9,8,16,2.6,4.1,12,0.0,64.9,55.941850893402105
I2123,U213,convenience_oriented,P065,classroom_03,synthetic,train,3,4,4,3,4,5,3,4,4,3,cafe,online_class,mixed,1_2h,morning,0,1,0,0,1,1,0,1,1,1,0,classroom,team_project,3_4,1_2h,afternoon,weekday,8.5,clear,indoor,first_time,4,4,3,3,3,3,4,4,3,3,12,16,12,9,16,9,12,12,0.8,5.3,12,0.5,63.1,59.23634123813038
I2124,U213,convenience_oriented,P097,dorm_lounge_01,synthetic,train,3,4,4,3,4,5,3,4,4,3,cafe,online_class,mixed,1_2h,morning,0,1,0,0,1,1,0,1,1,1,0,dorm_lounge,coding,solo,2_4h,morning,weekend,14.2,rainy,indoor,sometimes,3,3,3,2,3,4,5,4,4,2,9,12,12,6,20,12,12,16,2.7,8.9,12,1.0,62.2,56.511770771310836
I2125,U213,convenience_oriented,P065,classroom_03,synthetic,train,3,4,4,3,4,5,3,4,4,3,cafe,online_class,mixed,1_2h,morning,0,1,0,0,1,1,0,1,1,1,0,classroom,coding,solo,1_2h,morning,weekday,7.9,clear,indoor,sometimes,4,4,3,3,3,3,4,4,3,3,12,16,12,9,16,9,12,12,2.7,5.0,12,1.0,51.9,59.442205780589234
I2126,U213,convenience_oriented,P027,study_room_09,synthetic,train,3,4,4,3,4,5,3,4,4,3,cafe,online_class,mixed,1_2h,morning,0,1,0,0,1,1,0,1,1,1,0,study_room,coding,2,2_4h,afternoon,weekend,10.0,rainy,indoor,sometimes,5,3,3,4,4,3,3,5,3,3,15,12,12,12,12,9,16,12,2.7,6.3,15,0.5,48.8,57.142854070319395
I2127,U213,convenience_oriented,P047,cafe_11,synthetic,train,3,4,4,3,4,5,3,4,4,3,cafe,online_class,mixed,1_2h,morning,0,1,0,0,1,1,0,1,1,1,0,cafe,report_writing,solo,over_4h,morning,weekend,8.9,cloudy,indoor,rarely,3,4,3,3,2,4,3,4,4,3,9,16,12,9,12,12,8,16,2.6,5.6,12,1.0,48.2,55.86290267981376
I2128,U213,convenience_oriented,P042,cafe_06,synthetic,train,3,4,4,3,4,5,3,4,4,3,cafe,online_class,mixed,1_2h,morning,0,1,0,0,1,1,0,1,1,1,0,cafe,deep_study,solo,over_4h,morning,weekday,8.8,rainy,indoor,sometimes,3,4,2,3,2,4,3,3,4,3,9,16,8,9,12,12,8,16,3.0,5.5,9,1.0,61.5,53.815795787270815
I2129,U213,convenience_oriented,P001,library_01,synthetic,train,3,4,4,3,4,5,3,4,4,3,cafe,online_class,mixed,1_2h,morning,0,1,0,0,1,1,0,1,1,1,0,library,team_project,5_plus,over_4h,late_night,weekday,4.9,cold,indoor,first_time,5,4,4,5,2,3,4,3,4,4,15,16,16,15,16,12,8,12,0.8,3.1,9,0.0,63.8,62.83780307954595
I2130,U213,convenience_oriented,P075,computer_lab_01,synthetic,train,3,4,4,3,4,5,3,4,4,3,cafe,online_class,mixed,1_2h,morning,0,1,0,0,1,1,0,1,1,1,0,computer_lab,team_project,5_plus,2_4h,evening,weekday,9.6,clear,indoor,sometimes,3,3,3,4,3,4,5,4,3,3,9,12,12,12,20,9,12,16,0.8,6.0,12,0.0,64.6,62.66883033233891
I2131,U214,comfort_oriented,P022,study_room_04,synthetic,test,5,4,3,3,4,3,4,5,5,4,study_room,online_class,mostly_solo,1_2h,afternoon,1,0,0,1,1,0,1,1,0,1,0,study_room,online_class,3_4,1_2h,afternoon,weekend,18.4,rainy,indoor,first_time,4,5,3,4,5,3,4,5,4,4,20,20,9,12,16,16,25,15,2.6,6.9,15,1.0,70.7,67.80713563928751
I2132,U214,comfort_oriented,P086,coworking_space_02,synthetic,test,5,4,3,3,4,3,4,5,5,4,study_room,online_class,mostly_solo,1_2h,afternoon,1,0,0,1,1,0,1,1,0,1,0,coworking_space,report_writing,solo,2_4h,afternoon,weekday,11.9,clear,indoor,sometimes,3,4,4,4,5,3,4,4,4,4,15,16,12,12,16,16,25,15,3.4,4.5,16,1.0,75.0,70.53702430234043
I2133,U214,comfort_oriented,P003,library_03,synthetic,test,5,4,3,3,4,3,4,5,5,4,study_room,online_class,mostly_solo,1_2h,afternoon,1,0,0,1,1,0,1,1,0,1,0,library,light_reading,2,2_4h,early_morning,weekday,1.0,clear,indoor,sometimes,5,3,4,5,3,3,4,4,4,4,25,12,12,15,16,16,15,15,1.8,0.4,12,0.0,76.0,71.26779231745644
I2134,U214,comfort_oriented,P088,coworking_space_04,synthetic,test,5,4,3,3,4,3,4,5,5,4,study_room,online_class,mostly_solo,1_2h,afternoon,1,0,0,1,1,0,1,1,0,1,0,coworking_space,light_reading,solo,under_1h,afternoon,weekend,17.6,clear,indoor,rarely,3,4,3,3,4,4,4,4,5,4,15,16,9,9,16,20,20,20,1.8,6.6,12,1.0,62.9,66.81697166752465
I2135,U214,comfort_oriented,P094,coworking_space_10,synthetic,test,5,4,3,3,4,3,4,5,5,4,study_room,online_class,mostly_solo,1_2h,afternoon,1,0,0,1,1,0,1,1,0,1,0,coworking_space,light_reading,solo,2_4h,morning,weekend,9.1,rainy,indoor,sometimes,3,5,3,4,3,4,3,3,4,4,15,20,9,12,12,16,15,20,1.8,3.4,9,0.5,71.6,65.69751992229865
I2136,U214,comfort_oriented,P097,dorm_lounge_01,synthetic,test,5,4,3,3,4,3,4,5,5,4,study_room,online_class,mostly_solo,1_2h,afternoon,1,0,0,1,1,0,1,1,0,1,0,dorm_lounge,team_project,3_4,1_2h,afternoon,weekend,12.4,cloudy,indoor,sometimes,3,3,3,2,3,4,5,5,4,2,15,12,9,6,20,16,15,20,1.0,4.6,15,1.0,80.2,69.3131399141115
I2137,U214,comfort_oriented,P106,dorm_lounge_10,synthetic,test,5,4,3,3,4,3,4,5,5,4,study_room,online_class,mostly_solo,1_2h,afternoon,1,0,0,1,1,0,1,1,0,1,0,dorm_lounge,report_writing,solo,1_2h,afternoon,weekend,10.0,hot,indoor,sometimes,3,3,2,3,3,4,3,4,3,3,15,12,6,9,12,12,15,20,3.4,3.8,16,1.0,57.9,62.53575475879345
I2138,U214,comfort_oriented,P053,cafe_17,synthetic,test,5,4,3,3,4,3,4,5,5,4,study_room,online_class,mostly_solo,1_2h,afternoon,1,0,0,1,1,0,1,1,0,1,0,cafe,coding,solo,over_4h,afternoon,weekday,7.9,cloudy,indoor,often,3,4,2,2,2,3,3,3,3,3,15,16,6,6,12,12,10,15,3.6,3.0,12,1.0,70.3,57.96474758715544
I2139,U214,comfort_oriented,P004,library_04,synthetic,test,5,4,3,3,4,3,4,5,5,4,study_room,online_class,mostly_solo,1_2h,afternoon,1,0,0,1,1,0,1,1,0,1,0,library,deep_study,solo,2_4h,evening,weekend,7.4,clear,indoor,sometimes,5,3,3,4,2,4,4,5,3,4,25,12,9,12,16,12,10,20,4.0,2.8,20,0.5,81.4,73.73291448156274
I2140,U214,comfort_oriented,P071,classroom_09,synthetic,test,5,4,3,3,4,3,4,5,5,4,study_room,online_class,mostly_solo,1_2h,afternoon,1,0,0,1,1,0,1,1,0,1,0,classroom,light_reading,solo,2_4h,evening,weekday,17.9,cloudy,indoor,often,3,3,3,3,3,3,3,4,3,4,15,12,9,9,12,12,15,15,1.8,6.7,12,0.5,59.6,60.35212675978829
I2141,U215,quiet_deepwork,P100,dorm_lounge_04,synthetic,test,5,4,4,4,4,3,4,3,4,5,study_room,coding,mostly_solo,1_2h,evening,1,1,1,1,1,0,1,1,0,1,1,dorm_lounge,report_writing,solo,over_4h,morning,weekend,8.8,cold,indoor,often,3,4,2,3,3,4,3,3,4,4,15,16,8,12,12,16,9,16,4.3,3.3,15,0.0,68.4,65.85343222445421
I2142,U215,quiet_deepwork,P077,computer_lab_03,synthetic,test,5,4,4,4,4,3,4,3,4,5,study_room,coding,mostly_solo,1_2h,evening,1,1,1,1,1,0,1,1,0,1,1,computer_lab,coding,solo,2_4h,morning,weekday,19.0,clear,indoor,sometimes,4,3,3,3,2,3,4,4,4,4,20,12,12,12,16,16,6,12,4.5,7.1,20,0.0,66.0,68.28460463569766
I2143,U215,quiet_deepwork,P092,coworking_space_08,synthetic,test,5,4,4,4,4,3,4,3,4,5,study_room,coding,mostly_solo,1_2h,evening,1,1,1,1,1,0,1,1,0,1,1,coworking_space,report_writing,solo,1_2h,early_morning,weekday,10.7,rainy,indoor,sometimes,2,4,3,4,3,4,4,4,4,3,10,16,12,16,16,16,9,16,4.3,4.0,20,0.0,67.1,67.35559342294283
I2144,U215,quiet_deepwork,P028,study_room_10,synthetic,test,5,4,4,4,4,3,4,3,4,5,study_room,coding,mostly_solo,1_2h,evening,1,1,1,1,1,0,1,1,0,1,1,study_room,deep_study,solo,2_4h,afternoon,weekday,13.8,clear,indoor,rarely,4,4,3,3,4,4,5,5,4,3,20,16,12,12,20,16,12,16,5.0,5.2,25,0.5,66.8,74.00283260315172
I2145,U215,quiet_deepwork,P011,library_11,synthetic,test,5,4,4,4,4,3,4,3,4,5,study_room,coding,mostly_solo,1_2h,evening,1,1,1,1,1,0,1,1,0,1,1,library,coding,solo,under_1h,afternoon,weekday,15.4,clear,indoor,sometimes,5,4,4,4,2,4,4,4,4,3,25,16,16,16,16,16,6,16,4.5,5.8,20,0.5,74.0,75.48035083150367
I2146,U215,quiet_deepwork,P026,study_room_08,synthetic,test,5,4,4,4,4,3,4,3,4,5,study_room,coding,mostly_solo,1_2h,evening,1,1,1,1,1,0,1,1,0,1,1,study_room,coding,solo,2_4h,evening,weekday,19.3,clear,indoor,rarely,4,5,4,4,5,4,4,4,4,3,20,20,16,16,16,16,15,16,4.5,7.2,20,1.0,79.6,73.82238744161751
I2147,U215,quiet_deepwork,P074,classroom_12,synthetic,test,5,4,4,4,4,3,4,3,4,5,study_room,coding,mostly_solo,1_2h,evening,1,1,1,1,1,0,1,1,0,1,1,classroom,meeting,5_plus,2_4h,early_morning,weekend,14.2,hot,indoor,sometimes,3,4,3,3,2,3,3,3,3,3,15,16,12,12,12,12,6,12,1.0,5.3,9,0.0,55.9,60.881210472834155
I2148,U215,quiet_deepwork,P026,study_room_08,synthetic,test,5,4,4,4,4,3,4,3,4,5,study_room,coding,mostly_solo,1_2h,evening,1,1,1,1,1,0,1,1,0,1,1,study_room,coding,solo,2_4h,early_morning,weekend,14.4,rainy,indoor,first_time,4,5,4,4,5,4,4,5,4,3,20,20,16,16,16,16,15,16,4.5,5.4,25,0.0,75.5,75.55720488834108
I2149,U215,quiet_deepwork,P010,library_10,synthetic,test,5,4,4,4,4,3,4,3,4,5,study_room,coding,mostly_solo,1_2h,evening,1,1,1,1,1,0,1,1,0,1,1,library,deep_study,2,2_4h,evening,weekday,5.4,rainy,indoor,sometimes,5,5,4,4,3,4,4,5,4,5,25,20,16,16,16,16,9,16,5.0,2.0,25,1.0,76.0,78.91903282124613
I2150,U215,quiet_deepwork,P011,library_11,synthetic,test,5,4,4,4,4,3,4,3,4,5,study_room,coding,mostly_solo,1_2h,evening,1,1,1,1,1,0,1,1,0,1,1,library,coding,solo,1_2h,evening,weekend,12.0,clear,indoor,sometimes,5,4,4,4,2,4,4,4,4,3,25,16,16,16,16,16,6,16,4.5,4.5,20,1.0,80.1,76.21914287113302
I2151,U216,balanced,P100,dorm_lounge_04,synthetic,train,3,4,3,4,4,4,4,3,4,4,classroom,light_reading,mostly_solo,2_4h,morning,0,0,1,1,1,1,0,1,1,1,1,dorm_lounge,team_project,5_plus,2_4h,morning,weekend,8.8,rainy,indoor,sometimes,3,4,2,3,3,4,3,3,4,4,9,16,6,12,12,16,9,16,1.0,4.4,9,1.0,58.8,61.8435732645252
I2152,U216,balanced,P088,coworking_space_04,synthetic,train,3,4,3,4,4,4,4,3,4,4,classroom,light_reading,mostly_solo,2_4h,morning,0,0,1,1,1,1,0,1,1,1,1,coworking_space,coding,solo,over_4h,afternoon,weekday,16.8,hot,indoor,often,3,4,3,3,4,4,4,4,5,4,9,16,9,12,16,20,12,16,3.6,8.4,16,0.5,57.6,61.37755056458639
I2153,U216,balanced,P023,study_room_05,synthetic,train,3,4,3,4,4,4,4,3,4,4,classroom,light_reading,mostly_solo,2_4h,morning,0,0,1,1,1,1,0,1,1,1,1,study_room,online_class,2,1_2h,evening,weekday,13.7,rainy,indoor,first_time,5,4,3,4,4,4,3,5,4,4,15,16,9,16,12,16,12,16,2.6,6.8,15,0.0,60.3,60.6659213742237
I2154,U216,balanced,P030,study_room_12,synthetic,train,3,4,3,4,4,4,4,3,4,4,classroom,light_reading,mostly_solo,2_4h,morning,0,0,1,1,1,1,0,1,1,1,1,study_room,report_writing,solo,under_1h,afternoon,weekday,9.8,clear,indoor,sometimes,5,4,3,4,3,3,4,4,4,4,15,16,9,16,16,16,9,12,3.4,4.9,16,0.5,72.7,66.96301725596577
I2155,U216,balanced,P022,study_room_04,synthetic,train,3,4,3,4,4,4,4,3,4,4,classroom,light_reading,mostly_solo,2_4h,morning,0,0,1,1,1,1,0,1,1,1,1,study_room,deep_study,2,over_4h,morning,weekday,9.0,clear,indoor,first_time,4,5,3,4,5,3,4,4,4,4,12,20,9,16,16,16,15,12,4.0,4.5,16,1.0,64.0,62.72235449443069
I2156,U216,balanced,P046,cafe_10,synthetic,train,3,4,3,4,4,4,4,3,4,4,classroom,light_reading,mostly_solo,2_4h,morning,0,0,1,1,1,1,0,1,1,1,1,cafe,coding,solo,2_4h,afternoon,weekday,9.1,rainy,indoor,sometimes,3,4,2,3,2,4,3,3,3,3,9,16,6,12,12,12,6,16,3.6,4.5,12,0.5,53.0,55.31723437400474
I2157,U216,balanced,P040,cafe_04,synthetic,train,3,4,3,4,4,4,4,3,4,4,classroom,light_reading,mostly_solo,2_4h,morning,0,0,1,1,1,1,0,1,1,1,1,cafe,report_writing,solo,2_4h,evening,weekend,9.9,cloudy,indoor,first_time,3,4,2,3,3,4,3,4,4,3,9,16,6,12,12,16,9,16,3.4,5.0,16,0.0,61.8,57.25596058443914
I2158,U216,balanced,P017,library_17,synthetic,train,3,4,3,4,4,4,4,3,4,4,classroom,light_reading,mostly_solo,2_4h,morning,0,0,1,1,1,1,0,1,1,1,1,library,deep_study,solo,under_1h,evening,weekday,6.2,clear,indoor,often,5,4,4,5,3,3,4,5,5,4,15,16,12,20,16,20,9,12,4.0,3.1,20,0.0,74.6,73.84146645522956
I2159,U216,balanced,P059,home_05,synthetic,train,3,4,3,4,4,4,4,3,4,4,classroom,light_reading,mostly_solo,2_4h,morning,0,0,1,1,1,1,0,1,1,1,1,home,coding,2,1_2h,evening,weekday,13.0,rainy,indoor,often,4,5,5,4,5,4,4,4,5,5,12,20,15,16,16,20,15,16,3.6,6.5,16,0.0,59.9,68.32847518183809
I2160,U216,balanced,P082,computer_lab_08,synthetic,train,3,4,3,4,4,4,4,3,4,4,classroom,light_reading,mostly_solo,2_4h,morning,0,0,1,1,1,1,0,1,1,1,1,computer_lab,report_writing,solo,under_1h,morning,weekend,2.0,clear,indoor,sometimes,3,4,4,4,3,3,5,4,3,3,9,16,12,16,20,12,9,12,3.4,1.0,16,1.0,68.7,69.07811585259785
I2161,U217,comfort_oriented,P106,dorm_lounge_10,synthetic,train,4,5,3,4,5,4,5,4,5,4,library,coding,mostly_solo,1_2h,afternoon,1,0,1,1,1,1,1,1,1,1,1,dorm_lounge,coding,2,1_2h,evening,weekend,8.8,cloudy,indoor,often,3,3,2,3,3,4,3,3,3,3,12,15,6,12,15,15,12,20,3.6,4.4,12,0.5,60.9,58.195752945543354
I2162,U217,comfort_oriented,P031,study_room_13,synthetic,train,4,5,3,4,5,4,5,4,5,4,library,coding,mostly_solo,1_2h,afternoon,1,0,1,1,1,1,1,1,1,1,1,study_room,online_class,solo,over_4h,late_night,weekday,1.2,cold,indoor,sometimes,5,4,4,4,4,4,4,4,5,4,20,20,12,16,20,25,16,20,2.6,0.6,12,0.0,79.3,79.46842148260319
I2163,U217,comfort_oriented,P024,study_room_06,synthetic,train,4,5,3,4,5,4,5,4,5,4,library,coding,mostly_solo,1_2h,afternoon,1,0,1,1,1,1,1,1,1,1,1,study_room,report_writing,solo,2_4h,early_morning,weekday,4.2,clear,indoor,often,4,4,3,4,3,4,4,5,4,3,16,20,9,16,20,20,12,20,3.4,2.1,20,0.0,67.9,77.91616860535558
I2164,U217,comfort_oriented,P003,library_03,synthetic,train,4,5,3,4,5,4,5,4,5,4,library,coding,mostly_solo,1_2h,afternoon,1,0,1,1,1,1,1,1,1,1,1,library,light_reading,solo,1_2h,evening,weekend,3.2,cloudy,indoor,often,5,3,4,5,3,3,4,5,4,4,20,15,12,20,20,20,12,15,1.8,1.6,15,0.5,92.2,76.28870392235117
I2165,U217,comfort_oriented,P061,home_07,synthetic,train,4,5,3,4,5,4,5,4,5,4,library,coding,mostly_solo,1_2h,afternoon,1,0,1,1,1,1,1,1,1,1,1,home,light_reading,solo,under_1h,morning,weekend,14.7,clear,indoor,first_time,4,4,4,4,4,4,4,4,4,5,16,20,12,16,20,20,16,20,1.8,7.4,12,0.5,71.2,71.7972886709772
I2166,U217,comfort_oriented,P012,library_12,synthetic,train,4,5,3,4,5,4,5,4,5,4,library,coding,mostly_solo,1_2h,afternoon,1,0,1,1,1,1,1,1,1,1,1,library,light_reading,solo,2_4h,morning,weekend,1.0,hot,indoor,sometimes,5,4,4,4,3,3,3,5,5,4,20,20,12,16,15,25,12,15,1.8,0.5,15,0.5,76.5,78.06563239760239
I2167,U217,comfort_oriented,P062,home_08,synthetic,train,4,5,3,4,5,4,5,4,5,4,library,coding,mostly_solo,1_2h,afternoon,1,0,1,1,1,1,1,1,1,1,1,home,coding,solo,under_1h,evening,weekday,7.2,cloudy,indoor,often,4,3,4,4,4,5,5,5,4,5,16,15,12,16,25,20,16,25,3.6,3.6,20,0.5,77.0,79.93643239843378
I2168,U217,comfort_oriented,P116,outdoor_08,synthetic,train,4,5,3,4,5,4,5,4,5,4,library,coding,mostly_solo,1_2h,afternoon,1,0,1,1,1,1,1,1,1,1,1,outdoor,online_class,solo,2_4h,morning,weekend,9.3,cloudy,outdoor,often,3,5,3,3,2,2,1,1,3,3,12,25,9,12,5,15,8,10,2.6,4.6,3,0.5,54.9,54.1991319669175
I2169,U217,comfort_oriented,P045,cafe_09,synthetic,train,4,5,3,4,5,4,5,4,5,4,library,coding,mostly_solo,1_2h,afternoon,1,0,1,1,1,1,1,1,1,1,1,cafe,report_writing,3_4,over_4h,morning,weekend,5.4,cloudy,indoor,often,2,3,2,2,3,3,3,3,3,3,8,15,6,8,15,15,12,15,3.4,2.7,12,0.5,56.2,56.56152535967914
I2170,U217,comfort_oriented,P002,library_02,synthetic,train,4,5,3,4,5,4,5,4,5,4,library,coding,mostly_solo,1_2h,afternoon,1,0,1,1,1,1,1,1,1,1,1,library,deep_study,solo,2_4h,evening,weekday,14.0,rainy,indoor,first_time,5,5,4,4,2,3,4,4,4,4,20,25,12,16,20,20,8,15,4.0,7.0,16,0.5,80.4,71.51753861274528
I2171,U218,quiet_deepwork,P015,library_15,synthetic,test,5,4,5,5,4,4,4,3,5,5,library,deep_study,mostly_solo,1_2h,morning,1,1,1,1,1,1,1,1,1,1,1,library,online_class,solo,2_4h,evening,weekday,12.1,clear,indoor,rarely,4,4,4,5,2,4,3,4,4,4,20,16,20,25,12,16,6,20,3.3,6.0,12,0.0,71.3,73.91295338399618
I2172,U218,quiet_deepwork,P023,study_room_05,synthetic,test,5,4,5,5,4,4,4,3,5,5,library,deep_study,mostly_solo,1_2h,morning,1,1,1,1,1,1,1,1,1,1,1,study_room,deep_study,solo,2_4h,early_morning,weekend,15.8,rainy,indoor,first_time,5,4,3,4,4,4,3,4,4,4,25,16,15,20,12,16,12,20,5.0,7.9,20,0.5,68.2,74.5587128790996
I2173,U218,quiet_deepwork,P081,computer_lab_07,synthetic,test,5,4,5,5,4,4,4,3,5,5,library,deep_study,mostly_solo,1_2h,morning,1,1,1,1,1,1,1,1,1,1,1,computer_lab,coding,solo,2_4h,morning,weekend,12.9,cold,indoor,rarely,4,4,2,3,3,3,4,5,4,3,20,16,10,15,16,16,9,15,4.5,6.5,25,1.0,66.1,71.50174190261966
I2174,U218,quiet_deepwork,P002,library_02,synthetic,test,5,4,5,5,4,4,4,3,5,5,library,deep_study,mostly_solo,1_2h,morning,1,1,1,1,1,1,1,1,1,1,1,library,report_writing,solo,2_4h,morning,weekend,18.3,cloudy,indoor,first_time,5,5,4,4,2,3,4,5,4,4,25,20,20,20,16,16,6,15,4.3,9.1,25,1.0,72.8,77.22974844610903
I2175,U218,quiet_deepwork,P007,library_07,synthetic,test,5,4,5,5,4,4,4,3,5,5,library,deep_study,mostly_solo,1_2h,morning,1,1,1,1,1,1,1,1,1,1,1,library,coding,solo,2_4h,afternoon,weekend,11.7,clear,indoor,first_time,5,4,3,4,3,3,4,4,4,4,25,16,15,20,16,16,9,15,4.5,5.9,20,0.5,89.9,74.52553749278006
I2176,U218,quiet_deepwork,P001,library_01,synthetic,test,5,4,5,5,4,4,4,3,5,5,library,deep_study,mostly_solo,1_2h,morning,1,1,1,1,1,1,1,1,1,1,1,library,online_class,solo,1_2h,morning,weekend,7.4,cloudy,indoor,sometimes,5,4,4,5,2,3,4,3,4,4,25,16,20,25,16,16,6,15,3.3,3.7,9,1.0,79.0,77.26375634089617
I2177,U218,quiet_deepwork,P034,study_room_16,synthetic,test,5,4,5,5,4,4,4,3,5,5,library,deep_study,mostly_solo,1_2h,morning,1,1,1,1,1,1,1,1,1,1,1,study_room,online_class,2,2_4h,morning,weekend,7.2,clear,indoor,first_time,4,4,4,4,4,3,4,4,5,3,20,16,20,20,16,20,12,15,3.3,3.6,12,1.0,66.0,72.53350160348998
I2178,U218,quiet_deepwork,P075,computer_lab_01,synthetic,test,5,4,5,5,4,4,4,3,5,5,library,deep_study,mostly_solo,1_2h,morning,1,1,1,1,1,1,1,1,1,1,1,computer_lab,coding,solo,2_4h,morning,weekday,8.3,clear,indoor,often,3,3,3,4,3,4,5,5,3,3,15,12,15,20,20,12,9,20,4.5,4.2,25,1.0,68.6,77.40265998840272
I2179,U218,quiet_deepwork,P027,study_room_09,synthetic,test,5,4,5,5,4,4,4,3,5,5,library,deep_study,mostly_solo,1_2h,morning,1,1,1,1,1,1,1,1,1,1,1,study_room,report_writing,solo,1_2h,evening,weekend,9.7,cloudy,indoor,often,5,3,3,4,4,3,3,4,3,3,25,12,15,20,12,12,12,15,4.3,4.9,20,0.0,86.5,74.2254399955977
I2180,U218,quiet_deepwork,P051,cafe_15,synthetic,test,5,4,5,5,4,4,4,3,5,5,library,deep_study,mostly_solo,1_2h,morning,1,1,1,1,1,1,1,1,1,1,1,cafe,online_class,3_4,1_2h,afternoon,weekend,14.5,cloudy,indoor,often,3,4,2,3,3,4,3,3,4,3,15,16,10,15,12,16,9,20,3.3,7.3,9,0.5,68.2,61.59833617862047
I2181,U219,comfort_oriented,P036,study_room_18,synthetic,train,4,4,4,3,4,3,5,5,5,4,classroom,meeting,mostly_solo,2_4h,early_morning,1,1,0,1,1,0,1,1,0,1,0,study_room,deep_study,solo,2_4h,early_morning,weekday,14.0,hot,indoor,often,5,4,4,4,4,4,5,5,4,4,20,16,16,12,20,20,20,20,4.0,5.2,20,1.0,86.2,78.07469751275099
I2182,U219,comfort_oriented,P031,study_room_13,synthetic,train,4,4,4,3,4,3,5,5,5,4,classroom,meeting,mostly_solo,2_4h,early_morning,1,1,0,1,1,0,1,1,0,1,0,study_room,report_writing,solo,2_4h,afternoon,weekday,1.0,rainy,indoor,first_time,5,4,4,4,4,4,4,4,5,4,20,16,16,12,16,25,20,20,3.4,0.4,16,0.0,86.6,77.06257474968997
I2183,U219,comfort_oriented,P019,study_room_01,synthetic,train,4,4,4,3,4,3,5,5,5,4,classroom,meeting,mostly_solo,2_4h,early_morning,1,1,0,1,1,0,1,1,0,1,0,study_room,report_writing,solo,2_4h,early_morning,weekend,13.4,rainy,indoor,sometimes,4,3,4,4,3,4,4,5,4,4,16,12,16,12,16,20,15,20,3.4,5.0,20,1.0,70.8,74.21675509789574
I2184,U219,comfort_oriented,P042,cafe_06,synthetic,train,4,4,4,3,4,3,5,5,5,4,classroom,meeting,mostly_solo,2_4h,early_morning,1,1,0,1,1,0,1,1,0,1,0,cafe,light_reading,solo,1_2h,evening,weekday,11.4,cloudy,indoor,often,3,4,2,3,2,4,3,3,4,3,12,16,8,9,12,20,10,20,1.8,4.3,9,0.0,76.0,59.85214384767866
I2185,U219,comfort_oriented,P024,study_room_06,synthetic,train,4,4,4,3,4,3,5,5,5,4,classroom,meeting,mostly_solo,2_4h,early_morning,1,1,0,1,1,0,1,1,0,1,0,study_room,report_writing,solo,2_4h,evening,weekend,5.8,clear,indoor,rarely,4,4,3,4,3,4,4,4,4,3,16,16,12,12,16,20,15,20,3.4,2.2,16,0.0,79.7,70.71888457275732
I2186,U219,comfort_oriented,P108,dorm_lounge_12,synthetic,train,4,4,4,3,4,3,5,5,5,4,classroom,meeting,mostly_solo,2_4h,early_morning,1,1,0,1,1,0,1,1,0,1,0,dorm_lounge,online_class,2,2_4h,early_morning,weekday,11.4,clear,indoor,sometimes,2,4,3,3,3,3,3,4,3,3,8,16,12,9,12,15,15,15,2.6,4.3,12,1.0,63.7,57.819796533960115
I2187,U219,comfort_oriented,P036,study_room_18,synthetic,train,4,4,4,3,4,3,5,5,5,4,classroom,meeting,mostly_solo,2_4h,early_morning,1,1,0,1,1,0,1,1,0,1,0,study_room,online_class,solo,under_1h,evening,weekend,5.7,clear,indoor,often,5,4,4,4,4,4,5,4,4,4,20,16,16,12,20,20,20,20,2.6,2.1,12,0.0,82.8,77.9476981318201
I2188,U219,comfort_oriented,P060,home_06,synthetic,train,4,4,4,3,4,3,5,5,5,4,classroom,meeting,mostly_solo,2_4h,early_morning,1,1,0,1,1,0,1,1,0,1,0,home,light_reading,solo,1_2h,afternoon,weekday,12.3,rainy,indoor,sometimes,4,3,5,5,4,5,5,5,4,5,16,12,20,15,20,20,20,25,1.8,4.6,15,0.0,81.8,77.33824810185112
I2189,U219,comfort_oriented,P018,library_18,synthetic,train,4,4,4,3,4,3,5,5,5,4,classroom,meeting,mostly_solo,2_4h,early_morning,1,1,0,1,1,0,1,1,0,1,0,library,light_reading,solo,under_1h,early_morning,weekend,10.8,hot,indoor,often,5,4,3,4,3,3,4,4,4,3,20,16,12,12,16,20,15,15,1.8,4.0,12,1.0,63.9,70.52626517833158
I2190,U219,comfort_oriented,P093,coworking_space_09,synthetic,train,4,4,4,3,4,3,5,5,5,4,classroom,meeting,mostly_solo,2_4h,early_morning,1,1,0,1,1,0,1,1,0,1,0,coworking_space,online_class,solo,2_4h,afternoon,weekday,11.7,clear,indoor,sometimes,3,4,2,3,4,4,4,4,4,3,12,16,8,9,16,20,20,20,2.6,4.4,12,0.0,60.7,65.92514279695177
I2191,U220,social_collaborative,P114,outdoor_06,synthetic,test,3,3,3,3,5,3,3,2,4,3,dorm_lounge,meeting,mostly_group,1_2h,evening,0,0,0,0,1,0,0,1,0,1,0,outdoor,meeting,3_4,1_2h,afternoon,weekend,10.2,clear,outdoor,first_time,3,4,3,3,2,2,1,2,3,3,9,12,9,9,5,9,4,8,0.6,3.8,6,0.5,54.3,45.58675271764552
I2192,U220,social_collaborative,P082,computer_lab_08,synthetic,test,3,3,3,3,5,3,3,2,4,3,dorm_lounge,meeting,mostly_group,1_2h,evening,0,0,0,0,1,0,0,1,0,1,0,computer_lab,online_class,solo,1_2h,afternoon,weekday,1.0,cloudy,indoor,sometimes,3,4,4,4,3,3,5,4,3,3,9,12,12,12,25,9,6,12,2.0,0.4,12,0.5,77.4,62.27258701102265
I2193,U220,social_collaborative,P080,computer_lab_06,synthetic,test,3,3,3,3,5,3,3,2,4,3,dorm_lounge,meeting,mostly_group,1_2h,evening,0,0,0,0,1,0,0,1,0,1,0,computer_lab,team_project,3_4,1_2h,afternoon,weekday,10.6,cold,indoor,sometimes,4,4,4,3,3,4,4,5,4,3,12,12,12,9,20,12,6,16,0.8,4.0,15,0.5,58.0,66.15702747686007
I2194,U220,social_collaborative,P077,computer_lab_03,synthetic,test,3,3,3,3,5,3,3,2,4,3,dorm_lounge,meeting,mostly_group,1_2h,evening,0,0,0,0,1,0,0,1,0,1,0,computer_lab,light_reading,solo,1_2h,evening,weekday,15.1,cloudy,indoor,first_time,4,3,3,3,2,3,4,3,4,4,12,9,9,9,20,12,4,12,1.4,5.7,9,1.0,45.9,54.90925199695533
I2195,U220,social_collaborative,P032,study_room_14,synthetic,test,3,3,3,3,5,3,3,2,4,3,dorm_lounge,meeting,mostly_group,1_2h,evening,0,0,0,0,1,0,0,1,0,1,0,study_room,meeting,3_4,2_4h,evening,weekend,16.8,clear,indoor,often,4,4,4,4,4,3,4,4,4,4,12,12,12,12,20,12,8,12,0.6,6.3,12,1.0,72.5,64.71050382904771
I2196,U220,social_collaborative,P031,study_room_13,synthetic,test,3,3,3,3,5,3,3,2,4,3,dorm_lounge,meeting,mostly_group,1_2h,evening,0,0,0,0,1,0,0,1,0,1,0,study_room,meeting,2,2_4h,afternoon,weekday,2.8,clear,indoor,sometimes,5,4,4,4,4,4,4,5,5,4,15,12,12,12,20,15,8,16,0.6,1.0,15,0.5,75.5,70.48910248116151
I2197,U220,social_collaborative,P092,coworking_space_08,synthetic,test,3,3,3,3,5,3,3,2,4,3,dorm_lounge,meeting,mostly_group,1_2h,evening,0,0,0,0,1,0,0,1,0,1,0,coworking_space,meeting,3_4,under_1h,morning,weekend,1.0,cloudy,indoor,rarely,2,4,3,4,3,4,4,5,4,3,6,12,9,12,20,12,6,16,0.6,0.4,15,0.0,65.8,62.1900172034885
I2198,U220,social_collaborative,P042,cafe_06,synthetic,test,3,3,3,3,5,3,3,2,4,3,dorm_lounge,meeting,mostly_group,1_2h,evening,0,0,0,0,1,0,0,1,0,1,0,cafe,meeting,3_4,2_4h,morning,weekday,11.0,hot,indoor,often,3,4,2,3,2,4,3,4,4,3,9,12,6,9,15,12,4,16,0.6,4.1,12,0.0,58.7,57.226098131267435
I2199,U220,social_collaborative,P086,coworking_space_02,synthetic,test,3,3,3,3,5,3,3,2,4,3,dorm_lounge,meeting,mostly_group,1_2h,evening,0,0,0,0,1,0,0,1,0,1,0,coworking_space,meeting,5_plus,1_2h,afternoon,weekend,16.8,clear,indoor,first_time,3,4,4,4,5,3,4,5,4,4,9,12,12,12,20,12,10,12,0.6,6.3,15,0.5,56.2,60.46687306344136
I2200,U220,social_collaborative,P099,dorm_lounge_03,synthetic,test,3,3,3,3,5,3,3,2,4,3,dorm_lounge,meeting,mostly_group,1_2h,evening,0,0,0,0,1,0,0,1,0,1,0,dorm_lounge,deep_study,solo,2_4h,late_night,weekend,10.7,rainy,indoor,rarely,4,4,3,3,3,3,4,3,3,3,12,12,9,9,20,9,6,12,3.0,4.0,9,0.5,60.3,53.9191291677044
I2201,U221,social_collaborative,P089,coworking_space_05,synthetic,train,3,4,2,2,4,4,3,3,5,2,study_room,team_project,mostly_group,1_2h,morning,0,0,0,0,1,1,0,1,1,1,0,coworking_space,meeting,2,1_2h,evening,weekend,19.9,cloudy,indoor,often,3,5,4,3,4,4,5,5,4,3,9,20,8,6,20,12,12,20,0.4,10.0,15,0.0,62.9,58.17775201724295
I2202,U221,social_collaborative,P069,classroom_07,synthetic,train,3,4,2,2,4,4,3,3,5,2,study_room,team_project,mostly_group,1_2h,morning,0,0,0,0,1,1,0,1,1,1,0,classroom,team_project,3_4,over_4h,afternoon,weekday,14.5,clear,indoor,often,3,4,3,3,3,3,3,3,3,4,9,16,6,6,12,9,9,15,0.5,7.2,9,0.5,52.9,52.7101616604987
I2203,U221,social_collaborative,P039,cafe_03,synthetic,train,3,4,2,2,4,4,3,3,5,2,study_room,team_project,mostly_group,1_2h,morning,0,0,0,0,1,1,0,1,1,1,0,cafe,team_project,5_plus,1_2h,morning,weekday,13.3,cloudy,indoor,often,3,4,2,3,2,4,3,4,4,4,9,16,4,6,12,12,6,20,0.5,6.6,12,1.0,56.8,54.98882921373161
I2204,U221,social_collaborative,P033,study_room_15,synthetic,train,3,4,2,2,4,4,3,3,5,2,study_room,team_project,mostly_group,1_2h,morning,0,0,0,0,1,1,0,1,1,1,0,study_room,deep_study,solo,over_4h,afternoon,weekday,1.0,clear,indoor,sometimes,5,3,4,3,4,4,4,4,5,4,15,12,8,6,16,15,12,20,2.0,0.5,8,0.5,63.2,63.16593363402465
I2205,U221,social_collaborative,P029,study_room_11,synthetic,train,3,4,2,2,4,4,3,3,5,2,study_room,team_project,mostly_group,1_2h,morning,0,0,0,0,1,1,0,1,1,1,0,study_room,team_project,5_plus,1_2h,evening,weekday,13.8,clear,indoor,often,4,4,3,4,2,4,4,4,4,3,12,16,6,8,16,12,6,20,0.5,6.9,12,0.0,44.3,58.70872965365731
I2206,U221,social_collaborative,P026,study_room_08,synthetic,train,3,4,2,2,4,4,3,3,5,2,study_room,team_project,mostly_group,1_2h,morning,0,0,0,0,1,1,0,1,1,1,0,study_room,online_class,solo,1_2h,morning,weekend,13.7,clear,indoor,sometimes,4,5,4,4,5,4,4,4,4,3,12,20,8,8,16,12,15,20,1.3,6.9,12,1.0,56.1,61.893736333629924
I2207,U221,social_collaborative,P020,study_room_02,synthetic,train,3,4,2,2,4,4,3,3,5,2,study_room,team_project,mostly_group,1_2h,morning,0,0,0,0,1,1,0,1,1,1,0,study_room,meeting,5_plus,under_1h,morning,weekend,6.3,cloudy,indoor,first_time,4,4,4,5,3,4,4,4,4,4,12,16,8,10,16,12,9,20,0.4,3.2,12,1.0,64.8,61.75581467529836
I2208,U221,social_collaborative,P021,study_room_03,synthetic,train,3,4,2,2,4,4,3,3,5,2,study_room,team_project,mostly_group,1_2h,morning,0,0,0,0,1,1,0,1,1,1,0,study_room,team_project,3_4,under_1h,early_morning,weekday,15.7,rainy,indoor,sometimes,5,4,4,4,3,4,4,4,4,2,15,16,8,8,16,12,9,20,0.5,7.9,12,0.5,74.6,61.20779184701806
I2209,U221,social_collaborative,P023,study_room_05,synthetic,train,3,4,2,2,4,4,3,3,5,2,study_room,team_project,mostly_group,1_2h,morning,0,0,0,0,1,1,0,1,1,1,0,study_room,team_project,3_4,1_2h,morning,weekend,17.9,cloudy,indoor,sometimes,5,4,3,4,4,4,3,4,4,4,15,16,6,8,12,12,12,20,0.5,9.0,12,1.0,58.5,60.136604668501164
I2210,U221,social_collaborative,P115,outdoor_07,synthetic,train,3,4,2,2,4,4,3,3,5,2,study_room,team_project,mostly_group,1_2h,morning,0,0,0,0,1,1,0,1,1,1,0,outdoor,meeting,2,1_2h,afternoon,weekday,12.9,rainy,outdoor,first_time,3,4,3,3,1,3,1,2,2,3,9,16,6,6,4,6,3,15,0.4,6.5,6,0.5,23.0,38.625157571164195
I2211,U222,quiet_deepwork,P003,library_03,synthetic,train,5,4,4,4,4,3,5,3,4,5,home,coding,mostly_solo,1_2h,afternoon,1,1,1,1,1,0,1,1,0,1,1,library,coding,solo,2_4h,afternoon,weekday,1.0,cloudy,indoor,rarely,5,3,4,5,3,3,4,5,4,4,25,12,16,20,16,20,9,12,4.5,0.4,25,1.0,86.8,79.32999730160664
I2212,U222,quiet_deepwork,P021,study_room_03,synthetic,train,5,4,4,4,4,3,5,3,4,5,home,coding,mostly_solo,1_2h,afternoon,1,1,1,1,1,0,1,1,0,1,1,study_room,deep_study,solo,1_2h,afternoon,weekday,20.3,clear,indoor,sometimes,5,4,4,4,3,4,4,4,4,2,25,16,16,16,16,20,9,16,5.0,7.6,20,1.0,79.6,75.01605111426464
I2213,U222,quiet_deepwork,P082,computer_lab_08,synthetic,train,5,4,4,4,4,3,5,3,4,5,home,coding,mostly_solo,1_2h,afternoon,1,1,1,1,1,0,1,1,0,1,1,computer_lab,report_writing,solo,1_2h,afternoon,weekday,1.0,cloudy,indoor,rarely,3,4,4,4,3,3,5,4,3,3,15,16,16,16,20,15,9,12,4.3,0.4,20,1.0,76.3,71.91474604066107
I2214,U222,quiet_deepwork,P007,library_07,synthetic,train,5,4,4,4,4,3,5,3,4,5,home,coding,mostly_solo,1_2h,afternoon,1,1,1,1,1,0,1,1,0,1,1,library,coding,solo,2_4h,afternoon,weekday,15.2,clear,indoor,sometimes,5,4,3,4,3,3,4,5,4,4,25,16,12,16,16,20,9,12,4.5,5.7,25,1.0,68.8,76.94199692747836
I2215,U222,quiet_deepwork,P058,home_04,synthetic,train,5,4,4,4,4,3,5,3,4,5,home,coding,mostly_solo,1_2h,afternoon,1,1,1,1,1,0,1,1,0,1,1,home,coding,solo,2_4h,afternoon,weekday,19.9,cloudy,indoor,often,4,3,4,3,4,5,4,3,4,4,20,12,16,12,16,20,12,20,4.5,7.5,15,1.0,62.6,72.6507162203314
I2216,U222,quiet_deepwork,P102,dorm_lounge_06,synthetic,train,5,4,4,4,4,3,5,3,4,5,home,coding,mostly_solo,1_2h,afternoon,1,1,1,1,1,0,1,1,0,1,1,dorm_lounge,deep_study,solo,2_4h,afternoon,weekday,19.0,clear,indoor,often,3,3,3,3,3,3,4,3,4,4,15,12,12,12,16,20,9,12,5.0,7.1,15,1.0,63.6,65.09387316167397
I2217,U222,quiet_deepwork,P027,study_room_09,synthetic,train,5,4,4,4,4,3,5,3,4,5,home,coding,mostly_solo,1_2h,afternoon,1,1,1,1,1,0,1,1,0,1,1,study_room,team_project,3_4,under_1h,evening,weekday,5.8,cloudy,indoor,first_time,5,3,3,4,4,3,3,5,3,3,25,12,12,16,12,15,12,12,1.3,2.2,15,0.5,71.2,72.17975828767555
I2218,U222,quiet_deepwork,P036,study_room_18,synthetic,train,5,4,4,4,4,3,5,3,4,5,home,coding,mostly_solo,1_2h,afternoon,1,1,1,1,1,0,1,1,0,1,1,study_room,report_writing,solo,over_4h,morning,weekend,16.0,clear,indoor,first_time,5,4,4,4,4,4,5,4,4,4,25,16,16,16,20,20,12,16,4.3,6.0,20,0.5,76.1,77.54199621973544
I2219,U222,quiet_deepwork,P017,library_17,synthetic,train,5,4,4,4,4,3,5,3,4,5,home,coding,mostly_solo,1_2h,afternoon,1,1,1,1,1,0,1,1,0,1,1,library,deep_study,solo,2_4h,morning,weekday,12.2,cold,indoor,rarely,5,4,4,5,3,3,4,5,5,4,25,16,16,20,16,25,9,12,5.0,4.6,25,0.5,77.0,79.88126942672717
I2220,U222,quiet_deepwork,P024,study_room_06,synthetic,train,5,4,4,4,4,3,5,3,4,5,home,coding,mostly_solo,1_2h,afternoon,1,1,1,1,1,0,1,1,0,1,1,study_room,deep_study,solo,2_4h,afternoon,weekday,9.4,clear,indoor,sometimes,4,4,3,4,3,4,4,4,4,3,20,16,12,16,16,20,9,16,5.0,3.5,20,1.0,83.8,74.39083597887623
I2221,U223,social_collaborative,P092,coworking_space_08,synthetic,test,2,4,2,3,4,4,4,4,5,4,cafe,meeting,mostly_group,under_1h,afternoon,0,0,0,1,1,1,0,1,1,1,0,coworking_space,meeting,3_4,1_2h,afternoon,weekday,6.0,cloudy,indoor,rarely,2,4,3,4,3,4,4,4,4,3,4,16,6,12,16,16,12,20,0.8,3.0,12,1.0,70.8,59.42229168421812
I2222,U223,social_collaborative,P047,cafe_11,synthetic,test,2,4,2,3,4,4,4,4,5,4,cafe,meeting,mostly_group,under_1h,afternoon,0,0,0,1,1,1,0,1,1,1,0,cafe,team_project,2,under_1h,late_night,weekday,9.3,rainy,indoor,sometimes,3,4,3,3,2,4,3,5,4,3,6,16,6,9,12,16,8,20,1.0,4.7,15,0.0,53.1,57.698648206490866
I2223,U223,social_collaborative,P034,study_room_16,synthetic,test,2,4,2,3,4,4,4,4,5,4,cafe,meeting,mostly_group,under_1h,afternoon,0,0,0,1,1,1,0,1,1,1,0,study_room,team_project,3_4,1_2h,morning,weekend,6.2,cloudy,indoor,first_time,4,4,4,4,4,3,4,5,5,3,8,16,8,12,16,20,16,15,1.0,3.1,15,0.5,62.5,65.29684176930073
I2224,U223,social_collaborative,P049,cafe_13,synthetic,test,2,4,2,3,4,4,4,4,5,4,cafe,meeting,mostly_group,under_1h,afternoon,0,0,0,1,1,1,0,1,1,1,0,cafe,team_project,3_4,2_4h,evening,weekday,13.5,clear,indoor,often,3,4,2,3,3,3,2,5,4,2,6,16,4,9,8,16,12,15,1.0,6.7,15,0.5,60.2,55.59724307247579
I2225,U223,social_collaborative,P066,classroom_04,synthetic,test,2,4,2,3,4,4,4,4,5,4,cafe,meeting,mostly_group,under_1h,afternoon,0,0,0,1,1,1,0,1,1,1,0,classroom,coding,solo,2_4h,morning,weekday,9.7,clear,indoor,sometimes,3,4,4,3,3,3,4,4,3,4,6,16,8,9,16,12,12,15,3.6,4.9,16,0.5,66.0,58.22503394615414
I2226,U223,social_collaborative,P082,computer_lab_08,synthetic,test,2,4,2,3,4,4,4,4,5,4,cafe,meeting,mostly_group,under_1h,afternoon,0,0,0,1,1,1,0,1,1,1,0,computer_lab,light_reading,solo,1_2h,afternoon,weekday,4.1,clear,indoor,often,3,4,4,4,3,3,5,3,3,3,6,16,8,12,20,12,12,15,1.8,2.0,9,1.0,69.8,60.21739350824992
I2227,U223,social_collaborative,P008,library_08,synthetic,test,2,4,2,3,4,4,4,4,5,4,cafe,meeting,mostly_group,under_1h,afternoon,0,0,0,1,1,1,0,1,1,1,0,library,team_project,3_4,2_4h,evening,weekend,14.5,rainy,indoor,often,5,5,4,4,2,3,4,3,4,4,10,20,8,12,16,16,8,15,1.0,7.3,9,0.5,62.8,61.457382477064655
I2228,U223,social_collaborative,P036,study_room_18,synthetic,test,2,4,2,3,4,4,4,4,5,4,cafe,meeting,mostly_group,under_1h,afternoon,0,0,0,1,1,1,0,1,1,1,0,study_room,team_project,3_4,2_4h,afternoon,weekday,10.4,rainy,indoor,sometimes,5,4,4,4,4,4,5,5,4,4,10,16,8,12,20,16,16,20,1.0,5.2,15,1.0,67.4,69.05924626122692
I2229,U223,social_collaborative,P092,coworking_space_08,synthetic,test,2,4,2,3,4,4,4,4,5,4,cafe,meeting,mostly_group,under_1h,afternoon,0,0,0,1,1,1,0,1,1,1,0,coworking_space,team_project,2,2_4h,afternoon,weekday,6.9,clear,indoor,often,2,4,3,4,3,4,4,4,4,3,4,16,6,12,16,16,12,20,1.0,3.5,12,1.0,55.5,61.14126157368355
I2230,U223,social_collaborative,P073,classroom_11,synthetic,test,2,4,2,3,4,4,4,4,5,4,cafe,meeting,mostly_group,under_1h,afternoon,0,0,0,1,1,1,0,1,1,1,0,classroom,report_writing,solo,2_4h,evening,weekday,8.7,clear,indoor,sometimes,4,5,3,3,4,3,3,3,3,4,8,20,6,9,12,12,16,15,3.4,4.3,12,0.5,58.9,57.55143523815998
I2231,U224,balanced,P044,cafe_08,synthetic,train,4,3,4,3,4,4,5,4,4,5,classroom,coding,mostly_solo,2_4h,early_morning,1,1,0,1,1,1,1,1,1,1,0,cafe,coding,solo,over_4h,early_morning,weekday,17.1,cloudy,indoor,first_time,3,4,3,4,2,4,3,5,4,2,12,12,12,12,12,20,8,16,4.5,8.6,25,1.0,58.3,60.49331051282325
I2232,U224,balanced,P108,dorm_lounge_12,synthetic,train,4,3,4,3,4,4,5,4,4,5,classroom,coding,mostly_solo,2_4h,early_morning,1,1,0,1,1,1,1,1,1,1,0,dorm_lounge,online_class,solo,1_2h,afternoon,weekend,8.1,clear,indoor,rarely,2,4,3,3,3,3,3,3,3,3,8,12,12,9,12,15,12,12,3.3,4.0,9,0.0,52.1,55.47908538909485
I2233,U224,balanced,P058,home_04,synthetic,train,4,3,4,3,4,4,5,4,4,5,classroom,coding,mostly_solo,2_4h,early_morning,1,1,0,1,1,1,1,1,1,1,0,home,report_writing,solo,2_4h,morning,weekend,13.4,rainy,indoor,often,4,3,4,3,4,5,4,5,4,4,16,9,16,9,16,20,16,20,4.3,6.7,25,0.5,79.4,76.22383859767058
I2234,U224,balanced,P031,study_room_13,synthetic,train,4,3,4,3,4,4,5,4,4,5,classroom,coding,mostly_solo,2_4h,early_morning,1,1,0,1,1,1,1,1,1,1,0,study_room,coding,solo,1_2h,early_morning,weekend,1.0,clear,indoor,rarely,5,4,4,4,4,4,4,4,5,4,20,12,16,12,16,25,16,16,4.5,0.5,20,1.0,80.5,78.1036166056935
I2235,U224,balanced,P002,library_02,synthetic,train,4,3,4,3,4,4,5,4,4,5,classroom,coding,mostly_solo,2_4h,early_morning,1,1,0,1,1,1,1,1,1,1,0,library,deep_study,solo,2_4h,afternoon,weekday,11.9,cloudy,indoor,rarely,5,5,4,4,2,3,4,5,4,4,20,15,16,12,16,20,8,12,5.0,5.9,25,0.0,69.6,69.90905216459892
I2236,U224,balanced,P025,study_room_07,synthetic,train,4,3,4,3,4,4,5,4,4,5,classroom,coding,mostly_solo,2_4h,early_morning,1,1,0,1,1,1,1,1,1,1,0,study_room,report_writing,solo,2_4h,early_morning,weekday,3.5,cloudy,indoor,first_time,4,4,3,4,4,4,4,4,4,3,16,12,12,12,16,20,16,16,4.3,1.8,20,1.0,66.5,71.36904028467623
I2237,U224,balanced,P068,classroom_06,synthetic,train,4,3,4,3,4,4,5,4,4,5,classroom,coding,mostly_solo,2_4h,early_morning,1,1,0,1,1,1,1,1,1,1,0,classroom,deep_study,solo,over_4h,late_night,weekend,15.4,rainy,indoor,first_time,3,4,3,3,2,3,3,3,2,4,12,12,12,9,12,10,8,12,5.0,7.7,15,0.0,59.2,51.9928565692893
I2238,U224,balanced,P075,computer_lab_01,synthetic,train,4,3,4,3,4,4,5,4,4,5,classroom,coding,mostly_solo,2_4h,early_morning,1,1,0,1,1,1,1,1,1,1,0,computer_lab,deep_study,solo,1_2h,morning,weekday,7.3,rainy,indoor,often,3,3,3,4,3,4,5,4,3,3,12,9,12,12,20,15,12,16,5.0,3.6,20,0.5,71.9,69.2645930256079
I2239,U224,balanced,P055,home_01,synthetic,train,4,3,4,3,4,4,5,4,4,5,classroom,coding,mostly_solo,2_4h,early_morning,1,1,0,1,1,1,1,1,1,1,0,home,coding,solo,2_4h,afternoon,weekday,12.9,cloudy,indoor,rarely,4,3,5,4,4,5,5,5,4,5,16,9,20,12,20,20,16,20,4.5,6.5,25,0.0,79.8,75.54659679682293
I2240,U224,balanced,P027,study_room_09,synthetic,train,4,3,4,3,4,4,5,4,4,5,classroom,coding,mostly_solo,2_4h,early_morning,1,1,0,1,1,1,1,1,1,1,0,study_room,coding,solo,2_4h,evening,weekday,4.0,clear,indoor,sometimes,5,3,3,4,4,3,3,5,3,3,20,9,12,12,12,15,16,12,4.5,2.0,25,0.0,74.9,71.51630636054121
I2241,U225,social_collaborative,P030,study_room_12,synthetic,train,4,4,2,3,4,3,4,3,4,4,home,team_project,mostly_group,2_4h,afternoon,1,0,0,1,1,0,1,1,0,1,0,study_room,online_class,solo,1_2h,early_morning,weekday,13.0,clear,indoor,sometimes,5,4,3,4,3,3,4,4,4,4,20,16,6,12,16,16,9,12,2.6,4.9,12,0.0,59.5,65.56013320946013
I2242,U225,social_collaborative,P020,study_room_02,synthetic,train,4,4,2,3,4,3,4,3,4,4,home,team_project,mostly_group,2_4h,afternoon,1,0,0,1,1,0,1,1,0,1,0,study_room,team_project,5_plus,1_2h,morning,weekday,5.3,cloudy,indoor,often,4,4,4,5,3,4,4,5,4,4,16,16,8,15,16,16,9,16,1.0,2.0,15,0.5,80.1,72.73903978191288
I2243,U225,social_collaborative,P091,coworking_space_07,synthetic,train,4,4,2,3,4,3,4,3,4,4,home,team_project,mostly_group,2_4h,afternoon,1,0,0,1,1,0,1,1,0,1,0,coworking_space,team_project,2,under_1h,afternoon,weekend,15.9,clear,indoor,first_time,4,4,4,3,4,5,4,5,3,4,16,16,8,9,16,12,12,20,1.0,6.0,15,1.0,53.9,66.3094619396862
I2244,U225,social_collaborative,P084,computer_lab_10,synthetic,train,4,4,2,3,4,3,4,3,4,4,home,team_project,mostly_group,2_4h,afternoon,1,0,0,1,1,0,1,1,0,1,0,computer_lab,team_project,3_4,1_2h,afternoon,weekday,9.3,clear,indoor,sometimes,4,4,3,4,3,3,4,3,3,2,16,16,6,12,16,12,9,12,1.0,3.5,9,1.0,66.7,63.73065900383323
I2245,U225,social_collaborative,P083,computer_lab_09,synthetic,train,4,4,2,3,4,3,4,3,4,4,home,team_project,mostly_group,2_4h,afternoon,1,0,0,1,1,0,1,1,0,1,0,computer_lab,report_writing,solo,2_4h,morning,weekend,1.3,cold,indoor,sometimes,4,4,3,3,4,3,5,3,4,3,16,16,6,9,20,16,12,12,3.4,0.5,12,0.5,64.3,67.0264495746849
I2246,U225,social_collaborative,P031,study_room_13,synthetic,train,4,4,2,3,4,3,4,3,4,4,home,team_project,mostly_group,2_4h,afternoon,1,0,0,1,1,0,1,1,0,1,0,study_room,report_writing,solo,2_4h,late_night,weekend,6.0,clear,indoor,first_time,5,4,4,4,4,4,4,5,5,4,20,16,8,12,16,20,12,16,3.4,2.3,20,0.0,76.5,72.1894789751561
I2247,U225,social_collaborative,P024,study_room_06,synthetic,train,4,4,2,3,4,3,4,3,4,4,home,team_project,mostly_group,2_4h,afternoon,1,0,0,1,1,0,1,1,0,1,0,study_room,team_project,2,over_4h,late_night,weekday,7.6,cloudy,indoor,sometimes,4,4,3,4,3,4,4,5,4,3,16,16,6,12,16,16,9,16,1.0,2.9,15,0.0,68.9,66.82280271472254
I2248,U225,social_collaborative,P043,cafe_07,synthetic,train,4,4,2,3,4,3,4,3,4,4,home,team_project,mostly_group,2_4h,afternoon,1,0,0,1,1,0,1,1,0,1,0,cafe,report_writing,solo,over_4h,late_night,weekday,1.9,hot,indoor,rarely,2,5,3,3,2,4,3,4,3,3,8,20,6,9,12,12,6,16,3.4,0.7,16,0.0,61.1,56.41348306217339
I2249,U225,social_collaborative,P072,classroom_10,synthetic,train,4,4,2,3,4,3,4,3,4,4,home,team_project,mostly_group,2_4h,afternoon,1,0,0,1,1,0,1,1,0,1,0,classroom,light_reading,2,1_2h,afternoon,weekday,8.6,hot,indoor,rarely,3,3,4,3,3,3,4,4,3,3,12,12,8,9,16,12,9,12,1.8,3.2,12,1.0,48.4,53.65459675149701
I2250,U225,social_collaborative,P019,study_room_01,synthetic,train,4,4,2,3,4,3,4,3,4,4,home,team_project,mostly_group,2_4h,afternoon,1,0,0,1,1,0,1,1,0,1,0,study_room,team_project,3_4,under_1h,afternoon,weekday,8.6,rainy,indoor,first_time,4,3,4,4,3,4,4,4,4,4,16,12,8,12,16,16,9,16,1.0,3.2,12,1.0,67.9,66.9372035954369
I2251,U226,quiet_deepwork,P014,library_14,synthetic,train,4,4,4,4,4,3,5,4,4,5,home,light_reading,mostly_solo,1_2h,morning,1,1,1,1,1,0,1,1,0,1,1,library,report_writing,solo,1_2h,morning,weekday,6.7,rainy,indoor,sometimes,5,4,5,4,3,4,4,4,4,4,20,16,20,16,16,20,12,16,4.3,2.5,20,1.0,78.1,79.9003012690963
I2252,U226,quiet_deepwork,P009,library_09,synthetic,train,4,4,4,4,4,3,5,4,4,5,home,light_reading,mostly_solo,1_2h,morning,1,1,1,1,1,0,1,1,0,1,1,library,report_writing,solo,over_4h,morning,weekday,8.2,rainy,indoor,often,4,4,3,4,2,4,4,4,4,4,16,16,12,16,16,20,8,16,4.3,3.1,20,1.0,76.4,74.48893815189464
I2253,U226,quiet_deepwork,P015,library_15,synthetic,train,4,4,4,4,4,3,5,4,4,5,home,light_reading,mostly_solo,1_2h,morning,1,1,1,1,1,0,1,1,0,1,1,library,light_reading,solo,over_4h,morning,weekend,4.7,cloudy,indoor,often,4,4,4,5,2,4,3,5,4,4,16,16,16,20,12,20,8,16,2.3,1.8,15,1.0,75.9,74.7515975906084
I2254,U226,quiet_deepwork,P057,home_03,synthetic,train,4,4,4,4,4,3,5,4,4,5,home,light_reading,mostly_solo,1_2h,morning,1,1,1,1,1,0,1,1,0,1,1,home,deep_study,solo,2_4h,afternoon,weekday,4.4,clear,indoor,first_time,3,4,4,4,5,4,5,3,5,4,12,16,16,16,20,25,20,16,5.0,1.7,15,0.5,76.9,74.31484929361537
I2255,U226,quiet_deepwork,P030,study_room_12,synthetic,train,4,4,4,4,4,3,5,4,4,5,home,light_reading,mostly_solo,1_2h,morning,1,1,1,1,1,0,1,1,0,1,1,study_room,deep_study,2,1_2h,morning,weekday,9.8,hot,indoor,often,5,4,3,4,3,3,4,4,4,4,20,16,12,16,16,20,12,12,5.0,3.7,20,1.0,62.1,70.04574275117804
I2256,U226,quiet_deepwork,P025,study_room_07,synthetic,train,4,4,4,4,4,3,5,4,4,5,home,light_reading,mostly_solo,1_2h,morning,1,1,1,1,1,0,1,1,0,1,1,study_room,coding,solo,2_4h,evening,weekday,7.9,cloudy,indoor,sometimes,4,4,3,4,4,4,4,5,4,3,16,16,12,16,16,20,16,16,4.5,3.0,25,0.0,77.4,74.79803706163779
I2257,U226,quiet_deepwork,P102,dorm_lounge_06,synthetic,train,4,4,4,4,4,3,5,4,4,5,home,light_reading,mostly_solo,1_2h,morning,1,1,1,1,1,0,1,1,0,1,1,dorm_lounge,coding,3_4,2_4h,afternoon,weekday,20.6,rainy,indoor,rarely,3,3,3,3,3,3,4,4,4,4,12,12,12,12,16,20,12,12,4.5,7.7,20,0.5,57.2,60.69061463582946
I2258,U226,quiet_deepwork,P072,classroom_10,synthetic,train,4,4,4,4,4,3,5,4,4,5,home,light_reading,mostly_solo,1_2h,morning,1,1,1,1,1,0,1,1,0,1,1,classroom,online_class,2,under_1h,afternoon,weekday,11.1,clear,indoor,sometimes,3,3,4,3,3,3,4,4,3,3,12,12,16,12,16,15,12,12,3.3,4.2,12,0.5,71.8,61.254126785881034
I2259,U226,quiet_deepwork,P069,classroom_07,synthetic,train,4,4,4,4,4,3,5,4,4,5,home,light_reading,mostly_solo,1_2h,morning,1,1,1,1,1,0,1,1,0,1,1,classroom,report_writing,solo,2_4h,afternoon,weekday,17.0,clear,indoor,rarely,3,4,3,3,3,3,3,3,3,4,12,16,12,12,12,15,12,12,4.3,6.4,15,0.5,59.5,60.8453465593802
I2260,U226,quiet_deepwork,P049,cafe_13,synthetic,train,4,4,4,4,4,3,5,4,4,5,home,light_reading,mostly_solo,1_2h,morning,1,1,1,1,1,0,1,1,0,1,1,cafe,deep_study,solo,2_4h,morning,weekday,17.7,cloudy,indoor,often,3,4,2,3,3,3,2,4,4,2,12,16,8,12,8,20,12,12,5.0,6.6,20,1.0,62.4,62.143044742023854
I2261,U227,convenience_oriented,P013,library_13,synthetic,valid,3,4,4,3,4,5,4,3,3,4,library,deep_study,mostly_solo,2_4h,afternoon,0,1,0,1,1,1,0,1,1,0,0,library,team_project,3_4,1_2h,morning,weekday,1.0,hot,indoor,often,5,4,4,4,3,3,5,3,4,4,15,16,16,12,20,16,9,9,1.0,0.6,9,0.5,82.7,70.03897603235794
I2262,U227,convenience_oriented,P021,study_room_03,synthetic,valid,3,4,4,3,4,5,4,3,3,4,library,deep_study,mostly_solo,2_4h,afternoon,0,1,0,1,1,1,0,1,1,0,0,study_room,light_reading,solo,over_4h,afternoon,weekend,17.0,rainy,indoor,often,5,4,4,4,3,4,4,3,4,2,15,16,16,12,16,16,9,12,1.8,10.7,9,1.0,66.1,58.26519796222118
I2263,U227,convenience_oriented,P067,classroom_05,synthetic,valid,3,4,4,3,4,5,4,3,3,4,library,deep_study,mostly_solo,2_4h,afternoon,0,1,0,1,1,1,0,1,1,0,0,classroom,light_reading,solo,2_4h,morning,weekend,4.9,clear,indoor,often,3,4,3,3,3,2,3,3,3,3,9,16,12,9,12,12,9,6,1.8,3.1,9,0.5,60.6,55.81893790997829
I2264,U227,convenience_oriented,P011,library_11,synthetic,valid,3,4,4,3,4,5,4,3,3,4,library,deep_study,mostly_solo,2_4h,afternoon,0,1,0,1,1,1,0,1,1,0,0,library,light_reading,solo,2_4h,morning,weekday,11.1,clear,indoor,often,5,4,4,4,2,4,4,5,4,3,15,16,16,12,16,16,6,12,1.8,7.0,15,0.5,64.5,65.56424999701338
I2265,U227,convenience_oriented,P020,study_room_02,synthetic,valid,3,4,4,3,4,5,4,3,3,4,library,deep_study,mostly_solo,2_4h,afternoon,0,1,0,1,1,1,0,1,1,0,0,study_room,light_reading,2,1_2h,early_morning,weekday,7.1,cloudy,indoor,sometimes,4,4,4,5,3,4,4,4,4,4,12,16,16,15,16,16,9,12,1.8,4.4,12,0.0,66.5,60.59618304256591
I2266,U227,convenience_oriented,P061,home_07,synthetic,valid,3,4,4,3,4,5,4,3,3,4,library,deep_study,mostly_solo,2_4h,afternoon,0,1,0,1,1,1,0,1,1,0,0,home,online_class,3_4,1_2h,morning,weekday,11.3,cloudy,indoor,often,4,4,4,4,4,4,4,4,4,5,12,16,16,12,16,16,12,12,2.6,7.1,12,0.5,66.1,62.57890675646416
I2267,U227,convenience_oriented,P067,classroom_05,synthetic,valid,3,4,4,3,4,5,4,3,3,4,library,deep_study,mostly_solo,2_4h,afternoon,0,1,0,1,1,1,0,1,1,0,0,classroom,deep_study,2,2_4h,evening,weekday,4.5,cloudy,indoor,often,3,4,3,3,3,2,3,4,3,3,9,16,12,9,12,12,9,6,4.0,2.8,16,0.5,58.9,54.14551760846061
I2268,U227,convenience_oriented,P033,study_room_15,synthetic,valid,3,4,4,3,4,5,4,3,3,4,library,deep_study,mostly_solo,2_4h,afternoon,0,1,0,1,1,1,0,1,1,0,0,study_room,report_writing,solo,2_4h,evening,weekend,1.0,cloudy,indoor,rarely,5,3,4,3,4,4,4,4,5,4,15,12,16,9,16,20,12,12,3.4,0.6,16,0.5,68.7,68.93192096383804
I2269,U227,convenience_oriented,P103,dorm_lounge_07,synthetic,valid,3,4,4,3,4,5,4,3,3,4,library,deep_study,mostly_solo,2_4h,afternoon,0,1,0,1,1,1,0,1,1,0,0,dorm_lounge,light_reading,solo,2_4h,afternoon,weekday,19.2,cloudy,indoor,often,3,4,3,3,4,4,5,3,3,3,9,16,12,9,20,12,12,12,1.8,12.0,9,1.0,49.4,53.24315908028109
I2270,U227,convenience_oriented,P011,library_11,synthetic,valid,3,4,4,3,4,5,4,3,3,4,library,deep_study,mostly_solo,2_4h,afternoon,0,1,0,1,1,1,0,1,1,0,0,library,deep_study,solo,1_2h,evening,weekday,14.9,clear,indoor,often,5,4,4,4,2,4,4,5,4,3,15,16,16,12,16,16,6,12,4.0,9.3,20,0.5,62.3,64.52137240194327
I2271,U228,quiet_deepwork,P001,library_01,synthetic,train,5,3,5,5,3,3,4,2,3,4,dorm_lounge,coding,mostly_solo,1_2h,morning,1,1,1,1,0,0,1,0,0,0,1,library,deep_study,solo,over_4h,evening,weekday,11.9,clear,indoor,first_time,5,4,4,5,2,3,4,4,4,4,25,12,20,25,12,16,4,9,4.0,4.5,16,0.0,69.0,70.68090423262896
I2272,U228,quiet_deepwork,P014,library_14,synthetic,train,5,3,5,5,3,3,4,2,3,4,dorm_lounge,coding,mostly_solo,1_2h,morning,1,1,1,1,0,0,1,0,0,0,1,library,light_reading,solo,under_1h,afternoon,weekend,7.2,rainy,indoor,sometimes,5,4,5,4,3,4,4,5,4,4,25,12,25,20,12,16,6,12,1.8,2.7,15,0.5,80.4,76.71990919504465
I2273,U228,quiet_deepwork,P044,cafe_08,synthetic,train,5,3,5,5,3,3,4,2,3,4,dorm_lounge,coding,mostly_solo,1_2h,morning,1,1,1,1,0,0,1,0,0,0,1,cafe,coding,solo,2_4h,evening,weekend,12.8,cold,indoor,often,3,4,3,4,2,4,3,4,4,2,15,12,15,20,9,16,4,12,3.6,4.8,16,0.0,48.7,62.39851832431656
I2274,U228,quiet_deepwork,P055,home_01,synthetic,train,5,3,5,5,3,3,4,2,3,4,dorm_lounge,coding,mostly_solo,1_2h,morning,1,1,1,1,0,0,1,0,0,0,1,home,coding,solo,2_4h,late_night,weekday,7.6,cloudy,indoor,often,4,3,5,4,4,5,5,4,4,5,20,9,25,20,15,16,8,15,3.6,2.8,16,0.0,77.1,76.63027391877712
I2275,U228,quiet_deepwork,P092,coworking_space_08,synthetic,train,5,3,5,5,3,3,4,2,3,4,dorm_lounge,coding,mostly_solo,1_2h,morning,1,1,1,1,0,0,1,0,0,0,1,coworking_space,report_writing,solo,2_4h,afternoon,weekday,9.5,clear,indoor,often,2,4,3,4,3,4,4,4,4,3,10,12,15,20,12,16,6,12,3.4,3.6,16,0.5,75.2,65.34679560834397
I2276,U228,quiet_deepwork,P030,study_room_12,synthetic,train,5,3,5,5,3,3,4,2,3,4,dorm_lounge,coding,mostly_solo,1_2h,morning,1,1,1,1,0,0,1,0,0,0,1,study_room,light_reading,solo,1_2h,morning,weekend,13.9,cloudy,indoor,first_time,5,4,3,4,3,3,4,3,4,4,25,12,15,20,12,16,6,9,1.8,5.2,9,1.0,63.9,65.90250642514633
I2277,U228,quiet_deepwork,P109,outdoor_01,synthetic,train,5,3,5,5,3,3,4,2,3,4,dorm_lounge,coding,mostly_solo,1_2h,morning,1,1,1,1,0,0,1,0,0,0,1,outdoor,deep_study,5_plus,2_4h,morning,weekend,16.2,cloudy,outdoor,sometimes,2,5,3,3,2,3,1,1,3,3,10,15,15,15,3,12,4,9,4.0,6.1,4,1.0,51.7,45.08068326163257
I2278,U228,quiet_deepwork,P042,cafe_06,synthetic,train,5,3,5,5,3,3,4,2,3,4,dorm_lounge,coding,mostly_solo,1_2h,morning,1,1,1,1,0,0,1,0,0,0,1,cafe,team_project,3_4,1_2h,morning,weekend,12.6,cold,indoor,rarely,3,4,2,3,2,4,3,4,4,3,15,12,10,15,9,16,4,12,1.0,4.7,12,1.0,69.3,61.315102897285065
I2279,U228,quiet_deepwork,P032,study_room_14,synthetic,train,5,3,5,5,3,3,4,2,3,4,dorm_lounge,coding,mostly_solo,1_2h,morning,1,1,1,1,0,0,1,0,0,0,1,study_room,coding,solo,2_4h,evening,weekday,7.8,hot,indoor,first_time,4,4,4,4,4,3,4,4,4,4,20,12,20,20,12,16,8,9,3.6,2.9,16,0.0,65.3,67.4549220522918
I2280,U228,quiet_deepwork,P025,study_room_07,synthetic,train,5,3,5,5,3,3,4,2,3,4,dorm_lounge,coding,mostly_solo,1_2h,morning,1,1,1,1,0,0,1,0,0,0,1,study_room,coding,solo,2_4h,evening,weekend,2.1,cloudy,indoor,rarely,4,4,3,4,4,4,4,4,4,3,20,12,15,20,12,16,8,12,3.6,0.8,16,0.0,68.1,69.43671772042838
I2281,U229,balanced,P095,coworking_space_11,synthetic,train,5,4,4,3,3,4,4,4,5,4,library,report_writing,mostly_solo,2_4h,morning,1,1,0,1,0,1,1,0,1,1,0,coworking_space,coding,2,under_1h,afternoon,weekday,11.1,cloudy,indoor,sometimes,4,4,3,3,4,4,5,4,4,4,20,16,12,9,15,16,16,20,3.6,5.5,16,0.5,64.5,66.78135835929831
I2282,U229,balanced,P010,library_10,synthetic,train,5,4,4,3,3,4,4,4,5,4,library,report_writing,mostly_solo,2_4h,morning,1,1,0,1,0,1,1,0,1,1,0,library,coding,solo,2_4h,morning,weekday,8.8,cold,indoor,first_time,5,5,4,4,3,4,4,4,4,5,25,20,16,12,12,16,12,20,3.6,4.4,16,1.0,75.0,74.47995005144017
I2283,U229,balanced,P004,library_04,synthetic,train,5,4,4,3,3,4,4,4,5,4,library,report_writing,mostly_solo,2_4h,morning,1,1,0,1,0,1,1,0,1,1,0,library,coding,3_4,2_4h,late_night,weekday,1.9,cloudy,indoor,rarely,5,3,3,4,2,4,4,4,3,4,25,12,12,12,12,12,8,20,3.6,1.0,16,0.0,61.2,68.23556673386865
I2284,U229,balanced,P062,home_08,synthetic,train,5,4,4,3,3,4,4,4,5,4,library,report_writing,mostly_solo,2_4h,morning,1,1,0,1,0,1,1,0,1,1,0,home,online_class,solo,1_2h,morning,weekend,6.5,clear,indoor,sometimes,4,3,4,4,4,5,5,5,4,5,20,12,16,12,15,16,16,25,2.6,3.3,15,1.0,83.8,78.75645140510107
I2285,U229,balanced,P035,study_room_17,synthetic,train,5,4,4,3,3,4,4,4,5,4,library,report_writing,mostly_solo,2_4h,morning,1,1,0,1,0,1,1,0,1,1,0,study_room,light_reading,solo,2_4h,afternoon,weekday,6.4,clear,indoor,often,4,4,4,4,3,4,5,4,4,3,20,16,16,12,15,16,12,20,1.8,3.2,12,0.5,74.6,73.22158234359335
I2286,U229,balanced,P057,home_03,synthetic,train,5,4,4,3,3,4,4,4,5,4,library,report_writing,mostly_solo,2_4h,morning,1,1,0,1,0,1,1,0,1,1,0,home,online_class,solo,under_1h,evening,weekday,5.2,cloudy,indoor,sometimes,3,4,4,4,5,4,5,5,5,4,15,16,16,12,15,20,20,20,2.6,2.6,15,0.0,77.8,75.93307649903446
I2287,U229,balanced,P016,library_16,synthetic,train,5,4,4,3,3,4,4,4,5,4,library,report_writing,mostly_solo,2_4h,morning,1,1,0,1,0,1,1,0,1,1,0,library,online_class,solo,over_4h,morning,weekday,10.7,rainy,indoor,rarely,5,4,3,5,3,4,3,4,4,4,25,16,12,15,9,16,12,20,2.6,5.4,12,1.0,61.3,70.7534109417131
I2288,U229,balanced,P026,study_room_08,synthetic,train,5,4,4,3,3,4,4,4,5,4,library,report_writing,mostly_solo,2_4h,morning,1,1,0,1,0,1,1,0,1,1,0,study_room,report_writing,solo,over_4h,afternoon,weekend,18.2,cloudy,indoor,sometimes,4,5,4,4,5,4,4,4,4,3,20,20,16,12,12,16,20,20,3.4,9.1,16,0.5,71.5,71.22493116644696
I2289,U229,balanced,P035,study_room_17,synthetic,train,5,4,4,3,3,4,4,4,5,4,library,report_writing,mostly_solo,2_4h,morning,1,1,0,1,0,1,1,0,1,1,0,study_room,coding,solo,2_4h,afternoon,weekday,7.4,cloudy,indoor,sometimes,4,4,4,4,3,4,5,5,4,3,20,16,16,12,15,16,12,20,3.6,3.7,20,0.5,68.3,74.31947717345197
I2290,U229,balanced,P028,study_room_10,synthetic,train,5,4,4,3,3,4,4,4,5,4,library,report_writing,mostly_solo,2_4h,morning,1,1,0,1,0,1,1,0,1,1,0,study_room,team_project,3_4,1_2h,late_night,weekend,17.7,hot,indoor,rarely,4,4,3,3,4,4,5,5,4,3,20,16,12,9,15,16,16,20,1.0,8.8,15,0.0,54.3,68.85173762406112
I2291,U230,comfort_oriented,P014,library_14,synthetic,train,4,4,4,3,4,3,5,5,5,3,dorm_lounge,light_reading,mixed,1_2h,evening,1,1,0,1,1,0,1,1,0,1,0,library,deep_study,solo,2_4h,evening,weekday,5.0,clear,indoor,rarely,5,4,5,4,3,4,4,5,4,4,20,16,20,12,16,20,15,20,3.0,1.9,15,1.0,72.9,77.73698043365796
I2292,U230,comfort_oriented,P050,cafe_14,synthetic,train,4,4,4,3,4,3,5,5,5,3,dorm_lounge,light_reading,mixed,1_2h,evening,1,1,0,1,1,0,1,1,0,1,0,cafe,deep_study,solo,1_2h,afternoon,weekend,15.1,rainy,indoor,first_time,3,5,2,3,2,4,3,3,4,3,12,20,8,9,12,20,10,20,3.0,5.6,9,0.5,65.2,58.44834365645505
I2293,U230,comfort_oriented,P064,classroom_02,synthetic,train,4,4,4,3,4,3,5,5,5,3,dorm_lounge,light_reading,mixed,1_2h,evening,1,1,0,1,1,0,1,1,0,1,0,classroom,deep_study,solo,1_2h,morning,weekend,8.9,clear,indoor,first_time,4,4,3,3,3,3,3,4,3,3,16,16,12,9,12,15,15,15,3.0,3.3,12,0.0,66.2,62.71487028684016
I2294,U230,comfort_oriented,P118,outdoor_10,synthetic,train,4,4,4,3,4,3,5,5,5,3,dorm_lounge,light_reading,mixed,1_2h,evening,1,1,0,1,1,0,1,1,0,1,0,outdoor,report_writing,solo,2_4h,afternoon,weekday,9.7,cloudy,outdoor,often,3,5,3,3,3,3,2,2,3,3,12,20,12,9,8,15,15,15,2.6,3.6,6,0.5,58.6,57.32153324767731
I2295,U230,comfort_oriented,P078,computer_lab_04,synthetic,train,4,4,4,3,4,3,5,5,5,3,dorm_lounge,light_reading,mixed,1_2h,evening,1,1,0,1,1,0,1,1,0,1,0,computer_lab,light_reading,solo,1_2h,evening,weekday,8.7,clear,indoor,first_time,4,4,4,4,3,3,5,2,4,3,16,16,16,12,20,20,15,15,1.4,3.3,6,1.0,72.1,66.65593419639822
I2296,U230,comfort_oriented,P049,cafe_13,synthetic,train,4,4,4,3,4,3,5,5,5,3,dorm_lounge,light_reading,mixed,1_2h,evening,1,1,0,1,1,0,1,1,0,1,0,cafe,coding,solo,2_4h,evening,weekday,13.5,cloudy,indoor,often,3,4,2,3,3,3,2,3,4,2,12,16,8,9,8,20,15,15,2.7,5.0,9,1.0,65.8,58.70632554573057
I2297,U230,comfort_oriented,P074,classroom_12,synthetic,train,4,4,4,3,4,3,5,5,5,3,dorm_lounge,light_reading,mixed,1_2h,evening,1,1,0,1,1,0,1,1,0,1,0,classroom,report_writing,solo,over_4h,evening,weekday,11.6,cold,indoor,sometimes,3,4,3,3,2,3,3,4,3,3,12,16,12,9,12,15,10,15,2.6,4.3,12,1.0,62.7,60.86071209801119
I2298,U230,comfort_oriented,P018,library_18,synthetic,train,4,4,4,3,4,3,5,5,5,3,dorm_lounge,light_reading,mixed,1_2h,evening,1,1,0,1,1,0,1,1,0,1,0,library,coding,2,2_4h,afternoon,weekday,15.8,clear,indoor,rarely,5,4,3,4,3,3,4,4,4,3,20,16,12,12,16,20,15,15,2.7,5.9,12,0.5,68.0,64.95846032299578
I2299,U230,comfort_oriented,P044,cafe_08,synthetic,train,4,4,4,3,4,3,5,5,5,3,dorm_lounge,light_reading,mixed,1_2h,evening,1,1,0,1,1,0,1,1,0,1,0,cafe,light_reading,solo,1_2h,afternoon,weekday,16.5,rainy,indoor,sometimes,3,4,3,4,2,4,3,4,4,2,12,16,12,12,12,20,10,20,1.4,6.2,12,0.5,61.7,62.12865041834204
I2300,U230,comfort_oriented,P049,cafe_13,synthetic,train,4,4,4,3,4,3,5,5,5,3,dorm_lounge,light_reading,mixed,1_2h,evening,1,1,0,1,1,0,1,1,0,1,0,cafe,online_class,solo,over_4h,late_night,weekend,11.7,clear,indoor,sometimes,3,4,2,3,3,3,2,2,4,2,12,16,8,9,8,20,15,15,2.0,4.4,6,0.5,56.1,57.272925132844165
I2301,U231,social_collaborative,P010,library_10,synthetic,train,3,4,3,2,4,3,4,2,4,4,study_room,team_project,mostly_group,2_4h,afternoon,0,0,0,1,1,0,0,1,0,1,0,library,meeting,3_4,2_4h,afternoon,weekday,4.3,hot,indoor,sometimes,5,5,4,4,3,4,4,3,4,5,15,20,12,8,16,16,6,16,0.8,1.6,9,1.0,76.7,66.84713649602138
I2302,U231,social_collaborative,P104,dorm_lounge_08,synthetic,train,3,4,3,2,4,3,4,2,4,4,study_room,team_project,mostly_group,2_4h,afternoon,0,0,0,1,1,0,0,1,0,1,0,dorm_lounge,online_class,solo,1_2h,afternoon,weekday,15.7,cold,indoor,sometimes,3,4,3,3,4,4,4,3,4,3,9,16,9,6,16,16,8,16,2.6,5.9,9,1.0,62.5,56.09767592574877
I2303,U231,social_collaborative,P036,study_room_18,synthetic,train,3,4,3,2,4,3,4,2,4,4,study_room,team_project,mostly_group,2_4h,afternoon,0,0,0,1,1,0,0,1,0,1,0,study_room,report_writing,solo,2_4h,afternoon,weekday,12.1,clear,indoor,sometimes,5,4,4,4,4,4,5,3,4,4,15,16,12,8,20,16,8,16,3.4,4.5,12,1.0,74.8,65.31721824544306
I2304,U231,social_collaborative,P038,cafe_02,synthetic,train,3,4,3,2,4,3,4,2,4,4,study_room,team_project,mostly_group,2_4h,afternoon,0,0,0,1,1,0,0,1,0,1,0,cafe,light_reading,solo,1_2h,afternoon,weekday,20.7,clear,indoor,sometimes,2,4,3,2,2,4,3,5,3,3,6,16,9,4,12,12,4,16,1.8,7.8,15,1.0,39.6,52.358542317700135
I2305,U231,social_collaborative,P095,coworking_space_11,synthetic,train,3,4,3,2,4,3,4,2,4,4,study_room,team_project,mostly_group,2_4h,afternoon,0,0,0,1,1,0,0,1,0,1,0,coworking_space,report_writing,solo,2_4h,morning,weekday,13.5,clear,indoor,sometimes,4,4,3,3,4,4,5,4,4,4,12,16,9,6,20,16,8,16,3.4,5.1,16,0.5,68.1,63.103022693450185
I2306,U231,social_collaborative,P004,library_04,synthetic,train,3,4,3,2,4,3,4,2,4,4,study_room,team_project,mostly_group,2_4h,afternoon,0,0,0,1,1,0,0,1,0,1,0,library,meeting,3_4,2_4h,late_night,weekday,1.0,hot,indoor,rarely,5,3,3,4,2,4,4,3,3,4,15,12,9,8,16,12,4,16,0.8,0.4,9,0.0,63.3,59.80941487099018
I2307,U231,social_collaborative,P063,classroom_01,synthetic,train,3,4,3,2,4,3,4,2,4,4,study_room,team_project,mostly_group,2_4h,afternoon,0,0,0,1,1,0,0,1,0,1,0,classroom,team_project,2,over_4h,evening,weekend,13.6,rainy,indoor,often,3,4,3,3,2,3,3,4,3,3,9,16,9,6,12,12,4,12,1.0,5.1,12,0.5,46.8,54.57492448905076
I2308,U231,social_collaborative,P031,study_room_13,synthetic,train,3,4,3,2,4,3,4,2,4,4,study_room,team_project,mostly_group,2_4h,afternoon,0,0,0,1,1,0,0,1,0,1,0,study_room,light_reading,solo,1_2h,evening,weekend,1.0,cold,indoor,sometimes,5,4,4,4,4,4,4,4,5,4,15,16,12,8,16,20,8,16,1.8,0.4,12,0.5,61.0,66.44000189418169
I2309,U231,social_collaborative,P009,library_09,synthetic,train,3,4,3,2,4,3,4,2,4,4,study_room,team_project,mostly_group,2_4h,afternoon,0,0,0,1,1,0,0,1,0,1,0,library,meeting,2,1_2h,afternoon,weekend,7.5,clear,indoor,sometimes,4,4,3,4,2,4,4,3,4,4,12,16,9,8,16,16,4,16,0.8,2.8,9,1.0,63.3,61.72520035662495
I2310,U231,social_collaborative,P011,library_11,synthetic,train,3,4,3,2,4,3,4,2,4,4,study_room,team_project,mostly_group,2_4h,afternoon,0,0,0,1,1,0,0,1,0,1,0,library,light_reading,solo,2_4h,afternoon,weekend,11.3,clear,indoor,sometimes,5,4,4,4,2,4,4,4,4,3,15,16,12,8,16,16,4,16,1.8,4.2,12,1.0,57.6,63.31206610589176
I2311,U232,convenience_oriented,P039,cafe_03,synthetic,train,4,4,4,4,5,5,4,3,3,4,library,online_class,mostly_solo,1_2h,afternoon,1,1,1,1,1,1,1,1,1,0,1,cafe,light_reading,solo,2_4h,morning,weekday,16.6,cloudy,indoor,rarely,3,4,2,3,2,4,3,5,4,4,12,16,8,12,15,16,6,12,1.8,10.4,15,0.5,44.6,56.131771169182684
I2312,U232,convenience_oriented,P019,study_room_01,synthetic,train,4,4,4,4,5,5,4,3,3,4,library,online_class,mostly_solo,1_2h,afternoon,1,1,1,1,1,1,1,1,1,0,1,study_room,deep_study,solo,under_1h,afternoon,weekday,11.7,cloudy,indoor,sometimes,4,3,4,4,3,4,4,5,4,4,16,12,16,16,20,16,9,12,4.0,7.3,20,1.0,63.7,69.3571700037093
I2313,U232,convenience_oriented,P087,coworking_space_03,synthetic,train,4,4,4,4,5,5,4,3,3,4,library,online_class,mostly_solo,1_2h,afternoon,1,1,1,1,1,1,1,1,1,0,1,coworking_space,report_writing,solo,over_4h,afternoon,weekend,11.1,clear,indoor,sometimes,4,4,3,2,5,4,4,4,4,4,16,16,12,8,20,16,15,12,3.4,6.9,16,1.0,70.5,66.6908608475018
I2314,U232,convenience_oriented,P058,home_04,synthetic,train,4,4,4,4,5,5,4,3,3,4,library,online_class,mostly_solo,1_2h,afternoon,1,1,1,1,1,1,1,1,1,0,1,home,coding,solo,over_4h,afternoon,weekday,18.0,clear,indoor,sometimes,4,3,4,3,4,5,4,5,4,4,16,12,16,12,20,16,12,15,3.6,11.3,20,1.0,76.3,67.22619545780887
I2315,U232,convenience_oriented,P032,study_room_14,synthetic,train,4,4,4,4,5,5,4,3,3,4,library,online_class,mostly_solo,1_2h,afternoon,1,1,1,1,1,1,1,1,1,0,1,study_room,deep_study,solo,over_4h,late_night,weekday,15.3,clear,indoor,rarely,4,4,4,4,4,3,4,5,4,4,16,16,16,16,20,16,12,9,4.0,9.6,20,0.0,63.3,65.71783360801442
I2316,U232,convenience_oriented,P061,home_07,synthetic,train,4,4,4,4,5,5,4,3,3,4,library,online_class,mostly_solo,1_2h,afternoon,1,1,1,1,1,1,1,1,1,0,1,home,coding,2,2_4h,morning,weekend,11.4,cold,indoor,sometimes,4,4,4,4,4,4,4,4,4,5,16,16,16,16,20,16,12,12,3.6,7.1,16,0.5,67.1,66.4037537614696
I2317,U232,convenience_oriented,P017,library_17,synthetic,train,4,4,4,4,5,5,4,3,3,4,library,online_class,mostly_solo,1_2h,afternoon,1,1,1,1,1,1,1,1,1,0,1,library,online_class,solo,1_2h,evening,weekday,11.9,clear,indoor,rarely,5,4,4,5,3,3,4,3,5,4,20,16,16,20,20,20,9,9,2.6,7.5,9,0.5,59.7,68.19075232601003
I2318,U232,convenience_oriented,P102,dorm_lounge_06,synthetic,train,4,4,4,4,5,5,4,3,3,4,library,online_class,mostly_solo,1_2h,afternoon,1,1,1,1,1,1,1,1,1,0,1,dorm_lounge,team_project,2,1_2h,afternoon,weekday,16.3,clear,indoor,often,3,3,3,3,3,3,4,4,4,4,12,12,12,12,20,16,9,9,1.0,10.2,12,1.0,59.7,60.785652657900286
I2319,U232,convenience_oriented,P071,classroom_09,synthetic,train,4,4,4,4,5,5,4,3,3,4,library,online_class,mostly_solo,1_2h,afternoon,1,1,1,1,1,1,1,1,1,0,1,classroom,report_writing,solo,2_4h,afternoon,weekday,8.9,clear,indoor,sometimes,3,3,3,3,3,3,3,3,3,4,12,12,12,12,15,12,9,9,3.4,5.6,12,1.0,61.6,59.85620441405954
I2320,U232,convenience_oriented,P073,classroom_11,synthetic,train,4,4,4,4,5,5,4,3,3,4,library,online_class,mostly_solo,1_2h,afternoon,1,1,1,1,1,1,1,1,1,0,1,classroom,meeting,5_plus,2_4h,evening,weekend,7.9,cloudy,indoor,often,4,5,3,3,4,3,3,3,3,4,16,20,12,12,15,12,12,9,0.8,4.9,9,0.5,77.0,65.21617537669096
I2321,U233,quiet_deepwork,P024,study_room_06,synthetic,train,5,4,5,4,5,4,4,3,4,5,study_room,report_writing,mostly_solo,1_2h,afternoon,1,1,1,1,1,1,1,1,1,1,1,study_room,report_writing,solo,under_1h,afternoon,weekend,4.6,cloudy,indoor,sometimes,4,4,3,4,3,4,4,5,4,3,20,16,15,16,20,16,9,16,4.3,2.3,25,1.0,84.3,78.53080620083809
I2322,U233,quiet_deepwork,P006,library_06,synthetic,train,5,4,5,4,5,4,4,3,4,5,study_room,report_writing,mostly_solo,1_2h,afternoon,1,1,1,1,1,1,1,1,1,1,1,library,report_writing,3_4,2_4h,afternoon,weekday,8.5,clear,indoor,rarely,4,4,4,5,2,3,4,4,5,4,20,16,20,20,20,20,6,12,4.3,4.2,20,1.0,82.2,74.62169927151467
I2323,U233,quiet_deepwork,P076,computer_lab_02,synthetic,train,5,4,5,4,5,4,4,3,4,5,study_room,report_writing,mostly_solo,1_2h,afternoon,1,1,1,1,1,1,1,1,1,1,1,computer_lab,online_class,solo,2_4h,early_morning,weekend,13.0,cloudy,indoor,often,3,5,3,4,4,3,4,4,3,4,15,20,15,16,20,12,12,12,3.3,6.5,12,0.0,63.0,69.08731012542736
I2324,U233,quiet_deepwork,P023,study_room_05,synthetic,train,5,4,5,4,5,4,4,3,4,5,study_room,report_writing,mostly_solo,1_2h,afternoon,1,1,1,1,1,1,1,1,1,1,1,study_room,deep_study,solo,2_4h,afternoon,weekend,19.7,rainy,indoor,sometimes,5,4,3,4,4,4,3,5,4,4,25,16,15,16,15,16,12,16,5.0,9.9,25,1.0,71.5,75.13398791736543
I2325,U233,quiet_deepwork,P115,outdoor_07,synthetic,train,5,4,5,4,5,4,4,3,4,5,study_room,report_writing,mostly_solo,1_2h,afternoon,1,1,1,1,1,1,1,1,1,1,1,outdoor,online_class,solo,1_2h,morning,weekday,11.7,rainy,outdoor,sometimes,3,4,3,3,1,3,1,2,2,3,15,16,15,12,5,8,3,12,3.3,5.9,6,0.5,56.2,52.66964804375063
I2326,U233,quiet_deepwork,P011,library_11,synthetic,train,5,4,5,4,5,4,4,3,4,5,study_room,report_writing,mostly_solo,1_2h,afternoon,1,1,1,1,1,1,1,1,1,1,1,library,deep_study,solo,over_4h,late_night,weekday,18.0,cloudy,indoor,sometimes,5,4,4,4,2,4,4,5,4,3,25,16,20,16,20,16,6,16,5.0,9.0,25,0.0,69.0,75.22950385315431
I2327,U233,quiet_deepwork,P012,library_12,synthetic,train,5,4,5,4,5,4,4,3,4,5,study_room,report_writing,mostly_solo,1_2h,afternoon,1,1,1,1,1,1,1,1,1,1,1,library,report_writing,solo,2_4h,evening,weekday,11.6,clear,indoor,often,5,4,4,4,3,3,3,5,5,4,25,16,20,16,15,20,9,12,4.3,5.8,25,0.5,86.3,80.549315317132
I2328,U233,quiet_deepwork,P085,coworking_space_01,synthetic,train,5,4,5,4,5,4,4,3,4,5,study_room,report_writing,mostly_solo,1_2h,afternoon,1,1,1,1,1,1,1,1,1,1,1,coworking_space,coding,2,1_2h,evening,weekend,6.1,cold,indoor,rarely,3,5,2,3,4,3,4,3,4,3,15,20,10,12,20,16,12,12,4.5,3.0,15,0.5,50.6,61.598280792302184
I2329,U233,quiet_deepwork,P092,coworking_space_08,synthetic,train,5,4,5,4,5,4,4,3,4,5,study_room,report_writing,mostly_solo,1_2h,afternoon,1,1,1,1,1,1,1,1,1,1,1,coworking_space,coding,solo,2_4h,afternoon,weekday,4.7,clear,indoor,rarely,2,4,3,4,3,4,4,4,4,3,10,16,15,16,20,16,9,16,4.5,2.3,20,1.0,64.3,68.72593638478504
I2330,U233,quiet_deepwork,P061,home_07,synthetic,train,5,4,5,4,5,4,4,3,4,5,study_room,report_writing,mostly_solo,1_2h,afternoon,1,1,1,1,1,1,1,1,1,1,1,home,online_class,solo,1_2h,morning,weekday,13.2,clear,indoor,often,4,4,4,4,4,4,4,5,4,5,20,16,20,16,20,16,12,16,3.3,6.6,15,0.5,80.0,77.11416209969994
I2331,U234,comfort_oriented,P012,library_12,synthetic,train,4,4,4,3,4,4,4,4,5,4,study_room,report_writing,mostly_solo,1_2h,late_night,1,1,0,1,1,1,1,1,1,1,0,library,light_reading,solo,2_4h,afternoon,weekday,5.4,hot,indoor,rarely,5,4,4,4,3,3,3,4,5,4,20,16,16,12,12,20,12,15,1.8,2.7,12,0.0,67.1,67.93941494622821
I2332,U234,comfort_oriented,P067,classroom_05,synthetic,train,4,4,4,3,4,4,4,4,5,4,study_room,report_writing,mostly_solo,1_2h,late_night,1,1,0,1,1,1,1,1,1,1,0,classroom,light_reading,solo,1_2h,morning,weekday,12.4,clear,indoor,rarely,3,4,3,3,3,2,3,2,3,3,12,16,12,9,12,12,12,10,1.8,6.2,6,0.0,47.3,52.48443982794942
I2333,U234,comfort_oriented,P031,study_room_13,synthetic,train,4,4,4,3,4,4,4,4,5,4,study_room,report_writing,mostly_solo,1_2h,late_night,1,1,0,1,1,1,1,1,1,1,0,study_room,online_class,solo,1_2h,late_night,weekday,1.0,rainy,indoor,sometimes,5,4,4,4,4,4,4,3,5,4,20,16,16,12,16,20,16,20,2.6,0.5,9,1.0,76.7,74.64666566274765
I2334,U234,comfort_oriented,P013,library_13,synthetic,train,4,4,4,3,4,4,4,4,5,4,study_room,report_writing,mostly_solo,1_2h,late_night,1,1,0,1,1,1,1,1,1,1,0,library,report_writing,solo,1_2h,morning,weekend,4.9,cloudy,indoor,first_time,5,4,4,4,3,3,5,5,4,4,20,16,16,12,20,16,12,15,3.4,2.5,20,0.0,77.8,73.17191133957887
I2335,U234,comfort_oriented,P030,study_room_12,synthetic,train,4,4,4,3,4,4,4,4,5,4,study_room,report_writing,mostly_solo,1_2h,late_night,1,1,0,1,1,1,1,1,1,1,0,study_room,report_writing,solo,over_4h,evening,weekend,14.0,cold,indoor,sometimes,5,4,3,4,3,3,4,4,4,4,20,16,12,12,16,16,12,15,3.4,7.0,16,0.5,68.1,66.61088798906249
I2336,U234,comfort_oriented,P059,home_05,synthetic,train,4,4,4,3,4,4,4,4,5,4,study_room,report_writing,mostly_solo,1_2h,late_night,1,1,0,1,1,1,1,1,1,1,0,home,coding,solo,1_2h,late_night,weekday,13.5,clear,indoor,sometimes,4,5,5,4,5,4,4,4,5,5,16,20,20,12,16,20,20,20,3.6,6.7,16,1.0,73.0,74.74663999608379
I2337,U234,comfort_oriented,P074,classroom_12,synthetic,train,4,4,4,3,4,4,4,4,5,4,study_room,report_writing,mostly_solo,1_2h,late_night,1,1,0,1,1,1,1,1,1,1,0,classroom,team_project,5_plus,2_4h,late_night,weekend,12.5,clear,indoor,sometimes,3,4,3,3,2,3,3,4,3,3,12,16,12,9,12,12,8,15,1.0,6.2,12,1.0,63.2,60.62348669734055
I2338,U234,comfort_oriented,P062,home_08,synthetic,train,4,4,4,3,4,4,4,4,5,4,study_room,report_writing,mostly_solo,1_2h,late_night,1,1,0,1,1,1,1,1,1,1,0,home,coding,2,2_4h,morning,weekday,6.6,hot,indoor,rarely,4,3,4,4,4,5,5,4,4,5,16,12,16,12,20,16,16,25,3.6,3.3,16,0.0,75.7,69.15398406958019
I2339,U234,comfort_oriented,P030,study_room_12,synthetic,train,4,4,4,3,4,4,4,4,5,4,study_room,report_writing,mostly_solo,1_2h,late_night,1,1,0,1,1,1,1,1,1,1,0,study_room,online_class,solo,under_1h,late_night,weekday,17.4,rainy,indoor,rarely,5,4,3,4,3,3,4,3,4,4,20,16,12,12,16,16,12,15,2.6,8.7,9,1.0,58.4,62.3669234387833
I2340,U234,comfort_oriented,P092,coworking_space_08,synthetic,train,4,4,4,3,4,4,4,4,5,4,study_room,report_writing,mostly_solo,1_2h,late_night,1,1,0,1,1,1,1,1,1,1,0,coworking_space,deep_study,3_4,1_2h,late_night,weekday,8.5,rainy,indoor,sometimes,2,4,3,4,3,4,4,3,4,3,8,16,12,12,16,16,12,20,4.0,4.2,12,1.0,60.0,59.54956190074795
I2341,U235,social_collaborative,P052,cafe_16,synthetic,test,4,4,3,3,4,3,3,4,4,3,cafe,light_reading,mostly_group,over_4h,evening,1,0,0,0,1,0,1,1,0,1,0,cafe,light_reading,solo,under_1h,evening,weekend,20.1,rainy,indoor,first_time,3,5,3,2,2,3,3,4,4,3,12,20,9,6,12,12,8,12,1.4,7.5,12,1.0,48.0,53.85596879497969
I2342,U235,social_collaborative,P006,library_06,synthetic,test,4,4,3,3,4,3,3,4,4,3,cafe,light_reading,mostly_group,over_4h,evening,1,0,0,0,1,0,1,1,0,1,0,library,report_writing,solo,1_2h,morning,weekend,8.8,clear,indoor,sometimes,4,4,4,5,2,3,4,4,5,4,16,16,12,15,16,15,8,12,2.6,3.3,12,0.0,63.0,67.56481490034136
I2343,U235,social_collaborative,P080,computer_lab_06,synthetic,test,4,4,3,3,4,3,3,4,4,3,cafe,light_reading,mostly_group,over_4h,evening,1,0,0,0,1,0,1,1,0,1,0,computer_lab,team_project,3_4,1_2h,evening,weekday,10.6,cloudy,indoor,rarely,4,4,4,3,3,4,4,4,4,3,16,16,12,9,16,12,12,16,0.8,4.0,12,1.0,68.1,67.55562229891041
I2344,U235,social_collaborative,P050,cafe_14,synthetic,test,4,4,3,3,4,3,3,4,4,3,cafe,light_reading,mostly_group,over_4h,evening,1,0,0,0,1,0,1,1,0,1,0,cafe,meeting,3_4,2_4h,late_night,weekday,12.4,cold,indoor,often,3,5,2,3,2,4,3,4,4,3,12,20,6,9,12,12,8,16,0.6,4.6,12,0.5,63.8,60.62692719394593
I2345,U235,social_collaborative,P094,coworking_space_10,synthetic,test,4,4,3,3,4,3,3,4,4,3,cafe,light_reading,mostly_group,over_4h,evening,1,0,0,0,1,0,1,1,0,1,0,coworking_space,coding,2,over_4h,late_night,weekday,7.6,clear,indoor,rarely,3,5,3,4,3,4,3,4,4,4,12,20,9,12,12,12,12,16,2.7,2.9,12,0.5,61.0,57.384442014073684
I2346,U235,social_collaborative,P033,study_room_15,synthetic,test,4,4,3,3,4,3,3,4,4,3,cafe,light_reading,mostly_group,over_4h,evening,1,0,0,0,1,0,1,1,0,1,0,study_room,team_project,3_4,1_2h,evening,weekday,1.4,clear,indoor,sometimes,5,3,4,3,4,4,4,5,5,4,20,12,12,9,16,15,16,16,0.8,0.5,15,1.0,71.0,75.90131492475982
I2347,U235,social_collaborative,P049,cafe_13,synthetic,test,4,4,3,3,4,3,3,4,4,3,cafe,light_reading,mostly_group,over_4h,evening,1,0,0,0,1,0,1,1,0,1,0,cafe,coding,2,2_4h,evening,weekday,13.4,clear,indoor,rarely,3,4,2,3,3,3,2,3,4,2,12,16,6,9,8,12,12,12,2.7,5.0,9,1.0,40.3,49.262814944332376
I2348,U235,social_collaborative,P069,classroom_07,synthetic,test,4,4,3,3,4,3,3,4,4,3,cafe,light_reading,mostly_group,over_4h,evening,1,0,0,0,1,0,1,1,0,1,0,classroom,team_project,5_plus,1_2h,evening,weekday,19.7,cloudy,indoor,first_time,3,4,3,3,3,3,3,4,3,4,12,16,9,9,12,9,12,12,0.8,7.4,12,1.0,59.7,57.28442369588976
I2349,U235,social_collaborative,P067,classroom_05,synthetic,test,4,4,3,3,4,3,3,4,4,3,cafe,light_reading,mostly_group,over_4h,evening,1,0,0,0,1,0,1,1,0,1,0,classroom,online_class,solo,under_1h,evening,weekend,5.5,clear,indoor,sometimes,3,4,3,3,3,2,3,4,3,3,12,16,9,9,12,9,12,8,2.0,2.0,12,1.0,62.9,59.461870823867514
I2350,U235,social_collaborative,P068,classroom_06,synthetic,test,4,4,3,3,4,3,3,4,4,3,cafe,light_reading,mostly_group,over_4h,evening,1,0,0,0,1,0,1,1,0,1,0,classroom,team_project,3_4,1_2h,evening,weekday,11.4,cloudy,indoor,first_time,3,4,3,3,2,3,3,4,2,4,12,16,9,9,12,6,8,12,0.8,4.3,12,1.0,55.8,57.390676852313284
I2351,U236,comfort_oriented,P080,computer_lab_06,synthetic,train,5,4,4,4,4,4,4,4,4,4,study_room,online_class,mostly_solo,1_2h,evening,1,1,1,1,1,1,1,1,1,1,1,computer_lab,team_project,2,under_1h,afternoon,weekday,4.5,cloudy,indoor,rarely,4,4,4,3,3,4,4,4,4,3,20,16,16,12,16,16,12,16,1.0,2.2,12,0.5,74.9,72.54800934838352
I2352,U236,comfort_oriented,P085,coworking_space_01,synthetic,train,5,4,4,4,4,4,4,4,4,4,study_room,online_class,mostly_solo,1_2h,evening,1,1,1,1,1,1,1,1,1,1,1,coworking_space,report_writing,solo,1_2h,late_night,weekday,3.3,cloudy,indoor,often,3,5,2,3,4,3,4,4,4,3,15,20,8,12,16,16,16,12,3.4,1.7,16,0.5,68.0,67.86619500460898
I2353,U236,comfort_oriented,P009,library_09,synthetic,train,5,4,4,4,4,4,4,4,4,4,study_room,online_class,mostly_solo,1_2h,evening,1,1,1,1,1,1,1,1,1,1,1,library,coding,solo,2_4h,afternoon,weekday,7.3,hot,indoor,first_time,4,4,3,4,2,4,4,5,4,4,20,16,12,16,16,16,8,16,3.6,3.6,20,0.5,76.5,69.96493061329389
I2354,U236,comfort_oriented,P030,study_room_12,synthetic,train,5,4,4,4,4,4,4,4,4,4,study_room,online_class,mostly_solo,1_2h,evening,1,1,1,1,1,1,1,1,1,1,1,study_room,report_writing,solo,over_4h,evening,weekday,6.8,hot,indoor,often,5,4,3,4,3,3,4,4,4,4,25,16,12,16,16,16,12,12,3.4,3.4,16,1.0,84.0,72.96621977967749
I2355,U236,comfort_oriented,P043,cafe_07,synthetic,train,5,4,4,4,4,4,4,4,4,4,study_room,online_class,mostly_solo,1_2h,evening,1,1,1,1,1,1,1,1,1,1,1,cafe,team_project,3_4,over_4h,morning,weekday,5.0,cloudy,indoor,sometimes,2,5,3,3,2,4,3,4,3,3,10,20,12,12,12,12,8,16,1.0,2.5,12,0.0,64.8,63.969188575323585
I2356,U236,comfort_oriented,P024,study_room_06,synthetic,train,5,4,4,4,4,4,4,4,4,4,study_room,online_class,mostly_solo,1_2h,evening,1,1,1,1,1,1,1,1,1,1,1,study_room,team_project,5_plus,1_2h,evening,weekday,5.0,clear,indoor,sometimes,4,4,3,4,3,4,4,4,4,3,20,16,12,16,16,16,12,16,1.0,2.5,12,1.0,78.9,74.18495081661138
I2357,U236,comfort_oriented,P103,dorm_lounge_07,synthetic,train,5,4,4,4,4,4,4,4,4,4,study_room,online_class,mostly_solo,1_2h,evening,1,1,1,1,1,1,1,1,1,1,1,dorm_lounge,online_class,2,1_2h,afternoon,weekday,21.1,hot,indoor,first_time,3,4,3,3,4,4,5,3,3,3,15,16,12,12,20,12,16,16,2.6,10.5,9,0.5,52.6,54.82674441830707
I2358,U236,comfort_oriented,P085,coworking_space_01,synthetic,train,5,4,4,4,4,4,4,4,4,4,study_room,online_class,mostly_solo,1_2h,evening,1,1,1,1,1,1,1,1,1,1,1,coworking_space,report_writing,2,1_2h,afternoon,weekend,6.8,rainy,indoor,first_time,3,5,2,3,4,3,4,4,4,3,15,20,8,12,16,16,16,12,3.4,3.4,16,0.5,69.9,61.0361581073618
I2359,U236,comfort_oriented,P086,coworking_space_02,synthetic,train,5,4,4,4,4,4,4,4,4,4,study_room,online_class,mostly_solo,1_2h,evening,1,1,1,1,1,1,1,1,1,1,1,coworking_space,team_project,3_4,2_4h,evening,weekday,15.0,hot,indoor,often,3,4,4,4,5,3,4,4,4,4,15,16,16,16,16,16,20,12,1.0,7.5,12,1.0,74.2,69.46424828075789
I2360,U236,comfort_oriented,P089,coworking_space_05,synthetic,train,5,4,4,4,4,4,4,4,4,4,study_room,online_class,mostly_solo,1_2h,evening,1,1,1,1,1,1,1,1,1,1,1,coworking_space,team_project,5_plus,1_2h,evening,weekday,16.0,clear,indoor,often,3,5,4,3,4,4,5,4,4,3,15,20,16,12,20,16,16,16,1.0,8.0,12,1.0,66.1,71.1281325927732
I2361,U237,quiet_deepwork,P057,home_03,synthetic,test,4,4,5,4,4,4,4,4,4,5,study_room,deep_study,mostly_solo,over_4h,evening,1,1,1,1,1,1,1,1,1,1,1,home,report_writing,solo,1_2h,evening,weekday,10.0,cloudy,indoor,sometimes,3,4,4,4,5,4,5,4,5,4,12,16,20,16,20,20,20,16,4.3,5.0,20,1.0,73.6,76.83232674005518
I2362,U237,quiet_deepwork,P014,library_14,synthetic,test,4,4,5,4,4,4,4,4,4,5,study_room,deep_study,mostly_solo,over_4h,evening,1,1,1,1,1,1,1,1,1,1,1,library,deep_study,2,under_1h,morning,weekday,9.4,cloudy,indoor,often,5,4,5,4,3,4,4,4,4,4,20,16,25,16,16,16,12,16,5.0,4.7,20,0.0,73.2,75.60919803356896
I2363,U237,quiet_deepwork,P056,home_02,synthetic,test,4,4,5,4,4,4,4,4,4,5,study_room,deep_study,mostly_solo,over_4h,evening,1,1,1,1,1,1,1,1,1,1,1,home,deep_study,solo,2_4h,evening,weekend,6.9,clear,indoor,rarely,4,3,5,4,5,4,5,4,5,5,16,12,25,16,20,20,20,16,5.0,3.4,20,1.0,87.4,79.72499482701589
I2364,U237,quiet_deepwork,P083,computer_lab_09,synthetic,test,4,4,5,4,4,4,4,4,4,5,study_room,deep_study,mostly_solo,over_4h,evening,1,1,1,1,1,1,1,1,1,1,1,computer_lab,report_writing,solo,1_2h,afternoon,weekday,4.2,clear,indoor,rarely,4,4,3,3,4,3,5,4,4,3,16,16,15,12,20,16,16,12,4.3,2.1,20,0.5,62.3,73.15946226020947
I2365,U237,quiet_deepwork,P006,library_06,synthetic,test,4,4,5,4,4,4,4,4,4,5,study_room,deep_study,mostly_solo,over_4h,evening,1,1,1,1,1,1,1,1,1,1,1,library,deep_study,solo,2_4h,afternoon,weekday,13.6,cloudy,indoor,first_time,4,4,4,5,2,3,4,5,5,4,16,16,20,20,16,20,8,12,5.0,6.8,25,0.5,67.7,72.30451908126099
I2366,U237,quiet_deepwork,P080,computer_lab_06,synthetic,test,4,4,5,4,4,4,4,4,4,5,study_room,deep_study,mostly_solo,over_4h,evening,1,1,1,1,1,1,1,1,1,1,1,computer_lab,coding,solo,2_4h,evening,weekend,3.4,rainy,indoor,first_time,4,4,4,3,3,4,4,5,4,3,16,16,20,12,16,16,12,16,4.5,1.7,25,1.0,76.1,74.96238893778204
I2367,U237,quiet_deepwork,P066,classroom_04,synthetic,test,4,4,5,4,4,4,4,4,4,5,study_room,deep_study,mostly_solo,over_4h,evening,1,1,1,1,1,1,1,1,1,1,1,classroom,team_project,3_4,2_4h,evening,weekend,10.5,clear,indoor,rarely,3,4,4,3,3,3,4,4,3,4,12,16,20,12,16,12,12,12,1.3,5.2,12,1.0,82.8,67.21086372669913
I2368,U237,quiet_deepwork,P079,computer_lab_05,synthetic,test,4,4,5,4,4,4,4,4,4,5,study_room,deep_study,mostly_solo,over_4h,evening,1,1,1,1,1,1,1,1,1,1,1,computer_lab,deep_study,solo,2_4h,early_morning,weekday,7.4,rainy,indoor,sometimes,4,4,3,3,3,4,5,4,4,3,16,16,15,12,20,16,12,16,5.0,3.7,20,0.0,80.1,73.2269668307959
I2369,U237,quiet_deepwork,P083,computer_lab_09,synthetic,test,4,4,5,4,4,4,4,4,4,5,study_room,deep_study,mostly_solo,over_4h,evening,1,1,1,1,1,1,1,1,1,1,1,computer_lab,report_writing,2,1_2h,evening,weekend,1.0,clear,indoor,sometimes,4,4,3,3,4,3,5,3,4,3,16,16,15,12,20,16,16,12,4.3,0.5,15,1.0,53.7,70.74007342517604
I2370,U237,quiet_deepwork,P063,classroom_01,synthetic,test,4,4,5,4,4,4,4,4,4,5,study_room,deep_study,mostly_solo,over_4h,evening,1,1,1,1,1,1,1,1,1,1,1,classroom,coding,solo,2_4h,evening,weekday,7.5,hot,indoor,sometimes,3,4,3,3,2,3,3,4,3,3,12,16,15,12,12,12,8,12,4.5,3.7,20,1.0,70.8,63.12739445606604
I2371,U238,balanced,P013,library_13,synthetic,train,5,4,4,3,3,5,4,4,4,3,library,deep_study,mixed,2_4h,late_night,1,1,0,1,0,1,1,0,1,1,0,library,light_reading,solo,2_4h,late_night,weekend,2.0,cloudy,indoor,rarely,5,4,4,4,3,3,5,4,4,4,25,16,16,12,15,16,12,12,1.4,1.2,12,1.0,70.7,72.99658235630523
I2372,U238,balanced,P030,study_room_12,synthetic,train,5,4,4,3,3,5,4,4,4,3,library,deep_study,mixed,2_4h,late_night,1,1,0,1,0,1,1,0,1,1,0,study_room,coding,2,2_4h,late_night,weekday,9.9,cloudy,indoor,sometimes,5,4,3,4,3,3,4,4,4,4,25,16,12,12,12,16,12,12,2.7,6.2,12,1.0,69.9,64.00306868529405
I2373,U238,balanced,P007,library_07,synthetic,train,5,4,4,3,3,5,4,4,4,3,library,deep_study,mixed,2_4h,late_night,1,1,0,1,0,1,1,0,1,1,0,library,light_reading,solo,2_4h,morning,weekday,14.7,cloudy,indoor,sometimes,5,4,3,4,3,3,4,5,4,4,25,16,12,12,12,16,12,12,1.4,9.2,15,0.0,73.1,67.58621779256623
I2374,U238,balanced,P056,home_02,synthetic,train,5,4,4,3,3,5,4,4,4,3,library,deep_study,mixed,2_4h,late_night,1,1,0,1,0,1,1,0,1,1,0,home,deep_study,solo,1_2h,afternoon,weekend,7.3,clear,indoor,often,4,3,5,4,5,4,5,4,5,5,20,12,20,12,15,20,20,16,3.0,4.6,12,0.0,81.2,75.695823973816
I2375,U238,balanced,P022,study_room_04,synthetic,train,5,4,4,3,3,5,4,4,4,3,library,deep_study,mixed,2_4h,late_night,1,1,0,1,0,1,1,0,1,1,0,study_room,deep_study,solo,2_4h,evening,weekday,8.3,clear,indoor,sometimes,4,5,3,4,5,3,4,4,4,4,20,20,12,12,12,16,20,12,3.0,5.2,12,0.5,66.5,69.31965364107771
I2376,U238,balanced,P116,outdoor_08,synthetic,train,5,4,4,3,3,5,4,4,4,3,library,deep_study,mixed,2_4h,late_night,1,1,0,1,0,1,1,0,1,1,0,outdoor,deep_study,solo,2_4h,late_night,weekday,12.9,clear,outdoor,rarely,3,5,3,3,2,2,1,2,3,3,15,20,12,9,3,12,8,8,3.0,8.1,6,1.0,33.6,46.63060669902201
I2377,U238,balanced,P004,library_04,synthetic,train,5,4,4,3,3,5,4,4,4,3,library,deep_study,mixed,2_4h,late_night,1,1,0,1,0,1,1,0,1,1,0,library,coding,2,over_4h,morning,weekend,4.0,clear,indoor,often,5,3,3,4,2,4,4,4,3,4,25,12,12,12,12,12,8,16,2.7,2.5,12,0.0,62.7,67.15296692998004
I2378,U238,balanced,P011,library_11,synthetic,train,5,4,4,3,3,5,4,4,4,3,library,deep_study,mixed,2_4h,late_night,1,1,0,1,0,1,1,0,1,1,0,library,light_reading,solo,under_1h,late_night,weekday,9.2,clear,indoor,sometimes,5,4,4,4,2,4,4,4,4,3,25,16,16,12,12,16,8,16,1.4,5.8,12,1.0,69.2,70.66812950224383
I2379,U238,balanced,P039,cafe_03,synthetic,train,5,4,4,3,3,5,4,4,4,3,library,deep_study,mixed,2_4h,late_night,1,1,0,1,0,1,1,0,1,1,0,cafe,report_writing,solo,2_4h,morning,weekday,19.8,clear,indoor,sometimes,3,4,2,3,2,4,3,4,4,4,15,16,8,9,9,16,8,16,2.6,12.4,12,0.0,68.0,55.819735842186866
I2380,U238,balanced,P066,classroom_04,synthetic,train,5,4,4,3,3,5,4,4,4,3,library,deep_study,mixed,2_4h,late_night,1,1,0,1,0,1,1,0,1,1,0,classroom,online_class,solo,1_2h,afternoon,weekday,12.6,clear,indoor,rarely,3,4,4,3,3,3,4,4,3,4,15,16,16,9,12,12,12,12,2.0,7.9,12,0.0,54.1,59.752512697899476
I2381,U239,quiet_deepwork,P019,study_room_01,synthetic,test,5,5,4,5,4,4,4,4,4,5,study_room,online_class,mostly_solo,2_4h,evening,1,1,1,1,1,1,1,1,1,1,1,study_room,deep_study,solo,1_2h,morning,weekday,16.7,clear,indoor,first_time,4,3,4,4,3,4,4,5,4,4,20,15,16,20,16,16,12,16,5.0,8.3,25,0.0,83.9,73.23123406037149
I2382,U239,quiet_deepwork,P013,library_13,synthetic,test,5,5,4,5,4,4,4,4,4,5,study_room,online_class,mostly_solo,2_4h,evening,1,1,1,1,1,1,1,1,1,1,1,library,report_writing,solo,2_4h,morning,weekday,1.5,cloudy,indoor,rarely,5,4,4,4,3,3,5,5,4,4,25,20,16,20,20,16,12,12,4.3,0.7,25,0.0,77.9,83.67425391622568
I2383,U239,quiet_deepwork,P019,study_room_01,synthetic,test,5,5,4,5,4,4,4,4,4,5,study_room,online_class,mostly_solo,2_4h,evening,1,1,1,1,1,1,1,1,1,1,1,study_room,team_project,5_plus,2_4h,early_morning,weekday,14.4,clear,indoor,sometimes,4,3,4,4,3,4,4,5,4,4,20,15,16,20,16,16,12,16,1.3,7.2,15,0.0,78.8,75.93998999574922
I2384,U239,quiet_deepwork,P090,coworking_space_06,synthetic,test,5,5,4,5,4,4,4,4,4,5,study_room,online_class,mostly_solo,2_4h,evening,1,1,1,1,1,1,1,1,1,1,1,coworking_space,light_reading,3_4,1_2h,evening,weekend,14.4,cloudy,indoor,sometimes,3,4,3,4,4,4,4,3,4,3,15,20,12,20,16,16,16,16,2.3,7.2,9,1.0,62.9,65.16539006274647
I2385,U239,quiet_deepwork,P027,study_room_09,synthetic,test,5,5,4,5,4,4,4,4,4,5,study_room,online_class,mostly_solo,2_4h,evening,1,1,1,1,1,1,1,1,1,1,1,study_room,deep_study,solo,1_2h,afternoon,weekend,7.7,cold,indoor,sometimes,5,3,3,4,4,3,3,5,3,3,25,15,12,20,12,12,16,12,5.0,3.9,25,0.5,65.3,74.66589338889099
I2386,U239,quiet_deepwork,P022,study_room_04,synthetic,test,5,5,4,5,4,4,4,4,4,5,study_room,online_class,mostly_solo,2_4h,evening,1,1,1,1,1,1,1,1,1,1,1,study_room,deep_study,solo,2_4h,morning,weekday,8.6,clear,indoor,sometimes,4,5,3,4,5,3,4,5,4,4,20,25,12,20,16,16,20,12,5.0,4.3,25,0.0,79.4,81.08924614034164
I2387,U239,quiet_deepwork,P016,library_16,synthetic,test,5,5,4,5,4,4,4,4,4,5,study_room,online_class,mostly_solo,2_4h,evening,1,1,1,1,1,1,1,1,1,1,1,library,report_writing,solo,2_4h,evening,weekend,9.3,hot,indoor,rarely,5,4,3,5,3,4,3,5,4,4,25,20,12,25,12,16,12,16,4.3,4.6,25,1.0,91.9,79.67311599074237
I2388,U239,quiet_deepwork,P057,home_03,synthetic,test,5,5,4,5,4,4,4,4,4,5,study_room,online_class,mostly_solo,2_4h,evening,1,1,1,1,1,1,1,1,1,1,1,home,deep_study,solo,1_2h,morning,weekday,10.7,cloudy,indoor,sometimes,3,4,4,4,5,4,5,4,5,4,15,20,16,20,20,20,20,16,5.0,5.3,20,0.0,77.8,78.75121293493169
I2389,U239,quiet_deepwork,P036,study_room_18,synthetic,test,5,5,4,5,4,4,4,4,4,5,study_room,online_class,mostly_solo,2_4h,evening,1,1,1,1,1,1,1,1,1,1,1,study_room,report_writing,solo,2_4h,afternoon,weekday,7.8,rainy,indoor,sometimes,5,4,4,4,4,4,5,5,4,4,25,20,16,20,20,16,16,16,4.3,3.9,25,0.5,94.6,84.57648725562717
I2390,U239,quiet_deepwork,P059,home_05,synthetic,test,5,5,4,5,4,4,4,4,4,5,study_room,online_class,mostly_solo,2_4h,evening,1,1,1,1,1,1,1,1,1,1,1,home,online_class,solo,2_4h,afternoon,weekday,16.2,rainy,indoor,sometimes,4,5,5,4,5,4,4,5,5,5,20,25,20,20,16,20,20,16,3.3,8.1,15,0.5,82.7,81.49546458518381
I2391,U240,balanced,P059,home_05,synthetic,train,4,4,3,3,5,5,4,4,3,5,home,online_class,mostly_solo,1_2h,morning,1,0,0,1,1,1,1,1,1,0,0,home,coding,solo,1_2h,morning,weekday,15.4,hot,indoor,first_time,4,5,5,4,5,4,4,4,5,5,16,20,15,12,20,20,20,12,4.5,9.7,20,1.0,68.2,69.78745146812052
I2392,U240,balanced,P011,library_11,synthetic,train,4,4,3,3,5,5,4,4,3,5,home,online_class,mostly_solo,1_2h,morning,1,0,0,1,1,1,1,1,1,0,0,library,online_class,solo,1_2h,evening,weekend,9.4,clear,indoor,sometimes,5,4,4,4,2,4,4,3,4,3,20,16,12,12,20,16,8,12,3.3,5.9,9,0.0,77.9,66.86739321163087
I2393,U240,balanced,P067,classroom_05,synthetic,train,4,4,3,3,5,5,4,4,3,5,home,online_class,mostly_solo,1_2h,morning,1,0,0,1,1,1,1,1,1,0,0,classroom,deep_study,solo,1_2h,afternoon,weekday,8.8,cloudy,indoor,sometimes,3,4,3,3,3,2,3,3,3,3,12,16,9,9,15,12,12,6,5.0,5.5,15,0.5,62.7,57.59756757918305
I2394,U240,balanced,P010,library_10,synthetic,train,4,4,3,3,5,5,4,4,3,5,home,online_class,mostly_solo,1_2h,morning,1,0,0,1,1,1,1,1,1,0,0,library,deep_study,solo,1_2h,afternoon,weekday,8.1,rainy,indoor,first_time,5,5,4,4,3,4,4,5,4,5,20,20,12,12,20,16,12,12,5.0,5.0,25,0.5,71.1,73.32598495658773
I2395,U240,balanced,P026,study_room_08,synthetic,train,4,4,3,3,5,5,4,4,3,5,home,online_class,mostly_solo,1_2h,morning,1,0,0,1,1,1,1,1,1,0,0,study_room,online_class,solo,2_4h,late_night,weekend,23.3,cloudy,indoor,often,4,5,4,4,5,4,4,4,4,3,16,20,12,12,20,16,20,12,3.3,14.5,12,0.0,73.2,63.505712482960035
I2396,U240,balanced,P102,dorm_lounge_06,synthetic,train,4,4,3,3,5,5,4,4,3,5,home,online_class,mostly_solo,1_2h,morning,1,0,0,1,1,1,1,1,1,0,0,dorm_lounge,team_project,3_4,over_4h,afternoon,weekday,10.7,rainy,indoor,sometimes,3,3,3,3,3,3,4,4,4,4,12,12,9,9,20,16,12,9,1.3,6.7,12,0.5,72.0,62.27589136319768
I2397,U240,balanced,P095,coworking_space_11,synthetic,train,4,4,3,3,5,5,4,4,3,5,home,online_class,mostly_solo,1_2h,morning,1,0,0,1,1,1,1,1,1,0,0,coworking_space,online_class,2,under_1h,afternoon,weekday,11.6,clear,indoor,often,4,4,3,3,4,4,5,4,4,4,16,16,9,9,25,16,16,12,3.3,7.3,12,0.5,63.5,63.65925980116181
I2398,U240,balanced,P037,cafe_01,synthetic,train,4,4,3,3,5,5,4,4,3,5,home,online_class,mostly_solo,1_2h,morning,1,0,0,1,1,1,1,1,1,0,0,cafe,coding,solo,over_4h,late_night,weekday,13.7,rainy,indoor,often,3,4,2,2,2,4,3,4,4,4,12,16,6,6,15,16,8,12,4.5,8.5,20,0.0,58.9,57.74142432244416
I2399,U240,balanced,P062,home_08,synthetic,train,4,4,3,3,5,5,4,4,3,5,home,online_class,mostly_solo,1_2h,morning,1,0,0,1,1,1,1,1,1,0,0,home,coding,solo,1_2h,morning,weekend,10.7,cold,indoor,often,4,3,4,4,4,5,5,4,4,5,16,12,12,12,25,16,16,15,4.5,6.7,20,1.0,75.5,72.6144849513675
I2400,U240,balanced,P075,computer_lab_01,synthetic,train,4,4,3,3,5,5,4,4,3,5,home,online_class,mostly_solo,1_2h,morning,1,0,0,1,1,1,1,1,1,0,0,computer_lab,deep_study,solo,1_2h,early_morning,weekday,3.3,hot,indoor,often,3,3,3,4,3,4,5,3,3,3,12,12,9,12,25,12,12,12,5.0,2.1,15,0.5,67.4,65.90592005056409
I2401,U241,quiet_deepwork,P078,computer_lab_04,synthetic,test,5,4,4,5,4,3,3,3,4,4,computer_lab,coding,mostly_solo,1_2h,late_night,1,1,1,0,1,0,1,1,0,1,1,computer_lab,light_reading,solo,2_4h,early_morning,weekend,7.1,clear,indoor,sometimes,4,4,4,4,3,3,5,3,4,3,20,16,16,20,20,12,9,12,1.8,2.7,9,0.0,66.8,71.04850352131731
I2402,U241,quiet_deepwork,P012,library_12,synthetic,test,5,4,4,5,4,3,3,3,4,4,computer_lab,coding,mostly_solo,1_2h,late_night,1,1,1,0,1,0,1,1,0,1,1,library,coding,solo,over_4h,late_night,weekend,5.2,clear,indoor,rarely,5,4,4,4,3,3,3,4,5,4,25,16,16,20,12,15,9,12,3.6,1.9,16,1.0,74.4,73.80779517838506
I2403,U241,quiet_deepwork,P057,home_03,synthetic,test,5,4,4,5,4,3,3,3,4,4,computer_lab,coding,mostly_solo,1_2h,late_night,1,1,1,0,1,0,1,1,0,1,1,home,coding,2,1_2h,evening,weekend,5.6,cold,indoor,first_time,3,4,4,4,5,4,5,5,5,4,15,16,16,20,20,15,15,16,3.6,2.1,20,0.5,89.0,70.9500777056881
I2404,U241,quiet_deepwork,P096,coworking_space_12,synthetic,test,5,4,4,5,4,3,3,3,4,4,computer_lab,coding,mostly_solo,1_2h,late_night,1,1,1,0,1,0,1,1,0,1,1,coworking_space,light_reading,solo,1_2h,late_night,weekday,11.9,hot,indoor,sometimes,3,3,4,3,3,5,5,4,4,3,15,12,16,15,20,12,9,20,1.8,4.5,12,1.0,52.6,66.76864883460411
I2405,U241,quiet_deepwork,P011,library_11,synthetic,test,5,4,4,5,4,3,3,3,4,4,computer_lab,coding,mostly_solo,1_2h,late_night,1,1,1,0,1,0,1,1,0,1,1,library,deep_study,solo,2_4h,late_night,weekend,5.4,cold,indoor,rarely,5,4,4,4,2,4,4,5,4,3,25,16,16,20,16,12,6,16,4.0,2.0,20,1.0,75.2,75.77318247873586
I2406,U241,quiet_deepwork,P015,library_15,synthetic,test,5,4,4,5,4,3,3,3,4,4,computer_lab,coding,mostly_solo,1_2h,late_night,1,1,1,0,1,0,1,1,0,1,1,library,light_reading,solo,1_2h,morning,weekend,13.2,rainy,indoor,often,4,4,4,5,2,4,3,4,4,4,20,16,16,25,12,12,6,16,1.8,5.0,12,0.0,73.5,71.96534201474066
I2407,U241,quiet_deepwork,P028,study_room_10,synthetic,test,5,4,4,5,4,3,3,3,4,4,computer_lab,coding,mostly_solo,1_2h,late_night,1,1,1,0,1,0,1,1,0,1,1,study_room,light_reading,solo,1_2h,late_night,weekend,15.5,clear,indoor,first_time,4,4,3,3,4,4,5,4,4,3,20,16,12,15,20,12,12,16,1.8,5.8,12,1.0,69.9,67.6532385849969
I2408,U241,quiet_deepwork,P042,cafe_06,synthetic,test,5,4,4,5,4,3,3,3,4,4,computer_lab,coding,mostly_solo,1_2h,late_night,1,1,1,0,1,0,1,1,0,1,1,cafe,report_writing,solo,1_2h,evening,weekday,10.8,cloudy,indoor,sometimes,3,4,2,3,2,4,3,3,4,3,15,16,8,15,12,12,6,16,3.4,4.0,12,0.5,63.3,61.07964824174938
I2409,U241,quiet_deepwork,P052,cafe_16,synthetic,test,5,4,4,5,4,3,3,3,4,4,computer_lab,coding,mostly_solo,1_2h,late_night,1,1,1,0,1,0,1,1,0,1,1,cafe,report_writing,solo,2_4h,afternoon,weekend,11.3,cloudy,indoor,sometimes,3,5,3,2,2,3,3,5,4,3,15,20,12,10,12,12,6,12,3.4,4.2,20,0.0,64.6,63.757013965471906
I2410,U241,quiet_deepwork,P015,library_15,synthetic,test,5,4,4,5,4,3,3,3,4,4,computer_lab,coding,mostly_solo,1_2h,late_night,1,1,1,0,1,0,1,1,0,1,1,library,deep_study,solo,2_4h,afternoon,weekday,14.4,clear,indoor,first_time,4,4,4,5,2,4,3,5,4,4,20,16,16,25,12,12,6,16,4.0,5.4,20,0.0,68.3,71.82040035636251
I2411,U242,balanced,P032,study_room_14,synthetic,train,5,5,4,3,3,3,4,4,5,3,computer_lab,team_project,mixed,1_2h,afternoon,1,1,0,1,0,0,1,0,0,1,0,study_room,coding,solo,2_4h,afternoon,weekday,16.3,clear,indoor,sometimes,4,4,4,4,4,3,4,4,4,4,20,20,16,12,12,16,16,15,2.7,6.1,12,1.0,68.0,70.86121350184474
I2412,U242,balanced,P027,study_room_09,synthetic,train,5,5,4,3,3,3,4,4,5,3,computer_lab,team_project,mixed,1_2h,afternoon,1,1,0,1,0,0,1,0,0,1,0,study_room,team_project,3_4,2_4h,morning,weekday,1.0,clear,indoor,sometimes,5,3,3,4,4,3,3,4,3,3,25,15,12,12,9,12,16,15,0.8,0.4,12,0.5,75.4,73.60497603231948
I2413,U242,balanced,P013,library_13,synthetic,train,5,5,4,3,3,3,4,4,5,3,computer_lab,team_project,mixed,1_2h,afternoon,1,1,0,1,0,0,1,0,0,1,0,library,online_class,solo,1_2h,morning,weekend,4.9,rainy,indoor,first_time,5,4,4,4,3,3,5,4,4,4,25,20,16,12,15,16,12,15,2.0,1.8,12,0.5,78.3,74.67899001203591
I2414,U242,balanced,P056,home_02,synthetic,train,5,5,4,3,3,3,4,4,5,3,computer_lab,team_project,mixed,1_2h,afternoon,1,1,0,1,0,0,1,0,0,1,0,home,light_reading,solo,1_2h,afternoon,weekend,3.8,clear,indoor,sometimes,4,3,5,4,5,4,5,5,5,5,20,15,20,12,15,20,20,20,1.4,1.4,15,1.0,81.6,80.51079636017359
I2415,U242,balanced,P118,outdoor_10,synthetic,train,5,5,4,3,3,3,4,4,5,3,computer_lab,team_project,mixed,1_2h,afternoon,1,1,0,1,0,0,1,0,0,1,0,outdoor,team_project,3_4,over_4h,afternoon,weekday,5.6,cloudy,outdoor,sometimes,3,5,3,3,3,3,2,3,3,3,15,25,12,9,6,12,12,15,0.8,2.1,9,1.0,73.4,62.72393242817142
I2416,U242,balanced,P007,library_07,synthetic,train,5,5,4,3,3,3,4,4,5,3,computer_lab,team_project,mixed,1_2h,afternoon,1,1,0,1,0,0,1,0,0,1,0,library,coding,2,1_2h,afternoon,weekday,14.4,clear,indoor,first_time,5,4,3,4,3,3,4,4,4,4,25,20,12,12,12,16,12,15,2.7,5.4,12,1.0,65.0,66.23501118609319
I2417,U242,balanced,P043,cafe_07,synthetic,train,5,5,4,3,3,3,4,4,5,3,computer_lab,team_project,mixed,1_2h,afternoon,1,1,0,1,0,0,1,0,0,1,0,cafe,light_reading,solo,2_4h,evening,weekend,2.5,cold,indoor,first_time,2,5,3,3,2,4,3,4,3,3,10,25,12,9,9,12,8,20,1.4,0.9,12,0.5,49.7,61.617517667653864
I2418,U242,balanced,P085,coworking_space_01,synthetic,train,5,5,4,3,3,3,4,4,5,3,computer_lab,team_project,mixed,1_2h,afternoon,1,1,0,1,0,0,1,0,0,1,0,coworking_space,deep_study,solo,2_4h,afternoon,weekend,9.1,clear,indoor,often,3,5,2,3,4,3,4,3,4,3,15,25,8,9,12,16,16,15,3.0,3.4,9,1.0,65.9,66.51039678186731
I2419,U242,balanced,P102,dorm_lounge_06,synthetic,train,5,5,4,3,3,3,4,4,5,3,computer_lab,team_project,mixed,1_2h,afternoon,1,1,0,1,0,0,1,0,0,1,0,dorm_lounge,report_writing,solo,1_2h,afternoon,weekday,16.3,cold,indoor,sometimes,3,3,3,3,3,3,4,3,4,4,15,15,12,9,12,16,12,15,2.6,6.1,9,1.0,60.4,61.27584964041313
I2420,U242,balanced,P033,study_room_15,synthetic,train,5,5,4,3,3,3,4,4,5,3,computer_lab,team_project,mixed,1_2h,afternoon,1,1,0,1,0,0,1,0,0,1,0,study_room,report_writing,solo,2_4h,morning,weekday,1.0,clear,indoor,often,5,3,4,3,4,4,4,5,5,4,25,15,16,9,12,20,16,20,2.6,0.4,15,0.5,86.1,80.74711290385122
I2421,U243,convenience_oriented,P045,cafe_09,synthetic,test,5,3,4,3,5,5,4,4,3,3,library,online_class,mixed,1_2h,evening,1,1,0,1,1,1,1,1,1,0,0,cafe,coding,solo,2_4h,evening,weekend,11.9,cold,indoor,rarely,2,3,2,2,3,3,3,3,3,3,10,9,8,6,15,12,12,9,2.7,7.5,9,1.0,43.6,50.3783018588625
I2422,U243,convenience_oriented,P008,library_08,synthetic,test,5,3,4,3,5,5,4,4,3,3,library,online_class,mixed,1_2h,evening,1,1,0,1,1,1,1,1,1,0,0,library,light_reading,solo,1_2h,afternoon,weekend,12.5,clear,indoor,sometimes,5,5,4,4,2,3,4,5,4,4,25,15,16,12,20,16,8,9,1.4,7.8,15,0.5,59.5,68.99241815166604
I2423,U243,convenience_oriented,P106,dorm_lounge_10,synthetic,test,5,3,4,3,5,5,4,4,3,3,library,online_class,mixed,1_2h,evening,1,1,0,1,1,1,1,1,1,0,0,dorm_lounge,deep_study,solo,under_1h,evening,weekday,7.4,rainy,indoor,rarely,3,3,2,3,3,4,3,3,3,3,15,9,8,9,15,12,12,12,3.0,4.6,9,1.0,58.4,57.71423075296326
I2424,U243,convenience_oriented,P004,library_04,synthetic,test,5,3,4,3,5,5,4,4,3,3,library,online_class,mixed,1_2h,evening,1,1,0,1,1,1,1,1,1,0,0,library,report_writing,solo,2_4h,late_night,weekday,5.7,clear,indoor,often,5,3,3,4,2,4,4,4,3,4,25,9,12,12,20,12,8,12,2.6,3.6,12,0.5,69.1,70.93607149222865
I2425,U243,convenience_oriented,P093,coworking_space_09,synthetic,test,5,3,4,3,5,5,4,4,3,3,library,online_class,mixed,1_2h,evening,1,1,0,1,1,1,1,1,1,0,0,coworking_space,coding,2,2_4h,early_morning,weekday,9.9,cloudy,indoor,rarely,3,4,2,3,4,4,4,4,4,3,15,12,8,9,20,16,16,12,2.7,6.2,12,0.0,59.4,56.944161511151606
I2426,U243,convenience_oriented,P007,library_07,synthetic,test,5,3,4,3,5,5,4,4,3,3,library,online_class,mixed,1_2h,evening,1,1,0,1,1,1,1,1,1,0,0,library,coding,solo,2_4h,afternoon,weekday,10.9,clear,indoor,often,5,4,3,4,3,3,4,4,4,4,25,12,12,12,20,16,12,9,2.7,6.8,12,0.5,65.2,68.92708911589258
I2427,U243,convenience_oriented,P011,library_11,synthetic,test,5,3,4,3,5,5,4,4,3,3,library,online_class,mixed,1_2h,evening,1,1,0,1,1,1,1,1,1,0,0,library,light_reading,2,2_4h,afternoon,weekday,9.6,cloudy,indoor,rarely,5,4,4,4,2,4,4,5,4,3,25,12,16,12,20,16,8,12,1.4,6.0,15,0.5,61.7,66.13327634724737
I2428,U243,convenience_oriented,P099,dorm_lounge_03,synthetic,test,5,3,4,3,5,5,4,4,3,3,library,online_class,mixed,1_2h,evening,1,1,0,1,1,1,1,1,1,0,0,dorm_lounge,online_class,2,2_4h,evening,weekend,12.0,rainy,indoor,sometimes,4,4,3,3,3,3,4,3,3,3,20,12,12,9,20,12,12,9,2.0,7.5,9,1.0,64.2,57.453699699960254
I2429,U243,convenience_oriented,P064,classroom_02,synthetic,test,5,3,4,3,5,5,4,4,3,3,library,online_class,mixed,1_2h,evening,1,1,0,1,1,1,1,1,1,0,0,classroom,report_writing,2,over_4h,late_night,weekend,5.1,clear,indoor,often,4,4,3,3,3,3,3,4,3,3,20,12,12,9,15,12,12,9,2.6,3.2,12,0.5,57.5,61.56388990181143
I2430,U243,convenience_oriented,P025,study_room_07,synthetic,test,5,3,4,3,5,5,4,4,3,3,library,online_class,mixed,1_2h,evening,1,1,0,1,1,1,1,1,1,0,0,study_room,report_writing,solo,1_2h,evening,weekday,6.7,clear,indoor,first_time,4,4,3,4,4,4,4,5,4,3,20,12,12,12,20,16,16,12,2.6,4.2,15,1.0,64.7,69.15563086833438
I2431,U244,convenience_oriented,P026,study_room_08,synthetic,train,3,3,3,3,4,4,4,3,4,4,home,deep_study,mostly_solo,under_1h,morning,0,0,0,1,1,1,0,1,1,1,0,study_room,meeting,3_4,1_2h,evening,weekday,21.6,clear,indoor,rarely,4,5,4,4,5,4,4,4,4,3,12,15,12,12,16,16,15,16,0.8,10.8,12,0.0,62.8,60.88429224508033
I2432,U244,convenience_oriented,P018,library_18,synthetic,train,3,3,3,3,4,4,4,3,4,4,home,deep_study,mostly_solo,under_1h,morning,0,0,0,1,1,1,0,1,1,1,0,library,coding,solo,1_2h,afternoon,weekday,7.3,cloudy,indoor,sometimes,5,4,3,4,3,3,4,4,4,3,15,12,9,12,16,16,9,12,3.6,3.6,16,0.5,76.7,63.0120822434839
I2433,U244,convenience_oriented,P031,study_room_13,synthetic,train,3,3,3,3,4,4,4,3,4,4,home,deep_study,mostly_solo,under_1h,morning,0,0,0,1,1,1,0,1,1,1,0,study_room,online_class,solo,under_1h,afternoon,weekday,2.9,hot,indoor,often,5,4,4,4,4,4,4,4,5,4,15,12,12,12,16,20,12,16,2.6,1.4,12,0.5,69.2,69.3229418077215
I2434,U244,convenience_oriented,P034,study_room_16,synthetic,train,3,3,3,3,4,4,4,3,4,4,home,deep_study,mostly_solo,under_1h,morning,0,0,0,1,1,1,0,1,1,1,0,study_room,coding,solo,over_4h,evening,weekday,9.5,rainy,indoor,rarely,4,4,4,4,4,3,4,4,5,3,12,12,12,12,16,20,12,12,3.6,4.7,16,0.0,69.7,61.77429309316827
I2435,U244,convenience_oriented,P051,cafe_15,synthetic,train,3,3,3,3,4,4,4,3,4,4,home,deep_study,mostly_solo,under_1h,morning,0,0,0,1,1,1,0,1,1,1,0,cafe,report_writing,solo,1_2h,morning,weekday,9.8,clear,indoor,sometimes,3,4,2,3,3,4,3,4,4,3,9,12,6,9,12,16,9,16,3.4,4.9,16,1.0,56.9,58.47697418398857
I2436,U244,convenience_oriented,P062,home_08,synthetic,train,3,3,3,3,4,4,4,3,4,4,home,deep_study,mostly_solo,under_1h,morning,0,0,0,1,1,1,0,1,1,1,0,home,deep_study,solo,1_2h,evening,weekday,8.5,clear,indoor,often,4,3,4,4,4,5,5,4,4,5,12,9,12,12,20,16,12,20,4.0,4.3,16,0.0,68.5,69.29857170714675
I2437,U244,convenience_oriented,P044,cafe_08,synthetic,train,3,3,3,3,4,4,4,3,4,4,home,deep_study,mostly_solo,under_1h,morning,0,0,0,1,1,1,0,1,1,1,0,cafe,deep_study,solo,under_1h,morning,weekday,16.7,clear,indoor,rarely,3,4,3,4,2,4,3,2,4,2,9,12,9,12,12,16,6,16,4.0,8.4,8,1.0,51.3,51.284462698137446
I2438,U244,convenience_oriented,P062,home_08,synthetic,train,3,3,3,3,4,4,4,3,4,4,home,deep_study,mostly_solo,under_1h,morning,0,0,0,1,1,1,0,1,1,1,0,home,coding,solo,1_2h,late_night,weekday,13.9,cloudy,indoor,first_time,4,3,4,4,4,5,5,5,4,5,12,9,12,12,20,16,12,20,3.6,6.9,20,0.0,62.1,65.40151275026106
I2439,U244,convenience_oriented,P009,library_09,synthetic,train,3,3,3,3,4,4,4,3,4,4,home,deep_study,mostly_solo,under_1h,morning,0,0,0,1,1,1,0,1,1,1,0,library,deep_study,solo,2_4h,morning,weekday,8.7,clear,indoor,sometimes,4,4,3,4,2,4,4,4,4,4,12,12,9,12,16,16,6,16,4.0,4.3,16,1.0,65.6,64.53662139970702
I2440,U244,convenience_oriented,P096,coworking_space_12,synthetic,train,3,3,3,3,4,4,4,3,4,4,home,deep_study,mostly_solo,under_1h,morning,0,0,0,1,1,1,0,1,1,1,0,coworking_space,coding,2,2_4h,late_night,weekday,17.9,clear,indoor,first_time,3,3,4,3,3,5,5,4,4,3,9,9,12,9,20,16,9,20,3.6,9.0,16,0.0,60.1,54.86206635307542
I2441,U245,convenience_oriented,P117,outdoor_09,synthetic,train,3,2,3,3,5,4,4,3,4,4,home,report_writing,mostly_solo,under_1h,evening,0,0,0,1,1,1,0,1,1,1,0,outdoor,light_reading,solo,under_1h,evening,weekend,12.3,cold,outdoor,often,2,5,3,3,2,3,1,4,3,3,6,10,9,9,5,12,6,12,1.8,6.1,12,1.0,51.9,47.27398314414566
I2442,U245,convenience_oriented,P024,study_room_06,synthetic,train,3,2,3,3,5,4,4,3,4,4,home,report_writing,mostly_solo,under_1h,evening,0,0,0,1,1,1,0,1,1,1,0,study_room,online_class,solo,under_1h,morning,weekday,6.9,clear,indoor,often,4,4,3,4,3,4,4,4,4,3,12,8,9,12,20,16,9,16,2.6,3.5,12,0.0,71.5,65.39804598537913
I2443,U245,convenience_oriented,P007,library_07,synthetic,train,3,2,3,3,5,4,4,3,4,4,home,report_writing,mostly_solo,under_1h,evening,0,0,0,1,1,1,0,1,1,1,0,library,light_reading,solo,1_2h,morning,weekday,11.4,cloudy,indoor,rarely,5,4,3,4,3,3,4,5,4,4,15,8,9,12,20,16,9,12,1.8,5.7,15,0.0,59.8,62.48200574816319
I2444,U245,convenience_oriented,P003,library_03,synthetic,train,3,2,3,3,5,4,4,3,4,4,home,report_writing,mostly_solo,under_1h,evening,0,0,0,1,1,1,0,1,1,1,0,library,team_project,5_plus,over_4h,evening,weekend,1.0,hot,indoor,sometimes,5,3,4,5,3,3,4,2,4,4,15,6,12,15,20,16,9,12,1.0,0.5,6,1.0,67.8,67.77526135050398
I2445,U245,convenience_oriented,P036,study_room_18,synthetic,train,3,2,3,3,5,4,4,3,4,4,home,report_writing,mostly_solo,under_1h,evening,0,0,0,1,1,1,0,1,1,1,0,study_room,team_project,2,2_4h,late_night,weekday,15.3,cloudy,indoor,first_time,5,4,4,4,4,4,5,4,4,4,15,8,12,12,25,16,12,16,1.0,7.7,12,0.5,70.5,64.27263527084062
I2446,U245,convenience_oriented,P061,home_07,synthetic,train,3,2,3,3,5,4,4,3,4,4,home,report_writing,mostly_solo,under_1h,evening,0,0,0,1,1,1,0,1,1,1,0,home,coding,3_4,2_4h,evening,weekday,16.1,hot,indoor,often,4,4,4,4,4,4,4,4,4,5,12,8,12,12,20,16,12,16,3.6,8.1,16,1.0,61.0,62.119592668103785
I2447,U245,convenience_oriented,P095,coworking_space_11,synthetic,train,3,2,3,3,5,4,4,3,4,4,home,report_writing,mostly_solo,under_1h,evening,0,0,0,1,1,1,0,1,1,1,0,coworking_space,deep_study,solo,1_2h,afternoon,weekend,10.1,rainy,indoor,rarely,4,4,3,3,4,4,5,3,4,4,12,8,9,9,25,16,12,16,4.0,5.0,12,0.5,59.6,60.44950419363755
I2448,U245,convenience_oriented,P061,home_07,synthetic,train,3,2,3,3,5,4,4,3,4,4,home,report_writing,mostly_solo,under_1h,evening,0,0,0,1,1,1,0,1,1,1,0,home,coding,solo,2_4h,evening,weekday,17.9,cloudy,indoor,rarely,4,4,4,4,4,4,4,5,4,5,12,8,12,12,20,16,12,16,3.6,9.0,20,1.0,57.1,63.946994229334656
I2449,U245,convenience_oriented,P066,classroom_04,synthetic,train,3,2,3,3,5,4,4,3,4,4,home,report_writing,mostly_solo,under_1h,evening,0,0,0,1,1,1,0,1,1,1,0,classroom,coding,solo,2_4h,morning,weekday,15.7,clear,indoor,sometimes,3,4,4,3,3,3,4,3,3,4,9,8,12,9,20,12,9,12,3.6,7.8,12,0.0,52.1,56.43112307334927
I2450,U245,convenience_oriented,P102,dorm_lounge_06,synthetic,train,3,2,3,3,5,4,4,3,4,4,home,report_writing,mostly_solo,under_1h,evening,0,0,0,1,1,1,0,1,1,1,0,dorm_lounge,coding,solo,1_2h,morning,weekday,23.1,cloudy,indoor,often,3,3,3,3,3,3,4,3,4,4,9,6,9,9,20,16,9,12,3.6,11.5,12,0.0,54.3,55.06670845131002
I2451,U246,convenience_oriented,P016,library_16,synthetic,train,3,4,3,2,3,5,4,3,3,4,home,meeting,mostly_solo,2_4h,afternoon,0,0,0,1,0,1,0,0,1,0,0,library,deep_study,solo,2_4h,afternoon,weekday,9.7,clear,indoor,sometimes,5,4,3,5,3,4,3,5,4,4,15,16,9,10,9,16,9,12,4.0,6.0,20,1.0,57.8,62.34238426843147
I2452,U246,convenience_oriented,P056,home_02,synthetic,train,3,4,3,2,3,5,4,3,3,4,home,meeting,mostly_solo,2_4h,afternoon,0,0,0,1,0,1,0,0,1,0,0,home,online_class,solo,1_2h,evening,weekend,5.9,clear,indoor,first_time,4,3,5,4,5,4,5,4,5,5,12,12,15,8,15,20,15,12,2.6,3.7,12,0.5,61.5,64.36521116554044
I2453,U246,convenience_oriented,P004,library_04,synthetic,train,3,4,3,2,3,5,4,3,3,4,home,meeting,mostly_solo,2_4h,afternoon,0,0,0,1,0,1,0,0,1,0,0,library,light_reading,solo,under_1h,evening,weekend,1.0,hot,indoor,first_time,5,3,3,4,2,4,4,4,3,4,15,12,9,8,12,12,6,12,1.8,0.6,12,0.5,51.8,57.72764573407139
I2454,U246,convenience_oriented,P030,study_room_12,synthetic,train,3,4,3,2,3,5,4,3,3,4,home,meeting,mostly_solo,2_4h,afternoon,0,0,0,1,0,1,0,0,1,0,0,study_room,report_writing,solo,under_1h,early_morning,weekday,13.1,cloudy,indoor,sometimes,5,4,3,4,3,3,4,5,4,4,15,16,9,8,12,16,9,9,3.4,8.2,20,0.0,64.1,60.0021147991437
I2455,U246,convenience_oriented,P022,study_room_04,synthetic,train,3,4,3,2,3,5,4,3,3,4,home,meeting,mostly_solo,2_4h,afternoon,0,0,0,1,0,1,0,0,1,0,0,study_room,online_class,solo,2_4h,morning,weekend,11.5,cloudy,indoor,sometimes,4,5,3,4,5,3,4,4,4,4,12,20,9,8,12,16,15,9,2.6,7.2,12,0.5,63.0,59.21085959309418
I2456,U246,convenience_oriented,P018,library_18,synthetic,train,3,4,3,2,3,5,4,3,3,4,home,meeting,mostly_solo,2_4h,afternoon,0,0,0,1,0,1,0,0,1,0,0,library,online_class,solo,1_2h,afternoon,weekday,11.2,rainy,indoor,often,5,4,3,4,3,3,4,3,4,3,15,16,9,8,12,16,9,9,2.6,7.0,9,1.0,45.0,57.18204506302472
I2457,U246,convenience_oriented,P058,home_04,synthetic,train,3,4,3,2,3,5,4,3,3,4,home,meeting,mostly_solo,2_4h,afternoon,0,0,0,1,0,1,0,0,1,0,0,home,coding,solo,over_4h,afternoon,weekday,19.0,clear,indoor,first_time,4,3,4,3,4,5,4,4,4,4,12,12,12,6,12,16,12,15,3.6,11.9,16,1.0,49.9,54.695761991099424
I2458,U246,convenience_oriented,P066,classroom_04,synthetic,train,3,4,3,2,3,5,4,3,3,4,home,meeting,mostly_solo,2_4h,afternoon,0,0,0,1,0,1,0,0,1,0,0,classroom,light_reading,solo,under_1h,evening,weekday,12.5,rainy,indoor,sometimes,3,4,4,3,3,3,4,3,3,4,9,16,12,6,12,12,9,9,1.8,7.8,9,0.5,42.8,51.49258231679299
I2459,U246,convenience_oriented,P034,study_room_16,synthetic,train,3,4,3,2,3,5,4,3,3,4,home,meeting,mostly_solo,2_4h,afternoon,0,0,0,1,0,1,0,0,1,0,0,study_room,online_class,2,1_2h,morning,weekday,11.4,clear,indoor,first_time,4,4,4,4,4,3,4,5,5,3,12,16,12,8,12,20,12,9,2.6,7.1,15,0.5,48.5,56.18425909707686
I2460,U246,convenience_oriented,P082,computer_lab_08,synthetic,train,3,4,3,2,3,5,4,3,3,4,home,meeting,mostly_solo,2_4h,afternoon,0,0,0,1,0,1,0,0,1,0,0,computer_lab,light_reading,solo,2_4h,morning,weekend,4.1,cloudy,indoor,first_time,3,4,4,4,3,3,5,3,3,3,9,16,12,8,15,12,9,9,1.8,2.6,9,0.5,52.2,55.539334702995944
I2461,U247,comfort_oriented,P016,library_16,synthetic,valid,3,4,3,4,4,4,4,5,4,4,study_room,report_writing,mostly_solo,2_4h,morning,0,0,1,1,1,1,0,1,1,1,1,library,coding,solo,over_4h,afternoon,weekday,11.4,cloudy,indoor,sometimes,5,4,3,5,3,4,3,4,4,4,15,16,9,20,12,16,15,16,3.6,5.7,16,0.5,55.6,65.78171137523053
I2462,U247,comfort_oriented,P074,classroom_12,synthetic,valid,3,4,3,4,4,4,4,5,4,4,study_room,report_writing,mostly_solo,2_4h,morning,0,0,1,1,1,1,0,1,1,1,1,classroom,deep_study,solo,over_4h,morning,weekday,15.0,clear,indoor,rarely,3,4,3,3,2,3,3,3,3,3,9,16,9,12,12,12,10,12,4.0,7.5,12,1.0,45.8,52.75398103489106
I2463,U247,comfort_oriented,P024,study_room_06,synthetic,valid,3,4,3,4,4,4,4,5,4,4,study_room,report_writing,mostly_solo,2_4h,morning,0,0,1,1,1,1,0,1,1,1,1,study_room,online_class,solo,over_4h,morning,weekday,5.2,clear,indoor,sometimes,4,4,3,4,3,4,4,5,4,3,12,16,9,16,16,16,15,16,2.6,2.6,15,1.0,71.7,68.30635721567387
I2464,U247,comfort_oriented,P107,dorm_lounge_11,synthetic,valid,3,4,3,4,4,4,4,5,4,4,study_room,report_writing,mostly_solo,2_4h,morning,0,0,1,1,1,1,0,1,1,1,1,dorm_lounge,team_project,3_4,1_2h,afternoon,weekend,25.7,clear,indoor,often,3,4,3,3,3,4,3,4,3,3,9,16,9,12,12,12,15,16,1.0,12.8,12,0.5,68.7,56.84631303553098
I2465,U247,comfort_oriented,P092,coworking_space_08,synthetic,valid,3,4,3,4,4,4,4,5,4,4,study_room,report_writing,mostly_solo,2_4h,morning,0,0,1,1,1,1,0,1,1,1,1,coworking_space,coding,solo,1_2h,early_morning,weekday,6.5,cloudy,indoor,often,2,4,3,4,3,4,4,4,4,3,6,16,9,16,16,16,15,16,3.6,3.3,16,0.5,67.5,62.70844102949753
I2466,U247,comfort_oriented,P059,home_05,synthetic,valid,3,4,3,4,4,4,4,5,4,4,study_room,report_writing,mostly_solo,2_4h,morning,0,0,1,1,1,1,0,1,1,1,1,home,coding,solo,2_4h,morning,weekday,13.4,clear,indoor,rarely,4,5,5,4,5,4,4,4,5,5,12,20,15,16,16,20,25,16,3.6,6.7,16,1.0,80.0,71.5987256804904
I2467,U247,comfort_oriented,P008,library_08,synthetic,valid,3,4,3,4,4,4,4,5,4,4,study_room,report_writing,mostly_solo,2_4h,morning,0,0,1,1,1,1,0,1,1,1,1,library,deep_study,solo,2_4h,morning,weekend,11.5,hot,indoor,sometimes,5,5,4,4,2,3,4,5,4,4,15,20,12,16,16,16,10,12,4.0,5.8,20,1.0,70.2,67.77031238165763
I2468,U247,comfort_oriented,P003,library_03,synthetic,valid,3,4,3,4,4,4,4,5,4,4,study_room,report_writing,mostly_solo,2_4h,morning,0,0,1,1,1,1,0,1,1,1,1,library,online_class,solo,2_4h,afternoon,weekend,4.5,rainy,indoor,often,5,3,4,5,3,3,4,4,4,4,15,12,12,20,16,16,15,12,2.6,2.3,12,0.5,73.2,68.9867564014987
I2469,U247,comfort_oriented,P066,classroom_04,synthetic,valid,3,4,3,4,4,4,4,5,4,4,study_room,report_writing,mostly_solo,2_4h,morning,0,0,1,1,1,1,0,1,1,1,1,classroom,deep_study,solo,over_4h,evening,weekend,11.8,rainy,indoor,first_time,3,4,4,3,3,3,4,3,3,4,9,16,12,12,16,12,15,12,4.0,5.9,12,0.0,53.8,55.299737091800864
I2470,U247,comfort_oriented,P055,home_01,synthetic,valid,3,4,3,4,4,4,4,5,4,4,study_room,report_writing,mostly_solo,2_4h,morning,0,0,1,1,1,1,0,1,1,1,1,home,online_class,2,2_4h,evening,weekday,12.4,clear,indoor,sometimes,4,3,5,4,4,5,5,4,4,5,12,12,15,16,20,16,20,20,2.6,6.2,12,0.0,69.8,66.84440134172644
I2471,U248,comfort_oriented,P005,library_05,synthetic,train,3,4,4,4,5,3,5,5,4,4,study_room,online_class,mostly_solo,1_2h,afternoon,0,1,1,1,1,0,0,1,0,1,1,library,deep_study,solo,1_2h,afternoon,weekday,7.6,clear,indoor,sometimes,5,4,4,5,3,4,4,5,4,4,15,16,16,20,20,20,15,16,4.0,2.9,20,1.0,81.5,77.32961840177028
I2472,U248,comfort_oriented,P047,cafe_11,synthetic,train,3,4,4,4,5,3,5,5,4,4,study_room,online_class,mostly_solo,1_2h,afternoon,0,1,1,1,1,0,0,1,0,1,1,cafe,coding,solo,2_4h,afternoon,weekend,12.4,hot,indoor,sometimes,3,4,3,3,2,4,3,4,4,3,9,16,12,12,15,20,10,16,3.6,4.7,16,1.0,54.1,62.302538104374676
I2473,U248,comfort_oriented,P034,study_room_16,synthetic,train,3,4,4,4,5,3,5,5,4,4,study_room,online_class,mostly_solo,1_2h,afternoon,0,1,1,1,1,0,0,1,0,1,1,study_room,report_writing,solo,2_4h,late_night,weekend,8.2,rainy,indoor,sometimes,4,4,4,4,4,3,4,4,5,3,12,16,16,16,20,25,20,12,3.4,3.1,16,0.0,74.4,72.92483029647548
I2474,U248,comfort_oriented,P069,classroom_07,synthetic,train,3,4,4,4,5,3,5,5,4,4,study_room,online_class,mostly_solo,1_2h,afternoon,0,1,1,1,1,0,0,1,0,1,1,classroom,report_writing,solo,1_2h,afternoon,weekday,19.9,cold,indoor,often,3,4,3,3,3,3,3,3,3,4,9,16,12,12,15,15,15,12,3.4,7.5,12,1.0,64.6,60.25595075253891
I2475,U248,comfort_oriented,P032,study_room_14,synthetic,train,3,4,4,4,5,3,5,5,4,4,study_room,online_class,mostly_solo,1_2h,afternoon,0,1,1,1,1,0,0,1,0,1,1,study_room,light_reading,2,1_2h,morning,weekday,19.8,cloudy,indoor,sometimes,4,4,4,4,4,3,4,4,4,4,12,16,16,16,20,20,20,12,1.8,7.4,12,0.5,62.7,65.09415010163326
I2476,U248,comfort_oriented,P032,study_room_14,synthetic,train,3,4,4,4,5,3,5,5,4,4,study_room,online_class,mostly_solo,1_2h,afternoon,0,1,1,1,1,0,0,1,0,1,1,study_room,report_writing,solo,over_4h,afternoon,weekday,20.6,clear,indoor,often,4,4,4,4,4,3,4,5,4,4,12,16,16,16,20,20,20,12,3.4,7.7,20,1.0,73.5,72.64416446030201
I2477,U248,comfort_oriented,P007,library_07,synthetic,train,3,4,4,4,5,3,5,5,4,4,study_room,online_class,mostly_solo,1_2h,afternoon,0,1,1,1,1,0,0,1,0,1,1,library,coding,2,over_4h,late_night,weekday,11.4,clear,indoor,sometimes,5,4,3,4,3,3,4,4,4,4,15,16,12,16,20,20,15,12,3.6,4.3,16,0.0,69.4,66.31600784003743
I2478,U248,comfort_oriented,P062,home_08,synthetic,train,3,4,4,4,5,3,5,5,4,4,study_room,online_class,mostly_solo,1_2h,afternoon,0,1,1,1,1,0,0,1,0,1,1,home,online_class,2,1_2h,late_night,weekend,11.4,rainy,indoor,first_time,4,3,4,4,4,5,5,4,4,5,12,12,16,16,25,20,20,20,2.6,4.3,12,0.0,66.0,68.12033170011917
I2479,U248,comfort_oriented,P070,classroom_08,synthetic,train,3,4,4,4,5,3,5,5,4,4,study_room,online_class,mostly_solo,1_2h,afternoon,0,1,1,1,1,0,0,1,0,1,1,classroom,coding,2,2_4h,afternoon,weekday,11.5,cold,indoor,rarely,3,4,3,2,3,2,3,4,2,3,9,16,12,8,15,10,15,8,3.6,4.3,16,1.0,47.8,53.041227837961145
I2480,U248,comfort_oriented,P102,dorm_lounge_06,synthetic,train,3,4,4,4,5,3,5,5,4,4,study_room,online_class,mostly_solo,1_2h,afternoon,0,1,1,1,1,0,0,1,0,1,1,dorm_lounge,report_writing,solo,2_4h,late_night,weekday,17.6,hot,indoor,sometimes,3,3,3,3,3,3,4,2,4,4,9,12,12,12,20,20,15,12,3.4,6.6,8,0.0,59.3,58.5842804570066
I2481,U249,quiet_deepwork,P010,library_10,synthetic,train,4,3,5,3,4,3,4,4,3,5,computer_lab,coding,mostly_solo,over_4h,afternoon,1,1,0,1,1,0,1,1,0,0,0,library,report_writing,solo,over_4h,morning,weekday,5.7,cloudy,indoor,often,5,5,4,4,3,4,4,5,4,5,20,15,20,12,16,16,12,12,4.3,2.1,25,0.5,74.6,76.81270802854995
I2482,U249,quiet_deepwork,P027,study_room_09,synthetic,train,4,3,5,3,4,3,4,4,3,5,computer_lab,coding,mostly_solo,over_4h,afternoon,1,1,0,1,1,0,1,1,0,0,0,study_room,light_reading,solo,2_4h,late_night,weekday,2.1,clear,indoor,sometimes,5,3,3,4,4,3,3,4,3,3,20,9,15,12,12,12,16,9,2.3,0.8,12,0.0,73.7,66.1412997648822
I2483,U249,quiet_deepwork,P021,study_room_03,synthetic,train,4,3,5,3,4,3,4,4,3,5,computer_lab,coding,mostly_solo,over_4h,afternoon,1,1,0,1,1,0,1,1,0,0,0,study_room,coding,2,under_1h,morning,weekday,19.1,clear,indoor,rarely,5,4,4,4,3,4,4,3,4,2,20,12,20,12,16,16,12,12,4.5,7.2,15,0.5,56.4,62.82345046140417
I2484,U249,quiet_deepwork,P014,library_14,synthetic,train,4,3,5,3,4,3,4,4,3,5,computer_lab,coding,mostly_solo,over_4h,afternoon,1,1,0,1,1,0,1,1,0,0,0,library,report_writing,solo,1_2h,evening,weekday,7.6,hot,indoor,sometimes,5,4,5,4,3,4,4,5,4,4,20,12,25,12,16,16,12,12,4.3,2.9,25,0.5,76.8,75.53360501907251
I2485,U249,quiet_deepwork,P092,coworking_space_08,synthetic,train,4,3,5,3,4,3,4,4,3,5,computer_lab,coding,mostly_solo,over_4h,afternoon,1,1,0,1,1,0,1,1,0,0,0,coworking_space,coding,solo,over_4h,evening,weekday,4.4,clear,indoor,often,2,4,3,4,3,4,4,4,4,3,8,12,15,12,16,16,12,12,4.5,1.7,20,0.5,75.7,64.37249841644099
I2486,U249,quiet_deepwork,P100,dorm_lounge_04,synthetic,train,4,3,5,3,4,3,4,4,3,5,computer_lab,coding,mostly_solo,over_4h,afternoon,1,1,0,1,1,0,1,1,0,0,0,dorm_lounge,light_reading,solo,2_4h,afternoon,weekday,13.1,clear,indoor,rarely,3,4,2,3,3,4,3,4,4,4,12,12,10,9,12,16,12,12,2.3,4.9,12,1.0,52.1,58.63783250491851
I2487,U249,quiet_deepwork,P066,classroom_04,synthetic,train,4,3,5,3,4,3,4,4,3,5,computer_lab,coding,mostly_solo,over_4h,afternoon,1,1,0,1,1,0,1,1,0,0,0,classroom,deep_study,solo,2_4h,morning,weekday,11.1,cloudy,indoor,sometimes,3,4,4,3,3,3,4,4,3,4,12,12,20,9,16,12,12,9,5.0,4.2,20,0.5,64.1,64.29639949733573
I2488,U249,quiet_deepwork,P057,home_03,synthetic,train,4,3,5,3,4,3,4,4,3,5,computer_lab,coding,mostly_solo,over_4h,afternoon,1,1,0,1,1,0,1,1,0,0,0,home,coding,solo,over_4h,afternoon,weekday,6.0,hot,indoor,sometimes,3,4,4,4,5,4,5,4,5,4,12,12,20,12,20,20,20,12,4.5,2.3,20,1.0,74.9,71.69812418870104
I2489,U249,quiet_deepwork,P076,computer_lab_02,synthetic,train,4,3,5,3,4,3,4,4,3,5,computer_lab,coding,mostly_solo,over_4h,afternoon,1,1,0,1,1,0,1,1,0,0,0,computer_lab,report_writing,3_4,2_4h,morning,weekday,14.8,rainy,indoor,sometimes,3,5,3,4,4,3,4,3,3,4,12,15,15,12,16,12,16,9,4.3,5.5,15,0.5,65.4,61.3591418061289
I2490,U249,quiet_deepwork,P001,library_01,synthetic,train,4,3,5,3,4,3,4,4,3,5,computer_lab,coding,mostly_solo,over_4h,afternoon,1,1,0,1,1,0,1,1,0,0,0,library,report_writing,solo,under_1h,evening,weekday,5.6,cloudy,indoor,often,5,4,4,5,2,3,4,5,4,4,20,12,20,15,16,16,8,9,4.3,2.1,25,0.5,81.4,74.81758546849883
I2491,U250,convenience_oriented,P001,library_01,synthetic,train,4,3,3,3,5,5,4,4,3,4,computer_lab,report_writing,mostly_solo,2_4h,morning,1,0,0,1,1,1,1,1,1,0,0,library,report_writing,solo,2_4h,late_night,weekday,8.5,cold,indoor,sometimes,5,4,4,5,2,3,4,4,4,4,20,12,12,15,20,16,8,9,3.4,5.3,16,0.0,56.0,65.83260712819475
I2492,U250,convenience_oriented,P081,computer_lab_07,synthetic,train,4,3,3,3,5,5,4,4,3,4,computer_lab,report_writing,mostly_solo,2_4h,morning,1,0,0,1,1,1,1,1,1,0,0,computer_lab,coding,solo,under_1h,evening,weekday,7.5,clear,indoor,often,4,4,2,3,3,3,4,5,4,3,16,12,6,9,20,16,12,9,3.6,4.7,20,0.0,71.8,64.31827882831507
I2493,U250,convenience_oriented,P066,classroom_04,synthetic,train,4,3,3,3,5,5,4,4,3,4,computer_lab,report_writing,mostly_solo,2_4h,morning,1,0,0,1,1,1,1,1,1,0,0,classroom,coding,solo,over_4h,early_morning,weekday,8.1,cloudy,indoor,often,3,4,4,3,3,3,4,4,3,4,12,12,12,9,20,12,12,9,3.6,5.0,16,0.5,69.0,60.6818039003001
I2494,U250,convenience_oriented,P023,study_room_05,synthetic,train,4,3,3,3,5,5,4,4,3,4,computer_lab,report_writing,mostly_solo,2_4h,morning,1,0,0,1,1,1,1,1,1,0,0,study_room,light_reading,solo,under_1h,afternoon,weekday,19.5,clear,indoor,sometimes,5,4,3,4,4,4,3,4,4,4,20,12,9,12,15,16,16,12,1.8,12.2,12,0.5,61.0,60.223126070297106
I2495,U250,convenience_oriented,P004,library_04,synthetic,train,4,3,3,3,5,5,4,4,3,4,computer_lab,report_writing,mostly_solo,2_4h,morning,1,0,0,1,1,1,1,1,1,0,0,library,online_class,2,1_2h,late_night,weekday,6.2,rainy,indoor,sometimes,5,3,3,4,2,4,4,3,3,4,20,9,9,12,20,12,8,12,2.6,3.9,9,0.0,62.0,59.391416410367995
I2496,U250,convenience_oriented,P097,dorm_lounge_01,synthetic,train,4,3,3,3,5,5,4,4,3,4,computer_lab,report_writing,mostly_solo,2_4h,morning,1,0,0,1,1,1,1,1,1,0,0,dorm_lounge,team_project,5_plus,under_1h,morning,weekend,11.4,cloudy,indoor,sometimes,3,3,3,2,3,4,5,3,4,2,12,9,9,6,25,16,12,12,1.0,7.1,9,1.0,63.2,60.565662936794716
I2497,U250,convenience_oriented,P047,cafe_11,synthetic,train,4,3,3,3,5,5,4,4,3,4,computer_lab,report_writing,mostly_solo,2_4h,morning,1,0,0,1,1,1,1,1,1,0,0,cafe,deep_study,2,over_4h,evening,weekday,12.7,clear,indoor,sometimes,3,4,3,3,2,4,3,2,4,3,12,12,9,9,15,16,8,12,4.0,8.0,8,0.0,51.9,48.449743948725086
I2498,U250,convenience_oriented,P014,library_14,synthetic,train,4,3,3,3,5,5,4,4,3,4,computer_lab,report_writing,mostly_solo,2_4h,morning,1,0,0,1,1,1,1,1,1,0,0,library,online_class,solo,1_2h,afternoon,weekday,5.6,hot,indoor,first_time,5,4,5,4,3,4,4,3,4,4,20,12,15,12,20,16,12,12,2.6,3.5,9,0.5,66.9,65.08852833508882
I2499,U250,convenience_oriented,P108,dorm_lounge_12,synthetic,train,4,3,3,3,5,5,4,4,3,4,computer_lab,report_writing,mostly_solo,2_4h,morning,1,0,0,1,1,1,1,1,1,0,0,dorm_lounge,online_class,3_4,under_1h,afternoon,weekday,10.1,clear,indoor,sometimes,2,4,3,3,3,3,3,3,3,3,8,12,9,9,15,12,12,9,2.6,6.3,9,0.5,47.8,51.046631849740855
I2500,U250,convenience_oriented,P018,library_18,synthetic,train,4,3,3,3,5,5,4,4,3,4,computer_lab,report_writing,mostly_solo,2_4h,morning,1,0,0,1,1,1,1,1,1,0,0,library,report_writing,solo,under_1h,morning,weekday,9.3,clear,indoor,often,5,4,3,4,3,3,4,4,4,3,20,12,9,12,20,16,12,9,3.4,5.8,16,1.0,69.4,67.7240522444774
I2501,U251,quiet_deepwork,P028,study_room_10,synthetic,test,5,5,5,5,4,3,5,4,4,5,study_room,coding,mostly_solo,under_1h,afternoon,1,1,1,1,1,0,1,1,0,1,1,study_room,deep_study,solo,1_2h,evening,weekend,21.6,clear,indoor,rarely,4,4,3,3,4,4,5,4,4,3,20,20,15,15,20,20,16,16,5.0,8.1,20,0.5,70.6,73.66898059733994
I2502,U251,quiet_deepwork,P080,computer_lab_06,synthetic,test,5,5,5,5,4,3,5,4,4,5,study_room,coding,mostly_solo,under_1h,afternoon,1,1,1,1,1,0,1,1,0,1,1,computer_lab,deep_study,solo,1_2h,evening,weekday,5.4,hot,indoor,often,4,4,4,3,3,4,4,4,4,3,20,20,20,15,16,20,12,16,5.0,2.0,20,0.5,80.6,77.5889928912563
I2503,U251,quiet_deepwork,P024,study_room_06,synthetic,test,5,5,5,5,4,3,5,4,4,5,study_room,coding,mostly_solo,under_1h,afternoon,1,1,1,1,1,0,1,1,0,1,1,study_room,deep_study,2,over_4h,afternoon,weekend,8.1,clear,indoor,rarely,4,4,3,4,3,4,4,5,4,3,20,20,15,20,16,20,12,16,5.0,3.0,25,1.0,65.6,74.65052418679005
I2504,U251,quiet_deepwork,P022,study_room_04,synthetic,test,5,5,5,5,4,3,5,4,4,5,study_room,coding,mostly_solo,under_1h,afternoon,1,1,1,1,1,0,1,1,0,1,1,study_room,coding,solo,2_4h,early_morning,weekday,9.2,clear,indoor,sometimes,4,5,3,4,5,3,4,4,4,4,20,25,15,20,16,20,20,12,4.5,3.4,20,0.0,78.5,79.87595126745435
I2505,U251,quiet_deepwork,P067,classroom_05,synthetic,test,5,5,5,5,4,3,5,4,4,5,study_room,coding,mostly_solo,under_1h,afternoon,1,1,1,1,1,0,1,1,0,1,1,classroom,light_reading,solo,2_4h,evening,weekday,9.8,cloudy,indoor,first_time,3,4,3,3,3,2,3,3,3,3,15,20,15,15,12,15,12,8,2.3,3.7,9,0.5,66.9,59.82890735714977
I2506,U251,quiet_deepwork,P014,library_14,synthetic,test,5,5,5,5,4,3,5,4,4,5,study_room,coding,mostly_solo,under_1h,afternoon,1,1,1,1,1,0,1,1,0,1,1,library,deep_study,solo,1_2h,afternoon,weekday,8.0,clear,indoor,often,5,4,5,4,3,4,4,5,4,4,25,20,25,20,16,20,12,16,5.0,3.0,25,1.0,89.2,86.62827354286475
I2507,U251,quiet_deepwork,P010,library_10,synthetic,test,5,5,5,5,4,3,5,4,4,5,study_room,coding,mostly_solo,under_1h,afternoon,1,1,1,1,1,0,1,1,0,1,1,library,coding,2,1_2h,morning,weekday,10.4,rainy,indoor,sometimes,5,5,4,4,3,4,4,4,4,5,25,25,20,20,16,20,12,16,4.5,3.9,20,0.5,88.9,80.56004417037317
I2508,U251,quiet_deepwork,P020,study_room_02,synthetic,test,5,5,5,5,4,3,5,4,4,5,study_room,coding,mostly_solo,under_1h,afternoon,1,1,1,1,1,0,1,1,0,1,1,study_room,deep_study,solo,2_4h,evening,weekday,9.3,hot,indoor,often,4,4,4,5,3,4,4,5,4,4,20,20,20,25,16,20,12,16,5.0,3.5,25,0.5,100.0,81.50016321581343
I2509,U251,quiet_deepwork,P011,library_11,synthetic,test,5,5,5,5,4,3,5,4,4,5,study_room,coding,mostly_solo,under_1h,afternoon,1,1,1,1,1,0,1,1,0,1,1,library,deep_study,3_4,2_4h,evening,weekend,10.4,cloudy,indoor,sometimes,5,4,4,4,2,4,4,5,4,3,25,20,20,20,16,20,8,16,5.0,3.9,25,0.5,70.0,79.65710682030108
I2510,U251,quiet_deepwork,P081,computer_lab_07,synthetic,test,5,5,5,5,4,3,5,4,4,5,study_room,coding,mostly_solo,under_1h,afternoon,1,1,1,1,1,0,1,1,0,1,1,computer_lab,light_reading,solo,1_2h,morning,weekday,3.6,clear,indoor,sometimes,4,4,2,3,3,3,4,2,4,3,20,20,10,15,16,20,12,12,2.3,1.4,6,0.5,73.6,69.33279988060706
I2511,U252,quiet_deepwork,P014,library_14,synthetic,train,4,4,4,4,4,3,4,4,4,4,classroom,deep_study,mostly_solo,over_4h,early_morning,1,1,1,1,1,0,1,1,0,1,1,library,deep_study,solo,over_4h,morning,weekday,3.6,cold,indoor,sometimes,5,4,5,4,3,4,4,5,4,4,20,16,20,16,16,16,12,16,4.0,1.3,20,0.5,78.0,79.16478944752086
I2512,U252,quiet_deepwork,P007,library_07,synthetic,train,4,4,4,4,4,3,4,4,4,4,classroom,deep_study,mostly_solo,over_4h,early_morning,1,1,1,1,1,0,1,1,0,1,1,library,coding,solo,2_4h,morning,weekday,13.4,cloudy,indoor,sometimes,5,4,3,4,3,3,4,4,4,4,20,16,12,16,16,16,12,12,3.6,5.0,16,0.5,68.7,71.38940697029904
I2513,U252,quiet_deepwork,P015,library_15,synthetic,train,4,4,4,4,4,3,4,4,4,4,classroom,deep_study,mostly_solo,over_4h,early_morning,1,1,1,1,1,0,1,1,0,1,1,library,deep_study,solo,2_4h,early_morning,weekend,14.0,clear,indoor,first_time,4,4,4,5,2,4,3,5,4,4,16,16,16,20,12,16,8,16,4.0,5.2,20,1.0,68.5,72.02162641738963
I2514,U252,quiet_deepwork,P013,library_13,synthetic,train,4,4,4,4,4,3,4,4,4,4,classroom,deep_study,mostly_solo,over_4h,early_morning,1,1,1,1,1,0,1,1,0,1,1,library,deep_study,solo,2_4h,morning,weekday,3.5,clear,indoor,sometimes,5,4,4,4,3,3,5,5,4,4,20,16,16,16,20,16,12,12,4.0,1.3,20,0.5,80.9,78.4647001241989
I2515,U252,quiet_deepwork,P001,library_01,synthetic,train,4,4,4,4,4,3,4,4,4,4,classroom,deep_study,mostly_solo,over_4h,early_morning,1,1,1,1,1,0,1,1,0,1,1,library,deep_study,solo,2_4h,morning,weekend,8.5,hot,indoor,sometimes,5,4,4,5,2,3,4,5,4,4,20,16,16,20,16,16,8,12,4.0,3.2,20,0.5,77.5,74.76238520560361
I2516,U252,quiet_deepwork,P022,study_room_04,synthetic,train,4,4,4,4,4,3,4,4,4,4,classroom,deep_study,mostly_solo,over_4h,early_morning,1,1,1,1,1,0,1,1,0,1,1,study_room,deep_study,2,2_4h,evening,weekday,6.3,cloudy,indoor,sometimes,4,5,3,4,5,3,4,5,4,4,16,20,12,16,16,16,20,12,4.0,2.3,20,0.0,83.3,70.99879408901336
I2517,U252,quiet_deepwork,P086,coworking_space_02,synthetic,train,4,4,4,4,4,3,4,4,4,4,classroom,deep_study,mostly_solo,over_4h,early_morning,1,1,1,1,1,0,1,1,0,1,1,coworking_space,coding,solo,1_2h,early_morning,weekend,16.2,clear,indoor,often,3,4,4,4,5,3,4,5,4,4,12,16,16,16,16,16,20,12,3.6,6.1,20,1.0,67.9,71.95662446491325
I2518,U252,quiet_deepwork,P024,study_room_06,synthetic,train,4,4,4,4,4,3,4,4,4,4,classroom,deep_study,mostly_solo,over_4h,early_morning,1,1,1,1,1,0,1,1,0,1,1,study_room,deep_study,solo,2_4h,evening,weekend,10.1,clear,indoor,rarely,4,4,3,4,3,4,4,5,4,3,16,16,12,16,16,16,12,16,4.0,3.8,20,0.0,70.3,70.86191495155802
I2519,U252,quiet_deepwork,P094,coworking_space_10,synthetic,train,4,4,4,4,4,3,4,4,4,4,classroom,deep_study,mostly_solo,over_4h,early_morning,1,1,1,1,1,0,1,1,0,1,1,coworking_space,coding,solo,over_4h,early_morning,weekday,10.1,rainy,indoor,often,3,5,3,4,3,4,3,4,4,4,12,20,12,16,12,16,12,16,3.6,3.8,16,1.0,65.6,68.48678639872331
I2520,U252,quiet_deepwork,P075,computer_lab_01,synthetic,train,4,4,4,4,4,3,4,4,4,4,classroom,deep_study,mostly_solo,over_4h,early_morning,1,1,1,1,1,0,1,1,0,1,1,computer_lab,report_writing,solo,2_4h,afternoon,weekday,13.3,clear,indoor,sometimes,3,3,3,4,3,4,5,4,3,3,12,12,12,16,20,12,12,16,3.4,5.0,16,0.0,72.7,68.08065039680852
I2521,U253,convenience_oriented,P014,library_14,synthetic,train,4,5,3,3,4,4,4,4,3,3,home,online_class,mixed,1_2h,afternoon,1,0,0,1,1,1,1,1,1,0,0,library,light_reading,solo,2_4h,late_night,weekday,2.3,clear,indoor,often,5,4,5,4,3,4,4,5,4,4,20,20,15,12,16,16,12,12,1.4,1.2,15,0.0,62.5,74.81947922376843
I2522,U253,convenience_oriented,P074,classroom_12,synthetic,train,4,5,3,3,4,4,4,4,3,3,home,online_class,mixed,1_2h,afternoon,1,0,0,1,1,1,1,1,1,0,0,classroom,coding,2,over_4h,late_night,weekday,8.7,rainy,indoor,sometimes,3,4,3,3,2,3,3,4,3,3,12,20,9,9,12,12,8,9,2.7,4.4,12,0.0,53.9,52.98017032104027
I2523,U253,convenience_oriented,P007,library_07,synthetic,train,4,5,3,3,4,4,4,4,3,3,home,online_class,mixed,1_2h,afternoon,1,0,0,1,1,1,1,1,1,0,0,library,coding,2,2_4h,afternoon,weekday,11.1,rainy,indoor,rarely,5,4,3,4,3,3,4,4,4,4,20,20,9,12,16,16,12,9,2.7,5.5,12,1.0,58.3,61.74437680289682
I2524,U253,convenience_oriented,P016,library_16,synthetic,train,4,5,3,3,4,4,4,4,3,3,home,online_class,mixed,1_2h,afternoon,1,0,0,1,1,1,1,1,1,0,0,library,light_reading,3_4,1_2h,morning,weekday,8.5,clear,indoor,sometimes,5,4,3,5,3,4,3,4,4,4,20,20,9,15,12,16,12,12,1.4,4.3,12,0.5,61.9,66.54451895545878
I2525,U253,convenience_oriented,P021,study_room_03,synthetic,train,4,5,3,3,4,4,4,4,3,3,home,online_class,mixed,1_2h,afternoon,1,0,0,1,1,1,1,1,1,0,0,study_room,light_reading,solo,under_1h,afternoon,weekend,22.2,cloudy,indoor,rarely,5,4,4,4,3,4,4,3,4,2,20,20,12,12,16,16,12,12,1.4,11.1,9,1.0,49.8,60.75043845431448
I2526,U253,convenience_oriented,P106,dorm_lounge_10,synthetic,train,4,5,3,3,4,4,4,4,3,3,home,online_class,mixed,1_2h,afternoon,1,0,0,1,1,1,1,1,1,0,0,dorm_lounge,coding,solo,over_4h,afternoon,weekday,8.3,cold,indoor,rarely,3,3,2,3,3,4,3,3,3,3,12,15,6,9,12,12,12,12,2.7,4.2,9,1.0,45.8,53.020400122572376
I2527,U253,convenience_oriented,P084,computer_lab_10,synthetic,train,4,5,3,3,4,4,4,4,3,3,home,online_class,mixed,1_2h,afternoon,1,0,0,1,1,1,1,1,1,0,0,computer_lab,report_writing,solo,1_2h,morning,weekday,10.4,rainy,indoor,first_time,4,4,3,4,3,3,4,4,3,2,16,20,9,12,16,12,12,9,2.6,5.2,12,0.5,70.8,61.04031977075548
I2528,U253,convenience_oriented,P034,study_room_16,synthetic,train,4,5,3,3,4,4,4,4,3,3,home,online_class,mixed,1_2h,afternoon,1,0,0,1,1,1,1,1,1,0,0,study_room,light_reading,2,1_2h,evening,weekend,8.4,rainy,indoor,often,4,4,4,4,4,3,4,4,5,3,16,20,12,12,16,20,16,9,1.4,4.2,12,0.5,71.8,65.03978132973252
I2529,U253,convenience_oriented,P046,cafe_10,synthetic,train,4,5,3,3,4,4,4,4,3,3,home,online_class,mixed,1_2h,afternoon,1,0,0,1,1,1,1,1,1,0,0,cafe,online_class,3_4,1_2h,afternoon,weekday,11.8,clear,indoor,sometimes,3,4,2,3,2,4,3,3,3,3,12,20,6,9,12,12,8,12,2.0,5.9,9,1.0,58.0,53.37481729593078
I2530,U253,convenience_oriented,P078,computer_lab_04,synthetic,train,4,5,3,3,4,4,4,4,3,3,home,online_class,mixed,1_2h,afternoon,1,0,0,1,1,1,1,1,1,0,0,computer_lab,online_class,solo,2_4h,late_night,weekday,5.0,clear,indoor,sometimes,4,4,4,4,3,3,5,4,4,3,16,20,12,12,20,16,12,9,2.0,2.5,12,0.0,70.1,68.57904724784304
I2531,U254,quiet_deepwork,P050,cafe_14,synthetic,train,4,4,5,5,4,3,3,4,4,4,library,report_writing,mostly_solo,2_4h,late_night,1,1,1,0,1,0,1,1,0,1,1,cafe,report_writing,2,2_4h,afternoon,weekday,14.6,rainy,indoor,sometimes,3,5,2,3,2,4,3,3,4,3,12,20,10,15,12,12,8,16,3.4,5.5,12,0.0,53.5,57.397390419885404
I2532,U254,quiet_deepwork,P059,home_05,synthetic,train,4,4,5,5,4,3,3,4,4,4,library,report_writing,mostly_solo,2_4h,late_night,1,1,1,0,1,0,1,1,0,1,1,home,coding,solo,1_2h,afternoon,weekday,17.8,cloudy,indoor,often,4,5,5,4,5,4,4,4,5,5,16,20,25,20,16,15,20,16,3.6,6.7,16,0.0,76.0,76.52616151005805
I2533,U254,quiet_deepwork,P057,home_03,synthetic,train,4,4,5,5,4,3,3,4,4,4,library,report_writing,mostly_solo,2_4h,late_night,1,1,1,0,1,0,1,1,0,1,1,home,meeting,2,over_4h,afternoon,weekend,7.2,cloudy,indoor,sometimes,3,4,4,4,5,4,5,3,5,4,12,16,20,20,20,15,20,16,0.8,2.7,9,0.0,68.3,73.19815136007406
I2534,U254,quiet_deepwork,P002,library_02,synthetic,train,4,4,5,5,4,3,3,4,4,4,library,report_writing,mostly_solo,2_4h,late_night,1,1,1,0,1,0,1,1,0,1,1,library,report_writing,solo,over_4h,afternoon,weekday,6.8,clear,indoor,first_time,5,5,4,4,2,3,4,5,4,4,20,20,20,20,16,12,8,12,3.4,2.6,20,0.0,71.1,73.85099404685428
I2535,U254,quiet_deepwork,P036,study_room_18,synthetic,train,4,4,5,5,4,3,3,4,4,4,library,report_writing,mostly_solo,2_4h,late_night,1,1,1,0,1,0,1,1,0,1,1,study_room,report_writing,2,over_4h,evening,weekday,9.7,hot,indoor,often,5,4,4,4,4,4,5,5,4,4,20,16,20,20,20,12,16,16,3.4,3.6,20,0.5,89.1,75.15619867888233
I2536,U254,quiet_deepwork,P050,cafe_14,synthetic,train,4,4,5,5,4,3,3,4,4,4,library,report_writing,mostly_solo,2_4h,late_night,1,1,1,0,1,0,1,1,0,1,1,cafe,deep_study,solo,under_1h,late_night,weekend,17.8,clear,indoor,first_time,3,5,2,3,2,4,3,3,4,3,12,20,10,15,12,12,8,16,4.0,6.7,12,1.0,47.9,58.4175802077071
I2537,U254,quiet_deepwork,P070,classroom_08,synthetic,train,4,4,5,5,4,3,3,4,4,4,library,report_writing,mostly_solo,2_4h,late_night,1,1,1,0,1,0,1,1,0,1,1,classroom,deep_study,3_4,over_4h,afternoon,weekday,12.3,cold,indoor,sometimes,3,4,3,2,3,2,3,3,2,3,12,16,15,10,12,6,12,8,4.0,4.6,12,0.0,62.3,54.240956605835954
I2538,U254,quiet_deepwork,P055,home_01,synthetic,train,4,4,5,5,4,3,3,4,4,4,library,report_writing,mostly_solo,2_4h,late_night,1,1,1,0,1,0,1,1,0,1,1,home,deep_study,solo,2_4h,late_night,weekend,14.2,cold,indoor,rarely,4,3,5,4,4,5,5,4,4,5,16,12,25,20,20,12,16,20,4.0,5.3,16,1.0,69.2,75.06915515227982
I2539,U254,quiet_deepwork,P013,library_13,synthetic,train,4,4,5,5,4,3,3,4,4,4,library,report_writing,mostly_solo,2_4h,late_night,1,1,1,0,1,0,1,1,0,1,1,library,light_reading,3_4,1_2h,early_morning,weekday,1.0,cloudy,indoor,often,5,4,4,4,3,3,5,4,4,4,20,16,20,20,20,12,12,12,1.8,0.4,12,0.0,75.8,73.8920346283878
I2540,U254,quiet_deepwork,P060,home_06,synthetic,train,4,4,5,5,4,3,3,4,4,4,library,report_writing,mostly_solo,2_4h,late_night,1,1,1,0,1,0,1,1,0,1,1,home,online_class,solo,over_4h,afternoon,weekday,15.6,clear,indoor,often,4,3,5,5,4,5,5,5,4,5,16,12,25,25,20,12,16,20,2.6,5.8,15,0.0,75.4,78.97313476021255
I2541,U255,social_collaborative,P008,library_08,synthetic,valid,3,3,3,3,4,3,2,3,4,3,study_room,meeting,mostly_group,2_4h,afternoon,0,0,0,0,1,0,0,1,0,1,0,library,deep_study,solo,1_2h,afternoon,weekday,11.8,clear,indoor,first_time,5,5,4,4,2,3,4,4,4,4,15,15,12,12,16,8,6,12,3.0,4.4,12,1.0,59.9,57.73210727215315
I2542,U255,social_collaborative,P087,coworking_space_03,synthetic,valid,3,3,3,3,4,3,2,3,4,3,study_room,meeting,mostly_group,2_4h,afternoon,0,0,0,0,1,0,0,1,0,1,0,coworking_space,team_project,3_4,2_4h,morning,weekday,18.1,clear,indoor,sometimes,4,4,3,2,5,4,4,4,4,4,12,12,9,6,16,8,15,16,0.8,6.8,12,0.5,64.8,60.906640834003795
I2543,U255,social_collaborative,P058,home_04,synthetic,valid,3,3,3,3,4,3,2,3,4,3,study_room,meeting,mostly_group,2_4h,afternoon,0,0,0,0,1,0,0,1,0,1,0,home,online_class,solo,2_4h,afternoon,weekday,17.4,clear,indoor,rarely,4,3,4,3,4,5,4,4,4,4,12,9,12,9,16,8,12,20,2.0,6.5,12,1.0,64.0,61.07880584947617
I2544,U255,social_collaborative,P032,study_room_14,synthetic,valid,3,3,3,3,4,3,2,3,4,3,study_room,meeting,mostly_group,2_4h,afternoon,0,0,0,0,1,0,0,1,0,1,0,study_room,team_project,2,1_2h,morning,weekend,23.6,clear,indoor,rarely,4,4,4,4,4,3,4,4,4,4,12,12,12,12,16,8,12,12,0.8,8.8,12,0.5,45.7,58.09592583376228
I2545,U255,social_collaborative,P078,computer_lab_04,synthetic,valid,3,3,3,3,4,3,2,3,4,3,study_room,meeting,mostly_group,2_4h,afternoon,0,0,0,0,1,0,0,1,0,1,0,computer_lab,deep_study,solo,1_2h,evening,weekday,10.6,cold,indoor,often,4,4,4,4,3,3,5,4,4,3,12,12,12,12,20,8,9,12,3.0,4.0,12,0.5,59.6,59.81960737291902
I2546,U255,social_collaborative,P066,classroom_04,synthetic,valid,3,3,3,3,4,3,2,3,4,3,study_room,meeting,mostly_group,2_4h,afternoon,0,0,0,0,1,0,0,1,0,1,0,classroom,light_reading,solo,under_1h,evening,weekday,13.4,clear,indoor,sometimes,3,4,4,3,3,3,4,2,3,4,9,12,12,9,16,6,9,12,1.4,5.0,6,0.5,50.6,52.779945148582414
I2547,U255,social_collaborative,P113,outdoor_05,synthetic,valid,3,3,3,3,4,3,2,3,4,3,study_room,meeting,mostly_group,2_4h,afternoon,0,0,0,0,1,0,0,1,0,1,0,outdoor,online_class,3_4,under_1h,afternoon,weekday,12.9,clear,outdoor,sometimes,3,3,4,2,2,3,2,1,3,3,9,9,12,6,8,6,6,12,2.0,4.9,3,1.0,45.3,43.76677742578156
I2548,U255,social_collaborative,P014,library_14,synthetic,valid,3,3,3,3,4,3,2,3,4,3,study_room,meeting,mostly_group,2_4h,afternoon,0,0,0,0,1,0,0,1,0,1,0,library,deep_study,solo,over_4h,evening,weekday,3.2,clear,indoor,rarely,5,4,5,4,3,4,4,4,4,4,15,12,15,12,16,8,9,16,3.0,1.2,12,0.5,75.9,63.65464318395259
I2549,U255,social_collaborative,P089,coworking_space_05,synthetic,valid,3,3,3,3,4,3,2,3,4,3,study_room,meeting,mostly_group,2_4h,afternoon,0,0,0,0,1,0,0,1,0,1,0,coworking_space,team_project,2,2_4h,afternoon,weekday,15.2,clear,indoor,sometimes,3,5,4,3,4,4,5,5,4,3,9,15,12,9,20,8,12,16,0.8,5.7,15,1.0,61.2,61.25773207176876
I2550,U255,social_collaborative,P021,study_room_03,synthetic,valid,3,3,3,3,4,3,2,3,4,3,study_room,meeting,mostly_group,2_4h,afternoon,0,0,0,0,1,0,0,1,0,1,0,study_room,team_project,5_plus,2_4h,evening,weekday,19.9,rainy,indoor,rarely,5,4,4,4,3,4,4,4,4,2,15,12,12,12,16,8,9,16,0.8,7.5,12,0.5,56.9,59.70189244353899
I2551,U256,quiet_deepwork,P003,library_03,synthetic,train,4,4,5,4,5,3,5,4,5,3,study_room,coding,mixed,2_4h,afternoon,1,1,1,1,1,0,1,1,0,1,1,library,online_class,solo,under_1h,morning,weekend,1.0,clear,indoor,first_time,5,3,4,5,3,3,4,3,4,4,20,12,20,20,20,20,12,15,2.0,0.4,9,0.5,74.4,75.39209259306145
I2552,U256,quiet_deepwork,P062,home_08,synthetic,train,4,4,5,4,5,3,5,4,5,3,study_room,coding,mixed,2_4h,afternoon,1,1,1,1,1,0,1,1,0,1,1,home,report_writing,2,2_4h,afternoon,weekday,11.4,cloudy,indoor,often,4,3,4,4,4,5,5,4,4,5,16,12,20,16,25,20,16,25,2.6,4.3,12,1.0,80.5,76.43171187410185
I2553,U256,quiet_deepwork,P012,library_12,synthetic,train,4,4,5,4,5,3,5,4,5,3,study_room,coding,mixed,2_4h,afternoon,1,1,1,1,1,0,1,1,0,1,1,library,report_writing,solo,over_4h,afternoon,weekday,2.5,clear,indoor,often,5,4,4,4,3,3,3,5,5,4,20,16,20,16,15,25,12,15,2.6,0.9,15,1.0,87.5,80.62342365289975
I2554,U256,quiet_deepwork,P112,outdoor_04,synthetic,train,4,4,5,4,5,3,5,4,5,3,study_room,coding,mixed,2_4h,afternoon,1,1,1,1,1,0,1,1,0,1,1,outdoor,deep_study,solo,over_4h,evening,weekday,10.9,hot,outdoor,sometimes,3,4,3,3,2,3,1,3,3,2,12,16,15,12,5,15,8,15,3.0,4.1,9,0.5,43.4,54.55630934262238
I2555,U256,quiet_deepwork,P001,library_01,synthetic,train,4,4,5,4,5,3,5,4,5,3,study_room,coding,mixed,2_4h,afternoon,1,1,1,1,1,0,1,1,0,1,1,library,coding,solo,2_4h,evening,weekend,10.0,clear,indoor,rarely,5,4,4,5,2,3,4,5,4,4,20,16,20,20,20,20,8,15,2.7,3.8,15,0.5,79.7,75.16500977882534
I2556,U256,quiet_deepwork,P035,study_room_17,synthetic,train,4,4,5,4,5,3,5,4,5,3,study_room,coding,mixed,2_4h,afternoon,1,1,1,1,1,0,1,1,0,1,1,study_room,coding,solo,1_2h,morning,weekend,4.3,clear,indoor,first_time,4,4,4,4,3,4,5,4,4,3,16,16,20,16,25,20,12,20,2.7,1.6,12,0.5,82.2,74.93526081329642
I2557,U256,quiet_deepwork,P009,library_09,synthetic,train,4,4,5,4,5,3,5,4,5,3,study_room,coding,mixed,2_4h,afternoon,1,1,1,1,1,0,1,1,0,1,1,library,team_project,5_plus,under_1h,afternoon,weekend,9.0,cold,indoor,sometimes,4,4,3,4,2,4,4,2,4,4,16,16,15,16,20,20,8,20,0.8,3.4,6,1.0,67.1,72.95784581624062
I2558,U256,quiet_deepwork,P117,outdoor_09,synthetic,train,4,4,5,4,5,3,5,4,5,3,study_room,coding,mixed,2_4h,afternoon,1,1,1,1,1,0,1,1,0,1,1,outdoor,deep_study,solo,1_2h,late_night,weekday,13.3,cold,outdoor,sometimes,2,5,3,3,2,3,1,2,3,3,8,20,15,12,5,15,8,15,3.0,5.0,6,0.0,51.6,52.38203103477748
I2559,U256,quiet_deepwork,P036,study_room_18,synthetic,train,4,4,5,4,5,3,5,4,5,3,study_room,coding,mixed,2_4h,afternoon,1,1,1,1,1,0,1,1,0,1,1,study_room,light_reading,solo,under_1h,morning,weekend,15.5,clear,indoor,rarely,5,4,4,4,4,4,5,3,4,4,20,16,20,16,25,20,16,20,1.4,5.8,9,0.5,74.4,75.81020555596997
I2560,U256,quiet_deepwork,P059,home_05,synthetic,train,4,4,5,4,5,3,5,4,5,3,study_room,coding,mixed,2_4h,afternoon,1,1,1,1,1,0,1,1,0,1,1,home,light_reading,5_plus,2_4h,afternoon,weekday,12.1,clear,indoor,first_time,4,5,5,4,5,4,4,5,5,5,16,20,25,16,20,25,20,20,1.4,4.5,15,1.0,78.2,78.6185978013479
I2561,U257,quiet_deepwork,P081,computer_lab_07,synthetic,train,5,5,5,4,4,3,5,4,4,5,home,deep_study,mostly_solo,1_2h,afternoon,1,1,1,1,1,0,1,1,0,1,1,computer_lab,light_reading,3_4,2_4h,evening,weekend,7.0,rainy,indoor,first_time,4,4,2,3,3,3,4,3,4,3,20,20,10,12,16,20,12,12,2.3,2.6,9,0.5,56.4,65.57854827104458
I2562,U257,quiet_deepwork,P034,study_room_16,synthetic,train,5,5,5,4,4,3,5,4,4,5,home,deep_study,mostly_solo,1_2h,afternoon,1,1,1,1,1,0,1,1,0,1,1,study_room,report_writing,solo,over_4h,afternoon,weekend,10.3,hot,indoor,often,4,4,4,4,4,3,4,4,5,3,20,20,20,16,16,25,16,12,4.3,3.8,20,1.0,85.4,79.50887289405856
I2563,U257,quiet_deepwork,P019,study_room_01,synthetic,train,5,5,5,4,4,3,5,4,4,5,home,deep_study,mostly_solo,1_2h,afternoon,1,1,1,1,1,0,1,1,0,1,1,study_room,deep_study,3_4,2_4h,evening,weekday,13.3,cloudy,indoor,sometimes,4,3,4,4,3,4,4,5,4,4,20,15,20,16,16,20,12,16,5.0,5.0,25,0.5,73.5,75.74053286238265
I2564,U257,quiet_deepwork,P056,home_02,synthetic,train,5,5,5,4,4,3,5,4,4,5,home,deep_study,mostly_solo,1_2h,afternoon,1,1,1,1,1,0,1,1,0,1,1,home,coding,solo,1_2h,morning,weekday,12.0,hot,indoor,often,4,3,5,4,5,4,5,3,5,5,20,15,25,16,20,25,20,16,4.5,4.5,15,0.5,73.9,80.93937690125827
I2565,U257,quiet_deepwork,P055,home_01,synthetic,train,5,5,5,4,4,3,5,4,4,5,home,deep_study,mostly_solo,1_2h,afternoon,1,1,1,1,1,0,1,1,0,1,1,home,report_writing,solo,1_2h,evening,weekday,13.3,cloudy,indoor,sometimes,4,3,5,4,4,5,5,4,4,5,20,15,25,16,20,20,16,20,4.3,5.0,20,0.5,81.8,81.77958066338905
I2566,U257,quiet_deepwork,P022,study_room_04,synthetic,train,5,5,5,4,4,3,5,4,4,5,home,deep_study,mostly_solo,1_2h,afternoon,1,1,1,1,1,0,1,1,0,1,1,study_room,online_class,solo,1_2h,afternoon,weekday,16.5,rainy,indoor,often,4,5,3,4,5,3,4,4,4,4,20,25,15,16,16,20,20,12,3.3,6.2,12,1.0,79.0,76.95450144070314
I2567,U257,quiet_deepwork,P025,study_room_07,synthetic,train,5,5,5,4,4,3,5,4,4,5,home,deep_study,mostly_solo,1_2h,afternoon,1,1,1,1,1,0,1,1,0,1,1,study_room,deep_study,solo,2_4h,late_night,weekday,6.3,cold,indoor,often,4,4,3,4,4,4,4,5,4,3,20,20,15,16,16,20,16,16,5.0,2.4,25,0.0,72.8,79.9977313351487
I2568,U257,quiet_deepwork,P020,study_room_02,synthetic,train,5,5,5,4,4,3,5,4,4,5,home,deep_study,mostly_solo,1_2h,afternoon,1,1,1,1,1,0,1,1,0,1,1,study_room,online_class,solo,1_2h,evening,weekday,6.7,clear,indoor,sometimes,4,4,4,5,3,4,4,4,4,4,20,20,20,20,16,20,12,16,3.3,2.5,12,0.5,73.3,78.43022620751127
I2569,U257,quiet_deepwork,P062,home_08,synthetic,train,5,5,5,4,4,3,5,4,4,5,home,deep_study,mostly_solo,1_2h,afternoon,1,1,1,1,1,0,1,1,0,1,1,home,coding,solo,1_2h,evening,weekend,6.8,hot,indoor,first_time,4,3,4,4,4,5,5,5,4,5,20,15,20,16,20,20,16,20,4.5,2.5,25,0.5,78.3,80.01702258610692
I2570,U257,quiet_deepwork,P033,study_room_15,synthetic,train,5,5,5,4,4,3,5,4,4,5,home,deep_study,mostly_solo,1_2h,afternoon,1,1,1,1,1,0,1,1,0,1,1,study_room,team_project,2,1_2h,afternoon,weekday,5.3,cloudy,indoor,often,5,3,4,3,4,4,4,5,5,4,25,15,20,12,16,25,16,16,1.3,2.0,15,1.0,79.1,83.28435970226819
I2571,U258,convenience_oriented,P052,cafe_16,synthetic,train,3,3,4,2,4,5,4,3,3,4,cafe,deep_study,mostly_solo,over_4h,morning,0,1,0,1,1,1,0,1,1,0,0,cafe,light_reading,solo,under_1h,morning,weekend,13.7,hot,indoor,sometimes,3,5,3,2,2,3,3,4,4,3,9,15,12,4,12,16,6,9,1.8,8.6,12,1.0,39.6,49.72181675574015
I2572,U258,convenience_oriented,P083,computer_lab_09,synthetic,train,3,3,4,2,4,5,4,3,3,4,cafe,deep_study,mostly_solo,over_4h,morning,0,1,0,1,1,1,0,1,1,0,0,computer_lab,coding,solo,over_4h,afternoon,weekday,1.0,clear,indoor,rarely,4,4,3,3,4,3,5,4,4,3,12,12,12,6,20,16,12,9,3.6,0.6,16,0.5,68.0,62.623304815370346
I2573,U258,convenience_oriented,P015,library_15,synthetic,train,3,3,4,2,4,5,4,3,3,4,cafe,deep_study,mostly_solo,over_4h,morning,0,1,0,1,1,1,0,1,1,0,0,library,coding,solo,2_4h,afternoon,weekday,14.9,clear,indoor,rarely,4,4,4,5,2,4,3,5,4,4,12,12,16,10,12,16,6,12,3.6,9.3,20,0.5,62.7,57.98896334042797
I2574,U258,convenience_oriented,P111,outdoor_03,synthetic,train,3,3,4,2,4,5,4,3,3,4,cafe,deep_study,mostly_solo,over_4h,morning,0,1,0,1,1,1,0,1,1,0,0,outdoor,online_class,solo,under_1h,evening,weekday,11.0,cloudy,outdoor,often,3,5,3,4,2,2,1,2,2,3,9,15,12,8,4,8,6,6,2.6,6.9,6,0.0,45.2,41.00708502240043
I2575,U258,convenience_oriented,P046,cafe_10,synthetic,train,3,3,4,2,4,5,4,3,3,4,cafe,deep_study,mostly_solo,over_4h,morning,0,1,0,1,1,1,0,1,1,0,0,cafe,online_class,solo,1_2h,late_night,weekend,5.7,rainy,indoor,often,3,4,2,3,2,4,3,3,3,3,9,12,8,6,12,12,6,12,2.6,3.6,9,0.0,36.1,51.04582314563666
I2576,U258,convenience_oriented,P046,cafe_10,synthetic,train,3,3,4,2,4,5,4,3,3,4,cafe,deep_study,mostly_solo,over_4h,morning,0,1,0,1,1,1,0,1,1,0,0,cafe,coding,solo,2_4h,afternoon,weekday,5.7,clear,indoor,sometimes,3,4,2,3,2,4,3,3,3,3,9,12,8,6,12,12,6,12,3.6,3.6,12,0.5,52.0,51.58774240448406
I2577,U258,convenience_oriented,P076,computer_lab_02,synthetic,train,3,3,4,2,4,5,4,3,3,4,cafe,deep_study,mostly_solo,over_4h,morning,0,1,0,1,1,1,0,1,1,0,0,computer_lab,coding,solo,2_4h,morning,weekend,14.1,cloudy,indoor,rarely,3,5,3,4,4,3,4,5,3,4,9,15,12,8,16,12,12,9,3.6,8.8,20,1.0,46.0,55.87745528666741
I2578,U258,convenience_oriented,P090,coworking_space_06,synthetic,train,3,3,4,2,4,5,4,3,3,4,cafe,deep_study,mostly_solo,over_4h,morning,0,1,0,1,1,1,0,1,1,0,0,coworking_space,online_class,solo,under_1h,late_night,weekend,8.3,rainy,indoor,rarely,3,4,3,4,4,4,4,4,4,3,9,12,12,8,16,16,12,12,2.6,5.2,12,0.0,59.3,55.513570969557534
I2579,U258,convenience_oriented,P001,library_01,synthetic,train,3,3,4,2,4,5,4,3,3,4,cafe,deep_study,mostly_solo,over_4h,morning,0,1,0,1,1,1,0,1,1,0,0,library,team_project,5_plus,over_4h,late_night,weekday,10.3,hot,indoor,rarely,5,4,4,5,2,3,4,3,4,4,15,12,16,10,16,16,6,9,1.0,6.5,9,0.0,64.3,57.20871237745168
I2580,U258,convenience_oriented,P111,outdoor_03,synthetic,train,3,3,4,2,4,5,4,3,3,4,cafe,deep_study,mostly_solo,over_4h,morning,0,1,0,1,1,1,0,1,1,0,0,outdoor,deep_study,solo,over_4h,morning,weekend,14.5,rainy,outdoor,often,3,5,3,4,2,2,1,2,2,3,9,15,12,8,4,8,6,6,4.0,9.1,8,1.0,34.6,40.18338211043508
I2581,U259,comfort_oriented,P050,cafe_14,synthetic,train,4,5,4,5,4,3,4,5,5,4,outdoor,online_class,mostly_solo,over_4h,afternoon,1,1,1,1,1,0,1,1,0,1,1,cafe,light_reading,solo,2_4h,afternoon,weekend,13.4,cloudy,indoor,sometimes,3,5,2,3,2,4,3,4,4,3,12,25,8,15,12,16,10,20,1.8,5.0,12,1.0,70.3,67.84965152280782
I2582,U259,comfort_oriented,P055,home_01,synthetic,train,4,5,4,5,4,3,4,5,5,4,outdoor,online_class,mostly_solo,over_4h,afternoon,1,1,1,1,1,0,1,1,0,1,1,home,report_writing,solo,1_2h,afternoon,weekday,11.7,rainy,indoor,sometimes,4,3,5,4,4,5,5,5,4,5,16,15,20,20,20,16,20,25,3.4,4.4,20,1.0,85.5,84.38870709772921
I2583,U259,comfort_oriented,P035,study_room_17,synthetic,train,4,5,4,5,4,3,4,5,5,4,outdoor,online_class,mostly_solo,over_4h,afternoon,1,1,1,1,1,0,1,1,0,1,1,study_room,light_reading,solo,1_2h,evening,weekend,7.0,cold,indoor,sometimes,4,4,4,4,3,4,5,4,4,3,16,20,16,20,20,16,15,20,1.8,2.6,12,0.5,78.1,77.36435786578552
I2584,U259,comfort_oriented,P117,outdoor_09,synthetic,train,4,5,4,5,4,3,4,5,5,4,outdoor,online_class,mostly_solo,over_4h,afternoon,1,1,1,1,1,0,1,1,0,1,1,outdoor,online_class,solo,1_2h,morning,weekend,15.8,hot,outdoor,rarely,2,5,3,3,2,3,1,2,3,3,8,25,12,15,4,12,10,15,2.6,5.9,6,0.5,47.7,54.992244506731936
I2585,U259,comfort_oriented,P079,computer_lab_05,synthetic,train,4,5,4,5,4,3,4,5,5,4,outdoor,online_class,mostly_solo,over_4h,afternoon,1,1,1,1,1,0,1,1,0,1,1,computer_lab,coding,solo,over_4h,evening,weekday,8.8,rainy,indoor,sometimes,4,4,3,3,3,4,5,5,4,3,16,20,12,15,20,16,15,20,3.6,3.3,20,0.5,75.6,77.62831247202338
I2586,U259,comfort_oriented,P031,study_room_13,synthetic,train,4,5,4,5,4,3,4,5,5,4,outdoor,online_class,mostly_solo,over_4h,afternoon,1,1,1,1,1,0,1,1,0,1,1,study_room,online_class,solo,1_2h,morning,weekday,1.0,clear,indoor,sometimes,5,4,4,4,4,4,4,3,5,4,20,20,16,20,16,20,20,20,2.6,0.4,9,0.5,81.6,83.00495477469508
I2587,U259,comfort_oriented,P083,computer_lab_09,synthetic,train,4,5,4,5,4,3,4,5,5,4,outdoor,online_class,mostly_solo,over_4h,afternoon,1,1,1,1,1,0,1,1,0,1,1,computer_lab,report_writing,solo,2_4h,afternoon,weekday,1.0,clear,indoor,sometimes,4,4,3,3,4,3,5,3,4,3,16,20,12,15,20,16,20,15,3.4,0.4,12,1.0,83.5,77.06006290675711
I2588,U259,comfort_oriented,P034,study_room_16,synthetic,train,4,5,4,5,4,3,4,5,5,4,outdoor,online_class,mostly_solo,over_4h,afternoon,1,1,1,1,1,0,1,1,0,1,1,study_room,deep_study,solo,1_2h,afternoon,weekday,15.5,clear,indoor,often,4,4,4,4,4,3,4,5,5,3,16,20,16,20,16,20,20,15,4.0,5.8,20,1.0,76.9,79.87548209429352
I2589,U259,comfort_oriented,P044,cafe_08,synthetic,train,4,5,4,5,4,3,4,5,5,4,outdoor,online_class,mostly_solo,over_4h,afternoon,1,1,1,1,1,0,1,1,0,1,1,cafe,report_writing,solo,2_4h,afternoon,weekend,15.9,cloudy,indoor,sometimes,3,4,3,4,2,4,3,4,4,2,12,20,12,20,12,16,10,20,3.4,5.9,16,1.0,75.0,69.51066837151808
I2590,U259,comfort_oriented,P105,dorm_lounge_09,synthetic,train,4,5,4,5,4,3,4,5,5,4,outdoor,online_class,mostly_solo,over_4h,afternoon,1,1,1,1,1,0,1,1,0,1,1,dorm_lounge,report_writing,solo,over_4h,evening,weekday,9.3,cold,indoor,first_time,3,3,3,2,3,3,4,4,4,3,12,15,12,10,16,16,15,15,3.4,3.5,16,0.5,52.9,64.68587800615347
I2591,U260,convenience_oriented,P020,study_room_02,synthetic,train,3,3,3,2,4,5,3,4,4,4,dorm_lounge,online_class,mostly_solo,1_2h,morning,0,0,0,0,1,1,0,1,1,1,0,study_room,report_writing,solo,2_4h,afternoon,weekday,14.3,cloudy,indoor,sometimes,4,4,4,5,3,4,4,5,4,4,12,12,12,10,16,12,12,16,3.4,8.9,20,0.5,52.7,61.01480798865853
I2592,U260,convenience_oriented,P115,outdoor_07,synthetic,train,3,3,3,2,4,5,3,4,4,4,dorm_lounge,online_class,mostly_solo,1_2h,morning,0,0,0,0,1,1,0,1,1,1,0,outdoor,online_class,solo,1_2h,afternoon,weekend,11.6,clear,outdoor,often,3,4,3,3,1,3,1,1,2,3,9,12,9,6,4,6,4,12,2.6,7.2,3,0.5,38.9,40.51706904245728
I2593,U260,convenience_oriented,P019,study_room_01,synthetic,train,3,3,3,2,4,5,3,4,4,4,dorm_lounge,online_class,mostly_solo,1_2h,morning,0,0,0,0,1,1,0,1,1,1,0,study_room,online_class,solo,1_2h,evening,weekend,8.4,cold,indoor,often,4,3,4,4,3,4,4,3,4,4,12,9,12,8,16,12,12,16,2.6,5.3,9,0.0,55.0,59.47256244088764
I2594,U260,convenience_oriented,P026,study_room_08,synthetic,train,3,3,3,2,4,5,3,4,4,4,dorm_lounge,online_class,mostly_solo,1_2h,morning,0,0,0,0,1,1,0,1,1,1,0,study_room,team_project,3_4,1_2h,morning,weekday,21.9,clear,indoor,often,4,5,4,4,5,4,4,4,4,3,12,15,12,8,16,12,20,16,1.0,13.7,12,1.0,58.5,60.24515272890794
I2595,U260,convenience_oriented,P036,study_room_18,synthetic,train,3,3,3,2,4,5,3,4,4,4,dorm_lounge,online_class,mostly_solo,1_2h,morning,0,0,0,0,1,1,0,1,1,1,0,study_room,team_project,3_4,2_4h,morning,weekday,13.3,cold,indoor,rarely,5,4,4,4,4,4,5,5,4,4,15,12,12,8,20,12,16,16,1.0,8.3,15,1.0,77.1,65.08991198168695
I2596,U260,convenience_oriented,P077,computer_lab_03,synthetic,train,3,3,3,2,4,5,3,4,4,4,dorm_lounge,online_class,mostly_solo,1_2h,morning,0,0,0,0,1,1,0,1,1,1,0,computer_lab,coding,solo,2_4h,morning,weekday,20.3,clear,indoor,sometimes,4,3,3,3,2,3,4,5,4,4,12,9,9,6,16,12,8,12,3.6,12.7,20,1.0,48.6,55.67251864717235
I2597,U260,convenience_oriented,P107,dorm_lounge_11,synthetic,train,3,3,3,2,4,5,3,4,4,4,dorm_lounge,online_class,mostly_solo,1_2h,morning,0,0,0,0,1,1,0,1,1,1,0,dorm_lounge,coding,solo,2_4h,afternoon,weekday,24.4,hot,indoor,first_time,3,4,3,3,3,4,3,3,3,3,9,12,9,6,12,9,12,16,3.6,15.3,12,0.5,47.3,42.672860871192555
I2598,U260,convenience_oriented,P010,library_10,synthetic,train,3,3,3,2,4,5,3,4,4,4,dorm_lounge,online_class,mostly_solo,1_2h,morning,0,0,0,0,1,1,0,1,1,1,0,library,coding,solo,1_2h,evening,weekday,3.1,clear,indoor,sometimes,5,5,4,4,3,4,4,3,4,5,15,15,12,8,16,12,12,16,3.6,1.9,12,0.0,58.6,64.0239309421704
I2599,U260,convenience_oriented,P115,outdoor_07,synthetic,train,3,3,3,2,4,5,3,4,4,4,dorm_lounge,online_class,mostly_solo,1_2h,morning,0,0,0,0,1,1,0,1,1,1,0,outdoor,online_class,solo,under_1h,afternoon,weekday,18.9,clear,outdoor,often,3,4,3,3,1,3,1,2,2,3,9,12,9,6,4,6,4,12,2.6,11.8,6,0.5,47.2,38.924896228962616
I2600,U260,convenience_oriented,P035,study_room_17,synthetic,train,3,3,3,2,4,5,3,4,4,4,dorm_lounge,online_class,mostly_solo,1_2h,morning,0,0,0,0,1,1,0,1,1,1,0,study_room,report_writing,solo,over_4h,morning,weekday,3.4,clear,indoor,sometimes,4,4,4,4,3,4,5,5,4,3,12,12,12,8,20,12,12,16,3.4,2.1,20,1.0,50.2,67.73819731865504
I2601,U261,comfort_oriented,P070,classroom_08,synthetic,train,4,3,3,4,3,4,5,5,5,3,library,report_writing,mixed,over_4h,evening,1,0,1,1,0,1,1,0,1,1,1,classroom,report_writing,solo,over_4h,evening,weekday,10.6,hot,indoor,sometimes,3,4,3,2,3,2,3,3,2,3,12,12,9,8,9,10,15,10,2.6,5.3,9,1.0,54.1,52.351536824797115
I2602,U261,comfort_oriented,P100,dorm_lounge_04,synthetic,train,4,3,3,4,3,4,5,5,5,3,library,report_writing,mixed,over_4h,evening,1,0,1,1,0,1,1,0,1,1,1,dorm_lounge,team_project,3_4,2_4h,afternoon,weekday,9.3,rainy,indoor,often,3,4,2,3,3,4,3,4,4,4,12,12,6,12,9,20,15,20,0.8,4.7,12,0.5,70.8,65.86036270773998
I2603,U261,comfort_oriented,P089,coworking_space_05,synthetic,train,4,3,3,4,3,4,5,5,5,3,library,report_writing,mixed,over_4h,evening,1,0,1,1,0,1,1,0,1,1,1,coworking_space,coding,5_plus,2_4h,afternoon,weekend,12.4,cold,indoor,rarely,3,5,4,3,4,4,5,4,4,3,12,15,12,12,15,20,20,20,2.7,6.2,12,0.5,63.1,61.939665017640046
I2604,U261,comfort_oriented,P017,library_17,synthetic,train,4,3,3,4,3,4,5,5,5,3,library,report_writing,mixed,over_4h,evening,1,0,1,1,0,1,1,0,1,1,1,library,report_writing,solo,over_4h,afternoon,weekend,11.5,clear,indoor,sometimes,5,4,4,5,3,3,4,5,5,4,20,12,12,20,12,25,15,15,2.6,5.8,15,0.5,78.0,73.99983295864948
I2605,U261,comfort_oriented,P051,cafe_15,synthetic,train,4,3,3,4,3,4,5,5,5,3,library,report_writing,mixed,over_4h,evening,1,0,1,1,0,1,1,0,1,1,1,cafe,online_class,solo,1_2h,evening,weekend,17.8,cloudy,indoor,sometimes,3,4,2,3,3,4,3,3,4,3,12,12,6,12,9,20,15,20,2.0,8.9,9,1.0,56.2,57.4710771180709
I2606,U261,comfort_oriented,P098,dorm_lounge_02,synthetic,train,4,3,3,4,3,4,5,5,5,3,library,report_writing,mixed,over_4h,evening,1,0,1,1,0,1,1,0,1,1,1,dorm_lounge,coding,solo,2_4h,evening,weekend,14.8,cloudy,indoor,sometimes,3,4,3,2,3,4,4,3,4,3,12,12,9,8,12,20,15,20,2.7,7.4,9,1.0,63.2,59.972059667790134
I2607,U261,comfort_oriented,P027,study_room_09,synthetic,train,4,3,3,4,3,4,5,5,5,3,library,report_writing,mixed,over_4h,evening,1,0,1,1,0,1,1,0,1,1,1,study_room,coding,solo,over_4h,morning,weekday,7.5,cold,indoor,sometimes,5,3,3,4,4,3,3,4,3,3,20,9,9,16,9,15,20,15,2.7,3.8,12,0.0,54.6,65.95562550802907
I2608,U261,comfort_oriented,P089,coworking_space_05,synthetic,train,4,3,3,4,3,4,5,5,5,3,library,report_writing,mixed,over_4h,evening,1,0,1,1,0,1,1,0,1,1,1,coworking_space,online_class,solo,under_1h,late_night,weekday,16.1,clear,indoor,sometimes,3,5,4,3,4,4,5,4,4,3,12,15,12,12,15,20,20,20,2.0,8.0,12,0.5,69.5,65.94399895563686
I2609,U261,comfort_oriented,P009,library_09,synthetic,train,4,3,3,4,3,4,5,5,5,3,library,report_writing,mixed,over_4h,evening,1,0,1,1,0,1,1,0,1,1,1,library,light_reading,solo,under_1h,morning,weekday,8.8,cloudy,indoor,first_time,4,4,3,4,2,4,4,4,4,4,16,12,9,16,12,20,10,20,1.4,4.4,12,0.0,61.7,66.05552644248183
I2610,U261,comfort_oriented,P022,study_room_04,synthetic,train,4,3,3,4,3,4,5,5,5,3,library,report_writing,mixed,over_4h,evening,1,0,1,1,0,1,1,0,1,1,1,study_room,report_writing,solo,over_4h,early_morning,weekday,12.3,cloudy,indoor,sometimes,4,5,3,4,5,3,4,4,4,4,16,15,9,16,12,20,25,15,2.6,6.1,12,0.0,64.3,67.72018679580155
I2611,U262,balanced,P073,classroom_11,synthetic,train,4,4,4,3,4,3,5,4,4,3,library,deep_study,mixed,under_1h,afternoon,1,1,0,1,1,0,1,1,0,1,0,classroom,report_writing,solo,2_4h,afternoon,weekday,14.4,clear,indoor,rarely,4,5,3,3,4,3,3,2,3,4,16,20,12,9,12,15,16,12,2.6,5.4,6,1.0,60.5,59.84252603837277
I2612,U262,balanced,P008,library_08,synthetic,train,4,4,4,3,4,3,5,4,4,3,library,deep_study,mixed,under_1h,afternoon,1,1,0,1,1,0,1,1,0,1,0,library,coding,solo,2_4h,evening,weekday,17.4,clear,indoor,rarely,5,5,4,4,2,3,4,4,4,4,20,20,16,12,16,20,8,12,2.7,6.5,12,0.5,63.0,66.79833129435741
I2613,U262,balanced,P109,outdoor_01,synthetic,train,4,4,4,3,4,3,5,4,4,3,library,deep_study,mixed,under_1h,afternoon,1,1,0,1,1,0,1,1,0,1,0,outdoor,online_class,solo,1_2h,evening,weekend,11.6,clear,outdoor,sometimes,2,5,3,3,2,3,1,2,3,3,8,20,12,9,4,15,8,12,2.0,4.3,6,0.5,52.5,50.096798649857554
I2614,U262,balanced,P041,cafe_05,synthetic,train,4,4,4,3,4,3,5,4,4,3,library,deep_study,mixed,under_1h,afternoon,1,1,0,1,1,0,1,1,0,1,0,cafe,team_project,3_4,2_4h,morning,weekend,9.8,hot,indoor,sometimes,2,4,2,3,2,4,4,4,4,3,8,16,8,9,16,20,8,16,0.8,3.7,12,0.5,54.0,61.57748504722249
I2615,U262,balanced,P008,library_08,synthetic,train,4,4,4,3,4,3,5,4,4,3,library,deep_study,mixed,under_1h,afternoon,1,1,0,1,1,0,1,1,0,1,0,library,meeting,2,1_2h,afternoon,weekday,9.0,clear,indoor,sometimes,5,5,4,4,2,3,4,2,4,4,20,20,16,12,16,20,8,12,0.6,3.4,6,1.0,66.3,68.61828178326179
I2616,U262,balanced,P082,computer_lab_08,synthetic,train,4,4,4,3,4,3,5,4,4,3,library,deep_study,mixed,under_1h,afternoon,1,1,0,1,1,0,1,1,0,1,0,computer_lab,light_reading,solo,2_4h,afternoon,weekday,1.0,cloudy,indoor,often,3,4,4,4,3,3,5,3,3,3,12,16,16,12,20,15,12,12,1.4,0.4,9,1.0,67.9,65.99385772693915
I2617,U262,balanced,P053,cafe_17,synthetic,train,4,4,4,3,4,3,5,4,4,3,library,deep_study,mixed,under_1h,afternoon,1,1,0,1,1,0,1,1,0,1,0,cafe,deep_study,solo,over_4h,morning,weekday,17.5,rainy,indoor,often,3,4,2,2,2,3,3,3,3,3,12,16,8,6,12,15,8,12,3.0,6.6,9,0.5,57.0,53.524843801398816
I2618,U262,balanced,P090,coworking_space_06,synthetic,train,4,4,4,3,4,3,5,4,4,3,library,deep_study,mixed,under_1h,afternoon,1,1,0,1,1,0,1,1,0,1,0,coworking_space,report_writing,3_4,over_4h,morning,weekend,13.1,cloudy,indoor,sometimes,3,4,3,4,4,4,4,4,4,3,12,16,12,12,16,20,16,16,2.6,4.9,12,0.5,53.5,63.13290896949868
I2619,U262,balanced,P032,study_room_14,synthetic,train,4,4,4,3,4,3,5,4,4,3,library,deep_study,mixed,under_1h,afternoon,1,1,0,1,1,0,1,1,0,1,0,study_room,deep_study,solo,2_4h,evening,weekday,19.7,hot,indoor,rarely,4,4,4,4,4,3,4,5,4,4,16,16,16,12,16,20,16,12,3.0,7.4,15,0.5,64.0,65.28549133415429
I2620,U262,balanced,P063,classroom_01,synthetic,train,4,4,4,3,4,3,5,4,4,3,library,deep_study,mixed,under_1h,afternoon,1,1,0,1,1,0,1,1,0,1,0,classroom,meeting,5_plus,1_2h,morning,weekend,7.8,clear,indoor,sometimes,3,4,3,3,2,3,3,4,3,3,12,16,12,9,12,15,8,12,0.6,2.9,12,0.5,55.1,62.21844490207696
I2621,U263,comfort_oriented,P002,library_02,synthetic,train,4,5,3,5,4,4,5,5,5,4,home,coding,mostly_solo,under_1h,afternoon,1,0,1,1,1,1,1,1,1,1,1,library,online_class,solo,1_2h,morning,weekday,6.1,cold,indoor,sometimes,5,5,4,4,2,3,4,4,4,4,20,25,12,20,16,20,10,15,2.6,3.1,12,0.5,69.5,76.39696993798444
I2622,U263,comfort_oriented,P097,dorm_lounge_01,synthetic,train,4,5,3,5,4,4,5,5,5,4,home,coding,mostly_solo,under_1h,afternoon,1,0,1,1,1,1,1,1,1,1,1,dorm_lounge,coding,solo,2_4h,afternoon,weekend,6.4,clear,indoor,sometimes,3,3,3,2,3,4,5,3,4,2,12,15,9,10,20,20,15,20,3.6,3.2,12,1.0,61.6,66.27631302314722
I2623,U263,comfort_oriented,P067,classroom_05,synthetic,train,4,5,3,5,4,4,5,5,5,4,home,coding,mostly_solo,under_1h,afternoon,1,0,1,1,1,1,1,1,1,1,1,classroom,report_writing,2,1_2h,evening,weekday,13.1,cold,indoor,sometimes,3,4,3,3,3,2,3,4,3,3,12,20,9,15,12,15,15,10,3.4,6.6,16,0.5,61.1,57.79537871945364
I2624,U263,comfort_oriented,P094,coworking_space_10,synthetic,train,4,5,3,5,4,4,5,5,5,4,home,coding,mostly_solo,under_1h,afternoon,1,0,1,1,1,1,1,1,1,1,1,coworking_space,online_class,solo,under_1h,evening,weekday,5.5,cloudy,indoor,often,3,5,3,4,3,4,3,5,4,4,12,25,9,20,12,20,15,20,2.6,2.7,15,0.5,80.4,74.28498691642912
I2625,U263,comfort_oriented,P059,home_05,synthetic,train,4,5,3,5,4,4,5,5,5,4,home,coding,mostly_solo,under_1h,afternoon,1,0,1,1,1,1,1,1,1,1,1,home,deep_study,solo,over_4h,morning,weekday,17.8,rainy,indoor,sometimes,4,5,5,4,5,4,4,4,5,5,16,25,15,20,16,25,25,20,4.0,8.9,16,0.5,74.5,79.90346999696489
I2626,U263,comfort_oriented,P025,study_room_07,synthetic,train,4,5,3,5,4,4,5,5,5,4,home,coding,mostly_solo,under_1h,afternoon,1,0,1,1,1,1,1,1,1,1,1,study_room,coding,3_4,over_4h,afternoon,weekday,7.7,rainy,indoor,often,4,4,3,4,4,4,4,4,4,3,16,20,9,20,16,20,20,20,3.6,3.9,16,1.0,68.2,73.14481344590911
I2627,U263,comfort_oriented,P022,study_room_04,synthetic,train,4,5,3,5,4,4,5,5,5,4,home,coding,mostly_solo,under_1h,afternoon,1,0,1,1,1,1,1,1,1,1,1,study_room,online_class,3_4,1_2h,afternoon,weekday,8.2,clear,indoor,often,4,5,3,4,5,3,4,4,4,4,16,25,9,20,16,20,25,15,2.6,4.1,12,1.0,76.8,75.02136474941815
I2628,U263,comfort_oriented,P043,cafe_07,synthetic,train,4,5,3,5,4,4,5,5,5,4,home,coding,mostly_solo,under_1h,afternoon,1,0,1,1,1,1,1,1,1,1,1,cafe,coding,solo,2_4h,late_night,weekday,3.8,cloudy,indoor,sometimes,2,5,3,3,2,4,3,4,3,3,8,25,9,15,12,15,10,20,3.6,1.9,16,0.0,59.5,65.14305892395615
I2629,U263,comfort_oriented,P103,dorm_lounge_07,synthetic,train,4,5,3,5,4,4,5,5,5,4,home,coding,mostly_solo,under_1h,afternoon,1,0,1,1,1,1,1,1,1,1,1,dorm_lounge,report_writing,solo,2_4h,afternoon,weekday,14.1,clear,indoor,sometimes,3,4,3,3,4,4,5,3,3,3,12,20,9,15,20,15,20,20,3.4,7.1,12,1.0,80.0,67.52065454670787
I2630,U263,comfort_oriented,P107,dorm_lounge_11,synthetic,train,4,5,3,5,4,4,5,5,5,4,home,coding,mostly_solo,under_1h,afternoon,1,0,1,1,1,1,1,1,1,1,1,dorm_lounge,report_writing,solo,2_4h,afternoon,weekday,24.6,clear,indoor,sometimes,3,4,3,3,3,4,3,3,3,3,12,20,9,15,12,15,15,20,3.4,12.3,12,1.0,69.3,60.66580575378813
I2631,U264,social_collaborative,P045,cafe_09,synthetic,train,3,4,2,3,4,3,3,3,4,2,coworking_space,team_project,mostly_group,2_4h,evening,0,0,0,0,1,0,0,1,0,1,0,cafe,coding,solo,over_4h,afternoon,weekday,10.0,clear,indoor,sometimes,2,3,2,2,3,3,3,3,3,3,6,12,4,6,12,9,9,12,1.8,3.7,6,0.5,49.0,47.05792513901666
I2632,U264,social_collaborative,P033,study_room_15,synthetic,train,3,4,2,3,4,3,3,3,4,2,coworking_space,team_project,mostly_group,2_4h,evening,0,0,0,0,1,0,0,1,0,1,0,study_room,online_class,solo,2_4h,afternoon,weekday,1.0,clear,indoor,sometimes,5,3,4,3,4,4,4,5,5,4,15,12,8,9,16,15,12,16,1.3,0.4,15,0.5,65.2,68.10321307319128
I2633,U264,social_collaborative,P037,cafe_01,synthetic,train,3,4,2,3,4,3,3,3,4,2,coworking_space,team_project,mostly_group,2_4h,evening,0,0,0,0,1,0,0,1,0,1,0,cafe,report_writing,solo,2_4h,evening,weekday,13.9,clear,indoor,first_time,3,4,2,2,2,4,3,3,4,4,9,16,4,6,12,12,6,16,1.7,5.2,6,1.0,58.9,49.963190352308374
I2634,U264,social_collaborative,P038,cafe_02,synthetic,train,3,4,2,3,4,3,3,3,4,2,coworking_space,team_project,mostly_group,2_4h,evening,0,0,0,0,1,0,0,1,0,1,0,cafe,team_project,5_plus,over_4h,afternoon,weekend,21.3,clear,indoor,sometimes,2,4,3,2,2,4,3,3,3,3,6,16,6,6,12,9,6,16,0.5,8.0,9,0.5,47.7,51.15944366531669
I2635,U264,social_collaborative,P031,study_room_13,synthetic,train,3,4,2,3,4,3,3,3,4,2,coworking_space,team_project,mostly_group,2_4h,evening,0,0,0,0,1,0,0,1,0,1,0,study_room,team_project,2,1_2h,late_night,weekday,1.0,clear,indoor,sometimes,5,4,4,4,4,4,4,5,5,4,15,16,8,12,16,15,12,16,0.5,0.4,15,0.5,62.9,69.93941160556523
I2636,U264,social_collaborative,P096,coworking_space_12,synthetic,train,3,4,2,3,4,3,3,3,4,2,coworking_space,team_project,mostly_group,2_4h,evening,0,0,0,0,1,0,0,1,0,1,0,coworking_space,team_project,3_4,over_4h,evening,weekday,17.0,clear,indoor,often,3,3,4,3,3,5,5,4,4,3,9,12,8,9,20,12,9,20,0.5,6.4,12,1.0,64.0,62.782632264069825
I2637,U264,social_collaborative,P009,library_09,synthetic,train,3,4,2,3,4,3,3,3,4,2,coworking_space,team_project,mostly_group,2_4h,evening,0,0,0,0,1,0,0,1,0,1,0,library,team_project,5_plus,2_4h,evening,weekday,10.8,rainy,indoor,sometimes,4,4,3,4,2,4,4,3,4,4,12,16,6,12,16,12,6,16,0.5,4.0,9,1.0,65.0,61.97477145337543
I2638,U264,social_collaborative,P093,coworking_space_09,synthetic,train,3,4,2,3,4,3,3,3,4,2,coworking_space,team_project,mostly_group,2_4h,evening,0,0,0,0,1,0,0,1,0,1,0,coworking_space,team_project,5_plus,2_4h,morning,weekend,7.8,clear,indoor,often,3,4,2,3,4,4,4,4,4,3,9,16,4,9,16,12,12,16,0.5,2.9,12,0.0,70.5,61.61475852530257
I2639,U264,social_collaborative,P091,coworking_space_07,synthetic,train,3,4,2,3,4,3,3,3,4,2,coworking_space,team_project,mostly_group,2_4h,evening,0,0,0,0,1,0,0,1,0,1,0,coworking_space,team_project,5_plus,over_4h,evening,weekday,10.7,clear,indoor,sometimes,4,4,4,3,4,5,4,4,3,4,12,16,8,9,16,9,12,20,0.5,4.0,12,1.0,62.5,64.6074455274535
I2640,U264,social_collaborative,P079,computer_lab_05,synthetic,train,3,4,2,3,4,3,3,3,4,2,coworking_space,team_project,mostly_group,2_4h,evening,0,0,0,0,1,0,0,1,0,1,0,computer_lab,coding,solo,over_4h,afternoon,weekend,6.1,hot,indoor,sometimes,4,4,3,3,3,4,5,5,4,3,12,16,6,9,20,12,9,16,1.8,2.3,10,0.5,67.8,60.55257632505577
I2641,U265,quiet_deepwork,P072,classroom_10,synthetic,train,5,4,5,5,3,3,4,3,4,5,computer_lab,report_writing,mostly_solo,2_4h,late_night,1,1,1,1,0,0,1,0,0,1,1,classroom,coding,solo,2_4h,evening,weekend,14.5,rainy,indoor,often,3,3,4,3,3,3,4,4,3,3,15,12,20,15,12,12,9,12,4.5,5.4,20,0.5,62.8,67.39678417857174
I2642,U265,quiet_deepwork,P075,computer_lab_01,synthetic,train,5,4,5,5,3,3,4,3,4,5,computer_lab,report_writing,mostly_solo,2_4h,late_night,1,1,1,1,0,0,1,0,0,1,1,computer_lab,deep_study,solo,2_4h,evening,weekend,6.0,clear,indoor,first_time,3,3,3,4,3,4,5,4,3,3,15,12,15,20,15,12,9,16,5.0,2.3,20,0.5,75.1,70.58673531007861
I2643,U265,quiet_deepwork,P009,library_09,synthetic,train,5,4,5,5,3,3,4,3,4,5,computer_lab,report_writing,mostly_solo,2_4h,late_night,1,1,1,1,0,0,1,0,0,1,1,library,report_writing,solo,over_4h,afternoon,weekday,14.5,clear,indoor,sometimes,4,4,3,4,2,4,4,5,4,4,20,16,15,20,12,16,6,16,4.3,5.4,25,0.0,79.3,76.11322700382019
I2644,U265,quiet_deepwork,P022,study_room_04,synthetic,train,5,4,5,5,3,3,4,3,4,5,computer_lab,report_writing,mostly_solo,2_4h,late_night,1,1,1,1,0,0,1,0,0,1,1,study_room,report_writing,solo,1_2h,afternoon,weekday,8.9,cloudy,indoor,first_time,4,5,3,4,5,3,4,4,4,4,20,20,15,20,12,16,15,12,4.3,3.3,20,0.0,81.3,73.67625303240254
I2645,U265,quiet_deepwork,P068,classroom_06,synthetic,train,5,4,5,5,3,3,4,3,4,5,computer_lab,report_writing,mostly_solo,2_4h,late_night,1,1,1,1,0,0,1,0,0,1,1,classroom,light_reading,solo,1_2h,late_night,weekday,8.2,cold,indoor,rarely,3,4,3,3,2,3,3,3,2,4,15,16,15,15,9,8,6,12,2.3,3.1,9,1.0,58.5,58.91997452409018
I2646,U265,quiet_deepwork,P020,study_room_02,synthetic,train,5,4,5,5,3,3,4,3,4,5,computer_lab,report_writing,mostly_solo,2_4h,late_night,1,1,1,1,0,0,1,0,0,1,1,study_room,report_writing,solo,over_4h,afternoon,weekday,5.6,rainy,indoor,rarely,4,4,4,5,3,4,4,4,4,4,20,16,20,25,12,16,9,16,4.3,2.1,20,0.0,75.1,76.7960211067186
I2647,U265,quiet_deepwork,P056,home_02,synthetic,train,5,4,5,5,3,3,4,3,4,5,computer_lab,report_writing,mostly_solo,2_4h,late_night,1,1,1,1,0,0,1,0,0,1,1,home,report_writing,3_4,2_4h,late_night,weekend,11.0,clear,indoor,rarely,4,3,5,4,5,4,5,4,5,5,20,12,25,20,15,20,15,16,4.3,4.1,20,1.0,73.7,79.2610891567752
I2648,U265,quiet_deepwork,P005,library_05,synthetic,train,5,4,5,5,3,3,4,3,4,5,computer_lab,report_writing,mostly_solo,2_4h,late_night,1,1,1,1,0,0,1,0,0,1,1,library,deep_study,solo,over_4h,early_morning,weekday,3.5,rainy,indoor,first_time,5,4,4,5,3,4,4,5,4,4,25,16,20,25,12,16,9,16,5.0,1.3,25,0.0,79.9,81.44491546084254
I2649,U265,quiet_deepwork,P016,library_16,synthetic,train,5,4,5,5,3,3,4,3,4,5,computer_lab,report_writing,mostly_solo,2_4h,late_night,1,1,1,1,0,0,1,0,0,1,1,library,deep_study,solo,1_2h,late_night,weekday,14.2,clear,indoor,rarely,5,4,3,5,3,4,3,5,4,4,25,16,15,25,9,16,9,16,5.0,5.3,25,1.0,77.8,78.03344028679477
I2650,U265,quiet_deepwork,P067,classroom_05,synthetic,train,5,4,5,5,3,3,4,3,4,5,computer_lab,report_writing,mostly_solo,2_4h,late_night,1,1,1,1,0,0,1,0,0,1,1,classroom,coding,solo,1_2h,evening,weekday,11.2,rainy,indoor,sometimes,3,4,3,3,3,2,3,3,3,3,15,16,15,15,9,12,9,8,4.5,4.2,15,0.5,65.2,61.54203261297816
I2651,U266,comfort_oriented,P046,cafe_10,synthetic,train,4,4,4,3,3,4,4,4,4,4,home,deep_study,mostly_solo,2_4h,late_night,1,1,0,1,0,1,1,0,1,1,0,cafe,report_writing,solo,1_2h,morning,weekday,9.8,clear,indoor,rarely,3,4,2,3,2,4,3,4,3,3,12,16,8,9,9,12,8,16,3.4,4.9,16,0.0,59.1,58.28724869050086
I2652,U266,comfort_oriented,P006,library_06,synthetic,train,4,4,4,3,3,4,4,4,4,4,home,deep_study,mostly_solo,2_4h,late_night,1,1,0,1,0,1,1,0,1,1,0,library,coding,solo,over_4h,afternoon,weekend,9.7,cloudy,indoor,sometimes,4,4,4,5,2,3,4,5,5,4,16,16,16,15,12,20,8,12,3.6,4.8,20,0.0,67.7,69.69022656740853
I2653,U266,comfort_oriented,P056,home_02,synthetic,train,4,4,4,3,3,4,4,4,4,4,home,deep_study,mostly_solo,2_4h,late_night,1,1,0,1,0,1,1,0,1,1,0,home,report_writing,solo,over_4h,evening,weekday,10.2,clear,indoor,often,4,3,5,4,5,4,5,4,5,5,16,12,20,12,15,20,20,16,3.4,5.1,16,0.5,59.4,75.90916148256761
I2654,U266,comfort_oriented,P009,library_09,synthetic,train,4,4,4,3,3,4,4,4,4,4,home,deep_study,mostly_solo,2_4h,late_night,1,1,0,1,0,1,1,0,1,1,0,library,report_writing,solo,1_2h,afternoon,weekend,10.5,hot,indoor,sometimes,4,4,3,4,2,4,4,5,4,4,16,16,12,12,12,16,8,16,3.4,5.3,20,0.0,65.4,68.0179843785074
I2655,U266,comfort_oriented,P026,study_room_08,synthetic,train,4,4,4,3,3,4,4,4,4,4,home,deep_study,mostly_solo,2_4h,late_night,1,1,0,1,0,1,1,0,1,1,0,study_room,light_reading,solo,1_2h,morning,weekday,19.9,cold,indoor,rarely,4,5,4,4,5,4,4,4,4,3,16,20,16,12,12,16,20,16,1.8,10.0,12,0.0,70.9,65.13204954875141
I2656,U266,comfort_oriented,P102,dorm_lounge_06,synthetic,train,4,4,4,3,3,4,4,4,4,4,home,deep_study,mostly_solo,2_4h,late_night,1,1,0,1,0,1,1,0,1,1,0,dorm_lounge,light_reading,2,under_1h,afternoon,weekday,10.6,rainy,indoor,often,3,3,3,3,3,3,4,4,4,4,12,12,12,9,12,16,12,12,1.8,5.3,12,0.0,65.6,57.874474249613286
I2657,U266,comfort_oriented,P060,home_06,synthetic,train,4,4,4,3,3,4,4,4,4,4,home,deep_study,mostly_solo,2_4h,late_night,1,1,0,1,0,1,1,0,1,1,0,home,coding,solo,over_4h,afternoon,weekend,12.4,clear,indoor,sometimes,4,3,5,5,4,5,5,4,4,5,16,12,20,15,15,16,16,20,3.6,6.2,16,0.0,74.1,72.95840457872563
I2658,U266,comfort_oriented,P007,library_07,synthetic,train,4,4,4,3,3,4,4,4,4,4,home,deep_study,mostly_solo,2_4h,late_night,1,1,0,1,0,1,1,0,1,1,0,library,light_reading,solo,2_4h,morning,weekend,11.5,clear,indoor,sometimes,5,4,3,4,3,3,4,5,4,4,20,16,12,12,12,16,12,12,1.8,5.7,15,0.0,68.7,69.13332807648213
I2659,U266,comfort_oriented,P079,computer_lab_05,synthetic,train,4,4,4,3,3,4,4,4,4,4,home,deep_study,mostly_solo,2_4h,late_night,1,1,0,1,0,1,1,0,1,1,0,computer_lab,deep_study,solo,over_4h,afternoon,weekday,11.1,cloudy,indoor,first_time,4,4,3,3,3,4,5,4,4,3,16,16,12,9,15,16,12,16,4.0,5.6,16,0.0,70.6,64.67619222680887
I2660,U266,comfort_oriented,P095,coworking_space_11,synthetic,train,4,4,4,3,3,4,4,4,4,4,home,deep_study,mostly_solo,2_4h,late_night,1,1,0,1,0,1,1,0,1,1,0,coworking_space,coding,3_4,over_4h,late_night,weekend,14.4,rainy,indoor,often,4,4,3,3,4,4,5,4,4,4,16,16,12,9,15,16,16,16,3.6,7.2,16,1.0,55.1,64.75712699606356
I2661,U267,convenience_oriented,P055,home_01,synthetic,train,3,3,4,2,4,5,3,3,3,4,computer_lab,light_reading,mostly_solo,1_2h,morning,0,1,0,0,1,1,0,1,1,0,0,home,online_class,solo,1_2h,evening,weekend,13.3,clear,indoor,often,4,3,5,4,4,5,5,4,4,5,12,9,20,8,20,12,12,15,2.6,8.3,12,0.0,61.5,62.95935491805928
I2662,U267,convenience_oriented,P054,cafe_18,synthetic,train,3,3,4,2,4,5,3,3,3,4,computer_lab,light_reading,mostly_solo,1_2h,morning,0,1,0,0,1,1,0,1,1,0,0,cafe,deep_study,solo,under_1h,morning,weekday,13.7,cold,indoor,rarely,3,5,2,3,2,3,3,2,4,3,9,15,8,6,12,12,6,9,4.0,8.6,8,1.0,49.3,43.70626813459516
I2663,U267,convenience_oriented,P027,study_room_09,synthetic,train,3,3,4,2,4,5,3,3,3,4,computer_lab,light_reading,mostly_solo,1_2h,morning,0,1,0,0,1,1,0,1,1,0,0,study_room,coding,solo,over_4h,afternoon,weekend,8.4,cold,indoor,first_time,5,3,3,4,4,3,3,4,3,3,15,9,12,8,12,9,12,9,3.6,5.3,16,0.5,62.6,54.211953518554154
I2664,U267,convenience_oriented,P014,library_14,synthetic,train,3,3,4,2,4,5,3,3,3,4,computer_lab,light_reading,mostly_solo,1_2h,morning,0,1,0,0,1,1,0,1,1,0,0,library,light_reading,solo,1_2h,afternoon,weekday,6.0,cloudy,indoor,rarely,5,4,5,4,3,4,4,3,4,4,15,12,20,8,16,12,9,12,1.8,3.7,9,0.5,70.1,59.98804567706401
I2665,U267,convenience_oriented,P033,study_room_15,synthetic,train,3,3,4,2,4,5,3,3,3,4,computer_lab,light_reading,mostly_solo,1_2h,morning,0,1,0,0,1,1,0,1,1,0,0,study_room,online_class,solo,1_2h,morning,weekday,3.2,clear,indoor,sometimes,5,3,4,3,4,4,4,4,5,4,15,9,16,6,16,15,12,12,2.6,2.0,12,1.0,72.6,66.23496206554947
I2666,U267,convenience_oriented,P060,home_06,synthetic,train,3,3,4,2,4,5,3,3,3,4,computer_lab,light_reading,mostly_solo,1_2h,morning,0,1,0,0,1,1,0,1,1,0,0,home,coding,solo,2_4h,morning,weekday,16.5,cold,indoor,rarely,4,3,5,5,4,5,5,4,4,5,12,9,20,10,20,12,12,15,3.6,10.3,16,1.0,70.7,60.47881411648053
I2667,U267,convenience_oriented,P071,classroom_09,synthetic,train,3,3,4,2,4,5,3,3,3,4,computer_lab,light_reading,mostly_solo,1_2h,morning,0,1,0,0,1,1,0,1,1,0,0,classroom,online_class,solo,2_4h,early_morning,weekday,4.0,cloudy,indoor,sometimes,3,3,3,3,3,3,3,3,3,4,9,9,12,6,12,9,9,9,2.6,2.5,9,0.5,42.2,53.99526163288721
I2668,U267,convenience_oriented,P021,study_room_03,synthetic,train,3,3,4,2,4,5,3,3,3,4,computer_lab,light_reading,mostly_solo,1_2h,morning,0,1,0,0,1,1,0,1,1,0,0,study_room,team_project,3_4,2_4h,morning,weekday,24.9,clear,indoor,sometimes,5,4,4,4,3,4,4,4,4,2,15,12,16,8,16,12,9,12,1.0,15.6,12,1.0,46.9,55.75670450370513
I2669,U267,convenience_oriented,P024,study_room_06,synthetic,train,3,3,4,2,4,5,3,3,3,4,computer_lab,light_reading,mostly_solo,1_2h,morning,0,1,0,0,1,1,0,1,1,0,0,study_room,report_writing,solo,under_1h,morning,weekday,1.0,cold,indoor,sometimes,4,4,3,4,3,4,4,5,4,3,12,12,12,8,16,12,9,12,3.4,0.6,20,1.0,67.5,64.79688022602494
I2670,U267,convenience_oriented,P017,library_17,synthetic,train,3,3,4,2,4,5,3,3,3,4,computer_lab,light_reading,mostly_solo,1_2h,morning,0,1,0,0,1,1,0,1,1,0,0,library,team_project,3_4,2_4h,afternoon,weekday,15.8,rainy,indoor,rarely,5,4,4,5,3,3,4,3,5,4,15,12,16,10,16,15,9,9,1.0,9.9,9,0.5,52.0,57.121279102317985
I2671,U268,comfort_oriented,P076,computer_lab_02,synthetic,test,4,4,3,3,3,4,4,5,3,3,cafe,coding,mixed,2_4h,afternoon,1,0,0,1,0,1,1,0,1,0,0,computer_lab,report_writing,solo,under_1h,afternoon,weekday,10.6,cold,indoor,often,3,5,3,4,4,3,4,3,3,4,12,20,9,12,12,12,20,9,2.6,5.3,9,1.0,58.6,61.63526036275655
I2672,U268,comfort_oriented,P004,library_04,synthetic,test,4,4,3,3,3,4,4,5,3,3,cafe,coding,mixed,2_4h,afternoon,1,0,0,1,0,1,1,0,1,0,0,library,coding,solo,over_4h,afternoon,weekend,2.4,clear,indoor,sometimes,5,3,3,4,2,4,4,4,3,4,20,12,9,12,12,12,10,12,2.7,1.2,12,1.0,64.1,65.27592438850938
I2673,U268,comfort_oriented,P023,study_room_05,synthetic,test,4,4,3,3,3,4,4,5,3,3,cafe,coding,mixed,2_4h,afternoon,1,0,0,1,0,1,1,0,1,0,0,study_room,deep_study,solo,1_2h,morning,weekend,25.4,clear,indoor,first_time,5,4,3,4,4,4,3,5,4,4,20,16,9,12,9,16,20,12,3.0,12.7,15,0.5,66.7,60.43808552730506
I2674,U268,comfort_oriented,P020,study_room_02,synthetic,test,4,4,3,3,3,4,4,5,3,3,cafe,coding,mixed,2_4h,afternoon,1,0,0,1,0,1,1,0,1,0,0,study_room,report_writing,solo,2_4h,morning,weekend,2.7,cloudy,indoor,rarely,4,4,4,5,3,4,4,4,4,4,16,16,12,15,12,16,15,12,2.6,1.3,12,0.5,71.5,67.45328965946408
I2675,U268,comfort_oriented,P005,library_05,synthetic,test,4,4,3,3,3,4,4,5,3,3,cafe,coding,mixed,2_4h,afternoon,1,0,0,1,0,1,1,0,1,0,0,library,online_class,solo,1_2h,afternoon,weekday,5.2,clear,indoor,rarely,5,4,4,5,3,4,4,3,4,4,20,16,12,15,12,16,15,12,2.0,2.6,9,1.0,70.3,67.6098364149187
I2676,U268,comfort_oriented,P076,computer_lab_02,synthetic,test,4,4,3,3,3,4,4,5,3,3,cafe,coding,mixed,2_4h,afternoon,1,0,0,1,0,1,1,0,1,0,0,computer_lab,online_class,solo,1_2h,morning,weekday,16.0,clear,indoor,sometimes,3,5,3,4,4,3,4,5,3,4,12,20,9,12,12,12,20,9,2.0,8.0,15,0.5,59.5,62.69984088808753
I2677,U268,comfort_oriented,P042,cafe_06,synthetic,test,4,4,3,3,3,4,4,5,3,3,cafe,coding,mixed,2_4h,afternoon,1,0,0,1,0,1,1,0,1,0,0,cafe,coding,solo,2_4h,evening,weekend,18.7,clear,indoor,first_time,3,4,2,3,2,4,3,3,4,3,12,16,6,9,9,16,10,12,2.7,9.3,9,0.5,55.6,49.16761012501003
I2678,U268,comfort_oriented,P020,study_room_02,synthetic,test,4,4,3,3,3,4,4,5,3,3,cafe,coding,mixed,2_4h,afternoon,1,0,0,1,0,1,1,0,1,0,0,study_room,report_writing,solo,2_4h,morning,weekend,5.5,clear,indoor,sometimes,4,4,4,5,3,4,4,4,4,4,16,16,12,15,12,16,15,12,2.6,2.8,12,0.5,68.0,68.40632491144497
I2679,U268,comfort_oriented,P014,library_14,synthetic,test,4,4,3,3,3,4,4,5,3,3,cafe,coding,mixed,2_4h,afternoon,1,0,0,1,0,1,1,0,1,0,0,library,report_writing,3_4,1_2h,evening,weekday,9.7,hot,indoor,rarely,5,4,5,4,3,4,4,5,4,4,20,16,15,12,12,16,15,12,2.6,4.8,15,0.5,63.1,66.12173680420919
I2680,U268,comfort_oriented,P020,study_room_02,synthetic,test,4,4,3,3,3,4,4,5,3,3,cafe,coding,mixed,2_4h,afternoon,1,0,0,1,0,1,1,0,1,0,0,study_room,team_project,2,2_4h,evening,weekday,3.4,clear,indoor,rarely,4,4,4,5,3,4,4,4,4,4,16,16,12,15,12,16,15,12,0.8,1.7,12,0.5,69.6,68.06723256463884
I2681,U269,comfort_oriented,P041,cafe_05,synthetic,test,3,4,3,4,4,4,5,4,4,4,cafe,light_reading,mostly_solo,2_4h,morning,0,0,1,1,1,1,0,1,1,1,1,cafe,team_project,3_4,2_4h,morning,weekday,12.2,rainy,indoor,often,2,4,2,3,2,4,4,4,4,3,6,16,6,12,16,20,8,16,1.0,6.1,12,1.0,55.0,60.79559651047802
I2682,U269,comfort_oriented,P037,cafe_01,synthetic,test,3,4,3,4,4,4,5,4,4,4,cafe,light_reading,mostly_solo,2_4h,morning,0,0,1,1,1,1,0,1,1,1,1,cafe,light_reading,solo,1_2h,evening,weekday,12.3,cloudy,indoor,often,3,4,2,2,2,4,3,4,4,4,9,16,6,8,12,20,8,16,1.8,6.1,12,0.0,57.6,55.99757898174575
I2683,U269,comfort_oriented,P032,study_room_14,synthetic,test,3,4,3,4,4,4,5,4,4,4,cafe,light_reading,mostly_solo,2_4h,morning,0,0,1,1,1,1,0,1,1,1,1,study_room,team_project,2,2_4h,morning,weekday,16.4,cloudy,indoor,rarely,4,4,4,4,4,3,4,4,4,4,12,16,12,16,16,20,16,12,1.0,8.2,12,1.0,62.8,64.5247325804577
I2684,U269,comfort_oriented,P112,outdoor_04,synthetic,test,3,4,3,4,4,4,5,4,4,4,cafe,light_reading,mostly_solo,2_4h,morning,0,0,1,1,1,1,0,1,1,1,1,outdoor,light_reading,solo,over_4h,morning,weekend,12.2,hot,outdoor,sometimes,3,4,3,3,2,3,1,4,3,2,9,16,9,12,4,15,8,12,1.8,6.1,12,1.0,46.6,49.11596415496751
I2685,U269,comfort_oriented,P030,study_room_12,synthetic,test,3,4,3,4,4,4,5,4,4,4,cafe,light_reading,mostly_solo,2_4h,morning,0,0,1,1,1,1,0,1,1,1,1,study_room,team_project,2,1_2h,morning,weekday,18.2,rainy,indoor,sometimes,5,4,3,4,3,3,4,4,4,4,15,16,9,16,16,20,12,12,1.0,9.1,12,1.0,53.4,64.19478411177028
I2686,U269,comfort_oriented,P105,dorm_lounge_09,synthetic,test,3,4,3,4,4,4,5,4,4,4,cafe,light_reading,mostly_solo,2_4h,morning,0,0,1,1,1,1,0,1,1,1,1,dorm_lounge,online_class,solo,1_2h,late_night,weekday,16.1,rainy,indoor,sometimes,3,3,3,2,3,3,4,2,4,3,9,12,9,8,16,20,12,12,2.6,8.1,6,0.0,48.2,52.54799873489784
I2687,U269,comfort_oriented,P051,cafe_15,synthetic,test,3,4,3,4,4,4,5,4,4,4,cafe,light_reading,mostly_solo,2_4h,morning,0,0,1,1,1,1,0,1,1,1,1,cafe,coding,solo,2_4h,afternoon,weekend,12.2,clear,indoor,sometimes,3,4,2,3,3,4,3,4,4,3,9,16,6,12,12,20,12,16,3.6,6.1,16,0.5,56.7,58.89297248037376
I2688,U269,comfort_oriented,P082,computer_lab_08,synthetic,test,3,4,3,4,4,4,5,4,4,4,cafe,light_reading,mostly_solo,2_4h,morning,0,0,1,1,1,1,0,1,1,1,1,computer_lab,team_project,5_plus,1_2h,morning,weekend,1.0,rainy,indoor,often,3,4,4,4,3,3,5,4,3,3,9,16,12,16,20,15,12,12,1.0,0.5,12,1.0,68.2,69.70143324257492
I2689,U269,comfort_oriented,P037,cafe_01,synthetic,test,3,4,3,4,4,4,5,4,4,4,cafe,light_reading,mostly_solo,2_4h,morning,0,0,1,1,1,1,0,1,1,1,1,cafe,coding,solo,2_4h,morning,weekday,7.7,clear,indoor,sometimes,3,4,2,2,2,4,3,3,4,4,9,16,6,8,12,20,8,16,3.6,3.8,12,1.0,58.4,58.244328454146675
I2690,U269,comfort_oriented,P074,classroom_12,synthetic,test,3,4,3,4,4,4,5,4,4,4,cafe,light_reading,mostly_solo,2_4h,morning,0,0,1,1,1,1,0,1,1,1,1,classroom,online_class,3_4,1_2h,afternoon,weekday,14.3,cloudy,indoor,sometimes,3,4,3,3,2,3,3,4,3,3,9,16,9,12,12,15,8,12,2.6,7.2,12,0.5,54.9,52.678125564381546
I2691,U270,balanced,P028,study_room_10,synthetic,valid,4,4,4,3,4,4,4,3,4,3,classroom,online_class,mixed,under_1h,morning,1,1,0,1,1,1,1,1,1,1,0,study_room,coding,solo,2_4h,morning,weekday,11.5,cloudy,indoor,sometimes,4,4,3,3,4,4,5,4,4,3,16,16,12,9,20,16,12,16,2.7,5.7,12,1.0,59.2,66.55260200454704
I2692,U270,balanced,P009,library_09,synthetic,valid,4,4,4,3,4,4,4,3,4,3,classroom,online_class,mixed,under_1h,morning,1,1,0,1,1,1,1,1,1,1,0,library,deep_study,solo,over_4h,afternoon,weekday,1.8,clear,indoor,sometimes,4,4,3,4,2,4,4,5,4,4,16,16,12,12,16,16,6,16,3.0,0.9,15,0.5,71.5,69.53339337916734
I2693,U270,balanced,P045,cafe_09,synthetic,valid,4,4,4,3,4,4,4,3,4,3,classroom,online_class,mixed,under_1h,morning,1,1,0,1,1,1,1,1,1,1,0,cafe,deep_study,solo,over_4h,evening,weekday,5.1,rainy,indoor,sometimes,2,3,2,2,3,3,3,2,3,3,8,12,8,6,12,12,9,12,3.0,2.6,6,0.0,56.5,50.36324037176186
I2694,U270,balanced,P086,coworking_space_02,synthetic,valid,4,4,4,3,4,4,4,3,4,3,classroom,online_class,mixed,under_1h,morning,1,1,0,1,1,1,1,1,1,1,0,coworking_space,meeting,3_4,1_2h,morning,weekend,16.9,cloudy,indoor,sometimes,3,4,4,4,5,3,4,5,4,4,12,16,16,12,16,16,15,12,0.6,8.5,15,1.0,72.3,66.24794330671749
I2695,U270,balanced,P025,study_room_07,synthetic,valid,4,4,4,3,4,4,4,3,4,3,classroom,online_class,mixed,under_1h,morning,1,1,0,1,1,1,1,1,1,1,0,study_room,deep_study,2,2_4h,late_night,weekday,4.5,cloudy,indoor,sometimes,4,4,3,4,4,4,4,4,4,3,16,16,12,12,16,16,12,16,3.0,2.2,12,0.0,59.1,63.62867276587451
I2696,U270,balanced,P039,cafe_03,synthetic,valid,4,4,4,3,4,4,4,3,4,3,classroom,online_class,mixed,under_1h,morning,1,1,0,1,1,1,1,1,1,1,0,cafe,online_class,solo,1_2h,afternoon,weekend,6.1,clear,indoor,rarely,3,4,2,3,2,4,3,3,4,4,12,16,8,9,12,16,6,16,2.0,3.0,9,0.5,56.8,57.74197932098651
I2697,U270,balanced,P114,outdoor_06,synthetic,valid,4,4,4,3,4,4,4,3,4,3,classroom,online_class,mixed,under_1h,morning,1,1,0,1,1,1,1,1,1,1,0,outdoor,meeting,2,1_2h,morning,weekend,17.8,clear,outdoor,first_time,3,4,3,3,2,2,1,3,3,3,12,16,12,9,4,12,6,8,0.6,8.9,9,1.0,42.3,46.80876317287687
I2698,U270,balanced,P008,library_08,synthetic,valid,4,4,4,3,4,4,4,3,4,3,classroom,online_class,mixed,under_1h,morning,1,1,0,1,1,1,1,1,1,1,0,library,deep_study,solo,over_4h,morning,weekend,8.9,hot,indoor,sometimes,5,5,4,4,2,3,4,5,4,4,20,20,16,12,16,16,6,12,3.0,4.4,15,1.0,79.1,69.2018901933405
I2699,U270,balanced,P036,study_room_18,synthetic,valid,4,4,4,3,4,4,4,3,4,3,classroom,online_class,mixed,under_1h,morning,1,1,0,1,1,1,1,1,1,1,0,study_room,team_project,5_plus,2_4h,evening,weekday,12.2,rainy,indoor,sometimes,5,4,4,4,4,4,5,4,4,4,20,16,16,12,20,16,12,16,0.8,6.1,12,0.0,80.6,71.97016817277405
I2700,U270,balanced,P073,classroom_11,synthetic,valid,4,4,4,3,4,4,4,3,4,3,classroom,online_class,mixed,under_1h,morning,1,1,0,1,1,1,1,1,1,1,0,classroom,deep_study,solo,over_4h,early_morning,weekday,13.3,clear,indoor,first_time,4,5,3,3,4,3,3,4,3,4,16,20,12,9,12,12,12,12,3.0,6.6,12,0.5,65.2,59.251920328299555
I2701,U271,quiet_deepwork,P087,coworking_space_03,synthetic,train,4,4,4,4,4,3,3,3,4,5,study_room,meeting,mostly_solo,1_2h,morning,1,1,1,0,1,0,1,1,0,1,1,coworking_space,coding,2,over_4h,afternoon,weekend,17.4,rainy,indoor,often,4,4,3,2,5,4,4,4,4,4,16,16,12,8,16,12,15,16,4.5,6.5,20,0.5,49.1,62.741975861563816
I2702,U271,quiet_deepwork,P024,study_room_06,synthetic,train,4,4,4,4,4,3,3,3,4,5,study_room,meeting,mostly_solo,1_2h,morning,1,1,1,0,1,0,1,1,0,1,1,study_room,light_reading,solo,1_2h,late_night,weekday,4.5,cold,indoor,sometimes,4,4,3,4,3,4,4,3,4,3,16,16,12,16,16,12,9,16,2.3,1.7,9,0.0,67.9,64.2430657754463
I2703,U271,quiet_deepwork,P084,computer_lab_10,synthetic,train,4,4,4,4,4,3,3,3,4,5,study_room,meeting,mostly_solo,1_2h,morning,1,1,1,0,1,0,1,1,0,1,1,computer_lab,report_writing,solo,2_4h,evening,weekday,8.1,clear,indoor,often,4,4,3,4,3,3,4,4,3,2,16,16,12,16,16,9,9,12,4.3,3.0,20,0.0,71.3,67.65555417407549
I2704,U271,quiet_deepwork,P036,study_room_18,synthetic,train,4,4,4,4,4,3,3,3,4,5,study_room,meeting,mostly_solo,1_2h,morning,1,1,1,0,1,0,1,1,0,1,1,study_room,report_writing,solo,1_2h,late_night,weekday,8.3,clear,indoor,sometimes,5,4,4,4,4,4,5,4,4,4,20,16,16,16,20,12,12,16,4.3,3.1,20,0.0,66.3,74.42020630421878
I2705,U271,quiet_deepwork,P090,coworking_space_06,synthetic,train,4,4,4,4,4,3,3,3,4,5,study_room,meeting,mostly_solo,1_2h,morning,1,1,1,0,1,0,1,1,0,1,1,coworking_space,coding,solo,2_4h,afternoon,weekday,10.1,clear,indoor,sometimes,3,4,3,4,4,4,4,4,4,3,12,16,12,16,16,12,12,16,4.5,3.8,20,0.5,60.0,66.16078374054094
I2706,U271,quiet_deepwork,P048,cafe_12,synthetic,train,4,4,4,4,4,3,3,3,4,5,study_room,meeting,mostly_solo,1_2h,morning,1,1,1,0,1,0,1,1,0,1,1,cafe,coding,2,2_4h,morning,weekend,2.6,hot,indoor,often,2,5,2,3,1,4,3,4,3,3,8,20,8,12,12,9,3,16,4.5,1.0,20,1.0,51.2,56.884936566925006
I2707,U271,quiet_deepwork,P091,coworking_space_07,synthetic,train,4,4,4,4,4,3,3,3,4,5,study_room,meeting,mostly_solo,1_2h,morning,1,1,1,0,1,0,1,1,0,1,1,coworking_space,report_writing,solo,2_4h,afternoon,weekday,17.3,cloudy,indoor,sometimes,4,4,4,3,4,5,4,3,3,4,16,16,16,12,16,9,12,20,4.3,6.5,15,0.5,60.7,66.36766151022339
I2708,U271,quiet_deepwork,P086,coworking_space_02,synthetic,train,4,4,4,4,4,3,3,3,4,5,study_room,meeting,mostly_solo,1_2h,morning,1,1,1,0,1,0,1,1,0,1,1,coworking_space,coding,2,1_2h,afternoon,weekend,18.3,cloudy,indoor,rarely,3,4,4,4,5,3,4,4,4,4,12,16,16,16,16,12,15,12,4.5,6.9,20,0.5,63.5,60.210262189074825
I2709,U271,quiet_deepwork,P067,classroom_05,synthetic,train,4,4,4,4,4,3,3,3,4,5,study_room,meeting,mostly_solo,1_2h,morning,1,1,1,0,1,0,1,1,0,1,1,classroom,deep_study,solo,over_4h,afternoon,weekday,3.8,clear,indoor,often,3,4,3,3,3,2,3,2,3,3,12,16,12,12,12,9,9,8,5.0,1.4,10,0.5,45.2,57.56408463864079
I2710,U271,quiet_deepwork,P001,library_01,synthetic,train,4,4,4,4,4,3,3,3,4,5,study_room,meeting,mostly_solo,1_2h,morning,1,1,1,0,1,0,1,1,0,1,1,library,report_writing,solo,1_2h,afternoon,weekend,11.9,clear,indoor,often,5,4,4,5,2,3,4,5,4,4,20,16,16,20,16,12,6,12,4.3,4.5,25,0.5,68.7,74.38648120857691
I2711,U272,quiet_deepwork,P028,study_room_10,synthetic,valid,5,4,5,5,4,4,5,4,4,4,classroom,light_reading,mostly_solo,1_2h,evening,1,1,1,1,1,1,1,1,1,1,1,study_room,deep_study,solo,2_4h,afternoon,weekday,10.4,clear,indoor,first_time,4,4,3,3,4,4,5,5,4,3,20,16,15,15,20,20,16,16,4.0,5.2,20,0.5,74.9,74.94563485585721
I2712,U272,quiet_deepwork,P048,cafe_12,synthetic,valid,5,4,5,5,4,4,5,4,4,4,classroom,light_reading,mostly_solo,1_2h,evening,1,1,1,1,1,1,1,1,1,1,1,cafe,light_reading,solo,under_1h,evening,weekday,4.0,clear,indoor,often,2,5,2,3,1,4,3,4,3,3,10,20,10,15,12,15,4,16,1.8,2.0,12,1.0,70.4,63.7206925807898
I2713,U272,quiet_deepwork,P061,home_07,synthetic,valid,5,4,5,5,4,4,5,4,4,4,classroom,light_reading,mostly_solo,1_2h,evening,1,1,1,1,1,1,1,1,1,1,1,home,coding,solo,2_4h,evening,weekday,13.7,clear,indoor,rarely,4,4,4,4,4,4,4,5,4,5,20,16,20,20,16,20,16,16,3.6,6.9,20,1.0,77.3,77.37473100112011
I2714,U272,quiet_deepwork,P008,library_08,synthetic,valid,5,4,5,5,4,4,5,4,4,4,classroom,light_reading,mostly_solo,1_2h,evening,1,1,1,1,1,1,1,1,1,1,1,library,report_writing,3_4,1_2h,evening,weekend,5.8,clear,indoor,sometimes,5,5,4,4,2,3,4,5,4,4,25,20,20,20,16,20,8,12,3.4,2.9,20,1.0,84.8,79.86425464131506
I2715,U272,quiet_deepwork,P014,library_14,synthetic,valid,5,4,5,5,4,4,5,4,4,4,classroom,light_reading,mostly_solo,1_2h,evening,1,1,1,1,1,1,1,1,1,1,1,library,online_class,solo,1_2h,evening,weekday,1.0,clear,indoor,rarely,5,4,5,4,3,4,4,4,4,4,25,16,25,20,16,20,12,16,2.6,0.5,12,1.0,94.6,82.3294726955437
I2716,U272,quiet_deepwork,P009,library_09,synthetic,valid,5,4,5,5,4,4,5,4,4,4,classroom,light_reading,mostly_solo,1_2h,evening,1,1,1,1,1,1,1,1,1,1,1,library,deep_study,solo,over_4h,late_night,weekend,5.7,clear,indoor,sometimes,4,4,3,4,2,4,4,5,4,4,20,16,15,20,16,20,8,16,4.0,2.8,20,0.5,89.3,77.42990531147201
I2717,U272,quiet_deepwork,P048,cafe_12,synthetic,valid,5,4,5,5,4,4,5,4,4,4,classroom,light_reading,mostly_solo,1_2h,evening,1,1,1,1,1,1,1,1,1,1,1,cafe,coding,solo,1_2h,afternoon,weekday,3.7,clear,indoor,rarely,2,5,2,3,1,4,3,3,3,3,10,20,10,15,12,15,4,16,3.6,1.8,12,0.5,70.4,60.19476015356034
I2718,U272,quiet_deepwork,P106,dorm_lounge_10,synthetic,valid,5,4,5,5,4,4,5,4,4,4,classroom,light_reading,mostly_solo,1_2h,evening,1,1,1,1,1,1,1,1,1,1,1,dorm_lounge,light_reading,solo,1_2h,evening,weekday,5.8,rainy,indoor,first_time,3,3,2,3,3,4,3,4,3,3,15,12,10,15,12,15,12,16,1.8,2.9,12,1.0,63.0,62.67343721220218
I2719,U272,quiet_deepwork,P077,computer_lab_03,synthetic,valid,5,4,5,5,4,4,5,4,4,4,classroom,light_reading,mostly_solo,1_2h,evening,1,1,1,1,1,1,1,1,1,1,1,computer_lab,report_writing,2,over_4h,afternoon,weekday,17.5,clear,indoor,sometimes,4,3,3,3,2,3,4,3,4,4,20,12,15,15,16,20,8,12,3.4,8.8,12,0.5,56.1,63.59188694095637
I2720,U272,quiet_deepwork,P092,coworking_space_08,synthetic,valid,5,4,5,5,4,4,5,4,4,4,classroom,light_reading,mostly_solo,1_2h,evening,1,1,1,1,1,1,1,1,1,1,1,coworking_space,coding,solo,2_4h,evening,weekend,9.4,clear,indoor,rarely,2,4,3,4,3,4,4,4,4,3,10,16,15,20,16,20,12,16,3.6,4.7,16,1.0,71.5,67.86110990294667
I2721,U273,convenience_oriented,P055,home_01,synthetic,train,3,4,3,4,4,4,4,4,5,3,home,meeting,mixed,2_4h,morning,0,0,1,1,1,1,0,1,1,1,1,home,light_reading,solo,1_2h,morning,weekday,9.1,cold,indoor,often,4,3,5,4,4,5,5,4,4,5,12,12,15,16,20,16,16,25,1.4,4.5,12,1.0,74.8,73.95109947577731
I2722,U273,convenience_oriented,P052,cafe_16,synthetic,train,3,4,3,4,4,4,4,4,5,3,home,meeting,mixed,2_4h,morning,0,0,1,1,1,1,0,1,1,1,1,cafe,team_project,5_plus,1_2h,evening,weekday,12.4,cold,indoor,rarely,3,5,3,2,2,3,3,3,4,3,9,20,9,8,12,16,8,15,0.8,6.2,9,0.0,55.7,55.58039840923453
I2723,U273,convenience_oriented,P089,coworking_space_05,synthetic,train,3,4,3,4,4,4,4,4,5,3,home,meeting,mixed,2_4h,morning,0,0,1,1,1,1,0,1,1,1,1,coworking_space,deep_study,solo,over_4h,evening,weekend,21.9,rainy,indoor,sometimes,3,5,4,3,4,4,5,3,4,3,9,20,12,12,20,16,16,20,3.0,10.9,9,0.0,75.7,59.986447478084315
I2724,U273,convenience_oriented,P050,cafe_14,synthetic,train,3,4,3,4,4,4,4,4,5,3,home,meeting,mixed,2_4h,morning,0,0,1,1,1,1,0,1,1,1,1,cafe,online_class,3_4,1_2h,morning,weekday,13.2,hot,indoor,rarely,3,5,2,3,2,4,3,3,4,3,9,20,6,12,12,16,8,20,2.0,6.6,9,1.0,60.2,53.74810296748849
I2725,U273,convenience_oriented,P044,cafe_08,synthetic,train,3,4,3,4,4,4,4,4,5,3,home,meeting,mixed,2_4h,morning,0,0,1,1,1,1,0,1,1,1,1,cafe,meeting,3_4,under_1h,morning,weekday,17.7,cloudy,indoor,first_time,3,4,3,4,2,4,3,4,4,2,9,16,9,16,12,16,8,20,0.6,8.9,12,1.0,50.6,58.85940520038652
I2726,U273,convenience_oriented,P069,classroom_07,synthetic,train,3,4,3,4,4,4,4,4,5,3,home,meeting,mixed,2_4h,morning,0,0,1,1,1,1,0,1,1,1,1,classroom,report_writing,solo,2_4h,morning,weekday,16.4,cloudy,indoor,often,3,4,3,3,3,3,3,3,3,4,9,16,9,12,12,12,12,15,2.6,8.2,9,1.0,57.4,57.34437098858474
I2727,U273,convenience_oriented,P092,coworking_space_08,synthetic,train,3,4,3,4,4,4,4,4,5,3,home,meeting,mixed,2_4h,morning,0,0,1,1,1,1,0,1,1,1,1,coworking_space,online_class,2,1_2h,early_morning,weekday,1.4,clear,indoor,often,2,4,3,4,3,4,4,4,4,3,6,16,9,16,16,16,12,20,2.0,0.7,12,0.5,69.0,63.534608632059985
I2728,U273,convenience_oriented,P005,library_05,synthetic,train,3,4,3,4,4,4,4,4,5,3,home,meeting,mixed,2_4h,morning,0,0,1,1,1,1,0,1,1,1,1,library,online_class,solo,1_2h,afternoon,weekday,7.5,clear,indoor,sometimes,5,4,4,5,3,4,4,3,4,4,15,16,12,20,16,16,12,20,2.0,3.7,9,0.5,65.6,70.5130616143461
I2729,U273,convenience_oriented,P085,coworking_space_01,synthetic,train,3,4,3,4,4,4,4,4,5,3,home,meeting,mixed,2_4h,morning,0,0,1,1,1,1,0,1,1,1,1,coworking_space,team_project,2,2_4h,evening,weekend,1.5,clear,indoor,sometimes,3,5,2,3,4,3,4,5,4,3,9,20,6,12,16,16,16,15,0.8,0.7,15,0.0,53.5,66.83246694206778
I2730,U273,convenience_oriented,P010,library_10,synthetic,train,3,4,3,4,4,4,4,4,5,3,home,meeting,mixed,2_4h,morning,0,0,1,1,1,1,0,1,1,1,1,library,report_writing,solo,2_4h,morning,weekday,6.9,clear,indoor,rarely,5,5,4,4,3,4,4,4,4,5,15,20,12,16,16,16,12,20,2.6,3.5,12,1.0,78.8,72.39538843256449
I2731,U274,quiet_deepwork,P010,library_10,synthetic,train,5,4,4,4,4,3,4,3,3,5,home,coding,mostly_solo,1_2h,afternoon,1,1,1,1,1,0,1,1,0,0,1,library,report_writing,solo,2_4h,morning,weekend,3.6,clear,indoor,rarely,5,5,4,4,3,4,4,5,4,5,25,20,16,16,16,16,9,12,4.3,1.3,25,0.5,85.7,81.60531398566937
I2732,U274,quiet_deepwork,P002,library_02,synthetic,train,5,4,4,4,4,3,4,3,3,5,home,coding,mostly_solo,1_2h,afternoon,1,1,1,1,1,0,1,1,0,0,1,library,coding,solo,1_2h,evening,weekday,11.9,clear,indoor,rarely,5,5,4,4,2,3,4,4,4,4,25,20,16,16,16,16,6,9,4.5,4.5,20,0.5,80.1,73.36254308520881
I2733,U274,quiet_deepwork,P078,computer_lab_04,synthetic,train,5,4,4,4,4,3,4,3,3,5,home,coding,mostly_solo,1_2h,afternoon,1,1,1,1,1,0,1,1,0,0,1,computer_lab,coding,solo,2_4h,afternoon,weekday,6.2,rainy,indoor,rarely,4,4,4,4,3,3,5,5,4,3,20,16,16,16,20,16,9,9,4.5,2.3,25,1.0,82.0,74.87120421388227
I2734,U274,quiet_deepwork,P002,library_02,synthetic,train,5,4,4,4,4,3,4,3,3,5,home,coding,mostly_solo,1_2h,afternoon,1,1,1,1,1,0,1,1,0,0,1,library,report_writing,solo,1_2h,late_night,weekday,2.8,clear,indoor,sometimes,5,5,4,4,2,3,4,5,4,4,25,20,16,16,16,16,6,9,4.3,1.1,25,0.0,82.7,78.97479993316699
I2735,U274,quiet_deepwork,P105,dorm_lounge_09,synthetic,train,5,4,4,4,4,3,4,3,3,5,home,coding,mostly_solo,1_2h,afternoon,1,1,1,1,1,0,1,1,0,0,1,dorm_lounge,coding,solo,1_2h,afternoon,weekday,14.0,cloudy,indoor,often,3,3,3,2,3,3,4,3,4,3,15,12,12,8,16,16,9,9,4.5,5.2,15,1.0,64.3,62.27020996253967
I2736,U274,quiet_deepwork,P080,computer_lab_06,synthetic,train,5,4,4,4,4,3,4,3,3,5,home,coding,mostly_solo,1_2h,afternoon,1,1,1,1,1,0,1,1,0,0,1,computer_lab,report_writing,solo,2_4h,afternoon,weekday,14.6,cloudy,indoor,sometimes,4,4,4,3,3,4,4,4,4,3,20,16,16,12,16,16,9,12,4.3,5.5,20,1.0,77.9,72.37229597425424
I2737,U274,quiet_deepwork,P106,dorm_lounge_10,synthetic,train,5,4,4,4,4,3,4,3,3,5,home,coding,mostly_solo,1_2h,afternoon,1,1,1,1,1,0,1,1,0,0,1,dorm_lounge,light_reading,solo,1_2h,late_night,weekday,6.4,clear,indoor,often,3,3,2,3,3,4,3,4,3,3,15,12,8,12,12,12,9,12,2.3,2.4,12,0.0,64.4,61.553617318117844
I2738,U274,quiet_deepwork,P055,home_01,synthetic,train,5,4,4,4,4,3,4,3,3,5,home,coding,mostly_solo,1_2h,afternoon,1,1,1,1,1,0,1,1,0,0,1,home,deep_study,solo,2_4h,morning,weekday,14.8,cloudy,indoor,often,4,3,5,4,4,5,5,3,4,5,20,12,20,16,20,16,12,15,5.0,5.6,15,0.5,83.7,75.56535365419754
I2739,U274,quiet_deepwork,P029,study_room_11,synthetic,train,5,4,4,4,4,3,4,3,3,5,home,coding,mostly_solo,1_2h,afternoon,1,1,1,1,1,0,1,1,0,0,1,study_room,report_writing,solo,over_4h,afternoon,weekday,9.6,clear,indoor,sometimes,4,4,3,4,2,4,4,4,4,3,20,16,12,16,16,16,6,12,4.3,3.6,20,1.0,75.7,71.74655655405142
I2740,U274,quiet_deepwork,P013,library_13,synthetic,train,5,4,4,4,4,3,4,3,3,5,home,coding,mostly_solo,1_2h,afternoon,1,1,1,1,1,0,1,1,0,0,1,library,report_writing,solo,over_4h,afternoon,weekday,1.0,cloudy,indoor,sometimes,5,4,4,4,3,3,5,5,4,4,25,16,16,16,20,16,9,9,4.3,0.4,25,1.0,84.3,80.60989301819215
I2741,U275,social_collaborative,P063,classroom_01,synthetic,train,3,4,3,3,3,3,3,4,4,3,coworking_space,deep_study,mostly_group,2_4h,evening,0,0,0,0,0,0,0,0,0,1,0,classroom,team_project,5_plus,2_4h,morning,weekday,7.9,clear,indoor,sometimes,3,4,3,3,2,3,3,3,3,3,9,16,9,9,9,9,8,12,0.8,3.0,9,0.0,54.8,57.77848486617033
I2742,U275,social_collaborative,P030,study_room_12,synthetic,train,3,4,3,3,3,3,3,4,4,3,coworking_space,deep_study,mostly_group,2_4h,evening,0,0,0,0,0,0,0,0,0,1,0,study_room,meeting,5_plus,1_2h,evening,weekday,10.6,clear,indoor,first_time,5,4,3,4,3,3,4,5,4,4,15,16,9,12,12,12,12,12,0.6,4.0,15,1.0,65.7,64.82533895865957
I2743,U275,social_collaborative,P109,outdoor_01,synthetic,train,3,4,3,3,3,3,3,4,4,3,coworking_space,deep_study,mostly_group,2_4h,evening,0,0,0,0,0,0,0,0,0,1,0,outdoor,light_reading,solo,1_2h,afternoon,weekday,17.5,clear,outdoor,first_time,2,5,3,3,2,3,1,4,3,3,6,20,9,9,3,9,8,12,1.4,6.6,12,0.5,50.2,46.1792712578455
I2744,U275,social_collaborative,P037,cafe_01,synthetic,train,3,4,3,3,3,3,3,4,4,3,coworking_space,deep_study,mostly_group,2_4h,evening,0,0,0,0,0,0,0,0,0,1,0,cafe,meeting,3_4,2_4h,morning,weekend,14.7,rainy,indoor,sometimes,3,4,2,2,2,4,3,4,4,4,9,16,6,6,9,12,8,16,0.6,5.5,12,0.0,59.7,57.692721949127545
I2745,U275,social_collaborative,P036,study_room_18,synthetic,train,3,4,3,3,3,3,3,4,4,3,coworking_space,deep_study,mostly_group,2_4h,evening,0,0,0,0,0,0,0,0,0,1,0,study_room,deep_study,2,1_2h,morning,weekend,7.0,rainy,indoor,sometimes,5,4,4,4,4,4,5,5,4,4,15,16,12,12,15,12,16,16,3.0,2.6,15,0.0,71.0,66.77851291168571
I2746,U275,social_collaborative,P083,computer_lab_09,synthetic,train,3,4,3,3,3,3,3,4,4,3,coworking_space,deep_study,mostly_group,2_4h,evening,0,0,0,0,0,0,0,0,0,1,0,computer_lab,team_project,5_plus,1_2h,afternoon,weekday,1.0,clear,indoor,often,4,4,3,3,4,3,5,3,4,3,12,16,9,9,15,12,16,12,0.8,0.4,9,0.5,62.5,67.1864317780765
I2747,U275,social_collaborative,P087,coworking_space_03,synthetic,train,3,4,3,3,3,3,3,4,4,3,coworking_space,deep_study,mostly_group,2_4h,evening,0,0,0,0,0,0,0,0,0,1,0,coworking_space,team_project,5_plus,1_2h,evening,weekend,18.3,rainy,indoor,often,4,4,3,2,5,4,4,5,4,4,12,16,9,6,12,12,20,16,0.8,6.9,15,1.0,65.8,66.20353291310923
I2748,U275,social_collaborative,P109,outdoor_01,synthetic,train,3,4,3,3,3,3,3,4,4,3,coworking_space,deep_study,mostly_group,2_4h,evening,0,0,0,0,0,0,0,0,0,1,0,outdoor,team_project,3_4,1_2h,late_night,weekend,14.5,clear,outdoor,rarely,2,5,3,3,2,3,1,3,3,3,6,20,9,9,3,9,8,12,0.8,5.4,9,0.5,57.6,49.01124317930831
I2749,U275,social_collaborative,P041,cafe_05,synthetic,train,3,4,3,3,3,3,3,4,4,3,coworking_space,deep_study,mostly_group,2_4h,evening,0,0,0,0,0,0,0,0,0,1,0,cafe,light_reading,solo,1_2h,late_night,weekend,13.1,cloudy,indoor,often,2,4,2,3,2,4,4,4,4,3,6,16,6,9,12,12,8,16,1.4,4.9,12,0.5,51.4,55.032177983014144
I2750,U275,social_collaborative,P045,cafe_09,synthetic,train,3,4,3,3,3,3,3,4,4,3,coworking_space,deep_study,mostly_group,2_4h,evening,0,0,0,0,0,0,0,0,0,1,0,cafe,light_reading,5_plus,under_1h,evening,weekday,8.9,clear,indoor,often,2,3,2,2,3,3,3,4,3,3,6,12,6,6,9,9,12,12,1.4,3.3,12,1.0,56.2,51.481562685074906
I2751,U276,quiet_deepwork,P015,library_15,synthetic,train,4,4,5,5,5,3,4,3,5,5,library,coding,mostly_solo,2_4h,late_night,1,1,1,1,1,0,1,1,0,1,1,library,deep_study,solo,2_4h,evening,weekday,15.7,cold,indoor,sometimes,4,4,4,5,2,4,3,5,4,4,16,16,20,25,15,16,6,20,5.0,5.9,25,0.5,79.7,79.38741896815431
I2752,U276,quiet_deepwork,P001,library_01,synthetic,train,4,4,5,5,5,3,4,3,5,5,library,coding,mostly_solo,2_4h,late_night,1,1,1,1,1,0,1,1,0,1,1,library,report_writing,3_4,2_4h,evening,weekday,9.6,cloudy,indoor,rarely,5,4,4,5,2,3,4,4,4,4,20,16,20,25,20,16,6,15,4.3,3.6,20,0.5,78.0,76.88920952614173
I2753,U276,quiet_deepwork,P027,study_room_09,synthetic,train,4,4,5,5,5,3,4,3,5,5,library,coding,mostly_solo,2_4h,late_night,1,1,1,1,1,0,1,1,0,1,1,study_room,coding,solo,1_2h,early_morning,weekday,3.5,hot,indoor,rarely,5,3,3,4,4,3,3,5,3,3,20,12,15,20,15,12,12,15,4.5,1.3,25,0.0,62.1,75.10629316106454
I2754,U276,quiet_deepwork,P025,study_room_07,synthetic,train,4,4,5,5,5,3,4,3,5,5,library,coding,mostly_solo,2_4h,late_night,1,1,1,1,1,0,1,1,0,1,1,study_room,coding,2,over_4h,evening,weekday,9.3,rainy,indoor,rarely,4,4,3,4,4,4,4,5,4,3,16,16,15,20,20,16,12,20,4.5,3.5,25,0.5,67.0,74.53226155567646
I2755,U276,quiet_deepwork,P096,coworking_space_12,synthetic,train,4,4,5,5,5,3,4,3,5,5,library,coding,mostly_solo,2_4h,late_night,1,1,1,1,1,0,1,1,0,1,1,coworking_space,deep_study,solo,under_1h,morning,weekday,18.6,cold,indoor,sometimes,3,3,4,3,3,5,5,3,4,3,12,12,20,15,25,16,9,25,5.0,7.0,15,0.0,66.6,72.53163685507923
I2756,U276,quiet_deepwork,P010,library_10,synthetic,train,4,4,5,5,5,3,4,3,5,5,library,coding,mostly_solo,2_4h,late_night,1,1,1,1,1,0,1,1,0,1,1,library,coding,solo,over_4h,afternoon,weekday,6.3,clear,indoor,rarely,5,5,4,4,3,4,4,5,4,5,20,20,20,20,20,16,9,20,4.5,2.4,25,0.0,76.8,83.50140757288449
I2757,U276,quiet_deepwork,P082,computer_lab_08,synthetic,train,4,4,5,5,5,3,4,3,5,5,library,coding,mostly_solo,2_4h,late_night,1,1,1,1,1,0,1,1,0,1,1,computer_lab,online_class,solo,1_2h,afternoon,weekend,1.0,rainy,indoor,first_time,3,4,4,4,3,3,5,4,3,3,12,16,20,20,25,12,9,15,3.3,0.4,12,0.0,65.4,72.06393114308516
I2758,U276,quiet_deepwork,P081,computer_lab_07,synthetic,train,4,4,5,5,5,3,4,3,5,5,library,coding,mostly_solo,2_4h,late_night,1,1,1,1,1,0,1,1,0,1,1,computer_lab,report_writing,solo,2_4h,late_night,weekday,1.4,clear,indoor,first_time,4,4,2,3,3,3,4,4,4,3,16,16,10,15,20,16,9,15,4.3,0.5,20,1.0,59.3,73.40579026348973
I2759,U276,quiet_deepwork,P001,library_01,synthetic,train,4,4,5,5,5,3,4,3,5,5,library,coding,mostly_solo,2_4h,late_night,1,1,1,1,1,0,1,1,0,1,1,library,coding,solo,2_4h,morning,weekday,12.6,cloudy,indoor,sometimes,5,4,4,5,2,3,4,4,4,4,20,16,20,25,20,16,6,15,4.5,4.7,20,0.0,73.0,79.07382857789446
I2760,U276,quiet_deepwork,P033,study_room_15,synthetic,train,4,4,5,5,5,3,4,3,5,5,library,coding,mostly_solo,2_4h,late_night,1,1,1,1,1,0,1,1,0,1,1,study_room,report_writing,solo,under_1h,afternoon,weekday,1.0,cloudy,indoor,sometimes,5,3,4,3,4,4,4,5,5,4,20,12,20,15,20,20,12,20,4.3,0.4,25,0.0,88.9,85.02753530967385
I2761,U277,quiet_deepwork,P008,library_08,synthetic,valid,4,3,5,4,3,4,3,4,3,5,study_room,team_project,mostly_solo,2_4h,morning,1,1,1,0,0,1,1,0,1,0,1,library,coding,solo,2_4h,evening,weekday,11.5,clear,indoor,rarely,5,5,4,4,2,3,4,4,4,4,20,15,20,16,12,12,8,9,4.5,5.7,20,0.0,68.9,66.14222726672702
I2762,U277,quiet_deepwork,P030,study_room_12,synthetic,valid,4,3,5,4,3,4,3,4,3,5,study_room,team_project,mostly_solo,2_4h,morning,1,1,1,0,0,1,1,0,1,0,1,study_room,report_writing,2,2_4h,afternoon,weekend,10.4,clear,indoor,first_time,5,4,3,4,3,3,4,5,4,4,20,12,15,16,12,12,12,9,4.3,5.2,25,0.5,66.5,64.97407305121345
I2763,U277,quiet_deepwork,P017,library_17,synthetic,valid,4,3,5,4,3,4,3,4,3,5,study_room,team_project,mostly_solo,2_4h,morning,1,1,1,0,0,1,1,0,1,0,1,library,coding,2,1_2h,morning,weekday,5.1,rainy,indoor,rarely,5,4,4,5,3,3,4,4,5,4,20,12,20,20,12,15,12,9,4.5,2.6,20,1.0,62.2,68.70083275999976
I2764,U277,quiet_deepwork,P016,library_16,synthetic,valid,4,3,5,4,3,4,3,4,3,5,study_room,team_project,mostly_solo,2_4h,morning,1,1,1,0,0,1,1,0,1,0,1,library,deep_study,solo,2_4h,evening,weekday,9.3,clear,indoor,sometimes,5,4,3,5,3,4,3,5,4,4,20,12,15,20,9,12,12,12,5.0,4.7,25,0.0,68.9,71.17515757105583
I2765,U277,quiet_deepwork,P002,library_02,synthetic,valid,4,3,5,4,3,4,3,4,3,5,study_room,team_project,mostly_solo,2_4h,morning,1,1,1,0,0,1,1,0,1,0,1,library,online_class,2,1_2h,afternoon,weekend,7.3,cloudy,indoor,often,5,5,4,4,2,3,4,4,4,4,20,15,20,16,12,12,8,9,3.3,3.6,12,0.5,72.9,64.54961276399723
I2766,U277,quiet_deepwork,P004,library_04,synthetic,valid,4,3,5,4,3,4,3,4,3,5,study_room,team_project,mostly_solo,2_4h,morning,1,1,1,0,0,1,1,0,1,0,1,library,deep_study,solo,under_1h,morning,weekend,1.0,rainy,indoor,sometimes,5,3,3,4,2,4,4,5,3,4,20,9,15,16,12,9,8,12,5.0,0.5,25,1.0,74.9,73.78682941033463
I2767,U277,quiet_deepwork,P071,classroom_09,synthetic,valid,4,3,5,4,3,4,3,4,3,5,study_room,team_project,mostly_solo,2_4h,morning,1,1,1,0,0,1,1,0,1,0,1,classroom,report_writing,solo,over_4h,afternoon,weekend,13.0,clear,indoor,sometimes,3,3,3,3,3,3,3,3,3,4,12,9,15,12,9,9,12,9,4.3,6.5,15,0.5,44.2,58.02639640604126
I2768,U277,quiet_deepwork,P004,library_04,synthetic,valid,4,3,5,4,3,4,3,4,3,5,study_room,team_project,mostly_solo,2_4h,morning,1,1,1,0,0,1,1,0,1,0,1,library,coding,solo,over_4h,late_night,weekend,4.0,hot,indoor,sometimes,5,3,3,4,2,4,4,4,3,4,20,9,15,16,12,9,8,12,4.5,2.0,20,0.0,63.3,67.25849674657024
I2769,U277,quiet_deepwork,P003,library_03,synthetic,valid,4,3,5,4,3,4,3,4,3,5,study_room,team_project,mostly_solo,2_4h,morning,1,1,1,0,0,1,1,0,1,0,1,library,coding,solo,1_2h,morning,weekday,1.9,clear,indoor,sometimes,5,3,4,5,3,3,4,4,4,4,20,9,20,20,12,12,12,9,4.5,0.9,20,1.0,76.7,74.41411667122185
I2770,U277,quiet_deepwork,P005,library_05,synthetic,valid,4,3,5,4,3,4,3,4,3,5,study_room,team_project,mostly_solo,2_4h,morning,1,1,1,0,0,1,1,0,1,0,1,library,coding,5_plus,2_4h,afternoon,weekday,3.4,clear,indoor,sometimes,5,4,4,5,3,4,4,4,4,4,20,12,20,20,12,12,12,12,4.5,1.7,20,0.5,66.4,71.63282441256328
I2771,U278,quiet_deepwork,P110,outdoor_02,synthetic,valid,5,4,4,4,5,3,4,4,5,5,home,deep_study,mostly_solo,under_1h,afternoon,1,1,1,1,1,0,1,1,0,1,1,outdoor,coding,solo,2_4h,afternoon,weekday,7.3,cloudy,outdoor,sometimes,3,4,3,3,2,3,2,2,2,3,15,16,12,12,10,8,8,15,4.5,2.7,10,1.0,51.4,58.98858282669703
I2772,U278,quiet_deepwork,P024,study_room_06,synthetic,valid,5,4,4,4,5,3,4,4,5,5,home,deep_study,mostly_solo,under_1h,afternoon,1,1,1,1,1,0,1,1,0,1,1,study_room,meeting,2,1_2h,afternoon,weekday,1.0,clear,indoor,first_time,4,4,3,4,3,4,4,5,4,3,20,16,12,16,20,16,12,20,1.0,0.4,15,1.0,64.8,77.9899482659709
I2773,U278,quiet_deepwork,P097,dorm_lounge_01,synthetic,valid,5,4,4,4,5,3,4,4,5,5,home,deep_study,mostly_solo,under_1h,afternoon,1,1,1,1,1,0,1,1,0,1,1,dorm_lounge,light_reading,solo,2_4h,early_morning,weekday,10.8,clear,indoor,sometimes,3,3,3,2,3,4,5,4,4,2,15,12,12,8,25,16,12,20,2.3,4.1,12,0.0,60.1,70.05152872159769
I2774,U278,quiet_deepwork,P072,classroom_10,synthetic,valid,5,4,4,4,5,3,4,4,5,5,home,deep_study,mostly_solo,under_1h,afternoon,1,1,1,1,1,0,1,1,0,1,1,classroom,report_writing,solo,2_4h,morning,weekend,17.9,clear,indoor,rarely,3,3,4,3,3,3,4,3,3,3,15,12,16,12,20,12,12,15,4.3,6.7,15,0.5,56.5,67.34442744385233
I2775,U278,quiet_deepwork,P080,computer_lab_06,synthetic,valid,5,4,4,4,5,3,4,4,5,5,home,deep_study,mostly_solo,under_1h,afternoon,1,1,1,1,1,0,1,1,0,1,1,computer_lab,deep_study,solo,2_4h,morning,weekday,1.0,clear,indoor,first_time,4,4,4,3,3,4,4,4,4,3,20,16,16,12,20,16,12,20,5.0,0.4,20,0.5,72.6,79.07431901836893
I2776,U278,quiet_deepwork,P045,cafe_09,synthetic,valid,5,4,4,4,5,3,4,4,5,5,home,deep_study,mostly_solo,under_1h,afternoon,1,1,1,1,1,0,1,1,0,1,1,cafe,coding,3_4,2_4h,afternoon,weekday,8.7,clear,indoor,sometimes,2,3,2,2,3,3,3,4,3,3,10,12,8,8,15,12,12,15,4.5,3.3,20,1.0,48.9,61.66933726489224
I2777,U278,quiet_deepwork,P032,study_room_14,synthetic,valid,5,4,4,4,5,3,4,4,5,5,home,deep_study,mostly_solo,under_1h,afternoon,1,1,1,1,1,0,1,1,0,1,1,study_room,report_writing,solo,2_4h,morning,weekday,18.1,hot,indoor,first_time,4,4,4,4,4,3,4,4,4,4,20,16,16,16,20,16,16,15,4.3,6.8,20,0.5,74.7,74.58829945895302
I2778,U278,quiet_deepwork,P014,library_14,synthetic,valid,5,4,4,4,5,3,4,4,5,5,home,deep_study,mostly_solo,under_1h,afternoon,1,1,1,1,1,0,1,1,0,1,1,library,report_writing,solo,2_4h,evening,weekday,7.2,cold,indoor,sometimes,5,4,5,4,3,4,4,5,4,4,25,16,20,16,20,16,12,20,4.3,2.7,25,0.5,89.7,86.44327289503654
I2779,U278,quiet_deepwork,P028,study_room_10,synthetic,valid,5,4,4,4,5,3,4,4,5,5,home,deep_study,mostly_solo,under_1h,afternoon,1,1,1,1,1,0,1,1,0,1,1,study_room,deep_study,3_4,1_2h,afternoon,weekday,18.7,cloudy,indoor,sometimes,4,4,3,3,4,4,5,4,4,3,20,16,12,12,25,16,16,20,5.0,7.0,20,1.0,75.9,74.65650874322719
I2780,U278,quiet_deepwork,P004,library_04,synthetic,valid,5,4,4,4,5,3,4,4,5,5,home,deep_study,mostly_solo,under_1h,afternoon,1,1,1,1,1,0,1,1,0,1,1,library,deep_study,solo,2_4h,morning,weekend,2.4,clear,indoor,sometimes,5,3,3,4,2,4,4,5,3,4,25,12,12,16,20,12,8,20,5.0,0.9,25,0.5,82.0,82.39408401875427
I2781,U279,balanced,P027,study_room_09,synthetic,train,4,4,4,5,4,4,4,4,4,4,computer_lab,report_writing,mostly_solo,2_4h,afternoon,1,1,1,1,1,1,1,1,1,1,1,study_room,deep_study,3_4,1_2h,afternoon,weekday,7.1,cold,indoor,sometimes,5,3,3,4,4,3,3,4,3,3,20,12,12,20,12,12,16,12,4.0,3.6,16,1.0,75.8,66.36322233514554
I2782,U279,balanced,P013,library_13,synthetic,train,4,4,4,5,4,4,4,4,4,4,computer_lab,report_writing,mostly_solo,2_4h,afternoon,1,1,1,1,1,1,1,1,1,1,1,library,report_writing,solo,2_4h,morning,weekend,2.7,cold,indoor,often,5,4,4,4,3,3,5,5,4,4,20,16,16,20,20,16,12,12,3.4,1.4,20,0.5,92.8,79.42574461689578
I2783,U279,balanced,P101,dorm_lounge_05,synthetic,train,4,4,4,5,4,4,4,4,4,4,computer_lab,report_writing,mostly_solo,2_4h,afternoon,1,1,1,1,1,1,1,1,1,1,1,dorm_lounge,coding,2,1_2h,afternoon,weekend,6.2,clear,indoor,first_time,3,4,2,2,3,4,4,3,4,3,12,16,8,10,16,16,12,16,3.6,3.1,12,1.0,55.3,57.562315433932376
I2784,U279,balanced,P055,home_01,synthetic,train,4,4,4,5,4,4,4,4,4,4,computer_lab,report_writing,mostly_solo,2_4h,afternoon,1,1,1,1,1,1,1,1,1,1,1,home,coding,solo,2_4h,morning,weekend,9.3,cloudy,indoor,sometimes,4,3,5,4,4,5,5,4,4,5,16,12,20,20,20,16,16,20,3.6,4.7,16,0.5,74.0,76.78316414648627
I2785,U279,balanced,P045,cafe_09,synthetic,train,4,4,4,5,4,4,4,4,4,4,computer_lab,report_writing,mostly_solo,2_4h,afternoon,1,1,1,1,1,1,1,1,1,1,1,cafe,light_reading,solo,under_1h,evening,weekend,3.2,hot,indoor,rarely,2,3,2,2,3,3,3,4,3,3,8,12,8,10,12,12,12,12,1.8,1.6,12,0.5,51.6,54.687960035871264
I2786,U279,balanced,P026,study_room_08,synthetic,train,4,4,4,5,4,4,4,4,4,4,computer_lab,report_writing,mostly_solo,2_4h,afternoon,1,1,1,1,1,1,1,1,1,1,1,study_room,light_reading,solo,2_4h,evening,weekday,18.9,hot,indoor,first_time,4,5,4,4,5,4,4,3,4,3,16,20,16,20,16,16,20,16,1.8,9.4,9,0.5,66.6,65.02498360864459
I2787,U279,balanced,P070,classroom_08,synthetic,train,4,4,4,5,4,4,4,4,4,4,computer_lab,report_writing,mostly_solo,2_4h,afternoon,1,1,1,1,1,1,1,1,1,1,1,classroom,team_project,3_4,2_4h,early_morning,weekend,9.3,cloudy,indoor,first_time,3,4,3,2,3,2,3,4,2,3,12,16,12,10,12,8,12,8,1.0,4.6,12,0.0,58.4,57.72130422332182
I2788,U279,balanced,P097,dorm_lounge_01,synthetic,train,4,4,4,5,4,4,4,4,4,4,computer_lab,report_writing,mostly_solo,2_4h,afternoon,1,1,1,1,1,1,1,1,1,1,1,dorm_lounge,online_class,2,1_2h,afternoon,weekend,11.1,cloudy,indoor,sometimes,3,3,3,2,3,4,5,2,4,2,12,12,12,10,20,16,12,16,2.6,5.5,6,1.0,55.5,57.11223136901209
I2789,U279,balanced,P004,library_04,synthetic,train,4,4,4,5,4,4,4,4,4,4,computer_lab,report_writing,mostly_solo,2_4h,afternoon,1,1,1,1,1,1,1,1,1,1,1,library,deep_study,solo,2_4h,early_morning,weekday,1.9,cold,indoor,often,5,3,3,4,2,4,4,5,3,4,20,12,12,20,16,12,8,16,4.0,1.0,20,0.0,67.3,74.48128128649262
I2790,U279,balanced,P042,cafe_06,synthetic,train,4,4,4,5,4,4,4,4,4,4,computer_lab,report_writing,mostly_solo,2_4h,afternoon,1,1,1,1,1,1,1,1,1,1,1,cafe,online_class,solo,1_2h,evening,weekday,11.2,cloudy,indoor,first_time,3,4,2,3,2,4,3,3,4,3,12,16,8,15,12,16,8,16,2.6,5.6,9,0.5,51.4,56.48586236943086
I2791,U280,comfort_oriented,P040,cafe_04,synthetic,valid,4,4,4,4,4,4,3,4,5,3,cafe,online_class,mixed,1_2h,evening,1,1,1,0,1,1,1,1,1,1,1,cafe,light_reading,solo,2_4h,morning,weekday,9.6,cold,indoor,sometimes,3,4,2,3,3,4,3,4,4,3,12,16,8,12,12,12,12,20,1.4,4.8,12,0.0,62.0,61.79361240842951
I2792,U280,comfort_oriented,P056,home_02,synthetic,valid,4,4,4,4,4,4,3,4,5,3,cafe,online_class,mixed,1_2h,evening,1,1,1,0,1,1,1,1,1,1,1,home,report_writing,2,2_4h,afternoon,weekend,11.2,rainy,indoor,rarely,4,3,5,4,5,4,5,4,5,5,16,12,20,16,20,15,20,20,2.6,5.6,12,0.5,76.8,71.06020045794375
I2793,U280,comfort_oriented,P071,classroom_09,synthetic,valid,4,4,4,4,4,4,3,4,5,3,cafe,online_class,mixed,1_2h,evening,1,1,1,0,1,1,1,1,1,1,1,classroom,report_writing,solo,over_4h,afternoon,weekday,2.9,cloudy,indoor,sometimes,3,3,3,3,3,3,3,3,3,4,12,12,12,12,12,9,12,15,2.6,1.5,9,0.5,66.6,61.721749311057735
I2794,U280,comfort_oriented,P009,library_09,synthetic,valid,4,4,4,4,4,4,3,4,5,3,cafe,online_class,mixed,1_2h,evening,1,1,1,0,1,1,1,1,1,1,1,library,light_reading,solo,1_2h,afternoon,weekday,13.4,cloudy,indoor,rarely,4,4,3,4,2,4,4,4,4,4,16,16,12,16,16,12,8,20,1.4,6.7,12,0.5,68.7,65.70290880300917
I2795,U280,comfort_oriented,P083,computer_lab_09,synthetic,valid,4,4,4,4,4,4,3,4,5,3,cafe,online_class,mixed,1_2h,evening,1,1,1,0,1,1,1,1,1,1,1,computer_lab,online_class,2,over_4h,evening,weekend,5.0,clear,indoor,sometimes,4,4,3,3,4,3,5,5,4,3,16,16,12,12,20,12,16,15,2.0,2.5,15,1.0,73.5,69.18784584895342
I2796,U280,comfort_oriented,P022,study_room_04,synthetic,valid,4,4,4,4,4,4,3,4,5,3,cafe,online_class,mixed,1_2h,evening,1,1,1,0,1,1,1,1,1,1,1,study_room,deep_study,solo,1_2h,evening,weekday,17.3,cloudy,indoor,sometimes,4,5,3,4,5,3,4,5,4,4,16,20,12,16,16,12,20,15,3.0,8.6,15,1.0,63.2,68.8426965383785
I2797,U280,comfort_oriented,P059,home_05,synthetic,valid,4,4,4,4,4,4,3,4,5,3,cafe,online_class,mixed,1_2h,evening,1,1,1,0,1,1,1,1,1,1,1,home,light_reading,2,1_2h,afternoon,weekend,10.5,clear,indoor,sometimes,4,5,5,4,5,4,4,4,5,5,16,20,20,16,16,15,20,20,1.4,5.2,12,0.5,77.1,72.88358647363825
I2798,U280,comfort_oriented,P001,library_01,synthetic,valid,4,4,4,4,4,4,3,4,5,3,cafe,online_class,mixed,1_2h,evening,1,1,1,0,1,1,1,1,1,1,1,library,deep_study,solo,over_4h,morning,weekday,6.4,cloudy,indoor,first_time,5,4,4,5,2,3,4,5,4,4,20,16,16,20,16,12,8,15,3.0,3.2,15,0.0,66.2,70.84009071851611
I2799,U280,comfort_oriented,P056,home_02,synthetic,valid,4,4,4,4,4,4,3,4,5,3,cafe,online_class,mixed,1_2h,evening,1,1,1,0,1,1,1,1,1,1,1,home,report_writing,2,1_2h,late_night,weekday,5.7,clear,indoor,rarely,4,3,5,4,5,4,5,4,5,5,16,12,20,16,20,15,20,20,2.6,2.9,12,0.5,72.8,72.8567488503717
I2800,U280,comfort_oriented,P087,coworking_space_03,synthetic,valid,4,4,4,4,4,4,3,4,5,3,cafe,online_class,mixed,1_2h,evening,1,1,1,0,1,1,1,1,1,1,1,coworking_space,deep_study,solo,1_2h,late_night,weekend,17.1,clear,indoor,sometimes,4,4,3,2,5,4,4,4,4,4,16,16,12,8,16,12,20,20,3.0,8.6,12,0.5,52.4,65.66661945275366
I2801,U281,convenience_oriented,P092,coworking_space_08,synthetic,train,3,3,4,3,4,5,4,2,3,3,study_room,report_writing,mixed,1_2h,evening,0,1,0,1,1,1,0,1,1,0,0,coworking_space,light_reading,solo,1_2h,evening,weekend,7.7,clear,indoor,sometimes,2,4,3,4,3,4,4,3,4,3,6,12,12,12,16,16,6,12,1.4,4.8,9,1.0,51.7,54.4701431044209
I2802,U281,convenience_oriented,P070,classroom_08,synthetic,train,3,3,4,3,4,5,4,2,3,3,study_room,report_writing,mixed,1_2h,evening,0,1,0,1,1,1,0,1,1,0,0,classroom,light_reading,solo,1_2h,evening,weekday,12.4,cold,indoor,sometimes,3,4,3,2,3,2,3,3,2,3,9,12,12,6,12,8,6,6,1.4,7.8,9,1.0,45.1,46.25953349352863
I2803,U281,convenience_oriented,P048,cafe_12,synthetic,train,3,3,4,3,4,5,4,2,3,3,study_room,report_writing,mixed,1_2h,evening,0,1,0,1,1,1,0,1,1,0,0,cafe,online_class,solo,under_1h,early_morning,weekday,3.3,clear,indoor,sometimes,2,5,2,3,1,4,3,3,3,3,6,15,8,9,12,12,2,12,2.0,2.1,9,0.0,63.9,51.25681694113652
I2804,U281,convenience_oriented,P042,cafe_06,synthetic,train,3,3,4,3,4,5,4,2,3,3,study_room,report_writing,mixed,1_2h,evening,0,1,0,1,1,1,0,1,1,0,0,cafe,report_writing,solo,over_4h,afternoon,weekday,15.3,clear,indoor,first_time,3,4,2,3,2,4,3,3,4,3,9,12,8,9,12,16,4,12,2.6,9.5,9,0.5,54.2,46.31033917843874
I2805,U281,convenience_oriented,P020,study_room_02,synthetic,train,3,3,4,3,4,5,4,2,3,3,study_room,report_writing,mixed,1_2h,evening,0,1,0,1,1,1,0,1,1,0,0,study_room,report_writing,solo,2_4h,evening,weekend,7.8,cold,indoor,sometimes,4,4,4,5,3,4,4,5,4,4,12,12,16,15,16,16,6,12,2.6,4.9,15,1.0,66.8,63.706564630173695
I2806,U281,convenience_oriented,P075,computer_lab_01,synthetic,train,3,3,4,3,4,5,4,2,3,3,study_room,report_writing,mixed,1_2h,evening,0,1,0,1,1,1,0,1,1,0,0,computer_lab,report_writing,solo,2_4h,afternoon,weekend,8.7,clear,indoor,sometimes,3,3,3,4,3,4,5,4,3,3,9,9,12,12,20,12,6,12,2.6,5.5,12,0.5,53.5,59.0769482748141
I2807,U281,convenience_oriented,P084,computer_lab_10,synthetic,train,3,3,4,3,4,5,4,2,3,3,study_room,report_writing,mixed,1_2h,evening,0,1,0,1,1,1,0,1,1,0,0,computer_lab,coding,3_4,1_2h,early_morning,weekend,11.0,rainy,indoor,first_time,4,4,3,4,3,3,4,4,3,2,12,12,12,12,16,12,6,9,2.7,6.9,12,0.0,40.9,50.91534482640511
I2808,U281,convenience_oriented,P009,library_09,synthetic,train,3,3,4,3,4,5,4,2,3,3,study_room,report_writing,mixed,1_2h,evening,0,1,0,1,1,1,0,1,1,0,0,library,light_reading,solo,over_4h,evening,weekend,9.5,rainy,indoor,rarely,4,4,3,4,2,4,4,5,4,4,12,12,12,12,16,16,4,12,1.4,5.9,15,1.0,57.4,58.97392091794347
I2809,U281,convenience_oriented,P003,library_03,synthetic,train,3,3,4,3,4,5,4,2,3,3,study_room,report_writing,mixed,1_2h,evening,0,1,0,1,1,1,0,1,1,0,0,library,report_writing,solo,2_4h,afternoon,weekday,6.2,cold,indoor,often,5,3,4,5,3,3,4,4,4,4,15,9,16,15,16,16,6,9,2.6,3.9,12,0.5,65.0,64.4641571037651
I2810,U281,convenience_oriented,P033,study_room_15,synthetic,train,3,3,4,3,4,5,4,2,3,3,study_room,report_writing,mixed,1_2h,evening,0,1,0,1,1,1,0,1,1,0,0,study_room,coding,solo,over_4h,morning,weekday,1.0,hot,indoor,often,5,3,4,3,4,4,4,4,5,4,15,9,16,9,16,20,8,12,2.7,0.6,12,0.0,72.2,66.74349650245296
I2811,U282,quiet_deepwork,P029,study_room_11,synthetic,train,5,4,4,3,4,3,5,3,5,5,cafe,light_reading,mostly_solo,1_2h,morning,1,1,0,1,1,0,1,1,0,1,0,study_room,online_class,solo,1_2h,morning,weekday,5.4,rainy,indoor,rarely,4,4,3,4,2,4,4,4,4,3,20,16,12,12,16,20,6,20,3.3,2.0,12,1.0,78.8,70.79998259552148
I2812,U282,quiet_deepwork,P109,outdoor_01,synthetic,train,5,4,4,3,4,3,5,3,5,5,cafe,light_reading,mostly_solo,1_2h,morning,1,1,0,1,1,0,1,1,0,1,0,outdoor,coding,solo,over_4h,evening,weekday,16.4,hot,outdoor,sometimes,2,5,3,3,2,3,1,2,3,3,10,20,12,9,4,15,6,15,4.5,6.2,10,0.0,39.5,49.69376635792664
I2813,U282,quiet_deepwork,P011,library_11,synthetic,train,5,4,4,3,4,3,5,3,5,5,cafe,light_reading,mostly_solo,1_2h,morning,1,1,0,1,1,0,1,1,0,1,0,library,report_writing,solo,under_1h,evening,weekday,10.4,rainy,indoor,rarely,5,4,4,4,2,4,4,4,4,3,25,16,16,12,16,20,6,20,4.3,3.9,20,0.0,75.6,75.53059903059908
I2814,U282,quiet_deepwork,P108,dorm_lounge_12,synthetic,train,5,4,4,3,4,3,5,3,5,5,cafe,light_reading,mostly_solo,1_2h,morning,1,1,0,1,1,0,1,1,0,1,0,dorm_lounge,light_reading,solo,1_2h,evening,weekend,10.2,clear,indoor,often,2,4,3,3,3,3,3,3,3,3,10,16,12,9,12,15,9,15,2.3,3.8,9,0.0,53.1,58.993007347543895
I2815,U282,quiet_deepwork,P010,library_10,synthetic,train,5,4,4,3,4,3,5,3,5,5,cafe,light_reading,mostly_solo,1_2h,morning,1,1,0,1,1,0,1,1,0,1,0,library,deep_study,solo,over_4h,afternoon,weekend,9.0,clear,indoor,often,5,5,4,4,3,4,4,5,4,5,25,20,16,12,16,20,9,20,5.0,3.4,25,0.5,81.5,82.29088164956246
I2816,U282,quiet_deepwork,P117,outdoor_09,synthetic,train,5,4,4,3,4,3,5,3,5,5,cafe,light_reading,mostly_solo,1_2h,morning,1,1,0,1,1,0,1,1,0,1,0,outdoor,coding,solo,2_4h,afternoon,weekday,13.5,rainy,outdoor,first_time,2,5,3,3,2,3,1,1,3,3,10,20,12,9,4,15,6,15,4.5,5.1,5,0.5,39.1,47.80480462174204
I2817,U282,quiet_deepwork,P034,study_room_16,synthetic,train,5,4,4,3,4,3,5,3,5,5,cafe,light_reading,mostly_solo,1_2h,morning,1,1,0,1,1,0,1,1,0,1,0,study_room,deep_study,solo,2_4h,afternoon,weekend,8.6,cloudy,indoor,rarely,4,4,4,4,4,3,4,5,5,3,20,16,16,12,16,25,12,15,5.0,3.2,25,0.5,81.4,75.87756117206678
I2818,U282,quiet_deepwork,P095,coworking_space_11,synthetic,train,5,4,4,3,4,3,5,3,5,5,cafe,light_reading,mostly_solo,1_2h,morning,1,1,0,1,1,0,1,1,0,1,0,coworking_space,light_reading,solo,under_1h,afternoon,weekday,10.3,cloudy,indoor,sometimes,4,4,3,3,4,4,5,3,4,4,20,16,12,9,20,20,12,20,2.3,3.9,9,0.5,67.7,69.7471820536983
I2819,U282,quiet_deepwork,P028,study_room_10,synthetic,train,5,4,4,3,4,3,5,3,5,5,cafe,light_reading,mostly_solo,1_2h,morning,1,1,0,1,1,0,1,1,0,1,0,study_room,report_writing,solo,2_4h,afternoon,weekday,16.3,rainy,indoor,rarely,4,4,3,3,4,4,5,4,4,3,20,16,12,9,20,20,12,20,4.3,6.1,20,0.5,73.6,72.36116356127849
I2820,U282,quiet_deepwork,P039,cafe_03,synthetic,train,5,4,4,3,4,3,5,3,5,5,cafe,light_reading,mostly_solo,1_2h,morning,1,1,0,1,1,0,1,1,0,1,0,cafe,light_reading,solo,1_2h,afternoon,weekday,3.7,hot,indoor,first_time,3,4,2,3,2,4,3,4,4,4,15,16,8,9,12,20,6,20,2.3,1.4,12,0.5,58.2,61.43477751973444
I2821,U283,quiet_deepwork,P108,dorm_lounge_12,synthetic,train,4,4,5,3,4,2,4,4,4,4,study_room,report_writing,mostly_solo,over_4h,early_morning,1,1,0,1,1,0,1,1,0,1,0,dorm_lounge,team_project,5_plus,2_4h,evening,weekend,10.4,cloudy,indoor,sometimes,2,4,3,3,3,3,3,4,3,3,8,16,15,9,12,12,12,12,1.0,2.6,12,0.0,58.1,61.43426541672901
I2822,U283,quiet_deepwork,P026,study_room_08,synthetic,train,4,4,5,3,4,2,4,4,4,4,study_room,report_writing,mostly_solo,over_4h,early_morning,1,1,0,1,1,0,1,1,0,1,0,study_room,report_writing,solo,1_2h,early_morning,weekday,15.8,clear,indoor,first_time,4,5,4,4,5,4,4,4,4,3,16,20,20,12,16,16,20,16,3.4,4.0,16,1.0,76.4,72.99796908429187
I2823,U283,quiet_deepwork,P080,computer_lab_06,synthetic,train,4,4,5,3,4,2,4,4,4,4,study_room,report_writing,mostly_solo,over_4h,early_morning,1,1,0,1,1,0,1,1,0,1,0,computer_lab,coding,solo,2_4h,early_morning,weekend,9.4,clear,indoor,often,4,4,4,3,3,4,4,5,4,3,16,16,20,9,16,16,12,16,3.6,2.3,20,1.0,76.1,74.86012241083208
I2824,U283,quiet_deepwork,P057,home_03,synthetic,train,4,4,5,3,4,2,4,4,4,4,study_room,report_writing,mostly_solo,over_4h,early_morning,1,1,0,1,1,0,1,1,0,1,0,home,coding,solo,over_4h,evening,weekend,4.1,rainy,indoor,often,3,4,4,4,5,4,5,4,5,4,12,16,20,12,20,20,20,16,3.6,1.0,16,0.0,63.9,74.34529636290426
I2825,U283,quiet_deepwork,P015,library_15,synthetic,train,4,4,5,3,4,2,4,4,4,4,study_room,report_writing,mostly_solo,over_4h,early_morning,1,1,0,1,1,0,1,1,0,1,0,library,deep_study,solo,2_4h,evening,weekday,8.1,cloudy,indoor,often,4,4,4,5,2,4,3,5,4,4,16,16,20,15,12,16,8,16,4.0,2.0,20,0.0,78.2,72.67895674672778
I2826,U283,quiet_deepwork,P004,library_04,synthetic,train,4,4,5,3,4,2,4,4,4,4,study_room,report_writing,mostly_solo,over_4h,early_morning,1,1,0,1,1,0,1,1,0,1,0,library,coding,solo,under_1h,early_morning,weekday,2.8,clear,indoor,often,5,3,3,4,2,4,4,4,3,4,20,12,15,12,16,12,8,16,3.6,0.7,16,1.0,67.7,72.04117788870083
I2827,U283,quiet_deepwork,P041,cafe_05,synthetic,train,4,4,5,3,4,2,4,4,4,4,study_room,report_writing,mostly_solo,over_4h,early_morning,1,1,0,1,1,0,1,1,0,1,0,cafe,light_reading,2,1_2h,early_morning,weekend,11.6,clear,indoor,first_time,2,4,2,3,2,4,4,4,4,3,8,16,10,9,16,16,8,16,1.8,2.9,12,1.0,57.0,55.75769158203765
I2828,U283,quiet_deepwork,P012,library_12,synthetic,train,4,4,5,3,4,2,4,4,4,4,study_room,report_writing,mostly_solo,over_4h,early_morning,1,1,0,1,1,0,1,1,0,1,0,library,deep_study,solo,under_1h,early_morning,weekend,1.9,clear,indoor,rarely,5,4,4,4,3,3,3,5,5,4,20,16,20,12,12,20,12,12,4.0,0.5,20,1.0,71.0,75.31620630965037
I2829,U283,quiet_deepwork,P011,library_11,synthetic,train,4,4,5,3,4,2,4,4,4,4,study_room,report_writing,mostly_solo,over_4h,early_morning,1,1,0,1,1,0,1,1,0,1,0,library,report_writing,solo,over_4h,morning,weekday,13.7,clear,indoor,sometimes,5,4,4,4,2,4,4,5,4,3,20,16,20,12,16,16,8,16,3.4,3.4,20,0.5,86.6,75.22702383769479
I2830,U283,quiet_deepwork,P016,library_16,synthetic,train,4,4,5,3,4,2,4,4,4,4,study_room,report_writing,mostly_solo,over_4h,early_morning,1,1,0,1,1,0,1,1,0,1,0,library,coding,solo,1_2h,early_morning,weekday,13.3,clear,indoor,often,5,4,3,5,3,4,3,4,4,4,20,16,15,15,12,16,12,16,3.6,3.3,16,1.0,71.9,73.35903154796458
I2831,U284,quiet_deepwork,P031,study_room_13,synthetic,train,5,4,5,5,4,3,5,4,3,4,coworking_space,report_writing,mostly_solo,2_4h,morning,1,1,1,1,1,0,1,1,0,0,1,study_room,online_class,2,1_2h,evening,weekend,1.0,cloudy,indoor,sometimes,5,4,4,4,4,4,4,4,5,4,25,16,20,20,16,25,16,12,2.6,0.4,12,0.0,65.7,76.98320489291615
I2832,U284,quiet_deepwork,P113,outdoor_05,synthetic,train,5,4,5,5,4,3,5,4,3,4,coworking_space,report_writing,mostly_solo,2_4h,morning,1,1,1,1,1,0,1,1,0,0,1,outdoor,deep_study,solo,over_4h,early_morning,weekday,22.2,rainy,outdoor,rarely,3,3,4,2,2,3,2,1,3,3,15,12,20,10,8,15,8,9,4.0,8.3,4,0.5,30.5,49.401658554644484
I2833,U284,quiet_deepwork,P003,library_03,synthetic,train,5,4,5,5,4,3,5,4,3,4,coworking_space,report_writing,mostly_solo,2_4h,morning,1,1,1,1,1,0,1,1,0,0,1,library,coding,2,2_4h,evening,weekend,1.0,rainy,indoor,rarely,5,3,4,5,3,3,4,4,4,4,25,12,20,25,16,20,12,9,3.6,0.4,16,0.0,79.2,73.41940077493012
I2834,U284,quiet_deepwork,P025,study_room_07,synthetic,train,5,4,5,5,4,3,5,4,3,4,coworking_space,report_writing,mostly_solo,2_4h,morning,1,1,1,1,1,0,1,1,0,0,1,study_room,online_class,solo,2_4h,afternoon,weekday,8.5,hot,indoor,often,4,4,3,4,4,4,4,4,4,3,20,16,15,20,16,20,16,12,2.6,3.2,12,0.5,79.0,73.01102075972442
I2835,U284,quiet_deepwork,P110,outdoor_02,synthetic,train,5,4,5,5,4,3,5,4,3,4,coworking_space,report_writing,mostly_solo,2_4h,morning,1,1,1,1,1,0,1,1,0,0,1,outdoor,light_reading,3_4,1_2h,morning,weekday,12.5,cold,outdoor,first_time,3,4,3,3,2,3,2,4,2,3,15,16,15,15,8,10,8,9,1.8,4.7,12,1.0,46.1,51.977966335432335
I2836,U284,quiet_deepwork,P035,study_room_17,synthetic,train,5,4,5,5,4,3,5,4,3,4,coworking_space,report_writing,mostly_solo,2_4h,morning,1,1,1,1,1,0,1,1,0,0,1,study_room,report_writing,solo,2_4h,morning,weekday,4.8,clear,indoor,often,4,4,4,4,3,4,5,4,4,3,20,16,20,20,20,20,12,12,3.4,1.8,16,1.0,78.4,79.00993077901103
I2837,U284,quiet_deepwork,P041,cafe_05,synthetic,train,5,4,5,5,4,3,5,4,3,4,coworking_space,report_writing,mostly_solo,2_4h,morning,1,1,1,1,1,0,1,1,0,0,1,cafe,deep_study,solo,1_2h,morning,weekday,9.2,clear,indoor,often,2,4,2,3,2,4,4,3,4,3,10,16,10,15,16,20,8,12,4.0,3.4,12,1.0,63.6,63.013982765580664
I2838,U284,quiet_deepwork,P004,library_04,synthetic,train,5,4,5,5,4,3,5,4,3,4,coworking_space,report_writing,mostly_solo,2_4h,morning,1,1,1,1,1,0,1,1,0,0,1,library,report_writing,solo,2_4h,morning,weekday,4.5,clear,indoor,sometimes,5,3,3,4,2,4,4,4,3,4,25,12,15,20,16,15,8,12,3.4,1.7,16,1.0,69.3,75.60657605957695
I2839,U284,quiet_deepwork,P014,library_14,synthetic,train,5,4,5,5,4,3,5,4,3,4,coworking_space,report_writing,mostly_solo,2_4h,morning,1,1,1,1,1,0,1,1,0,0,1,library,deep_study,solo,2_4h,late_night,weekend,8.2,cloudy,indoor,often,5,4,5,4,3,4,4,4,4,4,25,16,25,20,16,20,12,12,4.0,3.1,16,0.0,83.7,79.30620402495428
I2840,U284,quiet_deepwork,P104,dorm_lounge_08,synthetic,train,5,4,5,5,4,3,5,4,3,4,coworking_space,report_writing,mostly_solo,2_4h,morning,1,1,1,1,1,0,1,1,0,0,1,dorm_lounge,online_class,solo,under_1h,evening,weekday,12.0,hot,indoor,often,3,4,3,3,4,4,4,3,4,3,15,16,15,15,16,20,16,12,2.6,4.5,9,0.0,59.0,66.23089189646836
I2841,U285,balanced,P064,classroom_02,synthetic,train,4,5,4,3,5,4,4,3,3,4,home,team_project,mostly_solo,1_2h,afternoon,1,1,0,1,1,1,1,1,1,0,0,classroom,light_reading,solo,2_4h,morning,weekday,9.3,rainy,indoor,often,4,4,3,3,3,3,3,3,3,3,16,20,12,9,15,12,9,9,1.8,4.7,9,0.5,62.1,62.05086255623509
I2842,U285,balanced,P004,library_04,synthetic,train,4,5,4,3,5,4,4,3,3,4,home,team_project,mostly_solo,1_2h,afternoon,1,1,0,1,1,1,1,1,1,0,0,library,report_writing,solo,1_2h,morning,weekday,1.1,clear,indoor,often,5,3,3,4,2,4,4,5,3,4,20,15,12,12,20,12,6,12,3.4,0.6,20,0.5,70.9,73.99127854967428
I2843,U285,balanced,P016,library_16,synthetic,train,4,5,4,3,5,4,4,3,3,4,home,team_project,mostly_solo,1_2h,afternoon,1,1,0,1,1,1,1,1,1,0,0,library,report_writing,solo,1_2h,morning,weekend,13.5,clear,indoor,sometimes,5,4,3,5,3,4,3,5,4,4,20,20,12,15,15,16,9,12,3.4,6.8,20,0.5,73.4,72.61713837500116
I2844,U285,balanced,P098,dorm_lounge_02,synthetic,train,4,5,4,3,5,4,4,3,3,4,home,team_project,mostly_solo,1_2h,afternoon,1,1,0,1,1,1,1,1,1,0,0,dorm_lounge,deep_study,solo,2_4h,morning,weekday,14.7,clear,indoor,often,3,4,3,2,3,4,4,3,4,3,12,20,12,6,20,16,9,12,4.0,7.3,12,0.5,58.0,62.79326035554365
I2845,U285,balanced,P005,library_05,synthetic,train,4,5,4,3,5,4,4,3,3,4,home,team_project,mostly_solo,1_2h,afternoon,1,1,0,1,1,1,1,1,1,0,0,library,report_writing,2,2_4h,afternoon,weekend,8.5,cloudy,indoor,sometimes,5,4,4,5,3,4,4,5,4,4,20,20,16,15,20,16,9,12,3.4,4.3,20,1.0,75.7,72.73751602026176
I2846,U285,balanced,P004,library_04,synthetic,train,4,5,4,3,5,4,4,3,3,4,home,team_project,mostly_solo,1_2h,afternoon,1,1,0,1,1,1,1,1,1,0,0,library,deep_study,solo,under_1h,afternoon,weekday,3.2,hot,indoor,first_time,5,3,3,4,2,4,4,5,3,4,20,15,12,12,20,12,6,12,4.0,1.6,20,1.0,67.4,68.3956221623848
I2847,U285,balanced,P104,dorm_lounge_08,synthetic,train,4,5,4,3,5,4,4,3,3,4,home,team_project,mostly_solo,1_2h,afternoon,1,1,0,1,1,1,1,1,1,0,0,dorm_lounge,report_writing,solo,over_4h,morning,weekday,17.3,clear,indoor,sometimes,3,4,3,3,4,4,4,4,4,3,12,20,12,9,20,16,12,12,3.4,8.6,16,0.5,60.2,64.51026319997682
I2848,U285,balanced,P083,computer_lab_09,synthetic,train,4,5,4,3,5,4,4,3,3,4,home,team_project,mostly_solo,1_2h,afternoon,1,1,0,1,1,1,1,1,1,0,0,computer_lab,light_reading,2,1_2h,afternoon,weekday,3.4,clear,indoor,often,4,4,3,3,4,3,5,3,4,3,16,20,12,9,25,16,12,9,1.8,1.7,9,1.0,58.2,66.35756611827807
I2849,U285,balanced,P025,study_room_07,synthetic,train,4,5,4,3,5,4,4,3,3,4,home,team_project,mostly_solo,1_2h,afternoon,1,1,0,1,1,1,1,1,1,0,0,study_room,deep_study,solo,under_1h,evening,weekend,6.5,clear,indoor,rarely,4,4,3,4,4,4,4,5,4,3,16,20,12,12,20,16,12,12,4.0,3.2,20,0.5,60.2,71.13670371116635
I2850,U285,balanced,P016,library_16,synthetic,train,4,5,4,3,5,4,4,3,3,4,home,team_project,mostly_solo,1_2h,afternoon,1,1,0,1,1,1,1,1,1,0,0,library,deep_study,solo,2_4h,late_night,weekend,10.0,cloudy,indoor,sometimes,5,4,3,5,3,4,3,4,4,4,20,20,12,15,15,16,9,12,4.0,5.0,16,0.0,69.7,69.65669206132698
I2851,U286,balanced,P032,study_room_14,synthetic,test,4,4,4,4,4,3,4,4,4,4,cafe,deep_study,mostly_solo,over_4h,afternoon,1,1,1,1,1,0,1,1,0,1,1,study_room,coding,solo,1_2h,afternoon,weekend,16.6,clear,indoor,sometimes,4,4,4,4,4,3,4,4,4,4,16,16,16,16,16,16,16,12,3.6,6.2,16,1.0,74.8,70.75052048400283
I2852,U286,balanced,P100,dorm_lounge_04,synthetic,test,4,4,4,4,4,3,4,4,4,4,cafe,deep_study,mostly_solo,over_4h,afternoon,1,1,1,1,1,0,1,1,0,1,1,dorm_lounge,online_class,2,2_4h,morning,weekend,7.9,rainy,indoor,rarely,3,4,2,3,3,4,3,3,4,4,12,16,8,12,12,16,12,16,2.6,3.0,9,0.5,63.4,59.21283933814453
I2853,U286,balanced,P072,classroom_10,synthetic,test,4,4,4,4,4,3,4,4,4,4,cafe,deep_study,mostly_solo,over_4h,afternoon,1,1,1,1,1,0,1,1,0,1,1,classroom,deep_study,solo,2_4h,afternoon,weekday,12.1,clear,indoor,often,3,3,4,3,3,3,4,3,3,3,12,12,16,12,16,12,12,12,4.0,4.6,12,1.0,57.3,63.83165940547676
I2854,U286,balanced,P032,study_room_14,synthetic,test,4,4,4,4,4,3,4,4,4,4,cafe,deep_study,mostly_solo,over_4h,afternoon,1,1,1,1,1,0,1,1,0,1,1,study_room,team_project,2,1_2h,afternoon,weekday,19.5,clear,indoor,sometimes,4,4,4,4,4,3,4,5,4,4,16,16,16,16,16,16,16,12,1.0,7.3,15,1.0,73.5,72.26629644078123
I2855,U286,balanced,P105,dorm_lounge_09,synthetic,test,4,4,4,4,4,3,4,4,4,4,cafe,deep_study,mostly_solo,over_4h,afternoon,1,1,1,1,1,0,1,1,0,1,1,dorm_lounge,team_project,5_plus,1_2h,late_night,weekday,15.6,clear,indoor,sometimes,3,3,3,2,3,3,4,4,4,3,12,12,12,8,16,16,12,12,1.0,5.8,12,0.0,51.1,63.43929678929273
I2856,U286,balanced,P041,cafe_05,synthetic,test,4,4,4,4,4,3,4,4,4,4,cafe,deep_study,mostly_solo,over_4h,afternoon,1,1,1,1,1,0,1,1,0,1,1,cafe,light_reading,solo,1_2h,evening,weekday,9.9,clear,indoor,first_time,2,4,2,3,2,4,4,4,4,3,8,16,8,12,16,16,8,16,1.8,3.7,12,0.5,65.8,58.721331530170566
I2857,U286,balanced,P056,home_02,synthetic,test,4,4,4,4,4,3,4,4,4,4,cafe,deep_study,mostly_solo,over_4h,afternoon,1,1,1,1,1,0,1,1,0,1,1,home,deep_study,solo,over_4h,afternoon,weekday,6.7,cloudy,indoor,sometimes,4,3,5,4,5,4,5,4,5,5,16,12,20,16,20,20,20,16,4.0,2.5,16,1.0,73.1,78.15417260220768
I2858,U286,balanced,P081,computer_lab_07,synthetic,test,4,4,4,4,4,3,4,4,4,4,cafe,deep_study,mostly_solo,over_4h,afternoon,1,1,1,1,1,0,1,1,0,1,1,computer_lab,online_class,2,2_4h,afternoon,weekend,5.4,clear,indoor,rarely,4,4,2,3,3,3,4,4,4,3,16,16,8,12,16,16,12,12,2.6,2.0,12,1.0,60.5,63.68825073792708
I2859,U286,balanced,P057,home_03,synthetic,test,4,4,4,4,4,3,4,4,4,4,cafe,deep_study,mostly_solo,over_4h,afternoon,1,1,1,1,1,0,1,1,0,1,1,home,deep_study,solo,1_2h,morning,weekend,3.5,rainy,indoor,sometimes,3,4,4,4,5,4,5,4,5,4,12,16,16,16,20,20,20,16,4.0,1.3,16,0.5,85.6,76.67676665618356
I2860,U286,balanced,P034,study_room_16,synthetic,test,4,4,4,4,4,3,4,4,4,4,cafe,deep_study,mostly_solo,over_4h,afternoon,1,1,1,1,1,0,1,1,0,1,1,study_room,report_writing,2,over_4h,evening,weekday,6.9,cold,indoor,rarely,4,4,4,4,4,3,4,4,5,3,16,16,16,16,16,20,16,12,3.4,2.6,16,0.5,76.8,68.34583754542139
I2861,U287,quiet_deepwork,P114,outdoor_06,synthetic,train,4,4,5,4,3,2,4,3,5,5,library,coding,mostly_solo,over_4h,morning,1,1,1,1,0,0,1,0,0,1,1,outdoor,report_writing,solo,2_4h,late_night,weekday,9.8,clear,outdoor,sometimes,3,4,3,3,2,2,1,3,3,3,12,16,15,12,3,12,6,10,4.3,2.4,15,0.0,62.7,56.380370391922895
I2862,U287,quiet_deepwork,P062,home_08,synthetic,train,4,4,5,4,3,2,4,3,5,5,library,coding,mostly_solo,over_4h,morning,1,1,1,1,0,0,1,0,0,1,1,home,report_writing,solo,2_4h,morning,weekday,9.4,clear,indoor,rarely,4,3,4,4,4,5,5,4,4,5,16,12,20,16,15,16,12,25,4.3,2.3,20,1.0,76.6,80.37159963131549
I2863,U287,quiet_deepwork,P071,classroom_09,synthetic,train,4,4,5,4,3,2,4,3,5,5,library,coding,mostly_solo,over_4h,morning,1,1,1,1,0,0,1,0,0,1,1,classroom,report_writing,solo,over_4h,morning,weekday,8.3,cloudy,indoor,sometimes,3,3,3,3,3,3,3,4,3,4,12,12,15,12,9,12,9,15,4.3,2.1,20,1.0,68.7,66.91318278765914
I2864,U287,quiet_deepwork,P065,classroom_03,synthetic,train,4,4,5,4,3,2,4,3,5,5,library,coding,mostly_solo,over_4h,morning,1,1,1,1,0,0,1,0,0,1,1,classroom,deep_study,2,2_4h,evening,weekend,9.2,rainy,indoor,sometimes,4,4,3,3,3,3,4,3,3,3,16,16,15,12,12,12,9,15,5.0,2.3,15,0.0,69.4,63.212264416513946
I2865,U287,quiet_deepwork,P059,home_05,synthetic,train,4,4,5,4,3,2,4,3,5,5,library,coding,mostly_solo,over_4h,morning,1,1,1,1,0,0,1,0,0,1,1,home,team_project,5_plus,over_4h,morning,weekend,9.4,cloudy,indoor,first_time,4,5,5,4,5,4,4,3,5,5,16,20,25,16,12,20,15,20,1.3,2.4,9,1.0,82.9,78.81437432752892
I2866,U287,quiet_deepwork,P018,library_18,synthetic,train,4,4,5,4,3,2,4,3,5,5,library,coding,mostly_solo,over_4h,morning,1,1,1,1,0,0,1,0,0,1,1,library,deep_study,solo,2_4h,morning,weekday,10.5,clear,indoor,sometimes,5,4,3,4,3,3,4,4,4,3,20,16,15,16,12,16,9,15,5.0,2.6,20,1.0,67.7,75.7172169601437
I2867,U287,quiet_deepwork,P036,study_room_18,synthetic,train,4,4,5,4,3,2,4,3,5,5,library,coding,mostly_solo,over_4h,morning,1,1,1,1,0,0,1,0,0,1,1,study_room,coding,solo,1_2h,evening,weekday,10.2,cloudy,indoor,sometimes,5,4,4,4,4,4,5,5,4,4,20,16,20,16,15,16,12,20,4.5,2.5,25,0.0,80.8,80.73644724387637
I2868,U287,quiet_deepwork,P108,dorm_lounge_12,synthetic,train,4,4,5,4,3,2,4,3,5,5,library,coding,mostly_solo,over_4h,morning,1,1,1,1,0,0,1,0,0,1,1,dorm_lounge,team_project,3_4,under_1h,afternoon,weekend,3.6,clear,indoor,sometimes,2,4,3,3,3,3,3,4,3,3,8,16,15,12,9,12,9,15,1.3,0.9,12,0.5,65.7,65.86783350812419
I2869,U287,quiet_deepwork,P022,study_room_04,synthetic,train,4,4,5,4,3,2,4,3,5,5,library,coding,mostly_solo,over_4h,morning,1,1,1,1,0,0,1,0,0,1,1,study_room,report_writing,3_4,over_4h,morning,weekend,9.3,rainy,indoor,rarely,4,5,3,4,5,3,4,4,4,4,16,20,15,16,12,16,15,15,4.3,2.3,20,1.0,70.3,72.78094740776649
I2870,U287,quiet_deepwork,P072,classroom_10,synthetic,train,4,4,5,4,3,2,4,3,5,5,library,coding,mostly_solo,over_4h,morning,1,1,1,1,0,0,1,0,0,1,1,classroom,online_class,solo,1_2h,evening,weekday,13.2,cloudy,indoor,sometimes,3,3,4,3,3,3,4,4,3,3,12,12,20,12,12,12,9,15,3.3,3.3,12,0.0,73.8,65.02294354872139
I2871,U288,social_collaborative,P073,classroom_11,synthetic,train,4,4,3,4,4,3,2,3,4,3,classroom,report_writing,mostly_group,2_4h,afternoon,1,0,1,0,1,0,1,1,0,1,1,classroom,team_project,3_4,2_4h,late_night,weekday,6.3,cloudy,indoor,rarely,4,5,3,3,4,3,3,4,3,4,16,20,9,12,12,6,12,12,0.8,2.4,12,0.0,64.7,63.82130773328947
I2872,U288,social_collaborative,P045,cafe_09,synthetic,train,4,4,3,4,4,3,2,3,4,3,classroom,report_writing,mostly_group,2_4h,afternoon,1,0,1,0,1,0,1,1,0,1,1,cafe,team_project,2,2_4h,early_morning,weekday,14.0,clear,indoor,often,2,3,2,2,3,3,3,4,3,3,8,12,6,8,12,6,9,12,0.8,5.3,12,0.0,51.4,55.007756208464286
I2873,U288,social_collaborative,P108,dorm_lounge_12,synthetic,train,4,4,3,4,4,3,2,3,4,3,classroom,report_writing,mostly_group,2_4h,afternoon,1,0,1,0,1,0,1,1,0,1,1,dorm_lounge,team_project,5_plus,1_2h,evening,weekday,5.9,clear,indoor,sometimes,2,4,3,3,3,3,3,3,3,3,8,16,9,12,12,6,9,12,0.8,2.2,9,0.5,60.6,58.64713167536256
I2874,U288,social_collaborative,P051,cafe_15,synthetic,train,4,4,3,4,4,3,2,3,4,3,classroom,report_writing,mostly_group,2_4h,afternoon,1,0,1,0,1,0,1,1,0,1,1,cafe,meeting,2,1_2h,morning,weekday,12.1,clear,indoor,sometimes,3,4,2,3,3,4,3,4,4,3,12,16,6,12,12,8,9,16,0.6,4.5,12,0.5,59.7,60.0470653058602
I2875,U288,social_collaborative,P035,study_room_17,synthetic,train,4,4,3,4,4,3,2,3,4,3,classroom,report_writing,mostly_group,2_4h,afternoon,1,0,1,0,1,0,1,1,0,1,1,study_room,team_project,2,2_4h,early_morning,weekend,1.4,clear,indoor,often,4,4,4,4,3,4,5,4,4,3,16,16,12,16,20,8,9,16,0.8,0.5,12,0.0,75.0,72.16274539005403
I2876,U288,social_collaborative,P030,study_room_12,synthetic,train,4,4,3,4,4,3,2,3,4,3,classroom,report_writing,mostly_group,2_4h,afternoon,1,0,1,0,1,0,1,1,0,1,1,study_room,coding,3_4,1_2h,morning,weekday,14.3,hot,indoor,often,5,4,3,4,3,3,4,5,4,4,20,16,9,16,16,8,9,12,2.7,5.4,15,0.5,61.2,64.09944923492677
I2877,U288,social_collaborative,P026,study_room_08,synthetic,train,4,4,3,4,4,3,2,3,4,3,classroom,report_writing,mostly_group,2_4h,afternoon,1,0,1,0,1,0,1,1,0,1,1,study_room,team_project,3_4,under_1h,evening,weekday,14.2,cloudy,indoor,sometimes,4,5,4,4,5,4,4,5,4,3,16,20,12,16,16,8,15,16,0.8,5.3,15,0.5,66.8,72.20309303327694
I2878,U288,social_collaborative,P108,dorm_lounge_12,synthetic,train,4,4,3,4,4,3,2,3,4,3,classroom,report_writing,mostly_group,2_4h,afternoon,1,0,1,0,1,0,1,1,0,1,1,dorm_lounge,team_project,3_4,over_4h,afternoon,weekend,11.7,cold,indoor,first_time,2,4,3,3,3,3,3,4,3,3,8,16,9,12,12,6,9,12,0.8,4.4,12,1.0,67.0,56.43601489537482
I2879,U288,social_collaborative,P055,home_01,synthetic,train,4,4,3,4,4,3,2,3,4,3,classroom,report_writing,mostly_group,2_4h,afternoon,1,0,1,0,1,0,1,1,0,1,1,home,coding,solo,over_4h,evening,weekday,9.1,cloudy,indoor,rarely,4,3,5,4,4,5,5,5,4,5,16,12,15,16,20,8,12,20,2.7,3.4,15,0.5,60.8,70.49738754030994
I2880,U288,social_collaborative,P038,cafe_02,synthetic,train,4,4,3,4,4,3,2,3,4,3,classroom,report_writing,mostly_group,2_4h,afternoon,1,0,1,0,1,0,1,1,0,1,1,cafe,team_project,2,2_4h,afternoon,weekday,23.1,cloudy,indoor,first_time,2,4,3,2,2,4,3,3,3,3,8,16,9,8,12,6,6,16,0.8,8.6,9,1.0,49.8,51.16324309558951
I2881,U289,quiet_deepwork,P028,study_room_10,synthetic,train,5,4,4,4,4,3,4,3,3,4,library,coding,mostly_solo,over_4h,morning,1,1,1,1,1,0,1,1,0,0,1,study_room,deep_study,solo,over_4h,afternoon,weekend,15.3,clear,indoor,first_time,4,4,3,3,4,4,5,5,4,3,20,16,12,12,20,16,12,12,4.0,5.7,20,0.5,74.8,68.41829253286637
I2882,U289,quiet_deepwork,P113,outdoor_05,synthetic,train,5,4,4,4,4,3,4,3,3,4,library,coding,mostly_solo,over_4h,morning,1,1,1,1,1,0,1,1,0,0,1,outdoor,report_writing,solo,under_1h,afternoon,weekend,18.5,cold,outdoor,often,3,3,4,2,2,3,2,2,3,3,15,12,16,8,8,12,6,9,3.4,6.9,8,0.5,44.1,52.27078994561254
I2883,U289,quiet_deepwork,P029,study_room_11,synthetic,train,5,4,4,4,4,3,4,3,3,4,library,coding,mostly_solo,over_4h,morning,1,1,1,1,1,0,1,1,0,0,1,study_room,online_class,2,2_4h,afternoon,weekday,6.2,cloudy,indoor,rarely,4,4,3,4,2,4,4,3,4,3,20,16,12,16,16,16,6,12,2.6,2.3,9,0.5,63.2,61.9170744975548
I2884,U289,quiet_deepwork,P045,cafe_09,synthetic,train,5,4,4,4,4,3,4,3,3,4,library,coding,mostly_solo,over_4h,morning,1,1,1,1,1,0,1,1,0,0,1,cafe,report_writing,solo,2_4h,morning,weekday,11.5,clear,indoor,sometimes,2,3,2,2,3,3,3,4,3,3,10,12,8,8,12,12,9,9,3.4,4.3,16,1.0,56.1,57.0326986135083
I2885,U289,quiet_deepwork,P045,cafe_09,synthetic,train,5,4,4,4,4,3,4,3,3,4,library,coding,mostly_solo,over_4h,morning,1,1,1,1,1,0,1,1,0,0,1,cafe,coding,solo,2_4h,morning,weekday,8.8,cold,indoor,rarely,2,3,2,2,3,3,3,3,3,3,10,12,8,8,12,12,9,9,3.6,3.3,12,1.0,53.8,52.748559911785435
I2886,U289,quiet_deepwork,P024,study_room_06,synthetic,train,5,4,4,4,4,3,4,3,3,4,library,coding,mostly_solo,over_4h,morning,1,1,1,1,1,0,1,1,0,0,1,study_room,coding,solo,2_4h,afternoon,weekday,6.1,clear,indoor,often,4,4,3,4,3,4,4,3,4,3,20,16,12,16,16,16,9,12,3.6,2.3,12,0.5,61.4,68.76079308594089
I2887,U289,quiet_deepwork,P004,library_04,synthetic,train,5,4,4,4,4,3,4,3,3,4,library,coding,mostly_solo,over_4h,morning,1,1,1,1,1,0,1,1,0,0,1,library,light_reading,solo,1_2h,morning,weekend,4.2,clear,indoor,sometimes,5,3,3,4,2,4,4,5,3,4,25,12,12,16,16,12,6,12,1.8,1.6,15,1.0,67.0,72.05237882846265
I2888,U289,quiet_deepwork,P076,computer_lab_02,synthetic,train,5,4,4,4,4,3,4,3,3,4,library,coding,mostly_solo,over_4h,morning,1,1,1,1,1,0,1,1,0,0,1,computer_lab,deep_study,solo,2_4h,early_morning,weekday,10.9,clear,indoor,rarely,3,5,3,4,4,3,4,3,3,4,15,20,12,16,16,12,12,9,4.0,4.1,12,0.5,68.8,64.33839512532535
I2889,U289,quiet_deepwork,P008,library_08,synthetic,train,5,4,4,4,4,3,4,3,3,4,library,coding,mostly_solo,over_4h,morning,1,1,1,1,1,0,1,1,0,0,1,library,report_writing,solo,2_4h,morning,weekday,11.9,rainy,indoor,first_time,5,5,4,4,2,3,4,3,4,4,25,20,16,16,16,16,6,9,3.4,4.5,12,1.0,64.3,69.66478766928019
I2890,U289,quiet_deepwork,P100,dorm_lounge_04,synthetic,train,5,4,4,4,4,3,4,3,3,4,library,coding,mostly_solo,over_4h,morning,1,1,1,1,1,0,1,1,0,0,1,dorm_lounge,online_class,solo,2_4h,afternoon,weekday,16.1,clear,indoor,sometimes,3,4,2,3,3,4,3,3,4,4,15,16,8,12,12,16,9,12,2.6,6.0,9,0.5,63.1,59.92431316977996
I2891,U290,convenience_oriented,P011,library_11,synthetic,train,4,3,3,3,4,5,3,2,3,3,home,light_reading,mixed,2_4h,morning,1,0,0,0,1,1,1,1,1,0,0,library,deep_study,3_4,under_1h,late_night,weekday,10.6,rainy,indoor,first_time,5,4,4,4,2,4,4,5,4,3,20,12,12,12,16,12,4,12,3.0,6.6,15,0.0,60.2,58.9228712861636
I2892,U290,convenience_oriented,P044,cafe_08,synthetic,train,4,3,3,3,4,5,3,2,3,3,home,light_reading,mixed,2_4h,morning,1,0,0,0,1,1,1,1,1,0,0,cafe,coding,2,2_4h,early_morning,weekend,12.1,clear,indoor,first_time,3,4,3,4,2,4,3,4,4,2,12,12,9,12,12,12,4,12,2.7,7.5,12,0.5,56.7,48.15634821631392
I2893,U290,convenience_oriented,P027,study_room_09,synthetic,train,4,3,3,3,4,5,3,2,3,3,home,light_reading,mixed,2_4h,morning,1,0,0,0,1,1,1,1,1,0,0,study_room,team_project,3_4,1_2h,morning,weekday,5.3,clear,indoor,sometimes,5,3,3,4,4,3,3,5,3,3,20,9,9,12,12,9,8,9,0.8,3.3,15,1.0,64.1,66.69602854060967
I2894,U290,convenience_oriented,P093,coworking_space_09,synthetic,train,4,3,3,3,4,5,3,2,3,3,home,light_reading,mixed,2_4h,morning,1,0,0,0,1,1,1,1,1,0,0,coworking_space,coding,solo,over_4h,evening,weekday,10.2,clear,indoor,often,3,4,2,3,4,4,4,4,4,3,12,12,6,9,16,12,8,12,2.7,6.4,12,0.0,46.4,55.07545098012549
I2895,U290,convenience_oriented,P035,study_room_17,synthetic,train,4,3,3,3,4,5,3,2,3,3,home,light_reading,mixed,2_4h,morning,1,0,0,0,1,1,1,1,1,0,0,study_room,report_writing,solo,2_4h,morning,weekday,5.6,cloudy,indoor,rarely,4,4,4,4,3,4,5,5,4,3,16,12,12,12,20,12,6,12,2.6,3.5,15,1.0,58.4,65.13344543153906
I2896,U290,convenience_oriented,P010,library_10,synthetic,train,4,3,3,3,4,5,3,2,3,3,home,light_reading,mixed,2_4h,morning,1,0,0,0,1,1,1,1,1,0,0,library,light_reading,solo,2_4h,morning,weekend,2.8,rainy,indoor,often,5,5,4,4,3,4,4,5,4,5,20,15,12,12,16,12,6,12,1.4,1.8,15,1.0,78.8,70.17258299588495
I2897,U290,convenience_oriented,P071,classroom_09,synthetic,train,4,3,3,3,4,5,3,2,3,3,home,light_reading,mixed,2_4h,morning,1,0,0,0,1,1,1,1,1,0,0,classroom,deep_study,solo,2_4h,morning,weekend,10.7,cloudy,indoor,rarely,3,3,3,3,3,3,3,3,3,4,12,9,9,9,12,9,6,9,3.0,6.7,9,1.0,44.8,51.612503757643864
I2898,U290,convenience_oriented,P038,cafe_02,synthetic,train,4,3,3,3,4,5,3,2,3,3,home,light_reading,mixed,2_4h,morning,1,0,0,0,1,1,1,1,1,0,0,cafe,online_class,solo,over_4h,morning,weekday,23.7,hot,indoor,rarely,2,4,3,2,2,4,3,3,3,3,8,12,9,6,12,9,4,12,2.0,14.8,9,1.0,46.7,41.49736763152718
I2899,U290,convenience_oriented,P050,cafe_14,synthetic,train,4,3,3,3,4,5,3,2,3,3,home,light_reading,mixed,2_4h,morning,1,0,0,0,1,1,1,1,1,0,0,cafe,light_reading,solo,1_2h,evening,weekday,15.4,clear,indoor,rarely,3,5,2,3,2,4,3,4,4,3,12,15,6,9,12,12,4,12,1.4,9.6,12,0.0,48.3,48.0137650472028
I2900,U290,convenience_oriented,P056,home_02,synthetic,train,4,3,3,3,4,5,3,2,3,3,home,light_reading,mixed,2_4h,morning,1,0,0,0,1,1,1,1,1,0,0,home,coding,solo,over_4h,evening,weekend,13.1,cloudy,indoor,sometimes,4,3,5,4,5,4,5,4,5,5,16,9,15,12,20,15,10,12,2.7,8.2,12,0.0,65.5,63.59658094790657
I2901,U291,quiet_deepwork,P075,computer_lab_01,synthetic,train,5,3,4,4,4,3,3,3,2,5,library,deep_study,mostly_solo,2_4h,early_morning,1,1,1,0,1,0,1,1,0,0,1,computer_lab,coding,solo,2_4h,evening,weekend,7.3,rainy,indoor,sometimes,3,3,3,4,3,4,5,5,3,3,15,9,12,16,20,9,9,8,4.5,2.7,25,0.0,57.0,68.43164475198269
I2902,U291,quiet_deepwork,P043,cafe_07,synthetic,train,5,3,4,4,4,3,3,3,2,5,library,deep_study,mostly_solo,2_4h,early_morning,1,1,1,0,1,0,1,1,0,0,1,cafe,team_project,3_4,1_2h,morning,weekday,6.9,rainy,indoor,sometimes,2,5,3,3,2,4,3,3,3,3,10,15,12,12,12,9,6,8,1.3,2.6,9,0.5,57.6,57.7313059921051
I2903,U291,quiet_deepwork,P009,library_09,synthetic,train,5,3,4,4,4,3,3,3,2,5,library,deep_study,mostly_solo,2_4h,early_morning,1,1,1,0,1,0,1,1,0,0,1,library,deep_study,solo,1_2h,morning,weekend,10.1,cloudy,indoor,sometimes,4,4,3,4,2,4,4,5,4,4,20,12,12,16,16,12,6,8,5.0,3.8,25,0.5,81.2,70.39508423344708
I2904,U291,quiet_deepwork,P015,library_15,synthetic,train,5,3,4,4,4,3,3,3,2,5,library,deep_study,mostly_solo,2_4h,early_morning,1,1,1,0,1,0,1,1,0,0,1,library,online_class,solo,1_2h,morning,weekend,10.5,cold,indoor,sometimes,4,4,4,5,2,4,3,3,4,4,20,12,16,20,12,12,6,8,3.3,3.9,9,0.5,56.0,66.05996308051711
I2905,U291,quiet_deepwork,P012,library_12,synthetic,train,5,3,4,4,4,3,3,3,2,5,library,deep_study,mostly_solo,2_4h,early_morning,1,1,1,0,1,0,1,1,0,0,1,library,report_writing,solo,over_4h,early_morning,weekday,2.8,clear,indoor,sometimes,5,4,4,4,3,3,3,4,5,4,25,12,16,16,12,15,9,6,4.3,1.0,20,1.0,83.5,74.7500823706756
I2906,U291,quiet_deepwork,P003,library_03,synthetic,train,5,3,4,4,4,3,3,3,2,5,library,deep_study,mostly_solo,2_4h,early_morning,1,1,1,0,1,0,1,1,0,0,1,library,report_writing,solo,over_4h,afternoon,weekday,3.9,clear,indoor,first_time,5,3,4,5,3,3,4,5,4,4,25,9,16,20,16,12,9,6,4.3,1.5,25,0.0,72.1,74.38509641602286
I2907,U291,quiet_deepwork,P021,study_room_03,synthetic,train,5,3,4,4,4,3,3,3,2,5,library,deep_study,mostly_solo,2_4h,early_morning,1,1,1,0,1,0,1,1,0,0,1,study_room,deep_study,solo,2_4h,afternoon,weekend,16.0,cloudy,indoor,sometimes,5,4,4,4,3,4,4,4,4,2,25,12,16,16,16,12,9,8,5.0,6.0,20,0.0,71.9,68.96063069239736
I2908,U291,quiet_deepwork,P036,study_room_18,synthetic,train,5,3,4,4,4,3,3,3,2,5,library,deep_study,mostly_solo,2_4h,early_morning,1,1,1,0,1,0,1,1,0,0,1,study_room,coding,solo,1_2h,evening,weekday,12.4,clear,indoor,first_time,5,4,4,4,4,4,5,4,4,4,25,12,16,16,20,12,12,8,4.5,4.7,20,0.0,71.5,70.61274929643922
I2909,U291,quiet_deepwork,P098,dorm_lounge_02,synthetic,train,5,3,4,4,4,3,3,3,2,5,library,deep_study,mostly_solo,2_4h,early_morning,1,1,1,0,1,0,1,1,0,0,1,dorm_lounge,coding,solo,2_4h,morning,weekend,14.4,clear,indoor,often,3,4,3,2,3,4,4,4,4,3,15,12,12,8,16,12,9,8,4.5,5.4,20,0.5,71.7,63.48646939973765
I2910,U291,quiet_deepwork,P012,library_12,synthetic,train,5,3,4,4,4,3,3,3,2,5,library,deep_study,mostly_solo,2_4h,early_morning,1,1,1,0,1,0,1,1,0,0,1,library,deep_study,solo,2_4h,afternoon,weekday,3.7,clear,indoor,first_time,5,4,4,4,3,3,3,5,5,4,25,12,16,16,12,15,9,6,5.0,1.4,25,0.0,67.3,72.86925770095445
I2911,U292,quiet_deepwork,P036,study_room_18,synthetic,test,5,3,4,5,4,3,3,3,4,5,home,coding,mostly_solo,over_4h,early_morning,1,1,1,0,1,0,1,1,0,1,1,study_room,coding,solo,2_4h,afternoon,weekday,13.4,clear,indoor,often,5,4,4,4,4,4,5,4,4,4,25,12,16,20,20,12,12,16,4.5,5.0,20,0.0,88.8,79.12477070085386
I2912,U292,quiet_deepwork,P006,library_06,synthetic,test,5,3,4,5,4,3,3,3,4,5,home,coding,mostly_solo,over_4h,early_morning,1,1,1,0,1,0,1,1,0,1,1,library,online_class,solo,2_4h,morning,weekend,11.7,cloudy,indoor,rarely,4,4,4,5,2,3,4,3,5,4,20,12,16,25,16,15,6,12,3.3,4.4,9,0.5,53.0,71.01712047298317
I2913,U292,quiet_deepwork,P059,home_05,synthetic,test,5,3,4,5,4,3,3,3,4,5,home,coding,mostly_solo,over_4h,early_morning,1,1,1,0,1,0,1,1,0,1,1,home,coding,solo,2_4h,evening,weekend,18.4,clear,indoor,often,4,5,5,4,5,4,4,5,5,5,20,15,20,20,16,15,15,16,4.5,6.9,25,0.0,80.6,80.18897260759618
I2914,U292,quiet_deepwork,P084,computer_lab_10,synthetic,test,5,3,4,5,4,3,3,3,4,5,home,coding,mostly_solo,over_4h,early_morning,1,1,1,0,1,0,1,1,0,1,1,computer_lab,meeting,3_4,over_4h,afternoon,weekday,10.1,cloudy,indoor,sometimes,4,4,3,4,3,3,4,3,3,2,20,12,12,20,16,9,9,12,1.0,3.8,9,0.0,67.6,68.42263453702652
I2915,U292,quiet_deepwork,P039,cafe_03,synthetic,test,5,3,4,5,4,3,3,3,4,5,home,coding,mostly_solo,over_4h,early_morning,1,1,1,0,1,0,1,1,0,1,1,cafe,coding,solo,2_4h,evening,weekday,5.6,cold,indoor,rarely,3,4,2,3,2,4,3,3,4,4,15,12,8,15,12,12,6,16,4.5,2.1,15,0.0,67.3,61.76143577508398
I2916,U292,quiet_deepwork,P006,library_06,synthetic,test,5,3,4,5,4,3,3,3,4,5,home,coding,mostly_solo,over_4h,early_morning,1,1,1,0,1,0,1,1,0,1,1,library,light_reading,solo,1_2h,morning,weekend,11.3,cloudy,indoor,sometimes,4,4,4,5,2,3,4,5,5,4,20,12,16,25,16,15,6,12,2.3,4.2,15,0.5,67.6,74.61422017637112
I2917,U292,quiet_deepwork,P026,study_room_08,synthetic,test,5,3,4,5,4,3,3,3,4,5,home,coding,mostly_solo,over_4h,early_morning,1,1,1,0,1,0,1,1,0,1,1,study_room,coding,2,1_2h,morning,weekday,17.7,clear,indoor,rarely,4,5,4,4,5,4,4,5,4,3,20,15,16,20,16,12,15,16,4.5,6.7,25,0.5,87.3,72.45373587542275
I2918,U292,quiet_deepwork,P115,outdoor_07,synthetic,test,5,3,4,5,4,3,3,3,4,5,home,coding,mostly_solo,over_4h,early_morning,1,1,1,0,1,0,1,1,0,1,1,outdoor,light_reading,solo,1_2h,early_morning,weekend,14.7,cloudy,outdoor,sometimes,3,4,3,3,1,3,1,4,2,3,15,12,12,15,4,6,3,12,2.3,5.5,12,1.0,55.1,54.96073983651313
I2919,U292,quiet_deepwork,P009,library_09,synthetic,test,5,3,4,5,4,3,3,3,4,5,home,coding,mostly_solo,over_4h,early_morning,1,1,1,0,1,0,1,1,0,1,1,library,coding,2,1_2h,afternoon,weekday,5.7,hot,indoor,sometimes,4,4,3,4,2,4,4,3,4,4,20,12,12,20,16,12,6,16,4.5,2.1,15,0.0,77.9,67.38090241320452
I2920,U292,quiet_deepwork,P049,cafe_13,synthetic,test,5,3,4,5,4,3,3,3,4,5,home,coding,mostly_solo,over_4h,early_morning,1,1,1,0,1,0,1,1,0,1,1,cafe,deep_study,solo,1_2h,early_morning,weekday,8.6,rainy,indoor,sometimes,3,4,2,3,3,3,2,3,4,2,15,12,8,15,8,12,9,12,5.0,3.2,15,1.0,63.5,61.266448437026526
I2921,U293,comfort_oriented,P024,study_room_06,synthetic,train,4,4,4,4,4,3,5,5,5,4,study_room,deep_study,mostly_solo,1_2h,evening,1,1,1,1,1,0,1,1,0,1,1,study_room,report_writing,solo,over_4h,evening,weekend,3.5,cloudy,indoor,often,4,4,3,4,3,4,4,4,4,3,16,16,12,16,16,20,15,20,3.4,1.3,16,1.0,68.8,75.16394294541752
I2922,U293,comfort_oriented,P008,library_08,synthetic,train,4,4,4,4,4,3,5,5,5,4,study_room,deep_study,mostly_solo,1_2h,evening,1,1,1,1,1,0,1,1,0,1,1,library,light_reading,solo,1_2h,evening,weekend,10.7,cold,indoor,often,5,5,4,4,2,3,4,4,4,4,20,20,16,16,16,20,10,15,1.8,4.0,12,1.0,73.6,73.68322912262511
I2923,U293,comfort_oriented,P098,dorm_lounge_02,synthetic,train,4,4,4,4,4,3,5,5,5,4,study_room,deep_study,mostly_solo,1_2h,evening,1,1,1,1,1,0,1,1,0,1,1,dorm_lounge,report_writing,solo,1_2h,late_night,weekend,20.2,clear,indoor,often,3,4,3,2,3,4,4,3,4,3,12,16,12,8,16,20,15,20,3.4,7.6,12,0.5,71.0,65.62539275300895
I2924,U293,comfort_oriented,P107,dorm_lounge_11,synthetic,train,4,4,4,4,4,3,5,5,5,4,study_room,deep_study,mostly_solo,1_2h,evening,1,1,1,1,1,0,1,1,0,1,1,dorm_lounge,coding,solo,1_2h,evening,weekday,22.4,clear,indoor,often,3,4,3,3,3,4,3,4,3,3,12,16,12,12,12,15,15,20,3.6,8.4,16,1.0,61.6,64.65185791526838
I2925,U293,comfort_oriented,P085,coworking_space_01,synthetic,train,4,4,4,4,4,3,5,5,5,4,study_room,deep_study,mostly_solo,1_2h,evening,1,1,1,1,1,0,1,1,0,1,1,coworking_space,report_writing,solo,over_4h,morning,weekday,6.9,clear,indoor,first_time,3,5,2,3,4,3,4,3,4,3,12,20,8,12,16,20,20,15,3.4,2.6,12,0.0,60.3,64.93116441745471
I2926,U293,comfort_oriented,P003,library_03,synthetic,train,4,4,4,4,4,3,5,5,5,4,study_room,deep_study,mostly_solo,1_2h,evening,1,1,1,1,1,0,1,1,0,1,1,library,online_class,solo,1_2h,evening,weekend,8.8,clear,indoor,rarely,5,3,4,5,3,3,4,4,4,4,20,12,16,20,16,20,15,15,2.6,3.3,12,1.0,64.1,73.94055254859404
I2927,U293,comfort_oriented,P040,cafe_04,synthetic,train,4,4,4,4,4,3,5,5,5,4,study_room,deep_study,mostly_solo,1_2h,evening,1,1,1,1,1,0,1,1,0,1,1,cafe,light_reading,solo,1_2h,morning,weekday,9.8,hot,indoor,often,3,4,2,3,3,4,3,4,4,3,12,16,8,12,12,20,15,20,1.8,3.7,12,0.0,69.9,64.48866228008157
I2928,U293,comfort_oriented,P099,dorm_lounge_03,synthetic,train,4,4,4,4,4,3,5,5,5,4,study_room,deep_study,mostly_solo,1_2h,evening,1,1,1,1,1,0,1,1,0,1,1,dorm_lounge,coding,solo,over_4h,evening,weekday,10.5,clear,indoor,rarely,4,4,3,3,3,3,4,3,3,3,16,16,12,12,16,15,15,15,3.6,3.9,12,1.0,56.1,63.798995087040254
I2929,U293,comfort_oriented,P066,classroom_04,synthetic,train,4,4,4,4,4,3,5,5,5,4,study_room,deep_study,mostly_solo,1_2h,evening,1,1,1,1,1,0,1,1,0,1,1,classroom,coding,solo,2_4h,evening,weekday,9.0,clear,indoor,often,3,4,4,3,3,3,4,3,3,4,12,16,16,12,16,15,15,15,3.6,3.4,12,1.0,70.2,66.96752555996144
I2930,U293,comfort_oriented,P031,study_room_13,synthetic,train,4,4,4,4,4,3,5,5,5,4,study_room,deep_study,mostly_solo,1_2h,evening,1,1,1,1,1,0,1,1,0,1,1,study_room,deep_study,solo,over_4h,evening,weekday,6.0,hot,indoor,often,5,4,4,4,4,4,4,5,5,4,20,16,16,16,16,25,20,20,4.0,2.2,20,1.0,82.4,81.56175064815642
I2931,U294,convenience_oriented,P071,classroom_09,synthetic,train,4,2,3,3,5,5,4,4,4,3,library,online_class,mixed,1_2h,morning,1,0,0,1,1,1,1,1,1,1,0,classroom,coding,solo,2_4h,evening,weekday,10.6,rainy,indoor,first_time,3,3,3,3,3,3,3,4,3,4,12,6,9,9,15,12,12,12,2.7,6.6,12,0.0,63.8,54.593087667924294
I2932,U294,convenience_oriented,P002,library_02,synthetic,train,4,2,3,3,5,5,4,4,4,3,library,online_class,mixed,1_2h,morning,1,0,0,1,1,1,1,1,1,1,0,library,report_writing,5_plus,1_2h,afternoon,weekend,5.6,clear,indoor,sometimes,5,5,4,4,2,3,4,4,4,4,20,10,12,12,20,16,8,12,2.6,3.5,12,0.5,69.6,63.7840109374617
I2933,U294,convenience_oriented,P016,library_16,synthetic,train,4,2,3,3,5,5,4,4,4,3,library,online_class,mixed,1_2h,morning,1,0,0,1,1,1,1,1,1,1,0,library,online_class,3_4,under_1h,morning,weekend,5.5,rainy,indoor,sometimes,5,4,3,5,3,4,3,3,4,4,20,8,9,15,15,16,12,16,2.0,3.4,9,1.0,64.4,65.81086314015363
I2934,U294,convenience_oriented,P031,study_room_13,synthetic,train,4,2,3,3,5,5,4,4,4,3,library,online_class,mixed,1_2h,morning,1,0,0,1,1,1,1,1,1,1,0,study_room,light_reading,2,under_1h,morning,weekday,1.7,cloudy,indoor,often,5,4,4,4,4,4,4,4,5,4,20,8,12,12,20,20,16,16,1.4,1.0,12,1.0,71.4,71.16565238701442
I2935,U294,convenience_oriented,P047,cafe_11,synthetic,train,4,2,3,3,5,5,4,4,4,3,library,online_class,mixed,1_2h,morning,1,0,0,1,1,1,1,1,1,1,0,cafe,report_writing,solo,under_1h,late_night,weekday,6.9,clear,indoor,sometimes,3,4,3,3,2,4,3,4,4,3,12,8,9,9,15,16,8,16,2.6,4.3,12,0.0,51.2,58.93813702699262
I2936,U294,convenience_oriented,P002,library_02,synthetic,train,4,2,3,3,5,5,4,4,4,3,library,online_class,mixed,1_2h,morning,1,0,0,1,1,1,1,1,1,1,0,library,coding,solo,2_4h,afternoon,weekend,9.9,clear,indoor,often,5,5,4,4,2,3,4,4,4,4,20,10,12,12,20,16,8,12,2.7,6.2,12,0.5,70.9,64.12319986110674
I2937,U294,convenience_oriented,P108,dorm_lounge_12,synthetic,train,4,2,3,3,5,5,4,4,4,3,library,online_class,mixed,1_2h,morning,1,0,0,1,1,1,1,1,1,1,0,dorm_lounge,coding,solo,1_2h,late_night,weekend,8.3,cloudy,indoor,often,2,4,3,3,3,3,3,3,3,3,8,8,9,9,15,12,12,12,2.7,5.2,9,0.0,48.5,52.71496547054771
I2938,U294,convenience_oriented,P031,study_room_13,synthetic,train,4,2,3,3,5,5,4,4,4,3,library,online_class,mixed,1_2h,morning,1,0,0,1,1,1,1,1,1,1,0,study_room,team_project,3_4,1_2h,late_night,weekday,1.0,cold,indoor,rarely,5,4,4,4,4,4,4,5,5,4,20,8,12,12,20,20,16,16,0.8,0.6,15,0.0,80.6,74.7555106272421
I2939,U294,convenience_oriented,P107,dorm_lounge_11,synthetic,train,4,2,3,3,5,5,4,4,4,3,library,online_class,mixed,1_2h,morning,1,0,0,1,1,1,1,1,1,1,0,dorm_lounge,online_class,solo,1_2h,morning,weekday,30.2,rainy,indoor,rarely,3,4,3,3,3,4,3,4,3,3,12,8,9,9,15,12,12,16,2.0,18.9,12,1.0,47.6,47.8012817974189
I2940,U294,convenience_oriented,P010,library_10,synthetic,train,4,2,3,3,5,5,4,4,4,3,library,online_class,mixed,1_2h,morning,1,0,0,1,1,1,1,1,1,1,0,library,report_writing,solo,1_2h,late_night,weekday,8.0,hot,indoor,sometimes,5,5,4,4,3,4,4,4,4,5,20,10,12,12,20,16,12,16,2.6,5.0,12,0.0,64.3,65.94181020541623
I2941,U295,convenience_oriented,P062,home_08,synthetic,train,3,3,2,4,5,5,4,3,4,3,library,coding,mixed,1_2h,morning,0,0,1,1,1,1,0,1,1,1,1,home,online_class,solo,under_1h,afternoon,weekend,9.6,clear,indoor,often,4,3,4,4,4,5,5,5,4,5,12,9,8,16,25,16,12,20,2.0,6.0,15,0.5,63.3,71.37314474276029
I2942,U295,convenience_oriented,P076,computer_lab_02,synthetic,train,3,3,2,4,5,5,4,3,4,3,library,coding,mixed,1_2h,morning,0,0,1,1,1,1,0,1,1,1,1,computer_lab,light_reading,solo,1_2h,morning,weekday,12.9,cloudy,indoor,sometimes,3,5,3,4,4,3,4,3,3,4,9,15,6,16,20,12,12,12,1.4,8.1,9,1.0,62.6,56.787881996064115
I2943,U295,convenience_oriented,P015,library_15,synthetic,train,3,3,2,4,5,5,4,3,4,3,library,coding,mixed,1_2h,morning,0,0,1,1,1,1,0,1,1,1,1,library,online_class,solo,1_2h,evening,weekend,12.7,cloudy,indoor,often,4,4,4,5,2,4,3,4,4,4,12,12,8,20,15,16,6,16,2.0,7.9,12,0.0,67.7,62.580082505901075
I2944,U295,convenience_oriented,P076,computer_lab_02,synthetic,train,3,3,2,4,5,5,4,3,4,3,library,coding,mixed,1_2h,morning,0,0,1,1,1,1,0,1,1,1,1,computer_lab,team_project,5_plus,over_4h,morning,weekend,16.5,cloudy,indoor,sometimes,3,5,3,4,4,3,4,3,3,4,9,15,6,16,20,12,12,12,0.8,10.3,9,1.0,57.6,57.72777549037091
I2945,U295,convenience_oriented,P041,cafe_05,synthetic,train,3,3,2,4,5,5,4,3,4,3,library,coding,mixed,1_2h,morning,0,0,1,1,1,1,0,1,1,1,1,cafe,report_writing,solo,2_4h,afternoon,weekday,5.8,cloudy,indoor,sometimes,2,4,2,3,2,4,4,4,4,3,6,12,4,12,20,16,6,16,2.6,3.6,12,0.5,54.0,57.01765556934018
I2946,U295,convenience_oriented,P025,study_room_07,synthetic,train,3,3,2,4,5,5,4,3,4,3,library,coding,mixed,1_2h,morning,0,0,1,1,1,1,0,1,1,1,1,study_room,online_class,solo,1_2h,morning,weekday,2.7,clear,indoor,often,4,4,3,4,4,4,4,4,4,3,12,12,6,16,20,16,12,16,2.0,1.7,12,1.0,70.8,68.58091857795205
I2947,U295,convenience_oriented,P063,classroom_01,synthetic,train,3,3,2,4,5,5,4,3,4,3,library,coding,mixed,1_2h,morning,0,0,1,1,1,1,0,1,1,1,1,classroom,online_class,solo,1_2h,morning,weekend,13.8,clear,indoor,sometimes,3,4,3,3,2,3,3,4,3,3,9,12,6,12,15,12,6,12,2.0,8.6,12,1.0,53.1,54.23624169115086
I2948,U295,convenience_oriented,P029,study_room_11,synthetic,train,3,3,2,4,5,5,4,3,4,3,library,coding,mixed,1_2h,morning,0,0,1,1,1,1,0,1,1,1,1,study_room,online_class,solo,under_1h,evening,weekday,7.4,rainy,indoor,sometimes,4,4,3,4,2,4,4,4,4,3,12,12,6,16,20,16,6,16,2.0,4.6,12,0.0,68.9,62.49211565088263
I2949,U295,convenience_oriented,P011,library_11,synthetic,train,3,3,2,4,5,5,4,3,4,3,library,coding,mixed,1_2h,morning,0,0,1,1,1,1,0,1,1,1,1,library,online_class,solo,under_1h,morning,weekday,8.4,clear,indoor,often,5,4,4,4,2,4,4,3,4,3,15,12,8,16,20,16,6,16,2.0,5.3,9,1.0,59.4,66.35068225292233
I2950,U295,convenience_oriented,P114,outdoor_06,synthetic,train,3,3,2,4,5,5,4,3,4,3,library,coding,mixed,1_2h,morning,0,0,1,1,1,1,0,1,1,1,1,outdoor,online_class,2,1_2h,morning,weekday,16.3,clear,outdoor,sometimes,3,4,3,3,2,2,1,1,3,3,9,12,6,12,5,12,6,8,2.0,10.2,3,1.0,40.3,38.66157930844179
I2951,U296,comfort_oriented,P039,cafe_03,synthetic,train,4,4,4,3,4,3,4,4,4,4,study_room,report_writing,mostly_solo,1_2h,afternoon,1,1,0,1,1,0,1,1,0,1,0,cafe,deep_study,solo,2_4h,afternoon,weekday,8.3,cloudy,indoor,first_time,3,4,2,3,2,4,3,3,4,4,12,16,8,9,12,16,8,16,4.0,3.1,12,1.0,45.1,56.727466431024496
I2952,U296,comfort_oriented,P031,study_room_13,synthetic,train,4,4,4,3,4,3,4,4,4,4,study_room,report_writing,mostly_solo,1_2h,afternoon,1,1,0,1,1,0,1,1,0,1,0,study_room,online_class,solo,under_1h,afternoon,weekday,3.8,hot,indoor,rarely,5,4,4,4,4,4,4,4,5,4,20,16,16,12,16,20,16,16,2.6,1.4,12,1.0,73.3,71.9965237857789
I2953,U296,comfort_oriented,P059,home_05,synthetic,train,4,4,4,3,4,3,4,4,4,4,study_room,report_writing,mostly_solo,1_2h,afternoon,1,1,0,1,1,0,1,1,0,1,0,home,report_writing,2,1_2h,afternoon,weekend,14.8,rainy,indoor,sometimes,4,5,5,4,5,4,4,5,5,5,16,20,20,12,16,20,20,16,3.4,5.6,20,1.0,79.0,73.25195735374217
I2954,U296,comfort_oriented,P113,outdoor_05,synthetic,train,4,4,4,3,4,3,4,4,4,4,study_room,report_writing,mostly_solo,1_2h,afternoon,1,1,0,1,1,0,1,1,0,1,0,outdoor,deep_study,2,2_4h,morning,weekday,21.9,cloudy,outdoor,sometimes,3,3,4,2,2,3,2,2,3,3,12,12,16,6,8,12,8,12,4.0,8.2,8,0.5,59.2,46.23944626933654
I2955,U296,comfort_oriented,P096,coworking_space_12,synthetic,train,4,4,4,3,4,3,4,4,4,4,study_room,report_writing,mostly_solo,1_2h,afternoon,1,1,0,1,1,0,1,1,0,1,0,coworking_space,team_project,3_4,2_4h,morning,weekday,16.4,cloudy,indoor,sometimes,3,3,4,3,3,5,5,5,4,3,12,12,16,9,20,16,12,20,1.0,6.2,15,0.5,68.0,69.07631405983885
I2956,U296,comfort_oriented,P027,study_room_09,synthetic,train,4,4,4,3,4,3,4,4,4,4,study_room,report_writing,mostly_solo,1_2h,afternoon,1,1,0,1,1,0,1,1,0,1,0,study_room,deep_study,solo,2_4h,evening,weekend,9.7,rainy,indoor,often,5,3,3,4,4,3,3,4,3,3,20,12,12,12,12,12,16,12,4.0,3.7,16,0.5,70.3,65.74325555271012
I2957,U296,comfort_oriented,P031,study_room_13,synthetic,train,4,4,4,3,4,3,4,4,4,4,study_room,report_writing,mostly_solo,1_2h,afternoon,1,1,0,1,1,0,1,1,0,1,0,study_room,online_class,solo,1_2h,evening,weekday,1.0,clear,indoor,rarely,5,4,4,4,4,4,4,4,5,4,20,16,16,12,16,20,16,16,2.6,0.4,12,0.5,76.7,73.1969792759634
I2958,U296,comfort_oriented,P026,study_room_08,synthetic,train,4,4,4,3,4,3,4,4,4,4,study_room,report_writing,mostly_solo,1_2h,afternoon,1,1,0,1,1,0,1,1,0,1,0,study_room,light_reading,solo,under_1h,afternoon,weekday,18.3,cloudy,indoor,often,4,5,4,4,5,4,4,3,4,3,16,20,16,12,16,16,20,16,1.8,6.9,9,1.0,64.8,67.94300119174076
I2959,U296,comfort_oriented,P078,computer_lab_04,synthetic,train,4,4,4,3,4,3,4,4,4,4,study_room,report_writing,mostly_solo,1_2h,afternoon,1,1,0,1,1,0,1,1,0,1,0,computer_lab,report_writing,2,over_4h,morning,weekday,6.0,cloudy,indoor,first_time,4,4,4,4,3,3,5,4,4,3,16,16,16,12,20,16,12,12,3.4,2.2,16,0.5,58.2,64.58714508495936
I2960,U296,comfort_oriented,P055,home_01,synthetic,train,4,4,4,3,4,3,4,4,4,4,study_room,report_writing,mostly_solo,1_2h,afternoon,1,1,0,1,1,0,1,1,0,1,0,home,online_class,solo,2_4h,evening,weekday,14.9,clear,indoor,first_time,4,3,5,4,4,5,5,4,4,5,16,12,20,12,20,16,16,20,2.6,5.6,12,0.5,64.8,70.33821206135445
I2961,U297,balanced,P021,study_room_03,synthetic,valid,3,3,4,4,4,4,4,4,3,5,cafe,report_writing,mostly_solo,2_4h,evening,0,1,1,1,1,1,0,1,1,0,1,study_room,team_project,3_4,2_4h,morning,weekend,15.7,rainy,indoor,sometimes,5,4,4,4,3,4,4,5,4,2,15,12,16,16,16,16,12,12,1.3,7.9,15,0.0,71.6,68.64024929782234
I2962,U297,balanced,P007,library_07,synthetic,valid,3,3,4,4,4,4,4,4,3,5,cafe,report_writing,mostly_solo,2_4h,evening,0,1,1,1,1,1,0,1,1,0,1,library,light_reading,solo,1_2h,evening,weekday,5.9,cloudy,indoor,often,5,4,3,4,3,3,4,5,4,4,15,12,12,16,16,16,12,9,2.3,2.9,15,1.0,74.4,68.64814808236994
I2963,U297,balanced,P027,study_room_09,synthetic,valid,3,3,4,4,4,4,4,4,3,5,cafe,report_writing,mostly_solo,2_4h,evening,0,1,1,1,1,1,0,1,1,0,1,study_room,deep_study,2,under_1h,morning,weekend,7.2,clear,indoor,sometimes,5,3,3,4,4,3,3,4,3,3,15,9,12,16,12,12,16,9,5.0,3.6,20,0.0,63.0,63.88795545547201
I2964,U297,balanced,P066,classroom_04,synthetic,valid,3,3,4,4,4,4,4,4,3,5,cafe,report_writing,mostly_solo,2_4h,evening,0,1,1,1,1,1,0,1,1,0,1,classroom,deep_study,solo,over_4h,evening,weekday,7.0,clear,indoor,often,3,4,4,3,3,3,4,3,3,4,9,12,16,12,16,12,12,9,5.0,3.5,15,1.0,54.2,62.552630136803415
I2965,U297,balanced,P040,cafe_04,synthetic,valid,3,3,4,4,4,4,4,4,3,5,cafe,report_writing,mostly_solo,2_4h,evening,0,1,1,1,1,1,0,1,1,0,1,cafe,report_writing,2,2_4h,morning,weekday,3.4,clear,indoor,often,3,4,2,3,3,4,3,4,4,3,9,12,8,12,12,16,12,12,4.3,1.7,20,0.0,58.3,60.97138226365374
I2966,U297,balanced,P063,classroom_01,synthetic,valid,3,3,4,4,4,4,4,4,3,5,cafe,report_writing,mostly_solo,2_4h,evening,0,1,1,1,1,1,0,1,1,0,1,classroom,meeting,3_4,1_2h,evening,weekday,12.7,clear,indoor,sometimes,3,4,3,3,2,3,3,4,3,3,9,12,12,12,12,12,8,9,1.0,6.3,12,1.0,54.7,58.5175666652295
I2967,U297,balanced,P070,classroom_08,synthetic,valid,3,3,4,4,4,4,4,4,3,5,cafe,report_writing,mostly_solo,2_4h,evening,0,1,1,1,1,1,0,1,1,0,1,classroom,report_writing,solo,1_2h,afternoon,weekday,13.0,clear,indoor,sometimes,3,4,3,2,3,2,3,3,2,3,9,12,12,8,12,8,12,6,4.3,6.5,15,0.5,52.6,54.06680312335947
I2968,U297,balanced,P105,dorm_lounge_09,synthetic,valid,3,3,4,4,4,4,4,4,3,5,cafe,report_writing,mostly_solo,2_4h,evening,0,1,1,1,1,1,0,1,1,0,1,dorm_lounge,team_project,2,1_2h,late_night,weekday,15.4,cloudy,indoor,sometimes,3,3,3,2,3,3,4,4,4,3,9,9,12,8,16,16,12,9,1.3,7.7,12,0.5,66.0,58.05829525990622
I2969,U297,balanced,P076,computer_lab_02,synthetic,valid,3,3,4,4,4,4,4,4,3,5,cafe,report_writing,mostly_solo,2_4h,evening,0,1,1,1,1,1,0,1,1,0,1,computer_lab,deep_study,solo,over_4h,morning,weekend,15.4,cloudy,indoor,rarely,3,5,3,4,4,3,4,4,3,4,9,15,12,16,16,12,16,9,5.0,7.7,20,0.0,58.3,60.60712094084647
I2970,U297,balanced,P082,computer_lab_08,synthetic,valid,3,3,4,4,4,4,4,4,3,5,cafe,report_writing,mostly_solo,2_4h,evening,0,1,1,1,1,1,0,1,1,0,1,computer_lab,deep_study,solo,2_4h,afternoon,weekday,1.0,clear,indoor,first_time,3,4,4,4,3,3,5,4,3,3,9,12,16,16,20,12,12,9,5.0,0.5,20,0.5,62.9,66.48456177286947
I2971,U298,convenience_oriented,P007,library_07,synthetic,valid,4,5,3,2,4,5,4,3,4,3,library,online_class,mixed,2_4h,evening,1,0,0,1,1,1,1,1,1,1,0,library,report_writing,solo,2_4h,morning,weekend,10.3,rainy,indoor,sometimes,5,4,3,4,3,3,4,5,4,4,20,20,9,8,16,16,9,12,2.6,6.4,15,0.0,61.8,66.51688576607934
I2972,U298,convenience_oriented,P104,dorm_lounge_08,synthetic,valid,4,5,3,2,4,5,4,3,4,3,library,online_class,mixed,2_4h,evening,1,0,0,1,1,1,1,1,1,1,0,dorm_lounge,report_writing,solo,2_4h,afternoon,weekday,17.3,hot,indoor,rarely,3,4,3,3,4,4,4,3,4,3,12,20,9,6,16,16,12,16,2.6,10.8,9,0.5,51.9,54.18782819679311
I2973,U298,convenience_oriented,P004,library_04,synthetic,valid,4,5,3,2,4,5,4,3,4,3,library,online_class,mixed,2_4h,evening,1,0,0,1,1,1,1,1,1,1,0,library,team_project,2,1_2h,late_night,weekend,1.0,cold,indoor,sometimes,5,3,3,4,2,4,4,3,3,4,20,15,9,8,16,12,6,16,0.8,0.6,9,0.5,52.5,65.42344161962416
I2974,U298,convenience_oriented,P070,classroom_08,synthetic,valid,4,5,3,2,4,5,4,3,4,3,library,online_class,mixed,2_4h,evening,1,0,0,1,1,1,1,1,1,1,0,classroom,coding,2,1_2h,evening,weekday,13.5,cloudy,indoor,sometimes,3,4,3,2,3,2,3,4,2,3,12,20,9,4,12,8,9,8,2.7,8.4,12,1.0,56.9,48.12274001978371
I2975,U298,convenience_oriented,P021,study_room_03,synthetic,valid,4,5,3,2,4,5,4,3,4,3,library,online_class,mixed,2_4h,evening,1,0,0,1,1,1,1,1,1,1,0,study_room,report_writing,2,2_4h,afternoon,weekday,15.1,clear,indoor,often,5,4,4,4,3,4,4,4,4,2,20,20,12,8,16,16,9,16,2.6,9.5,12,0.5,43.5,61.49649342307855
I2976,U298,convenience_oriented,P016,library_16,synthetic,valid,4,5,3,2,4,5,4,3,4,3,library,online_class,mixed,2_4h,evening,1,0,0,1,1,1,1,1,1,1,0,library,coding,solo,over_4h,morning,weekday,10.8,clear,indoor,sometimes,5,4,3,5,3,4,3,4,4,4,20,20,9,10,12,16,9,16,2.7,6.8,12,0.0,65.2,64.50612464403969
I2977,U298,convenience_oriented,P062,home_08,synthetic,valid,4,5,3,2,4,5,4,3,4,3,library,online_class,mixed,2_4h,evening,1,0,0,1,1,1,1,1,1,1,0,home,coding,solo,over_4h,evening,weekend,8.3,cloudy,indoor,first_time,4,3,4,4,4,5,5,4,4,5,16,15,12,8,20,16,12,20,2.7,5.2,12,1.0,71.4,64.89436456974482
I2978,U298,convenience_oriented,P091,coworking_space_07,synthetic,valid,4,5,3,2,4,5,4,3,4,3,library,online_class,mixed,2_4h,evening,1,0,0,1,1,1,1,1,1,1,0,coworking_space,deep_study,solo,over_4h,late_night,weekday,14.9,rainy,indoor,often,4,4,4,3,4,5,4,4,3,4,16,20,12,6,16,12,12,20,3.0,9.3,12,0.5,62.8,61.98310323280506
I2979,U298,convenience_oriented,P041,cafe_05,synthetic,valid,4,5,3,2,4,5,4,3,4,3,library,online_class,mixed,2_4h,evening,1,0,0,1,1,1,1,1,1,1,0,cafe,light_reading,solo,1_2h,morning,weekday,6.9,hot,indoor,often,2,4,2,3,2,4,4,3,4,3,8,20,6,6,16,16,6,16,1.4,4.3,9,0.0,54.8,55.17384996168304
I2980,U298,convenience_oriented,P031,study_room_13,synthetic,valid,4,5,3,2,4,5,4,3,4,3,library,online_class,mixed,2_4h,evening,1,0,0,1,1,1,1,1,1,1,0,study_room,meeting,3_4,1_2h,morning,weekday,1.0,cold,indoor,first_time,5,4,4,4,4,4,4,5,5,4,20,20,12,8,16,20,12,16,0.6,0.6,15,0.0,84.6,74.35826215736681
I2981,U299,quiet_deepwork,P084,computer_lab_10,synthetic,train,5,3,5,5,4,3,5,3,4,5,library,report_writing,mostly_solo,1_2h,evening,1,1,1,1,1,0,1,1,0,1,1,computer_lab,coding,solo,2_4h,evening,weekday,9.4,clear,indoor,often,4,4,3,4,3,3,4,5,3,2,20,12,15,20,16,15,9,12,4.5,3.5,25,1.0,77.1,74.68606513818798
I2982,U299,quiet_deepwork,P016,library_16,synthetic,train,5,3,5,5,4,3,5,3,4,5,library,report_writing,mostly_solo,1_2h,evening,1,1,1,1,1,0,1,1,0,1,1,library,report_writing,solo,over_4h,morning,weekday,10.1,clear,indoor,sometimes,5,4,3,5,3,4,3,5,4,4,25,12,15,25,12,20,9,16,4.3,3.8,25,0.0,87.0,81.20442678518961
I2983,U299,quiet_deepwork,P110,outdoor_02,synthetic,train,5,3,5,5,4,3,5,3,4,5,library,report_writing,mostly_solo,1_2h,evening,1,1,1,1,1,0,1,1,0,1,1,outdoor,online_class,solo,2_4h,morning,weekday,9.2,clear,outdoor,often,3,4,3,3,2,3,2,2,2,3,15,12,15,15,8,10,6,12,3.3,3.5,6,0.0,61.1,56.064996249771646
I2984,U299,quiet_deepwork,P103,dorm_lounge_07,synthetic,train,5,3,5,5,4,3,5,3,4,5,library,report_writing,mostly_solo,1_2h,evening,1,1,1,1,1,0,1,1,0,1,1,dorm_lounge,deep_study,solo,2_4h,afternoon,weekday,15.7,clear,indoor,often,3,4,3,3,4,4,5,3,3,3,15,12,15,15,20,15,12,16,5.0,5.9,15,0.5,53.4,68.02505946320412
I2985,U299,quiet_deepwork,P030,study_room_12,synthetic,train,5,3,5,5,4,3,5,3,4,5,library,report_writing,mostly_solo,1_2h,evening,1,1,1,1,1,0,1,1,0,1,1,study_room,report_writing,solo,over_4h,afternoon,weekend,15.9,clear,indoor,sometimes,5,4,3,4,3,3,4,4,4,4,25,12,15,20,16,20,9,12,4.3,6.0,20,0.5,79.0,75.1163980542527
I2986,U299,quiet_deepwork,P022,study_room_04,synthetic,train,5,3,5,5,4,3,5,3,4,5,library,report_writing,mostly_solo,1_2h,evening,1,1,1,1,1,0,1,1,0,1,1,study_room,report_writing,2,2_4h,afternoon,weekend,7.7,clear,indoor,rarely,4,5,3,4,5,3,4,5,4,4,20,15,15,20,16,20,15,12,4.3,2.9,25,0.5,68.9,73.9396039253234
I2987,U299,quiet_deepwork,P009,library_09,synthetic,train,5,3,5,5,4,3,5,3,4,5,library,report_writing,mostly_solo,1_2h,evening,1,1,1,1,1,0,1,1,0,1,1,library,online_class,solo,1_2h,morning,weekday,8.0,cold,indoor,rarely,4,4,3,4,2,4,4,4,4,4,20,12,15,20,16,20,6,16,3.3,3.0,12,0.0,74.3,71.92602087683966
I2988,U299,quiet_deepwork,P095,coworking_space_11,synthetic,train,5,3,5,5,4,3,5,3,4,5,library,report_writing,mostly_solo,1_2h,evening,1,1,1,1,1,0,1,1,0,1,1,coworking_space,report_writing,solo,1_2h,evening,weekday,4.6,clear,indoor,first_time,4,4,3,3,4,4,5,4,4,4,20,12,15,15,20,20,12,16,4.3,1.7,20,1.0,69.9,74.64452086654845
I2989,U299,quiet_deepwork,P020,study_room_02,synthetic,train,5,3,5,5,4,3,5,3,4,5,library,report_writing,mostly_solo,1_2h,evening,1,1,1,1,1,0,1,1,0,1,1,study_room,coding,solo,1_2h,late_night,weekday,9.5,cloudy,indoor,rarely,4,4,4,5,3,4,4,5,4,4,20,12,20,25,16,20,9,16,4.5,3.6,25,0.5,74.2,77.6679353039619
I2990,U299,quiet_deepwork,P049,cafe_13,synthetic,train,5,3,5,5,4,3,5,3,4,5,library,report_writing,mostly_solo,1_2h,evening,1,1,1,1,1,0,1,1,0,1,1,cafe,team_project,3_4,2_4h,evening,weekday,8.0,cold,indoor,first_time,3,4,2,3,3,3,2,5,4,2,15,12,10,15,8,20,9,12,1.3,3.0,15,1.0,71.2,63.992286893958585
I2991,U300,convenience_oriented,P099,dorm_lounge_03,synthetic,train,4,4,4,3,5,5,2,3,5,4,library,report_writing,mostly_solo,1_2h,evening,1,1,0,0,1,1,1,1,1,1,0,dorm_lounge,online_class,solo,1_2h,morning,weekday,4.7,clear,indoor,first_time,4,4,3,3,3,3,4,4,3,3,16,16,12,9,20,6,9,15,2.6,2.9,12,0.0,65.7,63.87724785804403
I2992,U300,convenience_oriented,P043,cafe_07,synthetic,train,4,4,4,3,5,5,2,3,5,4,library,report_writing,mostly_solo,1_2h,evening,1,1,0,0,1,1,1,1,1,1,0,cafe,light_reading,2,1_2h,morning,weekday,4.6,cloudy,indoor,often,2,5,3,3,2,4,3,4,3,3,8,20,12,9,15,6,6,20,1.8,2.9,12,0.0,58.2,58.99351085708956
I2993,U300,convenience_oriented,P030,study_room_12,synthetic,train,4,4,4,3,5,5,2,3,5,4,library,report_writing,mostly_solo,1_2h,evening,1,1,0,0,1,1,1,1,1,1,0,study_room,online_class,solo,over_4h,evening,weekday,9.7,hot,indoor,first_time,5,4,3,4,3,3,4,4,4,4,20,16,12,12,20,8,9,15,2.6,6.1,12,1.0,62.0,63.966943533831774
I2994,U300,convenience_oriented,P071,classroom_09,synthetic,train,4,4,4,3,5,5,2,3,5,4,library,report_writing,mostly_solo,1_2h,evening,1,1,0,0,1,1,1,1,1,1,0,classroom,team_project,3_4,1_2h,evening,weekend,13.6,rainy,indoor,rarely,3,3,3,3,3,3,3,4,3,4,12,12,12,9,15,6,9,15,1.0,8.5,12,1.0,56.9,59.55163806178044
I2995,U300,convenience_oriented,P055,home_01,synthetic,train,4,4,4,3,5,5,2,3,5,4,library,report_writing,mostly_solo,1_2h,evening,1,1,0,0,1,1,1,1,1,1,0,home,report_writing,solo,over_4h,evening,weekday,9.4,clear,indoor,sometimes,4,3,5,4,4,5,5,4,4,5,16,12,20,12,25,8,12,25,3.4,5.9,16,1.0,72.2,75.57559990109908
I2996,U300,convenience_oriented,P005,library_05,synthetic,train,4,4,4,3,5,5,2,3,5,4,library,report_writing,mostly_solo,1_2h,evening,1,1,0,0,1,1,1,1,1,1,0,library,deep_study,solo,2_4h,evening,weekday,5.9,clear,indoor,sometimes,5,4,4,5,3,4,4,5,4,4,20,16,16,15,20,8,9,20,4.0,3.7,20,1.0,77.1,76.73121739517211
I2997,U300,convenience_oriented,P018,library_18,synthetic,train,4,4,4,3,5,5,2,3,5,4,library,report_writing,mostly_solo,1_2h,evening,1,1,0,0,1,1,1,1,1,1,0,library,report_writing,solo,over_4h,afternoon,weekend,8.9,clear,indoor,rarely,5,4,3,4,3,3,4,5,4,3,20,16,12,12,20,8,9,15,3.4,5.6,20,0.5,58.3,69.48706113174592
I2998,U300,convenience_oriented,P029,study_room_11,synthetic,train,4,4,4,3,5,5,2,3,5,4,library,report_writing,mostly_solo,1_2h,evening,1,1,0,0,1,1,1,1,1,1,0,study_room,report_writing,solo,over_4h,evening,weekend,10.8,clear,indoor,sometimes,4,4,3,4,2,4,4,4,4,3,16,16,12,12,20,8,6,20,3.4,6.8,16,1.0,69.3,67.25957410068631
I2999,U300,convenience_oriented,P013,library_13,synthetic,train,4,4,4,3,5,5,2,3,5,4,library,report_writing,mostly_solo,1_2h,evening,1,1,0,0,1,1,1,1,1,1,0,library,deep_study,solo,2_4h,early_morning,weekday,3.2,clear,indoor,sometimes,5,4,4,4,3,3,5,5,4,4,20,16,16,12,25,8,9,15,4.0,2.0,20,0.0,70.2,76.37106042435241
I3000,U300,convenience_oriented,P039,cafe_03,synthetic,train,4,4,4,3,5,5,2,3,5,4,library,report_writing,mostly_solo,1_2h,evening,1,1,0,0,1,1,1,1,1,1,0,cafe,deep_study,solo,1_2h,evening,weekend,12.0,rainy,indoor,often,3,4,2,3,2,4,3,3,4,4,12,16,8,9,15,8,6,20,4.0,7.5,12,1.0,57.9,58.9786233533341
